strategy,symbol,timeframe,direction,entry_time,exit_time,entry_price,exit_price,stop_loss,take_profit,pnl,r_multiple,win,exit_type,holding_mins,mfe_r,mae_r,atr14,atr_rank_pct,adx14,rsi14,ema200_slope_pct,ema50_slope_pct,dist_from_ema200_pct,dist_from_high20_pct,dist_from_low20_pct,bb_width,realized_vol,rel_vol,funding_rate,hour_utc,day_of_week,session,regime,session_code,regime_code,strategy_code,symbol_code,win_bool
FVG+EMA200+Slope,BTC-USDT-SWAP,1H,LONG,2026-05-08 10:00:00+00:00,2026-05-08 11:00:00+00:00,79828.3,80014.50000000001,79735.2,80014.50000000001,56.555331881056986,2.0,1,TP,60,5.125671321159691,0.0,377.2605239547671,1.0,36.36540419705328,44.17365311924903,0.014073604235689095,-0.42594573545911796,0.36323562869870213,-1.0350952793742616,0.8970066495025791,1.0634550944285073,1.104751015602569,0.8939764021388479,3.489182255e-07,9,4,London,Trending,1,2,4,2,True
FVG+EMA200+Slope,BTC-USDT-SWAP,1H,LONG,2026-05-08 12:00:00+00:00,2026-05-08 13:00:00+00:00,80193.2,80066.27291,80090.3,80398.99999999999,-154.07158197079093,-1.2334994169096656,0,SL,60,0.0,-6.736637512148069,374.9797374916098,1.0,33.794138002663345,52.71804667650145,0.024542785192989375,-0.35229182517043844,0.8056650526264105,-0.1981464762598434,1.3580860150634426,1.1596391254095606,1.0609539941441288,1.3053474172019537,3.489182255e-07,11,4,London,Trending,1,2,4,2,False
FVG+EMA200+Slope,BTC-USDT-SWAP,1H,LONG,2026-05-09 03:00:00+00:00,2026-05-09 04:00:00+00:00,80384.0,80582.0,80285.0,80582.0,63.08494227707007,2.0,1,TP,60,2.685858585858527,-0.5353535353535354,324.3013138930066,1.0,14.750914026842224,57.37976261536646,0.07329216075686051,-0.028557165844975196,0.9487322204531378,-0.16918789808917198,1.4873891970168962,1.0336477395644494,1.2873333530349877,0.38389335487360216,-4.9853222137e-06,2,5,Asia,Ranging,0,0,4,2,True
FVG+EMA200+Slope,BTC-USDT-SWAP,1H,LONG,2026-05-09 17:00:00+00:00,2026-05-09 18:00:00+00:00,80580.0,80861.20000000001,80439.4,80861.20000000001,114.38029287665154,2.0,1,TP,60,3.3271692745375785,0.0,259.13210016043365,5.0,14.487734243257375,61.74444997072986,0.08156800722893964,0.04006091154104913,1.0782638090689771,-0.2366592206502818,0.6603257407116001,0.5155034178512,0.5755391097466562,2.618187795838374,-2.61407703311e-05,16,5,NewYork,Ranging,2,0,4,2,True
FVG+EMA200+Slope,BTC-USDT-SWAP,1H,LONG,2026-05-10 17:00:00+00:00,2026-05-10 19:00:00+00:00,81332.3,81125.75497000001,81150.1,81696.7,-180.22222446871345,-1.1336170691547593,0,SL,120,0.698682766191026,-1.2530186608123302,226.0253280110352,15.0,31.677383915461025,74.85499198573973,0.1297405383272522,0.1990781554056731,1.7209808129496074,-0.1624202960205255,0.9905071739440824,0.9849910581739748,0.6720479563087718,2.7964354042831676,9.9003004207e-06,16,6,NewYork,Trending,2,2,4,2,False
FVG+EMA200+Slope,BTC-USDT-SWAP,1H,LONG,2026-05-11 00:00:00+00:00,2026-05-11 01:00:00+00:00,82182.9,81991.29523,82015.9,82516.9,-188.4515312203483,-1.1473339520957535,0,SL,60,0.0,-5.549700598802326,409.88573557550194,69.0,34.186358465792765,70.26794151562633,0.1684252309772124,0.3239279330751523,2.661270941529476,-0.34228573375451177,2.4365558159246183,2.1443582133940327,2.200910528955617,2.5703143489392186,9.9003004207e-06,23,6,Dead,Trending,3,2,4,2,False
FVG+EMA200+Slope,BTC-USDT-SWAP,1H,LONG,2026-05-11 17:00:00+00:00,2026-05-11 18:00:00+00:00,81534.2,81996.39999999998,81303.1,81996.39999999998,157.54289917784348,2.0,1,TP,60,2.4482907832108363,0.0,448.00994548738015,89.0,15.400944823845167,60.04961693139081,0.10901313282297041,0.07795115814255281,1.6573216020641177,-1.1405030036475599,1.4050208632601373,2.089692607717928,2.4215689677459378,1.824659436949506,1.04419087999e-05,16,0,NewYork,Ranging,2,0,4,2,True
FVG+EMA200+Slope,BTC-USDT-SWAP,1H,LONG,2026-05-12 20:00:00+00:00,2026-05-12 21:00:00+00:00,80788.5,80598.61316000001,80622.8,81119.9,-187.631833371148,-1.1459676523837976,0,SL,60,0.0,-2.0790585395293064,396.3222772264176,66.0,33.03008706313669,49.06976355100669,0.0164520111174409,-0.23926866437315378,0.48613356346659237,-1.1915062168501778,1.2653705862445004,1.7732075788425548,1.3776237120120718,0.611487963345795,-6.3522672516e-05,19,1,NewYork,Trending,2,2,4,2,False
FVG+EMA200+Slope,BTC-USDT-SWAP,1H,LONG,2026-05-13 03:00:00+00:00,2026-05-13 07:00:00+00:00,81019.0,80863.7336,80888.0,81281.0,-170.73923410557174,-1.1852396946564363,0,SL,240,1.7633587786259541,-1.282442748091603,370.6912231256492,56.99999999999999,28.45296474798454,55.1619802343547,0.034600580597057395,-0.10509172127493381,0.7468920873082923,-0.2664807020575349,1.5542937364469347,1.1802080378877173,1.3473808899254882,0.6260539055507409,-1.08837927404e-05,2,2,Asia,Trending,0,2,4,2,False
FVG+EMA200+Slope,BTC-USDT-SWAP,1H,LONG,2026-05-13 10:00:00+00:00,2026-05-13 11:00:00+00:00,81256.9,81075.67,81100.0,81570.69999999998,-186.42080980199694,-1.1550669216061353,0,SL,60,0.0,-5.066284257488998,313.00661527151794,39.0,19.010948468669504,58.90092864086349,0.0755420869418672,0.07661914059399538,0.9842552060756581,-0.07777801023668347,1.8524925105604158,1.67118493685595,1.2230136391589461,1.0768384736062988,4.43753742934e-05,9,2,London,Ranging,1,0,4,2,False
FVG+EMA200+Slope,BTC-USDT-SWAP,1H,LONG,2026-06-13 20:00:00+00:00,2026-06-13 21:00:00+00:00,64262.6,64563.99999999999,64111.9,64563.99999999999,148.7087193098862,2.0,1,TP,60,3.201061712010689,-0.5129396151293771,257.648489386073,4.0,24.238425351847724,62.178246802074035,0.059457369735087674,0.38311360431581815,0.8657515949274275,-0.08294106205018932,1.3764000631014355,1.5432853001916869,0.9944387256812995,0.9435763183946356,-6.39574741838e-05,19,5,NewYork,Weak,2,1,4,2,True
FVG+EMA200+Slope,BTC-USDT-SWAP,1H,LONG,2026-06-14 22:00:00+00:00,2026-06-17 22:00:00+00:00,65276.9,63952.30855,63971.5,67887.70000000001,-108.88006933736762,-1.0147015857208506,0,SL,4320,1.537459782442156,-1.0700934579439252,342.2237948843984,42.0,27.567680570535792,71.42202905182643,0.04152334626116405,0.061889379578214755,2.24516090652777,-0.6146134614441839,2.5642314847403083,2.2283674005884624,2.487428445823348,5.92017422972858,-7.59112940001e-05,21,6,Dead,Trending,3,2,4,2,False
FVG+EMA200+Slope,BTC-USDT-SWAP,1H,LONG,2026-06-22 13:00:00+00:00,2026-06-22 16:00:00+00:00,65116.4,64532.33449,64551.7,66245.80000000002,-120.63401110217659,-1.0342934478484078,0,SL,180,0.8854258898529995,-1.12927217991854,394.13470029588586,70.0,15.61410295529231,66.96870528916561,0.020817208853905107,0.1744902765373579,1.541790350926738,-0.11226050580191554,2.986651483519962,2.273465244537076,2.4892168651468363,2.8298007195097523,2.87541037749e-05,12,0,NewYork,Ranging,2,0,4,2,False
FVG+EMA200+Slope,BTC-USDT-SWAP,1H,LONG,2026-07-02 10:00:00+00:00,2026-07-03 20:00:00+00:00,61147.6,62757.799999999996,60342.5,62757.799999999996,190.76596199229908,2.0,1,TP,2040,2.151782387281089,-0.07825114892559945,530.01398839566,93.0,28.72623395170604,63.46800253026595,0.013996223337681453,0.5542564030331382,1.2689679494941366,-0.466249642258471,3.211067244379707,2.671677879186942,3.0416724415893945,2.144393864087882,0.0001,9,3,London,Trending,1,2,4,2,True
FVG+EMA200+Slope,BTC-USDT-SWAP,1H,LONG,2026-07-03 22:00:00+00:00,2026-07-04 01:00:00+00:00,62702.4,62455.657680000004,62474.4,63158.4,-149.37696254736625,-1.0822031578947262,0,SL,180,0.9456140350877129,-1.4482456140351068,370.2357863124744,15.0,35.56186972734305,71.73058743793445,0.24518611404330012,0.6872584351408281,3.118853033317585,-0.3688859898281173,2.3463718154633653,2.3756275709805372,1.37147590562065,1.2592190431985977,5.38283058701e-05,21,4,Dead,Trending,3,2,4,2,False
FVG+EMA200+Slope,BTC-USDT-SWAP,1H,LONG,2026-07-04 05:00:00+00:00,2026-07-04 06:00:00+00:00,62658.9,62545.930589999996,62564.7,62847.30000000001,-165.06970147417684,-1.1992506369426743,0,SL,60,0.0,-3.8099787685773334,317.8303193643646,1.0,42.68107581834828,64.39694835782433,0.28405453548717596,0.716097476613331,2.8451057541679545,-0.4384053981158257,1.9042740046838431,2.0456662452919083,1.4116209071579717,0.4571522685038353,4.07757884118e-05,4,5,Asia,Trending,0,2,4,2,False
FVG+EMA200+Slope,BTC-USDT-SWAP,1H,LONG,2026-07-04 17:00:00+00:00,2026-07-04 18:00:00+00:00,62888.8,63164.40000000001,62751.0,63164.40000000001,145.11471698113323,2.0,1,TP,60,3.184325108853312,0.0,251.52412291287652,2.0,39.61414561286963,66.50362799427151,0.2597366518337166,0.4767466737084623,2.9038736341521876,-0.2831978298237026,0.9452648475120409,0.8430222475829486,0.997890497622933,1.2155145127842861,6.44399138913e-05,16,5,NewYork,Trending,2,2,4,2,True
FVG+EMA200+Slope,BTC-USDT-SWAP,1H,LONG,2026-07-04 19:00:00+00:00,2026-07-04 20:00:00+00:00,63141.9,63283.700000000004,63071.0,63283.700000000004,52.21939789585276,2.0,1,TP,60,3.1438645980253437,-0.12129760225667656,280.0605957769191,8.0,43.21916751412517,68.77633279356439,0.27594388560055083,0.5218761883646651,3.2480292354740667,-0.48810771945050196,1.3512038523274525,1.4339246797388927,1.1447689656724094,1.030680497475681,6.44399138913e-05,18,5,NewYork,Trending,2,2,4,2,True
FVG+EMA200+Slope,BTC-USDT-SWAP,1H,LONG,2026-07-05 23:00:00+00:00,2026-07-06 05:00:00+00:00,63705.1,62959.40651000001,62978.3,65158.69999999999,-115.65570774710933,-1.0259954457897564,0,SL,360,0.2612823335167895,-1.0861309851403498,310.71147066661183,41.0,23.26197787936579,72.33928378411878,0.21917494247198957,0.1971423045354437,3.45958064591613,-0.3688878423985559,2.0744973185515803,1.5084759645067014,1.5287888778705245,4.735439327082442,2.11483321941e-05,22,6,Dead,Weak,3,1,4,2,False
FVG+EMA200+Slope,BTC-USDT-SWAP,1H,LONG,2026-07-06 16:00:00+00:00,2026-07-08 08:00:00+00:00,63519.9,62000.794180000004,62019.4,66520.9,-107.49910406584432,-1.012399746751081,0,SL,2400,0.8057980673108954,-1.1389536821059647,494.55761519204833,94.0,20.766769696658947,59.82826316366723,0.1346511350422545,-0.1343211190593384,2.812370149247841,-0.7270162578971245,3.6491002486799125,3.77321605666239,3.4614565782480446,2.8650173337798512,9.8247928749e-05,15,0,NewYork,Weak,2,1,4,2,False
FVG+EMA200+Slope,BTC-USDT-SWAP,1H,LONG,2026-07-09 08:00:00+00:00,2026-07-09 10:00:00+00:00,62973.7,62740.97206000001,62759.8,63401.499999999985,-152.86801460308288,-1.0880221598877797,0,SL,120,0.3338008415147424,-1.485273492286142,419.52431240136355,53.0,23.642091971964035,61.43452748505068,0.0051921523112780105,-0.1939386867837564,1.100441368159118,-0.48464676523692335,2.3717908077256333,2.164824110095667,1.70735947417206,2.164479849777117,7.23410745506e-05,7,3,London,Weak,1,1,4,2,False
FVG+EMA200+Slope,BTC-USDT-SWAP,1H,LONG,2026-07-09 19:00:00+00:00,2026-07-09 23:00:00+00:00,63193.4,63018.0889,63037.0,63506.200000000004,-172.60172208439513,-1.1209149616368117,0,SL,240,1.320332480818402,-1.121483375959078,428.73765403806163,54.0,24.240600882255787,60.94314530999307,0.09017705865900348,0.15365415579883276,1.3522109841964092,-0.4465663290253825,2.489028294512046,2.678802234411211,1.7666445460801001,1.403735342240959,3.51830663184e-05,18,3,NewYork,Weak,2,1,4,2,False
FVG+EMA200+Slope,BTC-USDT-SWAP,1H,LONG,2026-07-10 03:00:00+00:00,2026-07-10 12:00:00+00:00,63936.1,64490.299999999996,63659.0,64490.299999999996,172.19204619271008,2.0,1,TP,540,2.348971490436683,-0.5900396968603423,407.3192376747891,38.0,27.39072456704703,70.67643854753669,0.15120907004487283,0.3585072134511572,2.4153416612045824,-0.154685693997603,2.4183678700037117,2.0384225672271787,1.7223509741739278,1.297017416872981,7.32355162048e-05,2,4,Asia,Trending,0,2,4,2,True
FVG+EMA200+Slope,BTC-USDT-SWAP,1H,LONG,2026-07-10 23:00:00+00:00,2026-07-11 02:00:00+00:00,64085.1,63930.815,63950.0,64355.299999999996,-185.25503256846528,-1.1420059215395846,0,SL,180,1.4648408586232686,-1.0,342.7162164636171,1.0,24.587006351407844,57.052851860588746,0.2117817016752982,0.3511098325030892,2.1692601514036274,-0.9204947795977559,0.7041501013561271,1.2984568003781383,1.5041309556173192,0.3631798122526118,7.54950605994e-05,22,4,Dead,Weak,3,1,4,2,False
FVG+EMA200+Slope,BTC-USDT-SWAP,1H,LONG,2026-07-14 17:00:00+00:00,2026-07-14 18:00:00+00:00,64706.4,64580.81994,64600.2,64918.80000000001,-171.95551905529908,-1.1824864406779196,0,SL,60,0.0,-2.4001883239170527,431.8856493880344,99.0,30.088464786539184,76.21202881721567,0.06489724904327553,0.3213145429695855,2.512962232491377,-0.6082860428025644,4.618270008084076,5.222116528603363,2.3507683206808463,1.0151999552318418,7.99498182818e-05,16,1,NewYork,Trending,2,2,4,2,False
FVG+EMA200+Slope,BTC-USDT-SWAP,1H,LONG,2026-07-15 14:00:00+00:00,2026-07-15 15:00:00+00:00,65094.9,65568.70000000001,64858.0,65568.70000000001,166.9066441536546,2.0000000000000306,1,TP,60,2.0814689742507198,0.0,380.45653419469147,89.0,35.16612514193977,65.25572662858991,0.227050014556738,0.5656333488348575,2.631378787480081,-0.7038943083186068,1.103683500972283,1.1319599668185922,1.376356906793307,4.1961269335292295,0.0001,13,2,NewYork,Trending,2,2,4,2,True
FVG+EMA200+Slope,BTC-USDT-SWAP,1H,LONG,2026-07-16 15:00:00+00:00,2026-07-16 16:00:00+00:00,64509.9,64280.71,64300.0,64929.700000000004,-155.19502906145829,-1.0919009051929525,0,SL,60,0.8789899952358204,-1.0443068127679984,355.27009893103116,63.0,20.750023937245626,50.66803166683965,0.10357464797972275,-0.05266157036479726,1.2845803892183651,-0.8073179465477323,1.070398438271138,1.8974221850916198,1.5338310288582195,2.9668130326065962,3.78071378877e-05,14,3,NewYork,Weak,2,1,4,2,False
FVG+EMA200+Slope,BTC-USDT-SWAP,1H,LONG,2026-07-18 13:00:00+00:00,2026-07-18 15:00:00+00:00,64182.4,64006.39232,64025.6,64496.00000000001,-173.5514256326511,-1.1224979591836681,0,SL,120,0.0,-1.1511479591836522,188.3432146606521,2.0,10.597800411426286,63.77874943618656,0.045968666722996716,0.07770169308731542,0.7295721495126407,-0.27484170115171985,0.9781201276889719,0.5619656436417584,0.9555292129532943,2.0884242401664306,5.07952841494e-05,12,5,NewYork,Ranging,2,0,4,2,False
FVG+EMA200+Slope,BTC-USDT-SWAP,1H,LONG,2026-07-18 18:00:00+00:00,2026-07-19 00:00:00+00:00,64447.8,64855.20000000001,64244.1,64855.20000000001,161.9136966126665,2.0,1,TP,360,2.161021109474657,-0.030927835051560017,188.60543784025597,6.0,12.472713536626586,70.29098288181322,0.062270038014972225,0.13393607695171486,1.1085542257742593,-0.023274650182007764,0.932146850715561,0.8483363288143371,0.6015873269168024,2.929278722026475,8.63693379528e-05,17,5,NewYork,Ranging,2,0,4,2,True
FVG+EMA200+Slope,BTC-USDT-SWAP,1H,LONG,2026-07-20 00:00:00+00:00,2026-07-20 01:00:00+00:00,64700.1,64519.13845,64538.5,65023.299999999996,-171.93975437500245,-1.1198115717821882,0,SL,60,1.955445544554473,-1.4139851485148642,215.78902813286226,39.0,24.31368458780053,59.973545850302145,0.09205048604742373,0.10296243427242245,1.1541422694575156,-0.26120556414219476,0.7206116091791216,0.6842128161615187,0.7405035936436439,0.7617861934218657,4.22130855567e-05,23,6,Dead,Weak,3,1,4,2,False
FVG+EMA200+Slope,BTC-USDT-SWAP,1H,LONG,2026-07-20 17:00:00+00:00,2026-07-20 18:00:00+00:00,65479.9,65292.306430000004,65311.9,65815.9,-170.03003801071102,-1.1166283928571266,0,SL,60,1.7291666666666234,-1.8767857142857316,443.3247171779955,99.0,23.574336942624083,63.443371251269696,0.09252102869134345,0.12781394320266853,2.2249119729155793,-0.3514055458239834,2.7577343046266205,2.6316776886748916,2.8734622523426157,1.0231675135041813,1.51065561787e-05,16,0,NewYork,Weak,2,1,4,2,False
FVG+EMA200+Slope,BTC-USDT-SWAP,1H,LONG,2026-07-21 09:00:00+00:00,2026-07-21 10:00:00+00:00,66192.0,66384.6,66095.7,66384.6,85.39856780276003,2.0,1,TP,60,2.024922118380001,-0.5005192107995393,361.64039665438,73.0,31.081755970698296,67.714861257389,0.22513067250922364,0.519464812047084,2.9913889474523416,-0.19972202078800622,3.358947172822366,2.7816260319249535,2.4504710576405024,1.1784189842477761,1.70667772237e-05,8,1,London,Trending,1,2,4,2,True
FVG+EMA200+Slope,BTC-USDT-SWAP,1H,LONG,2026-07-22 01:00:00+00:00,2026-07-22 02:00:00+00:00,66592.7,66486.0482,66506.0,66766.09999999999,-155.0101204185952,-1.2301245674740016,0,SL,60,0.0,-3.779700115340347,301.3989944837652,53.0,33.25190910572036,63.105814085929566,0.2986934185218522,0.562789719009091,3.100852392256557,-0.5035086428392346,1.7367418368703136,1.566287399591879,1.1680518900793646,0.7138120296488891,6.45951712624e-05,0,2,Asia,Trending,0,2,4,2,False
FVG+EMA200+Slope,BTC-USDT-SWAP,1H,LONG,2026-07-26 23:00:00+00:00,2026-07-27 12:00:00+00:00,65381.2,64804.352860000006,64823.8,66495.99999999999,-120.9913189300313,-1.0348890204520933,0,SL,780,0.6437029063509269,-1.027090060997499,182.61960227359972,36.0,30.06044564999539,79.59229968196988,0.007630207462189532,0.1615984024730572,1.0425694931105667,-0.15126695635283202,1.7520733698231827,1.3724355696004376,1.0882018738929673,4.961019027065334,1.07069213573e-05,22,6,Dead,Trending,3,2,4,2,False
Liq.Sweep.Rev,BTC-USDT-SWAP,1H,LONG,2026-05-08 04:00:00+00:00,2026-05-08 12:00:00+00:00,79535.0,80367.6,79118.7,80367.6,176.9537448955082,2.0,1,TP,480,2.3660821522940023,-0.7905356713908324,420.1006780248157,14.000000000000002,32.313922878306485,34.52619838953254,0.0368003615644651,-0.44911469862416686,0.003941655662050587,-2.5410196768718176,0.5261714360827502,2.598807487118248,1.4248864438665358,1.0296638065190307,3.54460516195e-05,3,4,Asia,Trending,0,2,5,2,True
Liq.Sweep.Rev,BTC-USDT-SWAP,1H,LONG,2026-05-10 02:00:00+00:00,2026-05-10 08:00:00+00:00,80645.8,80868.40000000001,80534.5,80868.40000000001,77.92810040944836,2.0,1,TP,360,2.283917340521028,-0.23180592991915755,228.0297719543123,1.0,22.767867092535536,57.252562741060096,0.12127104119358446,0.18708459592486235,1.049097337113077,-0.498600669347536,0.6938444250218467,1.1663274693043102,0.642612771706623,0.6599031890007351,5.91990759781e-05,1,6,Asia,Weak,0,1,5,2,True
Liq.Sweep.Rev,BTC-USDT-SWAP,1H,LONG,2026-05-12 12:00:00+00:00,2026-05-12 13:00:00+00:00,80733.3,80433.66266,80457.8,81284.3,-152.6224528479137,-1.0876128493647954,0,SL,60,0.5615245009074304,-1.4337568058076224,345.0311519903462,46.0,27.42004895245207,39.305353844092046,0.07077425978532215,-0.0973769818835385,0.4266254035528042,-1.692857841807528,0.3424155271459075,2.115391964352933,0.9845638172977055,1.0189208854363616,2.63186836902e-05,11,1,London,Trending,1,2,5,2,False
Liq.Sweep.Rev,BTC-USDT-SWAP,1H,LONG,2026-05-13 01:00:00+00:00,2026-05-13 09:00:00+00:00,80670.1,81283.30000000002,80363.5,81283.30000000002,168.30657534246635,2.0,1,TP,480,2.120026092628792,0.0,360.0768031516418,52.0,32.47381852543109,48.05116149888037,0.013388712895776159,-0.20369478201250701,0.3273032971543468,-0.765216313375484,1.1168352573985634,1.2650652719719633,1.302103284034763,0.4885531678876409,-1.08837927404e-05,0,2,Asia,Trending,0,2,5,2,True
Liq.Sweep.Rev,BTC-USDT-SWAP,1H,LONG,2026-05-15 03:00:00+00:00,2026-05-15 04:00:00+00:00,81261.3,80667.39252000001,80691.6,82400.7,-125.5524268056864,-1.0424916271721913,0,SL,60,0.0,-1.055467790064957,491.0439187661917,94.0,28.1267837020769,58.11306971381502,0.12738891900417162,0.48718892596289104,1.0905707107031255,-0.9102734019760907,2.615478449957756,4.268615094622804,2.3813056214285466,1.5226771197105908,3.56833691991e-05,2,4,Asia,Trending,0,2,5,2,False
Liq.Sweep.Rev,BTC-USDT-SWAP,1H,LONG,2026-05-26 11:00:00+00:00,2026-05-26 15:00:00+00:00,77397.7,76510.63992,76533.6,79125.89999999998,-116.00106051984841,-1.0265710913088817,0,SL,240,0.7742159472283379,-1.3513482235852434,351.03716947275683,59.0,21.833108357981484,59.014489962693666,-0.05621287538719927,-0.10051028449621019,0.2563514036318327,-0.6184930321016839,1.2662567054821443,1.9225080636497645,1.5614542708123342,3.0447509641739146,2.01047785825e-05,10,1,London,Weak,1,1,5,2,False
Liq.Sweep.Rev,BTC-USDT-SWAP,1H,LONG,2026-06-14 08:00:00+00:00,2026-06-14 14:00:00+00:00,64402.6,64160.34612,64179.6,64848.6,-151.858981018831,-1.0863402690582806,0,SL,360,1.046188340807188,-2.6035874439461817,228.12511072653922,3.0,34.15791828222379,58.90699344266092,0.10287141469154902,0.39638417879499815,0.9617232606619345,-0.5318116532743294,0.8649933751186417,1.0704440235234753,0.9366965442676678,0.6716771357396257,-3.1294023986e-05,7,6,London,Trending,1,2,5,2,False
Liq.Sweep.Rev,BTC-USDT-SWAP,1H,LONG,2026-06-16 04:00:00+00:00,2026-06-16 14:00:00+00:00,66120.1,65593.21613,65612.9,67134.50000000003,-123.34300663998111,-1.0388088919558223,0,SL,600,1.6882886435330613,-1.5690063091482347,385.14254680036544,67.0,31.963455019016422,51.77479200751254,0.3034823101143897,0.5510598703881731,2.6125581970283664,-1.7601304293248017,0.9914313207374346,2.632482327384921,2.14192586067146,0.8860083733747842,-1.30999107801e-05,3,1,Asia,Trending,0,2,5,2,False
Liq.Sweep.Rev,BTC-USDT-SWAP,1H,LONG,2026-06-17 02:00:00+00:00,2026-06-17 07:00:00+00:00,65903.0,65389.277330000004,65408.9,66891.2,-123.88599603278574,-1.0397139647844507,0,SL,300,0.23922282938675862,-1.395264116575599,370.1369911870209,54.0,16.04506870090905,49.25332431727278,0.16643778855854074,-0.014643390046949875,1.7863795133674636,-1.6289116260437706,0.8857347112789441,2.1962759776781344,1.8050673297481044,0.9296406563357088,3.59942934559e-05,1,2,Asia,Ranging,0,0,5,2,False
Liq.Sweep.Rev,BTC-USDT-SWAP,1H,LONG,2026-06-21 07:00:00+00:00,2026-06-21 08:00:00+00:00,64269.6,64132.05461000001,64151.3,64506.19999999999,-181.9147565614135,-1.1626829247675157,0,SL,60,0.0,-3.428571428571543,243.03532392186165,1.0,30.79026028208398,61.31248342820293,0.017228265692273804,0.33269772544108,0.22313260268022375,-0.451690298850007,1.7730799683293699,1.6642432511265788,1.3865309115302862,0.3880283000867427,-8.8262165972e-06,6,6,Asia,Trending,0,2,5,2,False
Liq.Sweep.Rev,BTC-USDT-SWAP,1H,LONG,2026-06-21 19:00:00+00:00,2026-06-21 20:00:00+00:00,64179.3,63891.826700000005,63911.0,64715.90000000001,-142.93301379798308,-1.0714621692135473,0,SL,60,0.2176667909056785,-1.9988818486768434,241.50576435772987,3.0,19.03947421513728,54.70040739950829,0.0057680315524261914,0.17368675025940802,0.07802124213930951,-0.5931819137946301,0.4937053739195837,0.5424958074831302,0.8198576248448931,0.776356159468029,-1.19152252366e-05,18,6,NewYork,Ranging,2,0,5,2,False
Liq.Sweep.Rev,BTC-USDT-SWAP,1H,LONG,2026-06-22 20:00:00+00:00,2026-06-22 21:00:00+00:00,64451.4,64224.726800000004,64244.0,64866.200000000004,-155.8110299324933,-1.0929276759884081,0,SL,60,0.025554484088696226,-1.6533269045323002,417.88865760980957,82.0,19.44600710389117,51.096059337569635,0.08959419352630761,0.37725282145222055,0.4383937594501736,-1.8075635284881209,1.8530692743857318,2.646344079823739,2.6544284285939894,0.6665548197133948,4.14573501689e-05,19,0,NewYork,Ranging,2,0,5,2,False
Liq.Sweep.Rev,BTC-USDT-SWAP,1H,LONG,2026-07-04 07:00:00+00:00,2026-07-04 15:00:00+00:00,62472.9,62818.700000000004,62300.0,62818.700000000004,156.52113360323924,2.0,1,TP,480,3.4360902255638726,-0.4794679005205365,307.67869373764114,1.0,41.45536978724119,58.16031135535284,0.27818618418636376,0.6591612359533031,2.488856113882927,-0.7372785043138612,1.3053771810339236,1.747074319248531,1.446383663357678,0.704091069813496,4.07757884118e-05,6,5,Asia,Trending,0,2,5,2,True
Liq.Sweep.Rev,BTC-USDT-SWAP,1H,LONG,2026-07-06 08:00:00+00:00,2026-07-06 09:00:00+00:00,63065.1,62841.142,62860.0,63475.299999999996,-155.22171877133164,-1.091945392491469,0,SL,60,0.0,-2.265236470014636,308.51326582253824,41.0,22.66130223344378,50.45547769158396,0.279329707627584,0.40051596453435967,2.170587108642619,-1.453418768859478,0.8509107191402916,2.3514264850606885,1.520008551600806,0.9707890748444353,6.17667680351e-05,7,0,London,Weak,1,1,5,2,False
Liq.Sweep.Rev,BTC-USDT-SWAP,1H,LONG,2026-07-07 06:00:00+00:00,2026-07-07 12:00:00+00:00,63091.9,63749.1,62763.3,63749.1,176.83974437005466,2.0,1,TP,360,2.313755325623856,-0.45039561777236964,436.7937831835898,87.0,18.64137834972684,46.088269856794106,0.28415908454382555,0.4191030059476638,1.708812232291471,-2.5946237240854626,2.9508710323806064,4.957084107836051,3.592202748816922,0.9143190195397788,0.0001,5,1,Asia,Ranging,0,0,5,2,True
Liq.Sweep.Rev,BTC-USDT-SWAP,1H,LONG,2026-07-07 15:00:00+00:00,2026-07-08 02:00:00+00:00,63536.7,62619.80842,62638.6,65332.899999999994,-112.61296793809096,-1.0209237056007097,0,SL,660,0.7686226478120521,-1.154325798908806,451.68216231540544,90.0,12.611838010811685,53.944858124391224,0.18771008164349418,0.06244083080501276,2.2513579042893395,-1.8765532361611523,1.4337804484774541,2.7159232204529715,2.2242522457956357,2.6933510816343573,6.78140695912e-05,14,1,NewYork,Ranging,2,0,5,2,False
Liq.Sweep.Rev,BTC-USDT-SWAP,1H,LONG,2026-07-08 07:00:00+00:00,2026-07-08 08:00:00+00:00,62637.3,62413.87022,62432.6,63046.70000000001,-154.95371867708872,-1.0914986809965856,0,SL,60,1.3419638495358635,-4.037127503663819,441.2199459901548,71.0,20.852482179999573,38.512533013975634,0.12377248172343133,-0.15518064780355645,0.5169052096134731,-2.5381083445620223,0.32771340613717603,2.8311773481370874,2.1781960631856023,0.8273495580709578,5.68819916406e-05,6,2,Asia,Weak,0,1,5,2,False
Liq.Sweep.Rev,BTC-USDT-SWAP,1H,LONG,2026-07-10 00:00:00+00:00,2026-07-10 01:00:00+00:00,63196.9,62999.094600000004,63018.0,63554.700000000004,-163.45913737282902,-1.1056757965343535,0,SL,60,4.0978200111793885,-1.4918949133594146,364.7785107781616,17.0,26.327808659973133,59.72925875374135,0.11892293226454195,0.2481484954299255,1.2882934333699125,-0.4410033419413595,2.0527859237536727,1.5668453580511061,1.6190675895842106,0.49534406349309823,3.51830663184e-05,23,3,Dead,Trending,3,2,5,2,False
Liq.Sweep.Rev,BTC-USDT-SWAP,1H,LONG,2026-07-12 01:00:00+00:00,2026-07-12 02:00:00+00:00,63801.7,64073.09999999999,63666.0,64073.09999999999,143.45992630803124,2.0,1,TP,60,2.271923360353792,0.0,226.39333809488497,10.0,21.637520867326888,38.396019466801256,0.18461597312689604,0.16472445352525694,1.1884288736705675,-1.0705027130895992,0.21330066283417035,0.9070536381558186,0.9235152443319405,2.015348539927599,6.65193799449e-05,0,6,Asia,Weak,0,1,5,2,True
Liq.Sweep.Rev,BTC-USDT-SWAP,1H,LONG,2026-07-13 01:00:00+00:00,2026-07-13 02:00:00+00:00,64034.8,63509.04157,63528.1,65048.20000000001,-122.62545193250318,-1.0376128478389524,0,SL,60,0.0,-1.6417998815867265,253.80990192841523,42.0,14.277173252451265,50.47545636578013,0.13007585861293292,0.038708139840640636,1.231232143281266,-0.567191589573165,0.7975998022922209,0.8706748661243225,0.9997709612110979,5.198859962034407,6.70987512867e-05,0,0,Asia,Ranging,0,0,5,2,False
Liq.Sweep.Rev,BTC-USDT-SWAP,1H,LONG,2026-07-15 20:00:00+00:00,2026-07-15 23:00:00+00:00,64953.1,64690.986880000004,64710.4,65438.49999999999,-148.0480808108761,-1.0799881334981363,0,SL,180,0.1681087762670103,-1.2241450350226704,378.2997209070711,83.0,32.29701788953741,56.74582216693728,0.24906918456184743,0.570410808754596,2.2498388540289382,-0.9773190543345099,0.7860771553503189,1.5380056589016462,1.5233747934298631,0.5253454496537264,2.95691248966e-05,19,2,NewYork,Trending,2,2,5,2,False
Liq.Sweep.Rev,BTC-USDT-SWAP,1H,LONG,2026-07-16 02:00:00+00:00,2026-07-16 07:00:00+00:00,64700.2,64347.09008,64366.4,65367.79999999999,-134.76579210545265,-1.0578487717195924,0,SL,300,0.8223487118034859,-1.9478729778310533,346.0534151867713,54.0,23.689981322609043,50.06693187997211,0.2070128174009115,0.3420073457685938,1.7364078079280538,-1.372018367766451,0.5187489124760767,1.4775275482303267,1.3615886397794783,0.6778974208698318,8.11290335628e-05,1,3,Asia,Weak,0,1,5,2,False
Liq.Sweep.Rev,BTC-USDT-SWAP,1H,LONG,2026-07-17 01:00:00+00:00,2026-07-17 02:00:00+00:00,63862.5,63557.9269,63577.0,64433.5,-140.13956432224268,-1.0668059544658544,0,SL,60,0.0,-1.7667250437828421,324.6735402694099,28.000000000000004,19.517116106366377,39.76893191545803,0.06698951166321539,-0.13163852887832328,0.20099771226765217,-1.7415541201800697,0.44906176762036587,1.7836959888613926,1.75450417062204,1.2328516433734176,5.3773733806e-05,0,4,Asia,Ranging,0,0,5,2,False
Liq.Sweep.Rev,BTC-USDT-SWAP,1H,LONG,2026-07-19 11:00:00+00:00,2026-07-19 12:00:00+00:00,64561.2,64430.665,64450.0,64783.59999999999,-176.0075083796424,-1.1738758992805722,0,SL,60,0.0,-2.9145683453238043,174.85655741777848,6.0,36.283083351161366,55.32559621184785,0.1292523103025408,0.2740175749187205,1.0557699661506565,-0.5898279461967915,0.8738803066783887,1.0979387093424917,0.6537495462102366,0.9097537118749512,5.94778872743e-05,10,6,London,Trending,1,2,5,2,False
Liq.Sweep.Rev,BTC-USDT-SWAP,1H,LONG,2026-07-24 12:00:00+00:00,2026-07-24 13:00:00+00:00,65049.8,64800.554000000004,64820.0,65509.40000000001,-150.82776866840345,-1.0846214099216538,0,SL,60,0.0,-5.067014795474267,281.31560468185404,9.0,21.02717702802874,44.64182324772964,0.038597753678554385,-0.10505604705961918,0.09055962900643487,-1.1232915039070073,0.6870878865740047,1.3868094321711315,1.1953044138372966,0.9765578274976584,-8.3475733975e-06,11,4,London,Weak,1,1,5,2,False
Liq.Sweep.Rev,BTC-USDT-SWAP,1H,LONG,2026-07-27 10:00:00+00:00,2026-07-27 11:00:00+00:00,65238.8,65056.4772,65076.0,65564.40000000001,-172.00415621621346,-1.1199189189189096,0,SL,60,0.4668304668304585,-1.0902948402948207,222.8497409716765,52.0,37.07247437673894,60.86506830932537,0.07666463100752828,0.3317641367980675,0.7351494933676747,-0.7681000139487308,1.1548343181779464,1.7655721778718683,1.2817685072220804,0.8684196347818619,5.25092874623e-05,9,0,London,Trending,1,2,5,2,False
Break.of.Structure,BTC-USDT-SWAP,1H,LONG,2026-05-09 18:00:00+00:00,2026-05-10 01:00:00+00:00,80771.5,80555.826,80580.0,81154.5,-175.79341806788418,-1.1262349869451649,0,SL,420,0.8417754569190449,-1.237597911227154,263.12266443468843,6.0,16.075537569916577,66.54464119466769,0.08801438142552652,0.0669083819011981,1.3051879300660212,-0.1529004661297611,0.8995470410261481,0.712044175706211,0.6070122353406305,2.0712575290912953,-2.61407703311e-05,17,5,NewYork,Ranging,2,0,0,2,False
Break.of.Structure,BTC-USDT-SWAP,1H,LONG,2026-05-10 16:00:00+00:00,2026-05-10 20:00:00+00:00,81374.6,80863.7336,80888.0,82347.80000000002,-129.97858614056403,-1.0498692971639805,0,SL,240,0.36046033703245395,-2.356350184956827,219.24266093496124,12.0,29.809164053305736,77.59101190934754,0.12321666457967206,0.1756256597046548,1.791490948983996,-0.07483916951869957,1.043031247477789,0.7918751323191513,0.7004812015882002,4.553661523897656,3.53120541056e-05,15,6,NewYork,Trending,2,2,0,2,False
Break.of.Structure,BTC-USDT-SWAP,1H,LONG,2026-05-10 23:00:00+00:00,2026-05-11 03:00:00+00:00,82015.9,80596.8137,80621.0,84805.69999999998,-110.46241509929048,-1.017339092408059,0,SL,240,0.24976700838770535,-1.0867445695031905,406.93848446592426,64.0,33.84327779868162,68.54827719599827,0.1543814549534833,0.2737198838091552,2.48031722931335,-0.1837446351931295,2.228648352196241,1.7462153700101342,2.199782607627077,5.05322241370918,9.9003004207e-06,22,6,Dead,Trending,3,2,0,2,False
Break.of.Structure,BTC-USDT-SWAP,1H,LONG,2026-06-13 13:00:00+00:00,2026-06-13 16:00:00+00:00,64098.5,63861.93567,63881.1,64533.3,-152.94614599907936,-1.0881523919043214,0,SL,180,0.9839006439742412,-1.1421343146274205,269.17338349674,2.0,20.040238060100624,62.6013971449789,0.009739040145782382,0.2680546757285731,0.6551880446110981,-0.139785080438823,1.1884014043595812,1.1080459912728562,0.9338295906348144,2.029146715673148,8.6943079192e-06,12,5,NewYork,Weak,2,1,0,2,False
Break.of.Structure,BTC-USDT-SWAP,1H,LONG,2026-06-13 22:00:00+00:00,2026-06-14 07:00:00+00:00,64438.6,64166.04441,64185.3,64945.19999999999,-145.6667850951454,-1.0760189103829492,0,SL,540,0.9751283063561162,-1.0225029609159275,266.4458913583995,10.0,26.37989429879246,65.65766131244224,0.07302096834827115,0.41100409938817345,1.1223919658730188,-0.47533547386896835,1.6543618867329186,1.732665346870262,0.9791408001129737,2.7129910214979582,-6.39574741838e-05,21,5,Dead,Trending,3,2,0,2,False
Break.of.Structure,BTC-USDT-SWAP,1H,LONG,2026-06-14 22:00:00+00:00,2026-06-17 22:00:00+00:00,65276.9,63952.30855,63971.5,67887.70000000001,-108.88006933736762,-1.0147015857208506,0,SL,4320,1.537459782442156,-1.0700934579439252,342.2237948843984,42.0,27.567680570535792,71.42202905182643,0.04152334626116405,0.061889379578214755,2.24516090652777,-0.6146134614441839,2.5642314847403083,2.2283674005884624,2.487428445823348,5.92017422972858,-7.59112940001e-05,21,6,Dead,Trending,3,2,0,2,False
Break.of.Structure,BTC-USDT-SWAP,1H,LONG,2026-06-22 13:00:00+00:00,2026-06-22 16:00:00+00:00,65116.4,64532.33449,64551.7,66245.80000000002,-120.63401110217659,-1.0342934478484078,0,SL,180,0.8854258898529995,-1.12927217991854,394.13470029588586,70.0,15.61410295529231,66.96870528916561,0.020817208853905107,0.1744902765373579,1.541790350926738,-0.11226050580191554,2.986651483519962,2.273465244537076,2.4892168651468363,2.8298007195097523,2.87541037749e-05,12,0,NewYork,Ranging,2,0,0,2,False
Break.of.Structure,BTC-USDT-SWAP,1H,LONG,2026-07-02 13:00:00+00:00,2026-07-02 16:00:00+00:00,61504.7,61113.060580000005,61131.4,62251.29999999999,-129.53375203535882,-1.0491278328422096,0,SL,180,1.8266809536566018,-1.084114653094031,494.0486998925895,76.0,30.98865021836522,66.70418163889771,0.07524258384268499,0.7294175648960349,1.8119847631492783,-0.1352742148161106,3.265110812625919,3.270318644441792,2.8271246279618887,1.66150735064102,0.0001,12,3,NewYork,Trending,2,2,0,2,False
Break.of.Structure,BTC-USDT-SWAP,1H,LONG,2026-07-03 21:00:00+00:00,2026-07-05 22:00:00+00:00,62747.9,63939.9,62151.9,63939.9,187.24619463087248,2.0,1,TP,2940,2.000167785234897,-0.7515100671140964,363.392385259588,11.0,33.91707500465489,73.31601043518324,0.2359634526559992,0.6683368780272467,3.2263668392941938,-0.21036527060623444,2.4373520528936417,2.1333393945187513,1.4184067906338198,3.1716255206492043,5.38283058701e-05,20,4,Dead,Trending,3,2,0,2,True
Break.of.Structure,BTC-USDT-SWAP,1H,LONG,2026-07-05 23:00:00+00:00,2026-07-06 05:00:00+00:00,63705.1,62959.40651000001,62978.3,65158.69999999999,-115.65570774710933,-1.0259954457897564,0,SL,360,0.2612823335167895,-1.0861309851403498,310.71147066661183,41.0,23.26197787936579,72.33928378411878,0.21917494247198957,0.1971423045354437,3.45958064591613,-0.3688878423985559,2.0744973185515803,1.5084759645067014,1.5287888778705245,4.735439327082442,2.11483321941e-05,22,6,Dead,Weak,3,1,0,2,False
Break.of.Structure,BTC-USDT-SWAP,1H,LONG,2026-07-06 22:00:00+00:00,2026-07-07 01:00:00+00:00,64469.0,63769.06354,63788.2,65830.6,-116.92358374324148,-1.0281087837837752,0,SL,180,0.0,-1.052585193889535,484.1882038717275,96.0,21.2732164694694,68.98211290632193,0.22409033599783695,0.2524123583831361,4.147930466286614,-0.40329460671020184,5.197801695722839,4.420831171147137,3.420644564654611,1.5717536374994885,4.35732937955e-05,21,0,Dead,Weak,3,1,0,2,False
Break.of.Structure,BTC-USDT-SWAP,1H,LONG,2026-07-09 08:00:00+00:00,2026-07-09 10:00:00+00:00,62973.7,62740.97206000001,62759.8,63401.499999999985,-152.86801460308288,-1.0880221598877797,0,SL,120,0.3338008415147424,-1.485273492286142,419.52431240136355,53.0,23.642091971964035,61.43452748505068,0.0051921523112780105,-0.1939386867837564,1.100441368159118,-0.48464676523692335,2.3717908077256333,2.164824110095667,1.70735947417206,2.164479849777117,7.23410745506e-05,7,3,London,Weak,1,1,0,2,False
Break.of.Structure,BTC-USDT-SWAP,1H,LONG,2026-07-10 02:00:00+00:00,2026-07-13 03:00:00+00:00,63731.2,62911.121,62930.0,65333.59999999999,-114.19662913130331,-1.023563404892662,0,SL,4380,1.177983025461815,-1.286320519221171,409.72840980361906,40.0,26.34342815240494,67.975188571464,0.13233683989782405,0.2907268033078363,2.1117520699870447,-0.3120925262548449,2.0899811618161497,1.6186422603635044,1.7883957020541594,1.896308944244447,7.32355162048e-05,1,4,Asia,Trending,0,2,0,2,False
Break.of.Structure,BTC-USDT-SWAP,1H,LONG,2026-07-14 16:00:00+00:00,2026-07-16 07:00:00+00:00,64731.6,64150.14918,64169.4,65856.0,-120.60311090501652,-1.0342419423692657,0,SL,2340,1.5233013162575701,-1.2123799359658523,443.0537762640367,100.0,27.543073094893657,76.83164615473842,0.03189709109788107,0.19747656996308333,2.5787932515364687,-0.5691192555104484,4.659013742926433,4.668058665080874,2.3659434572264684,3.8891477008896764,1.56977471317e-05,15,1,NewYork,Trending,2,2,0,2,False
Break.of.Structure,BTC-USDT-SWAP,1H,LONG,2026-07-18 17:00:00+00:00,2026-07-18 21:00:00+00:00,64278.8,64723.20000000001,64056.6,64723.20000000001,165.16597659766046,2.0,1,TP,240,2.4896489648964275,0.0,186.29047152027533,4.0,11.159755366450863,65.43705001897465,0.05553041034323979,0.10956672245732155,0.8544991298157907,-0.02520274990005144,0.6673181671537237,0.6063867032591662,0.5390010554885472,1.7186168258766625,8.63693379528e-05,16,5,NewYork,Ranging,2,0,0,2,True
Break.of.Structure,BTC-USDT-SWAP,1H,LONG,2026-07-20 16:00:00+00:00,2026-07-24 13:00:00+00:00,65569.7,64370.683000000005,64390.0,67929.09999999999,-109.88371872509884,-1.016374501992028,0,SL,5580,1.1513944223107624,-1.4277358650504364,454.749695422457,100.0,22.629728337210466,65.07725122152539,0.0684039825066736,0.03194747048744655,2.3879994709274195,-0.21397078223631175,2.898657619117862,2.2794506196230064,2.86338159158698,3.4975207258475995,-1.0642569389e-06,15,0,NewYork,Weak,2,1,0,2,False
Break.of.Structure,BTC-USDT-SWAP,1H,LONG,2026-07-26 23:00:00+00:00,2026-07-27 12:00:00+00:00,65381.2,64804.352860000006,64823.8,66495.99999999999,-120.9913189300313,-1.0348890204520933,0,SL,780,0.6437029063509269,-1.027090060997499,182.61960227359972,36.0,30.06044564999539,79.59229968196988,0.007630207462189532,0.1615984024730572,1.0425694931105667,-0.15126695635283202,1.7520733698231827,1.3724355696004376,1.0882018738929673,4.961019027065334,1.07069213573e-05,22,6,Dead,Trending,3,2,0,2,False
VWAP.Pullback,BTC-USDT-SWAP,1H,LONG,2026-05-08 16:00:00+00:00,2026-05-10 15:00:00+00:00,80118.6,81198.00000000003,79578.9,81198.00000000003,182.06596998332444,2.0,1,TP,2820,2.4398740040762643,-0.7478228645543767,444.40828515456855,43.0,27.416416253646165,51.376403887374146,0.044380992890649756,-0.22291748630642072,0.6915942632096734,-0.5011326971922839,1.2636709147142242,1.1513900843621627,1.3405791668436018,1.315549023814204,3.489182255e-07,15,4,NewYork,Trending,2,2,7,2,True
VWAP.Pullback,BTC-USDT-SWAP,1H,LONG,2026-05-11 01:00:00+00:00,2026-05-11 02:00:00+00:00,81442.9,81225.625,81250.0,81828.69999999998,-175.86890357698522,-1.1263608087091797,0,SL,60,0.537584240539216,-1.8807672369103126,460.201040177252,99.0,32.37581735039311,55.715471435547215,0.173003715850602,0.3357023715528035,1.719420439698396,-1.253884623460132,1.5143092187266218,2.147688806056078,2.4550872854370254,2.523802748606836,2.50931472841e-05,0,0,Asia,Trending,0,2,7,2,False
VWAP.Pullback,BTC-USDT-SWAP,1H,LONG,2026-05-14 15:00:00+00:00,2026-05-15 13:00:00+00:00,80917.7,79493.04493,79516.9,83719.3,-110.2767409307525,-1.0170296045117009,0,SL,1320,0.7733438035408343,-1.6339948600799468,472.64214538915604,99.0,26.228185080689375,64.9389622333932,-0.06311452868379079,-0.15876546769812963,0.8233278119141676,-0.07192493113372858,2.6054043087379344,1.8378402812698826,2.2406662117416443,4.384710446918269,3.87292207018e-05,14,3,NewYork,Trending,2,2,7,2,False
VWAP.Pullback,BTC-USDT-SWAP,1H,LONG,2026-05-25 22:00:00+00:00,2026-05-25 23:00:00+00:00,77342.8,77218.22757999999,77241.4,77545.60000000002,-155.46466933445254,-1.228524852071012,0,SL,60,0.0,-3.078895463510554,292.2225216956899,3.0,25.444862774642136,52.67635504113574,0.02879444362275707,0.27262773142043134,0.11922361709710257,-0.6914769134891048,0.5763441419533503,0.8968445986148065,0.9848884991622913,0.34674054698426926,5.9773379947e-06,21,0,Dead,Trending,3,2,7,2,False
VWAP.Pullback,BTC-USDT-SWAP,1H,LONG,2026-06-12 17:00:00+00:00,2026-06-12 20:00:00+00:00,63950.2,63457.956900000005,63477.0,64896.59999999999,-124.20352792476571,-1.0402432375316895,0,SL,180,0.0,-1.2776838546069362,478.3882171862266,39.0,21.207425101257865,58.53310146334028,-0.017848480980195848,0.40699675640631616,0.4183389802292919,-0.670209006383101,1.8081841106497805,1.5620398550203263,2.2937841840709803,1.3605490488860406,-2.23589457138e-05,16,4,NewYork,Weak,2,1,7,2,False
VWAP.Pullback,BTC-USDT-SWAP,1H,LONG,2026-06-13 08:00:00+00:00,2026-06-13 12:00:00+00:00,63812.6,64162.19999999999,63637.8,64162.19999999999,156.07272311212705,2.0,1,TP,240,2.1475972540046384,-0.7585812356979511,303.98015288667057,1.0,16.59244258223246,56.98469431677368,-0.010746013166453856,0.2356306908050375,0.2209115145012199,-0.8874436826640594,1.2896825396825395,1.189790285196499,1.9963214617460114,0.7026252892446514,9.1148532304e-06,7,5,London,Ranging,1,0,7,2,True
VWAP.Pullback,BTC-USDT-SWAP,1H,LONG,2026-06-14 08:00:00+00:00,2026-06-14 14:00:00+00:00,64402.6,64160.34612,64179.6,64848.6,-151.858981018831,-1.0863402690582806,0,SL,360,1.046188340807188,-2.6035874439461817,228.12511072653922,3.0,34.15791828222379,58.90699344266092,0.10287141469154902,0.39638417879499815,0.9617232606619345,-0.5318116532743294,0.8649933751186417,1.0704440235234753,0.9366965442676678,0.6716771357396257,-3.1294023986e-05,7,6,London,Trending,1,2,7,2,False
VWAP.Pullback,BTC-USDT-SWAP,1H,LONG,2026-06-17 19:00:00+00:00,2026-06-17 20:00:00+00:00,65479.8,64740.971880000005,64760.4,66918.6,-116.26198264220092,-1.0270060050041656,0,SL,60,0.0,-1.8618293021962729,518.0157169478906,100.0,20.502335594949034,48.47782795217657,0.07205472557425031,-0.20705858645988723,0.9686599864914751,-1.4459421073369236,1.4960954574623486,2.5479362949914752,2.1007240470593285,3.907209468680434,-3.42401528489e-05,18,2,NewYork,Weak,2,1,7,2,False
VWAP.Pullback,BTC-USDT-SWAP,1H,LONG,2026-06-21 10:00:00+00:00,2026-06-21 12:00:00+00:00,64177.6,63900.824,63920.0,64692.799999999996,-144.7201298136644,-1.0744409937888182,0,SL,120,1.0512422360248619,-1.0430900621117958,246.91060738204436,4.0,28.84581922184372,56.43428391959929,0.01419545257425839,0.28458807053247526,0.08048907623556291,-0.5956897800949597,1.6273950910530437,1.0702480274457828,1.3816797655458755,1.267692550421411,-1.4922291748e-05,9,6,London,Trending,1,2,7,2,False
VWAP.Pullback,BTC-USDT-SWAP,1H,LONG,2026-06-21 13:00:00+00:00,2026-06-21 20:00:00+00:00,64165.0,63889.72733,63908.9,64677.2,-144.97390722295995,-1.0748639984381103,0,SL,420,0.6540413900820029,-2.0382663022257046,257.0935147297201,10.0,25.8763155880368,54.570057813529225,0.01313061044854994,0.24944537441915307,0.05661936275353606,-0.61560040520533,0.7272961318143832,1.068381067870322,0.9990574412153211,2.1996041441405194,-1.4922291748e-05,12,6,NewYork,Trending,2,2,7,2,False
VWAP.Pullback,BTC-USDT-SWAP,1H,LONG,2026-06-22 06:00:00+00:00,2026-06-22 07:00:00+00:00,64219.3,64040.68203,64059.9,64538.100000000006,-172.39142359974574,-1.120564429109145,0,SL,60,1.0257214554579581,-1.7459222082810564,375.52251367755986,55.00000000000001,17.77226800845538,53.63232969773622,-0.025625743953440895,0.013518541025592138,0.16544446878804192,-0.9244884326051469,1.5678180552919636,1.6274895180539979,2.169529206579448,0.7592008992614868,-2.88482815558e-05,5,0,Asia,Ranging,0,0,7,2,False
VWAP.Pullback,BTC-USDT-SWAP,1H,LONG,2026-06-22 09:00:00+00:00,2026-06-22 11:00:00+00:00,64132.4,64386.00000000001,64005.6,64386.00000000001,137.59734549151895,2.0,1,TP,120,4.837539432176556,-0.6813880126182924,375.4588055938775,56.00000000000001,14.662996583562688,51.7870860334514,-0.010648030484130783,0.0669721069017998,0.030862206810642542,-1.061242055497687,1.4303789460365683,1.583517072711026,2.2067042755223563,0.7678802042317857,2.87541037749e-05,8,0,London,Ranging,1,0,7,2,True
VWAP.Pullback,BTC-USDT-SWAP,1H,LONG,2026-06-22 12:00:00+00:00,2026-06-22 22:00:00+00:00,64625.0,64050.779,64070.0,65735.0,-120.83738151351268,-1.0346324324324283,0,SL,600,1.7863063063062958,-1.5477477477477477,375.3912157032615,56.99999999999999,13.908035313608101,60.541643002523486,0.007139620408353518,0.12508265716326825,0.7911246213226968,-0.2909090909090909,2.20946416144746,1.7633066760189413,2.369699999246105,2.062299722957087,2.87541037749e-05,11,0,London,Ranging,1,0,7,2,False
VWAP.Pullback,BTC-USDT-SWAP,1H,LONG,2026-07-03 10:00:00+00:00,2026-07-03 11:00:00+00:00,61687.6,62086.799999999996,61488.0,62086.799999999996,162.79326653306583,2.0,1,TP,60,2.0045090180360794,0.0,356.5495012247722,2.0,29.658889377885362,59.24797527272286,0.1587228322804922,0.541683304363598,1.7423852930357073,-0.8089145954778594,0.961702127659572,0.7987423188332399,1.2740867691953743,0.6581831648354044,0.0001,9,4,London,Trending,1,2,7,2,True
VWAP.Pullback,BTC-USDT-SWAP,1H,LONG,2026-07-05 02:00:00+00:00,2026-07-05 03:00:00+00:00,62863.0,62731.175,62750.0,63089.0,-179.7611512336304,-1.1665929203539565,0,SL,60,0.0,-2.061946902654867,270.57797982731057,9.0,46.39089944795313,53.38410287953345,0.3141482528649057,0.5909881241280097,2.569466003155811,-0.9336160641139261,0.9038523274478307,1.9327203798596309,1.0067232859374555,1.2293599709231384,0.0001,1,6,Asia,Trending,0,2,7,2,False
VWAP.Pullback,BTC-USDT-SWAP,1H,LONG,2026-07-06 04:00:00+00:00,2026-07-06 05:00:00+00:00,63280.8,63090.867060000004,63109.8,63622.8,-166.48472528420908,-1.1107189473684138,0,SL,60,0.0,-2.1350877192982796,331.47209901049007,49.0,28.0455663182346,56.438582459001914,0.27367625664806505,0.39953410312764776,2.6125812947839333,-1.1076029380159451,1.3948018195714489,2.512017287760979,1.5975536310792324,1.4761262349939481,6.17667680351e-05,3,0,Asia,Trending,0,2,7,2,False
VWAP.Pullback,BTC-USDT-SWAP,1H,LONG,2026-07-07 06:00:00+00:00,2026-07-07 12:00:00+00:00,63091.9,63749.1,62763.3,63749.1,176.83974437005466,2.0,1,TP,360,2.313755325623856,-0.45039561777236964,436.7937831835898,87.0,18.64137834972684,46.088269856794106,0.28415908454382555,0.4191030059476638,1.708812232291471,-2.5946237240854626,2.9508710323806064,4.957084107836051,3.592202748816922,0.9143190195397788,0.0001,5,1,Asia,Ranging,0,0,7,2,True
VWAP.Pullback,BTC-USDT-SWAP,1H,LONG,2026-07-07 16:00:00+00:00,2026-07-07 21:00:00+00:00,63913.4,63330.995,63350.0,65040.200000000004,-120.2975926517562,-1.0337326943556928,0,SL,300,0.5461483848065252,-1.1242456514022006,472.269150721448,94.0,12.004876587670692,59.16154224858383,0.19898607963923132,0.11101733483084462,2.8283536157254594,-1.276101725146837,2.0351668140731163,2.7589814273900504,2.3198424793745613,1.9267037416086998,6.78140695912e-05,15,1,NewYork,Ranging,2,0,7,2,False
VWAP.Pullback,BTC-USDT-SWAP,1H,LONG,2026-07-09 17:00:00+00:00,2026-07-09 18:00:00+00:00,62670.9,62950.30000000001,62531.2,62950.30000000001,146.04672870436815,2.0,1,TP,60,5.75948460987812,0.0,422.88568160627244,53.0,23.953343471724853,51.37673299189004,0.084494892303631,0.13546250147321381,0.5404917075914611,-0.970147229415885,1.641782330445393,2.521248946712439,1.6240377493160123,0.8191446954935914,3.51830663184e-05,16,3,NewYork,Weak,2,1,7,2,True
VWAP.Pullback,BTC-USDT-SWAP,1H,LONG,2026-07-10 17:00:00+00:00,2026-07-10 18:00:00+00:00,64122.3,63782.8594,63802.0,64762.90000000001,-135.9114254261619,-1.0597583515454219,0,SL,60,0.0,-1.2728691851389342,386.5308499355563,18.0,33.16670116118964,58.720460161121885,0.26119010266787196,0.6046151442019668,2.3468672271332274,-0.8621039203271299,1.9956225464309096,2.605280572467507,1.7832103158596315,0.8267338007977635,7.54950605994e-05,16,4,NewYork,Trending,2,2,7,2,False
VWAP.Pullback,BTC-USDT-SWAP,1H,LONG,2026-07-10 23:00:00+00:00,2026-07-11 02:00:00+00:00,64085.1,63930.815,63950.0,64355.299999999996,-185.25503256846528,-1.1420059215395846,0,SL,180,1.4648408586232686,-1.0,342.7162164636171,1.0,24.587006351407844,57.052851860588746,0.2117817016752982,0.3511098325030892,2.1692601514036274,-0.9204947795977559,0.7041501013561271,1.2984568003781383,1.5041309556173192,0.3631798122526118,7.54950605994e-05,22,4,Dead,Weak,3,1,7,2,False
VWAP.Pullback,BTC-USDT-SWAP,1H,LONG,2026-07-11 04:00:00+00:00,2026-07-11 14:00:00+00:00,64120.0,64280.0,64040.0,64280.0,64.69120399251403,2.0,1,TP,600,4.560000000000036,-0.3737500000000182,297.09356324638884,1.0,23.66132133467482,56.748772868191885,0.20397664759281894,0.2987813527701837,2.1163142633309184,-0.8655645664379289,0.7589924100758992,1.2299911605243994,1.4416277672953441,0.36853366665062776,8.22511513621e-05,3,5,Asia,Weak,0,1,7,2,True
VWAP.Pullback,BTC-USDT-SWAP,1H,LONG,2026-07-11 16:00:00+00:00,2026-07-11 23:00:00+00:00,64145.5,63844.54089,63863.7,64709.100000000006,-140.84891573243434,-1.0679883250532303,0,SL,420,1.0418736692689692,-1.296664300922632,232.48072402224074,6.0,26.658677755984478,53.34392548967929,0.20792415984318952,0.2710732900315415,1.9017080920551845,-0.529110427248098,0.7989062966513215,0.6428723366894886,0.6986266064591817,3.9375170184166635,-2.15211796162e-05,15,5,NewYork,Trending,2,2,7,2,False
VWAP.Pullback,BTC-USDT-SWAP,1H,LONG,2026-07-12 19:00:00+00:00,2026-07-12 21:00:00+00:00,64128.9,63960.90597,63980.1,64426.50000000001,-177.4475427298355,-1.1289921370967633,0,SL,120,0.7331989247311587,-1.8360215053763376,205.38261226546805,4.0,12.920403492232099,53.450068805792675,0.13855673442356084,0.05468888990230109,1.4522506889471618,-0.2476262652251881,0.8228848134202253,0.8351353142150921,1.1967901295191394,0.40136443246235415,5.64601192152e-05,18,6,NewYork,Ranging,2,0,7,2,False
VWAP.Pullback,BTC-USDT-SWAP,1H,LONG,2026-07-15 13:00:00+00:00,2026-07-16 00:00:00+00:00,65130.1,64547.6299,64567.0,66256.29999999999,-120.69736067128403,-1.0343990410229091,0,SL,660,0.8131770555851583,-1.1820280589593328,356.24549836351406,73.0,34.108035040094315,66.2517852711556,0.22417083934936577,0.5680723208096056,2.713882582234772,-0.20712389509612525,1.369805447470815,1.022101672324758,1.3888676864177556,2.5173515842467453,0.0001,12,2,NewYork,Trending,2,2,7,2,False
VWAP.Pullback,BTC-USDT-SWAP,1H,LONG,2026-07-20 00:00:00+00:00,2026-07-20 01:00:00+00:00,64700.1,64519.13845,64538.5,65023.299999999996,-171.93975437500245,-1.1198115717821882,0,SL,60,1.955445544554473,-1.4139851485148642,215.78902813286226,39.0,24.31368458780053,59.973545850302145,0.09205048604742373,0.10296243427242245,1.1541422694575156,-0.26120556414219476,0.7206116091791216,0.6842128161615187,0.7405035936436439,0.7617861934218657,4.22130855567e-05,23,6,Dead,Weak,3,1,7,2,False
VWAP.Pullback,BTC-USDT-SWAP,1H,LONG,2026-07-20 03:00:00+00:00,2026-07-20 04:00:00+00:00,64797.9,64530.635,64550.0,65293.700000000004,-146.92501855586738,-1.0781161758773612,0,SL,60,0.155304558289632,-1.1803146430011973,279.6478844052108,47.0,28.7765900723094,61.332770935025515,0.09415922715921558,0.11031368224157774,1.275451398867053,-0.4475446773048551,0.8731714227448024,0.687843357756443,0.8754007557624647,1.8099967775497399,1.49115311815e-05,2,0,Asia,Trending,0,2,7,2,False
VWAP.Pullback,BTC-USDT-SWAP,1H,LONG,2026-07-21 18:00:00+00:00,2026-07-21 23:00:00+00:00,66186.6,66529.20000000001,66015.3,66529.20000000001,153.51460595446665,2.0,1,TP,300,2.1021599532982203,-0.17746643315824995,353.9562384862485,70.0,40.54960171648888,56.867605319532885,0.3236854580023324,0.765050255505102,2.681436634598642,-1.1203190983055455,1.7385155751627457,3.20837482474564,1.411938195113069,1.4823212161172061,-3.86532726688e-05,17,1,NewYork,Trending,2,2,7,2,True
VWAP.Pullback,BTC-USDT-SWAP,1H,LONG,2026-07-22 00:00:00+00:00,2026-07-22 03:00:00+00:00,66519.8,66180.14,66200.0,67159.40000000001,-137.3170619136961,-1.0621013133208268,0,SL,180,0.35209505941210206,-1.1654158849280603,308.8912248286702,54.0,33.576149525155934,61.76694197628079,0.305096660774295,0.599484896055183,3.020091922867585,-0.6136518750807985,1.6463332640612223,1.8909423278077269,1.1794482120858625,0.43842866708366446,-3.86532726688e-05,23,1,Dead,Trending,3,2,7,2,False
VWAP.Pullback,BTC-USDT-SWAP,1H,LONG,2026-07-22 23:00:00+00:00,2026-07-23 00:00:00+00:00,66017.8,66249.00000000001,65902.2,66249.00000000001,114.9992274810821,2.0,1,TP,60,2.33737024221439,0.0,309.65993965089274,52.0,13.188478375695517,50.65977762456331,0.1776382675226182,0.08193128067222155,1.7741977540569893,-0.5760576330287225,0.7820729283387257,0.9468330804524961,1.4193597323799312,0.2747748902682605,7.2341658587e-06,22,2,Dead,Ranging,3,0,7,2,True
ORB,BTC-USDT-SWAP,1H,LONG,2026-05-08 11:00:00+00:00,2026-05-08 13:00:00+00:00,80177.7,79707.68052000001,79731.6,81069.89999999998,-132.22824216812296,-1.0536190988567526,0,SL,120,0.7673167451244332,-1.5191661062542263,387.2704865294262,4.0,35.146208147874276,52.38352251175931,0.018657308107226617,-0.3910604160908445,0.7942167504998934,-0.21764183512602023,1.3383688053519698,1.0779353770737223,1.136662523078331,1.1761760433155213,3.489182255e-07,10,4,London,Trending,1,2,6,2,False
ORB,BTC-USDT-SWAP,1H,LONG,2026-05-09 17:00:00+00:00,2026-05-09 18:00:00+00:00,80580.0,80861.20000000001,80439.4,80861.20000000001,114.38029287665154,2.0,1,TP,60,3.3271692745375785,0.0,259.13210016043365,5.0,14.487734243257375,61.74444997072986,0.08156800722893964,0.04006091154104913,1.0782638090689771,-0.2366592206502818,0.6603257407116001,0.5155034178512,0.5755391097466562,2.618187795838374,-2.61407703311e-05,16,5,NewYork,Ranging,2,0,6,2,True
ORB,BTC-USDT-SWAP,1H,LONG,2026-05-10 13:00:00+00:00,2026-05-10 15:00:00+00:00,80882.0,81181.6,80732.2,81181.6,125.0969560594482,2.0,1,TP,120,3.6942590120159107,-0.8177570093457786,196.5228318641489,5.0,27.056763989151587,63.30235916281475,0.11257073101066506,0.13727223819194548,1.219389000647467,-0.204989985410849,0.431492093450633,0.38578517280842994,0.4790522119548118,0.7993733319548136,3.53120541056e-05,12,6,NewYork,Trending,2,2,6,2,True
ORB,BTC-USDT-SWAP,1H,LONG,2026-05-14 15:00:00+00:00,2026-05-15 13:00:00+00:00,80917.7,79493.04493,79516.9,83719.3,-110.2767409307525,-1.0170296045117009,0,SL,1320,0.7733438035408343,-1.6339948600799468,472.64214538915604,99.0,26.228185080689375,64.9389622333932,-0.06311452868379079,-0.15876546769812963,0.8233278119141676,-0.07192493113372858,2.6054043087379344,1.8378402812698826,2.2406662117416443,4.384710446918269,3.87292207018e-05,14,3,NewYork,Trending,2,2,6,2,False
ORB,BTC-USDT-SWAP,1H,LONG,2026-05-25 10:00:00+00:00,2026-05-25 11:00:00+00:00,77560.1,77359.58516,77382.8,77914.70000000001,-178.6133621522836,-1.130935363790187,0,SL,60,0.0,-1.543147208121835,362.5511172222839,54.0,23.57079173899604,64.09286655401891,0.005068166791370061,0.32341800495612216,0.4357106705867437,-0.22292390030440157,1.985399117951049,2.071517573718699,1.6224313176669023,1.1295612010638243,-1.01054458323e-05,9,0,London,Weak,1,1,6,2,False
ORB,BTC-USDT-SWAP,1H,LONG,2026-05-26 11:00:00+00:00,2026-05-26 15:00:00+00:00,77397.7,76510.63992,76533.6,79125.89999999998,-116.00106051984841,-1.0265710913088817,0,SL,240,0.7742159472283379,-1.3513482235852434,351.03716947275683,59.0,21.833108357981484,59.014489962693666,-0.05621287538719927,-0.10051028449621019,0.2563514036318327,-0.6184930321016839,1.2662567054821443,1.9225080636497645,1.5614542708123342,3.0447509641739146,2.01047785825e-05,10,1,London,Weak,1,1,6,2,False
ORB,BTC-USDT-SWAP,1H,LONG,2026-06-12 15:00:00+00:00,2026-06-14 21:00:00+00:00,63970.4,65611.0,63150.1,65611.0,190.5219017432638,1.9999999999999911,1,TP,3240,2.081677435084716,-0.7616725588199448,447.47213354142207,16.0,20.736672486970036,60.59337843753867,-0.03774667578826421,0.3585864681281088,0.45258532763355014,-0.03314027559577788,1.8405015410479102,1.442329127930579,2.1196417418860003,2.3664524853374655,1.3381574222e-05,14,4,NewYork,Weak,2,1,6,2,True
ORB,BTC-USDT-SWAP,1H,LONG,2026-06-14 22:00:00+00:00,2026-06-17 22:00:00+00:00,65276.9,63952.30855,63971.5,67887.70000000001,-108.88006933736762,-1.0147015857208506,0,SL,4320,1.537459782442156,-1.0700934579439252,342.2237948843984,42.0,27.567680570535792,71.42202905182643,0.04152334626116405,0.061889379578214755,2.24516090652777,-0.6146134614441839,2.5642314847403083,2.2283674005884624,2.487428445823348,5.92017422972858,-7.59112940001e-05,21,6,Dead,Trending,3,2,6,2,False
ORB,BTC-USDT-SWAP,1H,LONG,2026-06-20 16:00:00+00:00,2026-06-20 17:00:00+00:00,64129.8,63787.55799,63806.7,64776.000000000015,-135.60335338718346,-1.0592448467966438,0,SL,60,0.0,-1.3249767873723246,360.8877872525525,24.0,20.53207807405647,63.90695034401242,-0.07378732325071723,0.12064868724106838,0.0030966854012094416,-0.35209894947271375,1.904784605361423,1.497175010081067,1.6077473963988103,2.6195620730770623,-1.88323191508e-05,15,5,NewYork,Weak,2,1,6,2,False
ORB,BTC-USDT-SWAP,1H,LONG,2026-06-22 13:00:00+00:00,2026-06-22 16:00:00+00:00,65116.4,64532.33449,64551.7,66245.80000000002,-120.63401110217659,-1.0342934478484078,0,SL,180,0.8854258898529995,-1.12927217991854,394.13470029588586,70.0,15.61410295529231,66.96870528916561,0.020817208853905107,0.1744902765373579,1.541790350926738,-0.11226050580191554,2.986651483519962,2.273465244537076,2.4892168651468363,2.8298007195097523,2.87541037749e-05,12,0,NewYork,Ranging,2,0,6,2,False
ORB,BTC-USDT-SWAP,1H,LONG,2026-07-01 22:00:00+00:00,2026-07-01 23:00:00+00:00,60788.7,60081.77006,60099.8,62166.499999999985,-115.76167252663691,-1.0261720714182037,0,SL,60,0.0,-1.2088837276818154,483.77385447362394,87.0,28.44864646303865,71.26426987465081,-0.08530474708736271,0.42473358617371737,0.683942616179855,-0.09491895697720855,4.291858747475854,4.361982766935125,2.799694650156606,1.0895748491722574,3.76950039265e-05,21,2,Dead,Trending,3,2,6,2,False
ORB,BTC-USDT-SWAP,1H,LONG,2026-07-02 10:00:00+00:00,2026-07-03 20:00:00+00:00,61147.6,62757.799999999996,60342.5,62757.799999999996,190.76596199229908,2.0,1,TP,2040,2.151782387281089,-0.07825114892559945,530.01398839566,93.0,28.72623395170604,63.46800253026595,0.013996223337681453,0.5542564030331382,1.2689679494941366,-0.466249642258471,3.211067244379707,2.671677879186942,3.0416724415893945,2.144393864087882,0.0001,9,3,London,Trending,1,2,6,2,True
ORB,BTC-USDT-SWAP,1H,LONG,2026-07-04 18:00:00+00:00,2026-07-05 01:00:00+00:00,63251.8,62754.86789,62773.7,64208.000000000015,-123.6913241443192,-1.0393894791884448,0,SL,420,0.40598201213134527,-1.0495712194101585,281.8652569905284,9.0,41.483416228335464,73.39566657176053,0.26871174288311056,0.5030459322885782,3.4616722443598285,-0.31335076630229824,1.5277688603531347,1.2433875553662128,1.167207292713438,3.1512725003481004,6.44399138913e-05,17,5,NewYork,Trending,2,2,6,2,False
ORB,BTC-USDT-SWAP,1H,LONG,2026-07-05 23:00:00+00:00,2026-07-06 05:00:00+00:00,63705.1,62959.40651000001,62978.3,65158.69999999999,-115.65570774710933,-1.0259954457897564,0,SL,360,0.2612823335167895,-1.0861309851403498,310.71147066661183,41.0,23.26197787936579,72.33928378411878,0.21917494247198957,0.1971423045354437,3.45958064591613,-0.3688878423985559,2.0744973185515803,1.5084759645067014,1.5287888778705245,4.735439327082442,2.11483321941e-05,22,6,Dead,Weak,3,1,6,2,False
ORB,BTC-USDT-SWAP,1H,LONG,2026-07-06 22:00:00+00:00,2026-07-07 01:00:00+00:00,64469.0,63769.06354,63788.2,65830.6,-116.92358374324148,-1.0281087837837752,0,SL,180,0.0,-1.052585193889535,484.1882038717275,96.0,21.2732164694694,68.98211290632193,0.22409033599783695,0.2524123583831361,4.147930466286614,-0.40329460671020184,5.197801695722839,4.420831171147137,3.420644564654611,1.5717536374994885,4.35732937955e-05,21,0,Dead,Weak,3,1,6,2,False
ORB,BTC-USDT-SWAP,1H,LONG,2026-07-09 07:00:00+00:00,2026-07-09 12:00:00+00:00,62926.2,62433.2644,62452.0,63874.59999999999,-123.76357626318024,-1.0395099114297766,0,SL,300,0.299029945170822,-1.053985660059044,411.86464412454546,51.0,22.604136035453863,60.723581099480526,-0.00785463629266927,-0.2546001407647941,1.0353572298400882,-0.04640356481084885,2.294573492189672,1.8215636356735203,1.7138434923855317,2.014712438752481,7.23410745506e-05,6,3,Asia,Weak,0,1,6,2,False
ORB,BTC-USDT-SWAP,1H,LONG,2026-07-10 06:00:00+00:00,2026-07-10 07:00:00+00:00,64097.2,63894.42592,63913.6,64464.399999999994,-162.71412611764433,-1.1044339869280893,0,SL,60,0.0,-1.7679738562091565,381.35527156396216,18.0,30.630072904666715,72.64590801563553,0.1864379007300539,0.46903703398541485,2.5965050685314397,-0.12403018535882167,2.6765919546858403,2.8631258475085755,1.7042228985651688,0.5814932593576033,7.32355162048e-05,5,4,Asia,Trending,0,2,6,2,False
ORB,BTC-USDT-SWAP,1H,LONG,2026-07-11 15:00:00+00:00,2026-07-11 16:00:00+00:00,64322.3,64195.83547,64215.1,64536.70000000001,-173.22137212289138,-1.1797064365671603,0,SL,60,0.0,-2.444962686567119,203.9792412547208,2.0,28.28694836543111,61.89080154698825,0.2099574433967861,0.2818187012796122,2.202265885520488,-0.25263400096078653,1.0768892311076936,0.7099254012630443,0.6298026263110607,2.248743659398108,-2.15211796162e-05,14,5,NewYork,Trending,2,2,6,2,False
ORB,BTC-USDT-SWAP,1H,LONG,2026-07-12 20:00:00+00:00,2026-07-12 21:00:00+00:00,64211.5,64105.762500000004,64125.0,64384.5,-157.26572148290515,-1.2223988439305853,0,SL,60,0.028901734104046242,-4.113294797687895,200.08385424650587,2.0,13.003139344850922,56.508382218360154,0.14160212380401938,0.06982726374372589,1.566770448692192,-0.11882625203623598,0.9525905778588353,0.8294071784698598,0.9718694764440712,0.45094147445434024,5.64601192152e-05,19,6,NewYork,Ranging,2,0,6,2,False
ORB,BTC-USDT-SWAP,1H,LONG,2026-07-14 13:00:00+00:00,2026-07-17 06:00:00+00:00,63940.2,62732.37464,62751.2,66318.2,-109.55881116770317,-1.0158329352396933,0,SL,3900,1.3858704793944516,-1.084693019343984,362.98250435526506,88.0,20.683370455777528,71.60325599722587,-0.045652183137441946,-0.10816210866479588,1.3821384091754023,-0.06240205692193871,3.462269722736867,2.78795781839485,2.34933354654356,6.396949122552707,1.56977471317e-05,12,1,NewYork,Weak,2,1,6,2,False
ORB,BTC-USDT-SWAP,1H,LONG,2026-07-17 19:00:00+00:00,2026-07-17 23:00:00+00:00,64224.0,63836.8432,63856.0,64960.0,-131.2907896521723,-1.0520565217391222,0,SL,240,0.0,-1.0092391304347865,398.3591638162306,92.0,26.198546677727617,63.14370973723147,-0.0423971106340582,-0.27855991747323783,0.8805974112362759,-0.20989038365720436,2.741961286194209,2.5278721544270253,1.82008204539882,0.8552390006228849,5.46348466336e-05,18,4,NewYork,Trending,2,2,6,2,False
ORB,BTC-USDT-SWAP,1H,LONG,2026-07-20 16:00:00+00:00,2026-07-24 13:00:00+00:00,65569.7,64370.683000000005,64390.0,67929.09999999999,-109.88371872509884,-1.016374501992028,0,SL,5580,1.1513944223107624,-1.4277358650504364,454.749695422457,100.0,22.629728337210466,65.07725122152539,0.0684039825066736,0.03194747048744655,2.3879994709274195,-0.21397078223631175,2.898657619117862,2.2794506196230064,2.86338159158698,3.4975207258475995,-1.0642569389e-06,15,0,NewYork,Weak,2,1,6,2,False
ORB,BTC-USDT-SWAP,1H,LONG,2026-07-26 16:00:00+00:00,2026-07-26 17:00:00+00:00,64737.2,64623.30719,64642.7,64926.2,-162.89082962654788,-1.2052149206348948,0,SL,60,0.35767195767198845,-1.0412698412697796,141.4165578805079,15.0,17.15031972226684,68.06204474232091,-0.0317459339417901,0.030773186458457433,0.05794388933442107,-0.09453606272746484,0.7971948705492548,0.6549171370475676,0.5475873044196636,2.0446977068273586,2.91130085216e-05,15,6,NewYork,Ranging,2,0,6,2,False
ORB,BTC-USDT-SWAP,1H,LONG,2026-07-27 06:00:00+00:00,2026-07-27 07:00:00+00:00,65434.7,65232.52437,65252.1,65799.9,-164.37655784337332,-1.1072049835706437,0,SL,60,0.0,-1.4320920043811725,215.18932982626367,47.0,36.61997846734097,72.03685613530709,0.06810236883137052,0.34323876852291935,1.0680720868732052,-0.21685708522069932,1.637449790775489,2.0672579371863904,1.2097605039379455,0.5895993617907141,7.56427045204e-05,5,0,Asia,Trending,0,2,6,2,False
Volatility.Comp,BTC-USDT-SWAP,1H,LONG,2026-05-08 11:00:00+00:00,2026-05-08 13:00:00+00:00,80177.7,79707.68052000001,79731.6,81069.89999999998,-132.22824216812296,-1.0536190988567526,0,SL,120,0.7673167451244332,-1.5191661062542263,387.2704865294262,4.0,35.146208147874276,52.38352251175931,0.018657308107226617,-0.3910604160908445,0.7942167504998934,-0.21764183512602023,1.3383688053519698,1.0779353770737223,1.136662523078331,1.1761760433155213,3.489182255e-07,10,4,London,Trending,1,2,8,2,False
Volatility.Comp,BTC-USDT-SWAP,1H,LONG,2026-05-09 16:00:00+00:00,2026-05-10 15:00:00+00:00,80484.8,81089.40000000001,80182.5,81089.40000000001,167.93102216341416,2.0,1,TP,1380,3.1445583857095007,0.0,253.58072324969754,3.0,13.239334442172959,59.02788116617573,0.07787388516175292,0.023476853789728868,0.9696629154287684,-0.20525640276971535,0.5569791688791361,0.45753913825838083,0.5726954006802656,2.1984929220332208,4.22967981051e-05,15,5,NewYork,Ranging,2,0,8,2,True
Volatility.Comp,BTC-USDT-SWAP,1H,LONG,2026-05-10 16:00:00+00:00,2026-05-10 20:00:00+00:00,81374.6,80863.7336,80888.0,82347.80000000002,-129.97858614056403,-1.0498692971639805,0,SL,240,0.36046033703245395,-2.356350184956827,219.24266093496124,12.0,29.809164053305736,77.59101190934754,0.12321666457967206,0.1756256597046548,1.791490948983996,-0.07483916951869957,1.043031247477789,0.7918751323191513,0.7004812015882002,4.553661523897656,3.53120541056e-05,15,6,NewYork,Trending,2,2,8,2,False
Volatility.Comp,BTC-USDT-SWAP,1H,LONG,2026-05-13 02:00:00+00:00,2026-05-13 11:00:00+00:00,80959.5,80609.40992,80633.6,81611.29999999999,-144.59082723289453,-1.0742254679349517,0,SL,540,1.1064743786437934,-1.5265418840135283,372.521317212238,56.99999999999999,30.511278786043846,54.02142314618724,0.021581480505730704,-0.16320433981272778,0.6804615411254448,-0.39525935807409884,1.4797127063512954,1.1669043530572736,1.370335103488248,1.1729463713675123,-1.08837927404e-05,1,2,Asia,Trending,0,2,8,2,False
Volatility.Comp,BTC-USDT-SWAP,1H,LONG,2026-06-13 12:00:00+00:00,2026-06-13 13:00:00+00:00,63934.8,64200.20000000001,63802.1,64200.20000000001,142.0640542577261,2.0,1,TP,60,2.1288620949509474,0.0,266.27133607341216,1.0,18.619340759487187,59.24423102967171,0.0021376205170913778,0.2475715919898091,0.4048946773444604,-0.24118320539048702,0.9301356368871783,1.0072810929625695,1.1111143298900057,0.7636685562881638,8.6943079192e-06,11,5,London,Ranging,1,0,8,2,True
Volatility.Comp,BTC-USDT-SWAP,1H,LONG,2026-06-13 16:00:00+00:00,2026-06-13 17:00:00+00:00,64262.5,64119.858270000004,64139.1,64509.3,-185.88825128340014,-1.155929740680665,0,SL,60,0.0,-2.8792544570502328,250.02322286528383,1.0,24.29117754959348,65.56863906150329,0.04028352363239053,0.3565834766184158,0.889776591273758,-0.07765026259482817,1.447456492637218,1.5826685441178805,0.8282438694945746,1.7358864380820327,8.6943079192e-06,15,5,NewYork,Weak,2,1,8,2,False
Volatility.Comp,BTC-USDT-SWAP,1H,LONG,2026-06-13 22:00:00+00:00,2026-06-14 07:00:00+00:00,64438.6,64166.04441,64185.3,64945.19999999999,-145.6667850951454,-1.0760189103829492,0,SL,540,0.9751283063561162,-1.0225029609159275,266.4458913583995,10.0,26.37989429879246,65.65766131244224,0.07302096834827115,0.41100409938817345,1.1223919658730188,-0.47533547386896835,1.6543618867329186,1.732665346870262,0.9791408001129737,2.7129910214979582,-6.39574741838e-05,21,5,Dead,Trending,3,2,8,2,False
Volatility.Comp,BTC-USDT-SWAP,1H,LONG,2026-06-21 04:00:00+00:00,2026-06-21 05:00:00+00:00,64391.5,64178.440689999996,64197.7,64779.100000000006,-159.68038411455152,-1.0993772445820484,0,SL,60,0.0,-1.0603715170278478,251.88995395611653,1.0,27.37666155424184,66.51477031071894,-0.0004074332694097035,0.29882428585305515,0.41877325086697464,-0.08619150043095751,1.9659540775930324,1.8283807750848897,1.5275789908831394,1.0972640030784433,-8.8262165972e-06,3,6,Asia,Trending,0,2,8,2,False
Volatility.Comp,BTC-USDT-SWAP,1H,LONG,2026-07-03 11:00:00+00:00,2026-07-03 20:00:00+00:00,61890.1,62386.49999999999,61641.9,62386.49999999999,169.95730862207864,2.0,1,TP,540,3.988315874294976,-0.8948428686543156,360.23167970871697,4.0,30.068804110680304,62.91718921499981,0.16725341329133558,0.5600907266891868,2.055286865183684,-0.2583611918545962,1.2931260229132546,0.914518237689476,1.2464216268745414,1.2892039964100626,0.0001,10,4,London,Trending,1,2,8,2,True
Volatility.Comp,BTC-USDT-SWAP,1H,LONG,2026-07-03 21:00:00+00:00,2026-07-05 22:00:00+00:00,62747.9,63939.9,62151.9,63939.9,187.24619463087248,2.0,1,TP,2940,2.000167785234897,-0.7515100671140964,363.392385259588,11.0,33.91707500465489,73.31601043518324,0.2359634526559992,0.6683368780272467,3.2263668392941938,-0.21036527060623444,2.4373520528936417,2.1333393945187513,1.4184067906338198,3.1716255206492043,5.38283058701e-05,20,4,Dead,Trending,3,2,8,2,True
Volatility.Comp,BTC-USDT-SWAP,1H,LONG,2026-07-10 09:00:00+00:00,2026-07-10 14:00:00+00:00,64210.1,63931.8147,63951.0,64728.299999999996,-144.48311417213253,-1.0740459282130355,0,SL,300,1.7942879197221306,-1.755692782709394,371.035580038639,13.0,32.51278054769764,69.80648382923654,0.21686831665009548,0.5534286269625952,2.702950272063377,-0.27690347780178337,2.754573619592624,2.900497712183088,1.7278498685797534,1.6527420211201835,8.40924532537e-05,8,4,London,Trending,1,2,8,2,False
Volatility.Comp,BTC-USDT-SWAP,1H,LONG,2026-07-11 15:00:00+00:00,2026-07-11 16:00:00+00:00,64322.3,64195.83547,64215.1,64536.70000000001,-173.22137212289138,-1.1797064365671603,0,SL,60,0.0,-2.444962686567119,203.9792412547208,2.0,28.28694836543111,61.89080154698825,0.2099574433967861,0.2818187012796122,2.202265885520488,-0.25263400096078653,1.0768892311076936,0.7099254012630443,0.6298026263110607,2.248743659398108,-2.15211796162e-05,14,5,NewYork,Trending,2,2,8,2,False
Volatility.Comp,BTC-USDT-SWAP,1H,LONG,2026-07-18 13:00:00+00:00,2026-07-18 15:00:00+00:00,64182.4,64006.39232,64025.6,64496.00000000001,-173.5514256326511,-1.1224979591836681,0,SL,120,0.0,-1.1511479591836522,188.3432146606521,2.0,10.597800411426286,63.77874943618656,0.045968666722996716,0.07770169308731542,0.7295721495126407,-0.27484170115171985,0.9781201276889719,0.5619656436417584,0.9555292129532943,2.0884242401664306,5.07952841494e-05,12,5,NewYork,Ranging,2,0,8,2,False
Volatility.Comp,BTC-USDT-SWAP,1H,LONG,2026-07-18 17:00:00+00:00,2026-07-18 21:00:00+00:00,64278.8,64723.20000000001,64056.6,64723.20000000001,165.16597659766046,2.0,1,TP,240,2.4896489648964275,0.0,186.29047152027533,4.0,11.159755366450863,65.43705001897465,0.05553041034323979,0.10956672245732155,0.8544991298157907,-0.02520274990005144,0.6673181671537237,0.6063867032591662,0.5390010554885472,1.7186168258766625,8.63693379528e-05,16,5,NewYork,Ranging,2,0,8,2,True
Volatility.Comp,BTC-USDT-SWAP,1H,LONG,2026-07-24 04:00:00+00:00,2026-07-24 09:00:00+00:00,65418.5,65017.288960000005,65036.8,66181.9,-130.72663174639666,-1.0511161645271097,0,SL,300,0.9486507728582881,-1.2970919570343262,289.1051125788141,18.0,28.892641034980322,54.53042905065971,0.014989252409867128,-0.25753365046613863,0.6877626357407548,-0.5125461452035783,1.2576231309785468,1.8513181628190651,1.3669399337878352,1.3576543762287234,1.46168809e-07,3,4,Asia,Trending,0,2,8,2,False
EMA.Crossover.ADX,BTC-USDT-SWAP,1H,LONG,2026-05-08 00:00:00+00:00,2026-05-08 01:00:00+00:00,79979.2,79805.0513,79829.0,80279.59999999999,-183.7777514528679,-1.1594454061251267,0,SL,60,0.0,-2.718375499334293,420.5811752740214,17.0,27.32549784446724,39.47134320596532,0.05558914371230059,-0.4533695816756708,0.5669784082731142,-2.131429171584608,0.70283678120396,2.893959579492392,1.5500870335724772,0.31357023420067226,6.05485360377e-05,23,3,Dead,Trending,3,2,2,2,False
EMA.Crossover.ADX,BTC-USDT-SWAP,1H,LONG,2026-05-08 16:00:00+00:00,2026-05-10 15:00:00+00:00,80118.6,81198.00000000003,79578.9,81198.00000000003,182.06596998332444,2.0,1,TP,2820,2.4398740040762643,-0.7478228645543767,444.40828515456855,43.0,27.416416253646165,51.376403887374146,0.044380992890649756,-0.22291748630642072,0.6915942632096734,-0.5011326971922839,1.2636709147142242,1.1513900843621627,1.3405791668436018,1.315549023814204,3.489182255e-07,15,4,NewYork,Trending,2,2,2,2,True
EMA.Crossover.ADX,BTC-USDT-SWAP,1H,LONG,2026-05-13 04:00:00+00:00,2026-05-13 06:00:00+00:00,81212.0,80914.31842000001,80938.6,81758.79999999999,-153.34270338405037,-1.0888133869787704,0,SL,120,0.0,-1.0098756400878262,368.1918500452455,56.00000000000001,26.44144816839787,58.735816901262105,0.04339902778293596,-0.06519991762410027,0.9768482328913503,-0.07683603018770492,1.7960866894796805,1.327007030539164,1.3461737278201271,0.6714449664886645,-1.08837927404e-05,3,2,Asia,Trending,0,2,2,2,False
EMA.Crossover.ADX,BTC-USDT-SWAP,1H,LONG,2026-05-14 20:00:00+00:00,2026-05-14 21:00:00+00:00,81380.9,81255.61600000001,81280.0,81582.69999999998,-151.90905335279902,-1.2416650148661281,0,SL,60,1.1595639246779659,-1.5123885034687816,514.8110076678904,98.0,30.75597837802032,64.34721534867943,0.04929336418135437,0.2777036209436835,1.322144674792148,-0.7620962192556439,3.192625185448186,4.475436468883465,2.358947024860235,0.4941531189850095,1.00278167472e-05,19,3,NewYork,Trending,2,2,2,2,False
EMA.Crossover.ADX,BTC-USDT-SWAP,1H,LONG,2026-05-25 01:00:00+00:00,2026-05-25 02:00:00+00:00,77124.9,77006.79103,77029.9,77314.9,-151.50551548073466,-1.2432523157894857,0,SL,60,3.422105263157956,-2.383157894736781,378.8983892114452,74.0,23.335441887976113,58.82511174323284,-0.07457740656895429,0.08678511558583833,-0.1215654619920416,-0.5233069994256146,1.413145527559424,1.464505132489244,1.6630210468537587,0.8574484950968091,2.3288850922e-05,0,0,Asia,Weak,0,1,2,2,False
EMA.Crossover.ADX,BTC-USDT-SWAP,1H,LONG,2026-06-08 15:00:00+00:00,2026-06-08 16:00:00+00:00,63932.0,63507.24211000001,63526.3,64743.399999999994,-128.2423774380068,-1.0469753265959985,0,SL,60,0.23243776189303325,-1.2346561498644444,636.5907737475638,33.0,28.508066173845442,64.36145621638474,-0.3113972073301034,0.6811022301944106,-2.1052225686877875,-0.7439165737292315,4.554434395800287,4.2799396869284685,3.212515540470553,0.9454748975455065,4.24550662021e-05,14,0,NewYork,Trending,2,2,2,2,False
EMA.Crossover.ADX,BTC-USDT-SWAP,1H,LONG,2026-06-11 12:00:00+00:00,2026-06-11 13:00:00+00:00,63075.1,62993.0964,63012.0,63201.299999999996,-139.9507236928631,-1.2995816164817473,0,SL,60,2.1711568938193846,-6.854199683042947,447.2230476489387,1.0,27.664232386703354,65.50455985673047,-0.1692289793644691,0.4308781116807961,-1.1014755348776761,-0.26016646848989067,3.299525223426673,3.5914518146279417,1.943706475428177,1.0389960320909732,-6.03239409731e-05,11,3,London,Trending,1,2,2,2,False
EMA.Crossover.ADX,BTC-USDT-SWAP,1H,LONG,2026-06-22 02:00:00+00:00,2026-06-22 22:00:00+00:00,64570.1,63800.854,63820.0,66070.29999999999,-115.37322655645934,-1.0255245967204383,0,SL,1200,1.3948806825756535,-1.0719904012798296,378.41331835149884,56.00000000000001,21.833715460653615,61.21192264706891,-0.024818323784437067,0.02390507080024137,0.712690894344282,-0.37618030636471284,2.1226355412159146,1.6305547987017264,2.0531100751383553,3.776189186216994,-2.88482815558e-05,1,0,Asia,Weak,0,1,2,2,False
EMA.Crossover.ADX,BTC-USDT-SWAP,1H,LONG,2026-07-01 23:00:00+00:00,2026-07-02 00:00:00+00:00,60454.3,60304.80313,60322.9,60717.100000000006,-182.6858461780831,-1.137723515981743,0,SL,60,0.0,-6.805936073059308,522.0685791540795,93.0,29.731928231311024,64.29567377652225,-0.05209948661871542,0.5386301126100127,0.12878201790973837,-1.4697052153444834,3.7181468969977995,4.585399553579411,2.8719562395246463,1.9122044858726406,3.76950039265e-05,22,2,Dead,Trending,3,2,2,2,False
EMA.Crossover.ADX,BTC-USDT-SWAP,1H,LONG,2026-07-09 18:00:00+00:00,2026-07-10 04:00:00+00:00,63110.9,64051.700000000004,62640.5,64051.700000000004,183.78028061224495,2.0,1,TP,600,2.2232142857142696,-0.5172193877551067,427.98670434868177,54.0,23.67599009779597,59.60945287553133,0.08583659914840223,0.1387139331217057,1.2338119537422247,-0.2661980735498939,2.355389191450995,2.5800371017587795,1.7738734563956322,0.7763420590232167,3.51830663184e-05,17,3,NewYork,Weak,2,1,2,2,True
EMA.Crossover.ADX,BTC-USDT-SWAP,1H,LONG,2026-07-14 17:00:00+00:00,2026-07-14 18:00:00+00:00,64706.4,64580.81994,64600.2,64918.80000000001,-171.95551905529908,-1.1824864406779196,0,SL,60,0.0,-2.4001883239170527,431.8856493880344,99.0,30.088464786539184,76.21202881721567,0.06489724904327553,0.3213145429695855,2.512962232491377,-0.6082860428025644,4.618270008084076,5.222116528603363,2.3507683206808463,1.0151999552318418,7.99498182818e-05,16,1,NewYork,Trending,2,2,2,2,False
EMA.Crossover.ADX,BTC-USDT-SWAP,1H,LONG,2026-07-27 00:00:00+00:00,2026-07-27 01:00:00+00:00,65379.3,65208.931450000004,65228.5,65680.90000000001,-177.91116635941006,-1.1297649204243763,0,SL,60,0.0,-3.4005305039787337,194.446773539771,38.0,33.119488637422315,79.48515770392984,0.02116817329787718,0.20911670745778496,1.0293350582570922,-0.3019304275206284,1.7492720444850463,1.7204831856542802,1.09071237743842,2.2139674301457033,1.07069213573e-05,23,6,Dead,Trending,3,2,2,2,False
Donchian.20,BTC-USDT-SWAP,1H,LONG,2026-05-09 18:00:00+00:00,2026-05-10 01:00:00+00:00,80771.5,80555.826,80580.0,81154.5,-175.79341806788418,-1.1262349869451649,0,SL,420,0.8417754569190449,-1.237597911227154,263.12266443468843,6.0,16.075537569916577,66.54464119466769,0.08801438142552652,0.0669083819011981,1.3051879300660212,-0.1529004661297611,0.8995470410261481,0.712044175706211,0.6070122353406305,2.0712575290912953,-2.61407703311e-05,17,5,NewYork,Ranging,2,0,1,2,False
Donchian.20,BTC-USDT-SWAP,1H,LONG,2026-05-10 16:00:00+00:00,2026-05-10 20:00:00+00:00,81374.6,80863.7336,80888.0,82347.80000000002,-129.97858614056403,-1.0498692971639805,0,SL,240,0.36046033703245395,-2.356350184956827,219.24266093496124,12.0,29.809164053305736,77.59101190934754,0.12321666457967206,0.1756256597046548,1.791490948983996,-0.07483916951869957,1.043031247477789,0.7918751323191513,0.7004812015882002,4.553661523897656,3.53120541056e-05,15,6,NewYork,Trending,2,2,1,2,False
Donchian.20,BTC-USDT-SWAP,1H,LONG,2026-05-10 23:00:00+00:00,2026-05-11 03:00:00+00:00,82015.9,80596.8137,80621.0,84805.69999999998,-110.46241509929048,-1.017339092408059,0,SL,240,0.24976700838770535,-1.0867445695031905,406.93848446592426,64.0,33.84327779868162,68.54827719599827,0.1543814549534833,0.2737198838091552,2.48031722931335,-0.1837446351931295,2.228648352196241,1.7462153700101342,2.199782607627077,5.05322241370918,9.9003004207e-06,22,6,Dead,Trending,3,2,1,2,False
Donchian.20,BTC-USDT-SWAP,1H,LONG,2026-05-14 15:00:00+00:00,2026-05-15 13:00:00+00:00,80917.7,79493.04493,79516.9,83719.3,-110.2767409307525,-1.0170296045117009,0,SL,1320,0.7733438035408343,-1.6339948600799468,472.64214538915604,99.0,26.228185080689375,64.9389622333932,-0.06311452868379079,-0.15876546769812963,0.8233278119141676,-0.07192493113372858,2.6054043087379344,1.8378402812698826,2.2406662117416443,4.384710446918269,3.87292207018e-05,14,3,NewYork,Trending,2,2,1,2,False
Donchian.20,BTC-USDT-SWAP,1H,LONG,2026-06-12 15:00:00+00:00,2026-06-14 21:00:00+00:00,63970.4,65611.0,63150.1,65611.0,190.5219017432638,1.9999999999999911,1,TP,3240,2.081677435084716,-0.7616725588199448,447.47213354142207,16.0,20.736672486970036,60.59337843753867,-0.03774667578826421,0.3585864681281088,0.45258532763355014,-0.03314027559577788,1.8405015410479102,1.442329127930579,2.1196417418860003,2.3664524853374655,1.3381574222e-05,14,4,NewYork,Weak,2,1,1,2,True
Donchian.20,BTC-USDT-SWAP,1H,LONG,2026-06-14 22:00:00+00:00,2026-06-17 22:00:00+00:00,65276.9,63952.30855,63971.5,67887.70000000001,-108.88006933736762,-1.0147015857208506,0,SL,4320,1.537459782442156,-1.0700934579439252,342.2237948843984,42.0,27.567680570535792,71.42202905182643,0.04152334626116405,0.061889379578214755,2.24516090652777,-0.6146134614441839,2.5642314847403083,2.2283674005884624,2.487428445823348,5.92017422972858,-7.59112940001e-05,21,6,Dead,Trending,3,2,1,2,False
Donchian.20,BTC-USDT-SWAP,1H,LONG,2026-06-21 04:00:00+00:00,2026-06-21 05:00:00+00:00,64391.5,64178.440689999996,64197.7,64779.100000000006,-159.68038411455152,-1.0993772445820484,0,SL,60,0.0,-1.0603715170278478,251.88995395611653,1.0,27.37666155424184,66.51477031071894,-0.0004074332694097035,0.29882428585305515,0.41877325086697464,-0.08619150043095751,1.9659540775930324,1.8283807750848897,1.5275789908831394,1.0972640030784433,-8.8262165972e-06,3,6,Asia,Trending,0,2,1,2,False
Donchian.20,BTC-USDT-SWAP,1H,LONG,2026-06-22 02:00:00+00:00,2026-06-22 22:00:00+00:00,64570.1,63800.854,63820.0,66070.29999999999,-115.37322655645934,-1.0255245967204383,0,SL,1200,1.3948806825756535,-1.0719904012798296,378.41331835149884,56.00000000000001,21.833715460653615,61.21192264706891,-0.024818323784437067,0.02390507080024137,0.712690894344282,-0.37618030636471284,2.1226355412159146,1.6305547987017264,2.0531100751383553,3.776189186216994,-2.88482815558e-05,1,0,Asia,Weak,0,1,1,2,False
Donchian.20,BTC-USDT-SWAP,1H,LONG,2026-07-01 22:00:00+00:00,2026-07-01 23:00:00+00:00,60788.7,60081.77006,60099.8,62166.499999999985,-115.76167252663691,-1.0261720714182037,0,SL,60,0.0,-1.2088837276818154,483.77385447362394,87.0,28.44864646303865,71.26426987465081,-0.08530474708736271,0.42473358617371737,0.683942616179855,-0.09491895697720855,4.291858747475854,4.361982766935125,2.799694650156606,1.0895748491722574,3.76950039265e-05,21,2,Dead,Trending,3,2,1,2,False
Donchian.20,BTC-USDT-SWAP,1H,LONG,2026-07-02 13:00:00+00:00,2026-07-02 16:00:00+00:00,61504.7,61113.060580000005,61131.4,62251.29999999999,-129.53375203535882,-1.0491278328422096,0,SL,180,1.8266809536566018,-1.084114653094031,494.0486998925895,76.0,30.98865021836522,66.70418163889771,0.07524258384268499,0.7294175648960349,1.8119847631492783,-0.1352742148161106,3.265110812625919,3.270318644441792,2.8271246279618887,1.66150735064102,0.0001,12,3,NewYork,Trending,2,2,1,2,False
Donchian.20,BTC-USDT-SWAP,1H,LONG,2026-07-03 21:00:00+00:00,2026-07-05 22:00:00+00:00,62747.9,63939.9,62151.9,63939.9,187.24619463087248,2.0,1,TP,2940,2.000167785234897,-0.7515100671140964,363.392385259588,11.0,33.91707500465489,73.31601043518324,0.2359634526559992,0.6683368780272467,3.2263668392941938,-0.21036527060623444,2.4373520528936417,2.1333393945187513,1.4184067906338198,3.1716255206492043,5.38283058701e-05,20,4,Dead,Trending,3,2,1,2,True
Donchian.20,BTC-USDT-SWAP,1H,LONG,2026-07-05 23:00:00+00:00,2026-07-06 05:00:00+00:00,63705.1,62959.40651000001,62978.3,65158.69999999999,-115.65570774710933,-1.0259954457897564,0,SL,360,0.2612823335167895,-1.0861309851403498,310.71147066661183,41.0,23.26197787936579,72.33928378411878,0.21917494247198957,0.1971423045354437,3.45958064591613,-0.3688878423985559,2.0744973185515803,1.5084759645067014,1.5287888778705245,4.735439327082442,2.11483321941e-05,22,6,Dead,Weak,3,1,1,2,False
Donchian.20,BTC-USDT-SWAP,1H,LONG,2026-07-06 22:00:00+00:00,2026-07-07 01:00:00+00:00,64469.0,63769.06354,63788.2,65830.6,-116.92358374324148,-1.0281087837837752,0,SL,180,0.0,-1.052585193889535,484.1882038717275,96.0,21.2732164694694,68.98211290632193,0.22409033599783695,0.2524123583831361,4.147930466286614,-0.40329460671020184,5.197801695722839,4.420831171147137,3.420644564654611,1.5717536374994885,4.35732937955e-05,21,0,Dead,Weak,3,1,1,2,False
Donchian.20,BTC-USDT-SWAP,1H,LONG,2026-07-09 07:00:00+00:00,2026-07-09 12:00:00+00:00,62926.2,62433.2644,62452.0,63874.59999999999,-123.76357626318024,-1.0395099114297766,0,SL,300,0.299029945170822,-1.053985660059044,411.86464412454546,51.0,22.604136035453863,60.723581099480526,-0.00785463629266927,-0.2546001407647941,1.0353572298400882,-0.04640356481084885,2.294573492189672,1.8215636356735203,1.7138434923855317,2.014712438752481,7.23410745506e-05,6,3,Asia,Weak,0,1,1,2,False
Donchian.20,BTC-USDT-SWAP,1H,LONG,2026-07-10 02:00:00+00:00,2026-07-13 03:00:00+00:00,63731.2,62911.121,62930.0,65333.59999999999,-114.19662913130331,-1.023563404892662,0,SL,4380,1.177983025461815,-1.286320519221171,409.72840980361906,40.0,26.34342815240494,67.975188571464,0.13233683989782405,0.2907268033078363,2.1117520699870447,-0.3120925262548449,2.0899811618161497,1.6186422603635044,1.7883957020541594,1.896308944244447,7.32355162048e-05,1,4,Asia,Trending,0,2,1,2,False
Donchian.20,BTC-USDT-SWAP,1H,LONG,2026-07-14 13:00:00+00:00,2026-07-17 06:00:00+00:00,63940.2,62732.37464,62751.2,66318.2,-109.55881116770317,-1.0158329352396933,0,SL,3900,1.3858704793944516,-1.084693019343984,362.98250435526506,88.0,20.683370455777528,71.60325599722587,-0.045652183137441946,-0.10816210866479588,1.3821384091754023,-0.06240205692193871,3.462269722736867,2.78795781839485,2.34933354654356,6.396949122552707,1.56977471317e-05,12,1,NewYork,Weak,2,1,1,2,False
Donchian.20,BTC-USDT-SWAP,1H,LONG,2026-07-17 19:00:00+00:00,2026-07-17 23:00:00+00:00,64224.0,63836.8432,63856.0,64960.0,-131.2907896521723,-1.0520565217391222,0,SL,240,0.0,-1.0092391304347865,398.3591638162306,92.0,26.198546677727617,63.14370973723147,-0.0423971106340582,-0.27855991747323783,0.8805974112362759,-0.20989038365720436,2.741961286194209,2.5278721544270253,1.82008204539882,0.8552390006228849,5.46348466336e-05,18,4,NewYork,Trending,2,2,1,2,False
Donchian.20,BTC-USDT-SWAP,1H,LONG,2026-07-18 17:00:00+00:00,2026-07-18 21:00:00+00:00,64278.8,64723.20000000001,64056.6,64723.20000000001,165.16597659766046,2.0,1,TP,240,2.4896489648964275,0.0,186.29047152027533,4.0,11.159755366450863,65.43705001897465,0.05553041034323979,0.10956672245732155,0.8544991298157907,-0.02520274990005144,0.6673181671537237,0.6063867032591662,0.5390010554885472,1.7186168258766625,8.63693379528e-05,16,5,NewYork,Ranging,2,0,1,2,True
Donchian.20,BTC-USDT-SWAP,1H,LONG,2026-07-20 16:00:00+00:00,2026-07-24 13:00:00+00:00,65569.7,64370.683000000005,64390.0,67929.09999999999,-109.88371872509884,-1.016374501992028,0,SL,5580,1.1513944223107624,-1.4277358650504364,454.749695422457,100.0,22.629728337210466,65.07725122152539,0.0684039825066736,0.03194747048744655,2.3879994709274195,-0.21397078223631175,2.898657619117862,2.2794506196230064,2.86338159158698,3.4975207258475995,-1.0642569389e-06,15,0,NewYork,Weak,2,1,1,2,False
Donchian.20,BTC-USDT-SWAP,1H,LONG,2026-07-26 23:00:00+00:00,2026-07-27 12:00:00+00:00,65381.2,64804.352860000006,64823.8,66495.99999999999,-120.9913189300313,-1.0348890204520933,0,SL,780,0.6437029063509269,-1.027090060997499,182.61960227359972,36.0,30.06044564999539,79.59229968196988,0.007630207462189532,0.1615984024730572,1.0425694931105667,-0.15126695635283202,1.7520733698231827,1.3724355696004376,1.0882018738929673,4.961019027065334,1.07069213573e-05,22,6,Dead,Trending,3,2,1,2,False
EMA.Pullback,BTC-USDT-SWAP,1H,LONG,2026-05-10 02:00:00+00:00,2026-05-10 08:00:00+00:00,80645.8,80868.40000000001,80534.5,80868.40000000001,77.92810040944836,2.0,1,TP,360,2.283917340521028,-0.23180592991915755,228.0297719543123,1.0,22.767867092535536,57.252562741060096,0.12127104119358446,0.18708459592486235,1.049097337113077,-0.498600669347536,0.6938444250218467,1.1663274693043102,0.642612771706623,0.6599031890007351,5.91990759781e-05,1,6,Asia,Weak,0,1,3,2,True
EMA.Pullback,BTC-USDT-SWAP,1H,LONG,2026-05-10 11:00:00+00:00,2026-05-10 15:00:00+00:00,80840.1,81220.1,80650.1,81220.1,148.8230947368421,2.0,1,TP,240,3.133157894736781,-0.5678947368421512,195.13831387794735,3.0,26.02879009171731,62.9935294758505,0.1114325827398689,0.13467998827456357,1.1906024345460442,-0.2569269459092667,0.8201290805350367,0.48001097921155894,0.5262562074260139,1.0346429057583342,3.53120541056e-05,10,6,London,Trending,1,2,3,2,True
EMA.Pullback,BTC-USDT-SWAP,1H,LONG,2026-05-10 23:00:00+00:00,2026-05-11 03:00:00+00:00,82015.9,80596.8137,80621.0,84805.69999999998,-110.46241509929048,-1.017339092408059,0,SL,240,0.24976700838770535,-1.0867445695031905,406.93848446592426,64.0,33.84327779868162,68.54827719599827,0.1543814549534833,0.2737198838091552,2.48031722931335,-0.1837446351931295,2.228648352196241,1.7462153700101342,2.199782607627077,5.05322241370918,9.9003004207e-06,22,6,Dead,Trending,3,2,3,2,False
EMA.Pullback,BTC-USDT-SWAP,1H,LONG,2026-05-13 02:00:00+00:00,2026-05-13 11:00:00+00:00,80959.5,80609.40992,80633.6,81611.29999999999,-144.59082723289453,-1.0742254679349517,0,SL,540,1.1064743786437934,-1.5265418840135283,372.521317212238,56.99999999999999,30.511278786043846,54.02142314618724,0.021581480505730704,-0.16320433981272778,0.6804615411254448,-0.39525935807409884,1.4797127063512954,1.1669043530572736,1.370335103488248,1.1729463713675123,-1.08837927404e-05,1,2,Asia,Trending,0,2,3,2,False
EMA.Pullback,BTC-USDT-SWAP,1H,LONG,2026-05-14 15:00:00+00:00,2026-05-15 13:00:00+00:00,80917.7,79493.04493,79516.9,83719.3,-110.2767409307525,-1.0170296045117009,0,SL,1320,0.7733438035408343,-1.6339948600799468,472.64214538915604,99.0,26.228185080689375,64.9389622333932,-0.06311452868379079,-0.15876546769812963,0.8233278119141676,-0.07192493113372858,2.6054043087379344,1.8378402812698826,2.2406662117416443,4.384710446918269,3.87292207018e-05,14,3,NewYork,Trending,2,2,3,2,False
EMA.Pullback,BTC-USDT-SWAP,1H,LONG,2026-05-23 21:00:00+00:00,2026-05-26 17:00:00+00:00,77257.1,75886.32727000001,75909.1,79953.1,-110.19521634732892,-1.0168937166172085,0,SL,4080,0.6005934718100825,-1.0763353115727068,411.06555400807895,95.0,39.63376125096735,73.34023659529032,-0.24354933825541766,-0.31238288432498656,-0.1379640931059234,-0.039866834418025646,4.120215633423176,3.1989656736032726,2.419527134468076,3.3801262685405153,4.0288996575e-06,20,5,Dead,Trending,3,2,3,2,False
EMA.Pullback,BTC-USDT-SWAP,1H,LONG,2026-06-08 00:00:00+00:00,2026-06-08 01:00:00+00:00,63308.0,62749.269570000004,62768.1,64387.8,-120.98448263418942,-1.0348776254861909,0,SL,60,0.5815891831820692,-1.1602148546027038,684.6914200825205,32.0,23.803021441761796,65.66598629324952,-0.5594335387366949,0.2028784638128798,-3.542624524287567,-1.7367473305111518,3.534106333916627,3.0010746336947505,3.325971991035087,0.8012004505069391,2.90588944828e-05,23,6,Dead,Weak,3,1,3,2,False
EMA.Pullback,BTC-USDT-SWAP,1H,LONG,2026-06-08 07:00:00+00:00,2026-06-08 09:00:00+00:00,62964.3,63482.100000000006,62705.4,63482.100000000006,170.69608342989588,2.0,1,TP,120,2.3368095789880132,-0.054847431440727255,624.6903258476469,27.0,26.64683861659226,57.923988470765835,-0.40517128143657377,0.6067053886437906,-3.8098149165949238,-2.2920925032121326,2.972018251099813,4.068734539163951,3.3417631375225074,0.7059578577520482,5.51876461949e-05,6,0,Asia,Trending,0,2,3,2,True
EMA.Pullback,BTC-USDT-SWAP,1H,LONG,2026-06-08 13:00:00+00:00,2026-06-09 00:00:00+00:00,63830.0,62634.30407,62653.1,66183.8,-109.64146847157791,-1.0159707111904157,0,SL,660,0.31642450505565556,-1.2320503016398998,646.1573470681808,35.0,28.580521444021954,64.08905209052409,-0.34672265954892906,0.6103022968967203,-2.305984692623073,-0.9047469841767195,4.387786808837719,4.256514310373208,3.20924980994549,2.3595120960650853,4.24550662021e-05,12,0,NewYork,Trending,2,2,3,2,False
EMA.Pullback,BTC-USDT-SWAP,1H,LONG,2026-06-10 16:00:00+00:00,2026-06-10 17:00:00+00:00,62598.8,61797.455200000004,61816.0,64164.40000000001,-114.27278399591103,-1.023690342360751,0,SL,60,0.0,-1.2629024016351587,579.6498350043846,69.0,26.412088734093714,61.19306669336121,-0.4017017489737487,-0.29680125433796906,-2.35326843451116,-0.3859498904132324,3.2331051497156085,2.492480642384158,2.3726426980878945,2.5134900479286215,-1.59316750235e-05,15,2,NewYork,Trending,2,2,3,2,False
EMA.Pullback,BTC-USDT-SWAP,1H,LONG,2026-06-11 13:00:00+00:00,2026-06-11 17:00:00+00:00,62966.5,62437.2632,62456.0,63987.5,-122.07950204113565,-1.036702840352593,0,SL,240,1.3780607247796277,-1.2859941234084231,467.0428299597286,13.0,27.029722069145507,62.70415142556355,-0.15421969143518752,0.46826022311570115,-1.259104836566358,-0.43292862077453653,3.1218320250637435,3.7195550859432656,1.7901463252433394,2.654628704600904,-6.03239409731e-05,12,3,NewYork,Trending,2,2,3,2,False
EMA.Pullback,BTC-USDT-SWAP,1H,LONG,2026-06-11 18:00:00+00:00,2026-06-15 11:00:00+00:00,63616.2,66228.59999999999,62310.0,66228.59999999999,194.03560863573725,2.0,1,TP,5340,2.10825294748125,-0.6138416781503578,513.7119302304051,37.0,24.607611493679965,67.25161621811566,-0.126630884925869,0.4613991007914067,-0.1763241187953633,-0.08472697949104308,4.185698399778572,3.5039394280634766,2.3650143879960575,3.149795420996809,-2.39606392713e-05,17,3,NewYork,Weak,2,1,3,2,True
EMA.Pullback,BTC-USDT-SWAP,1H,LONG,2026-06-16 00:00:00+00:00,2026-06-16 02:00:00+00:00,66292.7,66047.97966000001,66067.8,66742.49999999999,-152.93245344419088,-1.0881295686971615,0,SL,120,0.5540240106714497,-2.8572698977323605,370.90645908346426,52.0,38.85611883452409,55.983530525890416,0.3702690007024994,0.8776395751294592,2.9883624613971764,-1.4950341515217207,1.2552122313696183,2.982302191522149,1.8536736447088178,0.42039955920035815,-7.39035810096e-05,23,0,Dead,Trending,3,2,3,2,False
EMA.Pullback,BTC-USDT-SWAP,1H,LONG,2026-06-16 07:00:00+00:00,2026-06-16 13:00:00+00:00,66400.2,66000.29397000001,66020.1,67160.39999999998,-131.32132501499282,-1.0521074191002182,0,SL,360,1.5159168639831895,-1.345172323072914,397.557243192567,75.0,27.388159580373465,55.93482977915892,0.2701587016631205,0.3984714596926069,2.9697675153368643,-1.3308694853328713,1.1999164798385729,2.2592616968934593,2.258020045541365,0.8918139914791796,-1.30999107801e-05,6,1,Asia,Trending,0,2,3,2,False
EMA.Pullback,BTC-USDT-SWAP,1H,LONG,2026-06-17 16:00:00+00:00,2026-06-17 18:00:00+00:00,65719.9,64930.515,64950.0,67259.69999999998,-115.24357046369683,-1.0253084816209908,0,SL,120,0.601117028185487,-1.2462657487985453,438.06296190487524,98.0,20.83505788547821,54.07108645172215,0.05215401746676524,-0.32511927065647916,1.3840219491582824,-0.5782105903834449,1.868414281418472,2.4662862359258497,1.8121239508133693,1.9910142133491397,-2.4895073548e-05,15,2,NewYork,Weak,2,1,3,2,False
EMA.Pullback,BTC-USDT-SWAP,1H,LONG,2026-06-20 16:00:00+00:00,2026-06-20 17:00:00+00:00,64129.8,63787.55799,63806.7,64776.000000000015,-135.60335338718346,-1.0592448467966438,0,SL,60,0.0,-1.3249767873723246,360.8877872525525,24.0,20.53207807405647,63.90695034401242,-0.07378732325071723,0.12064868724106838,0.0030966854012094416,-0.35209894947271375,1.904784605361423,1.497175010081067,1.6077473963988103,2.6195620730770623,-1.88323191508e-05,15,5,NewYork,Weak,2,1,3,2,False
EMA.Pullback,BTC-USDT-SWAP,1H,LONG,2026-06-21 10:00:00+00:00,2026-06-21 12:00:00+00:00,64177.6,63900.824,63920.0,64692.799999999996,-144.7201298136644,-1.0744409937888182,0,SL,120,1.0512422360248619,-1.0430900621117958,246.91060738204436,4.0,28.84581922184372,56.43428391959929,0.01419545257425839,0.28458807053247526,0.08048907623556291,-0.5956897800949597,1.6273950910530437,1.0702480274457828,1.3816797655458755,1.267692550421411,-1.4922291748e-05,9,6,London,Trending,1,2,3,2,False
EMA.Pullback,BTC-USDT-SWAP,1H,LONG,2026-06-21 13:00:00+00:00,2026-06-21 20:00:00+00:00,64165.0,63889.72733,63908.9,64677.2,-144.97390722295995,-1.0748639984381103,0,SL,420,0.6540413900820029,-2.0382663022257046,257.0935147297201,10.0,25.8763155880368,54.570057813529225,0.01313061044854994,0.24944537441915307,0.05661936275353606,-0.61560040520533,0.7272961318143832,1.068381067870322,0.9990574412153211,2.1996041441405194,-1.4922291748e-05,12,6,NewYork,Trending,2,2,3,2,False
EMA.Pullback,BTC-USDT-SWAP,1H,LONG,2026-06-22 02:00:00+00:00,2026-06-22 22:00:00+00:00,64570.1,63800.854,63820.0,66070.29999999999,-115.37322655645934,-1.0255245967204383,0,SL,1200,1.3948806825756535,-1.0719904012798296,378.41331835149884,56.00000000000001,21.833715460653615,61.21192264706891,-0.024818323784437067,0.02390507080024137,0.712690894344282,-0.37618030636471284,2.1226355412159146,1.6305547987017264,2.0531100751383553,3.776189186216994,-2.88482815558e-05,1,0,Asia,Weak,0,1,3,2,False
EMA.Pullback,BTC-USDT-SWAP,1H,LONG,2026-06-29 18:00:00+00:00,2026-06-30 00:00:00+00:00,60388.7,59844.44128000001,59862.4,61441.29999999999,-120.53150765114783,-1.0341225916777412,0,SL,360,0.33250997529926174,-1.3813414402432187,570.4264500640335,65.0,24.323582114553318,59.98359711916523,-0.21099112360365846,-0.051783110176207715,-1.1753350971682825,-0.6314095186682326,2.610254449683526,1.978420271529124,2.2233915200626004,1.5143385373667533,7.17956019909e-05,17,0,NewYork,Weak,2,1,3,2,False
EMA.Pullback,BTC-USDT-SWAP,1H,LONG,2026-07-01 16:00:00+00:00,2026-07-02 09:00:00+00:00,60123.3,61373.90000000001,59498.0,61373.90000000001,188.34186470494168,2.0,1,TP,1020,2.0938749400287695,-0.900847593155286,509.295626969684,92.0,29.131445695487216,67.70598467486465,-0.2365599847147572,-0.12188065084578262,-0.4372194454131796,-0.6914136306783477,4.109437229437225,2.77897759318319,2.518332506382397,2.466786051509222,1.30447729281e-05,15,2,NewYork,Trending,2,2,3,2,True
EMA.Pullback,BTC-USDT-SWAP,1H,LONG,2026-07-02 10:00:00+00:00,2026-07-03 20:00:00+00:00,61147.6,62757.799999999996,60342.5,62757.799999999996,190.76596199229908,2.0,1,TP,2040,2.151782387281089,-0.07825114892559945,530.01398839566,93.0,28.72623395170604,63.46800253026595,0.013996223337681453,0.5542564030331382,1.2689679494941366,-0.466249642258471,3.211067244379707,2.671677879186942,3.0416724415893945,2.144393864087882,0.0001,9,3,London,Trending,1,2,3,2,True
EMA.Pullback,BTC-USDT-SWAP,1H,LONG,2026-07-04 07:00:00+00:00,2026-07-04 15:00:00+00:00,62472.9,62818.700000000004,62300.0,62818.700000000004,156.52113360323924,2.0,1,TP,480,3.4360902255638726,-0.4794679005205365,307.67869373764114,1.0,41.45536978724119,58.16031135535284,0.27818618418636376,0.6591612359533031,2.488856113882927,-0.7372785043138612,1.3053771810339236,1.747074319248531,1.446383663357678,0.704091069813496,4.07757884118e-05,6,5,Asia,Trending,0,2,3,2,True
EMA.Pullback,BTC-USDT-SWAP,1H,LONG,2026-07-05 01:00:00+00:00,2026-07-05 02:00:00+00:00,62962.8,62847.1402,62866.0,63156.40000000001,-166.76955608708602,-1.1948326446280764,0,SL,60,0.0,-4.0557851239668805,270.7762859678729,9.0,47.94179632866423,56.965813829612124,0.3181158170380792,0.6183440363095211,2.758675919244801,-0.7737902380453174,1.0638844301765698,2.0098010167330975,1.0673287957866862,0.9711124347271853,0.0001,0,6,Asia,Trending,0,2,3,2,False
EMA.Pullback,BTC-USDT-SWAP,1H,LONG,2026-07-05 08:00:00+00:00,2026-07-05 09:00:00+00:00,62990.1,62674.591980000005,62693.4,63583.49999999999,-138.0906151627889,-1.0633906976744083,0,SL,60,0.0,-1.954162453656897,258.10493141041917,8.0,36.5032288289477,57.45938135910302,0.2576086694195612,0.327018239193115,2.631256206379922,-0.7302746467693285,0.8417621613660352,1.455482039596716,1.1447963782450934,0.8786618334934468,0.0001,7,6,London,Trending,1,2,3,2,False
EMA.Pullback,BTC-USDT-SWAP,1H,LONG,2026-07-05 15:00:00+00:00,2026-07-05 16:00:00+00:00,62785.0,62602.2137,62621.0,63113.0,-168.78349281707284,-1.114550609756096,0,SL,60,0.0,-1.2908536585365675,249.26333475633749,2.0,23.96683104002454,51.08608750683583,0.22087187536012198,0.18319001578264194,2.1450458887840838,-1.0526399617743114,0.6003816677695781,1.3556589360641245,0.9915709290829398,0.6276379155360712,7.36099190415e-05,14,6,NewYork,Weak,2,1,3,2,False
EMA.Pullback,BTC-USDT-SWAP,1H,LONG,2026-07-05 19:00:00+00:00,2026-07-05 21:00:00+00:00,62787.2,62573.12243,62591.9,63177.79999999999,-157.74261825806414,-1.0961473118279508,0,SL,120,2.1541218637993538,-1.0542754736303062,246.16641774197558,3.0,20.54898916785657,51.89748608427097,0.20198401568937616,0.11834688260134275,2.0695883458938082,-0.6881975944141574,0.6039067269344871,0.8495376551978897,1.008650310053239,0.45262311745519224,2.11483321941e-05,18,6,NewYork,Weak,2,1,3,2,False
EMA.Pullback,BTC-USDT-SWAP,1H,LONG,2026-07-05 22:00:00+00:00,2026-07-06 11:00:00+00:00,63063.2,62562.525610000004,62581.3,64026.999999999985,-123.43312209296508,-1.0389590993982132,0,SL,780,1.9059970948329759,-1.2927993359618335,260.6354299486591,20.0,20.583629732766852,60.32017045788159,0.20519677023952912,0.14043699688344868,2.452893158287654,-0.22945235890345617,1.046141422169088,0.7399160799354815,1.1509004413363522,1.9813759931214352,2.11483321941e-05,21,6,Dead,Weak,3,1,3,2,False
EMA.Pullback,BTC-USDT-SWAP,1H,LONG,2026-07-06 16:00:00+00:00,2026-07-08 08:00:00+00:00,63519.9,62000.794180000004,62019.4,66520.9,-107.49910406584432,-1.012399746751081,0,SL,2400,0.8057980673108954,-1.1389536821059647,494.55761519204833,94.0,20.766769696658947,59.82826316366723,0.1346511350422545,-0.1343211190593384,2.812370149247841,-0.7270162578971245,3.6491002486799125,3.77321605666239,3.4614565782480446,2.8650173337798512,9.8247928749e-05,15,0,NewYork,Weak,2,1,3,2,False
EMA.Pullback,BTC-USDT-SWAP,1H,LONG,2026-07-09 07:00:00+00:00,2026-07-09 12:00:00+00:00,62926.2,62433.2644,62452.0,63874.59999999999,-123.76357626318024,-1.0395099114297766,0,SL,300,0.299029945170822,-1.053985660059044,411.86464412454546,51.0,22.604136035453863,60.723581099480526,-0.00785463629266927,-0.2546001407647941,1.0353572298400882,-0.04640356481084885,2.294573492189672,1.8215636356735203,1.7138434923855317,2.014712438752481,7.23410745506e-05,6,3,Asia,Weak,0,1,3,2,False
EMA.Pullback,BTC-USDT-SWAP,1H,LONG,2026-07-09 14:00:00+00:00,2026-07-10 02:00:00+00:00,63000.0,64022.399999999994,62488.8,64022.399999999994,185.09126760563373,2.0,1,TP,720,2.024647887323955,-0.9170579029734068,413.86504794156133,50.0,24.419859630603387,59.47038567494786,0.07775061873653975,0.11554385662386607,1.0927928466114707,-0.4428578458061045,2.1753656424245813,2.4859322145013594,1.5940694660584402,1.560490917918788,1.3105775059e-06,13,3,NewYork,Weak,2,1,3,2,True
EMA.Pullback,BTC-USDT-SWAP,1H,LONG,2026-07-10 03:00:00+00:00,2026-07-10 12:00:00+00:00,63936.1,64490.299999999996,63659.0,64490.299999999996,172.19204619271008,2.0,1,TP,540,2.348971490436683,-0.5900396968603423,407.3192376747891,38.0,27.39072456704703,70.67643854753669,0.15120907004487283,0.3585072134511572,2.4153416612045824,-0.154685693997603,2.4183678700037117,2.0384225672271787,1.7223509741739278,1.297017416872981,7.32355162048e-05,2,4,Asia,Trending,0,2,3,2,True
EMA.Pullback,BTC-USDT-SWAP,1H,LONG,2026-07-10 15:00:00+00:00,2026-07-10 16:00:00+00:00,63896.5,64179.100000000006,63755.2,64179.100000000006,145.615456475585,2.0,1,TP,60,2.248407643312035,-0.6687898089171836,389.01447684833784,20.0,36.0456219431539,54.482267950678924,0.26314832011951406,0.6413158567828914,2.0331347821680934,-1.2185350035369733,1.6364550261183868,2.8555187994648685,1.7742674207983244,2.395697159253279,8.40924532537e-05,14,4,NewYork,Trending,2,2,3,2,True
EMA.Pullback,BTC-USDT-SWAP,1H,LONG,2026-07-10 17:00:00+00:00,2026-07-10 18:00:00+00:00,64122.3,63782.8594,63802.0,64762.90000000001,-135.9114254261619,-1.0597583515454219,0,SL,60,0.0,-1.2728691851389342,386.5308499355563,18.0,33.16670116118964,58.720460161121885,0.26119010266787196,0.6046151442019668,2.3468672271332274,-0.8621039203271299,1.9956225464309096,2.605280572467507,1.7832103158596315,0.8267338007977635,7.54950605994e-05,16,4,NewYork,Trending,2,2,3,2,False
EMA.Pullback,BTC-USDT-SWAP,1H,LONG,2026-07-10 20:00:00+00:00,2026-07-11 01:00:00+00:00,63901.9,64185.700000000004,63760.0,64185.700000000004,145.84033826638532,2.0,1,TP,300,2.685694150810392,-0.6427061310782483,367.62007190540015,9.0,28.4822528228004,53.30998189684973,0.2370262193644669,0.47306945418353524,1.9384546222717471,-1.2098231820963046,1.6452035706787007,1.888659367741716,1.881919482311876,0.5599603936093865,7.54950605994e-05,19,4,NewYork,Trending,2,2,3,2,True
EMA.Pullback,BTC-USDT-SWAP,1H,LONG,2026-07-11 03:00:00+00:00,2026-07-11 15:00:00+00:00,64131.2,63930.815,63950.0,64493.59999999999,-163.58013741721697,-1.1058774834436975,0,SL,720,1.95143487858726,-1.4762693156733129,309.94691426534183,1.0,23.572540892896214,57.10495203183822,0.20101938316976362,0.29081044906069453,2.1560385007301677,-0.8477919518238319,0.7767493753633937,1.2443499322105989,1.4544776519431801,0.38432181570273893,8.22511513621e-05,2,5,Asia,Weak,0,1,3,2,False
EMA.Pullback,BTC-USDT-SWAP,1H,LONG,2026-07-11 16:00:00+00:00,2026-07-11 23:00:00+00:00,64145.5,63844.54089,63863.7,64709.100000000006,-140.84891573243434,-1.0679883250532303,0,SL,420,1.0418736692689692,-1.296664300922632,232.48072402224074,6.0,26.658677755984478,53.34392548967929,0.20792415984318952,0.2710732900315415,1.9017080920551845,-0.529110427248098,0.7989062966513215,0.6428723366894886,0.6986266064591817,3.9375170184166635,-2.15211796162e-05,15,5,NewYork,Trending,2,2,3,2,False
EMA.Pullback,BTC-USDT-SWAP,1H,LONG,2026-07-14 13:00:00+00:00,2026-07-17 06:00:00+00:00,63940.2,62732.37464,62751.2,66318.2,-109.55881116770317,-1.0158329352396933,0,SL,3900,1.3858704793944516,-1.084693019343984,362.98250435526506,88.0,20.683370455777528,71.60325599722587,-0.045652183137441946,-0.10816210866479588,1.3821384091754023,-0.06240205692193871,3.462269722736867,2.78795781839485,2.34933354654356,6.396949122552707,1.56977471317e-05,12,1,NewYork,Weak,2,1,3,2,False
EMA.Pullback,BTC-USDT-SWAP,1H,LONG,2026-07-17 18:00:00+00:00,2026-07-19 02:00:00+00:00,64018.2,64933.2,63560.7,64933.2,183.08834098360657,2.0,1,TP,1920,2.019234972677602,-0.36196721311475094,390.3252533405558,90.0,27.499481199096472,59.851379327530225,-0.0643810784716262,-0.3768521481248258,0.5660779080573137,-0.31116199949702406,2.4125739881618915,2.354634968287662,1.821729898711347,1.6729296434790768,5.46348466336e-05,17,4,NewYork,Trending,2,2,3,2,True
EMA.Pullback,BTC-USDT-SWAP,1H,LONG,2026-07-19 11:00:00+00:00,2026-07-19 12:00:00+00:00,64561.2,64430.665,64450.0,64783.59999999999,-176.0075083796424,-1.1738758992805722,0,SL,60,0.0,-2.9145683453238043,174.85655741777848,6.0,36.283083351161366,55.32559621184785,0.1292523103025408,0.2740175749187205,1.0557699661506565,-0.5898279461967915,0.8738803066783887,1.0979387093424917,0.6537495462102366,0.9097537118749512,5.94778872743e-05,10,6,London,Trending,1,2,3,2,False
EMA.Pullback,BTC-USDT-SWAP,1H,LONG,2026-07-19 15:00:00+00:00,2026-07-19 17:00:00+00:00,64561.8,64367.483960000005,64386.8,64911.8,-166.27980021485473,-1.1103773714285594,0,SL,120,0.9611428571428405,-1.107428571428588,186.90552208478675,20.0,29.333340182501093,55.202492975822615,0.10823223112787735,0.17416425919728845,1.0207813519509976,-0.5887373203081051,0.5056268106748326,0.7339232055757657,0.590484937473952,1.0954571197859873,5.94778872743e-05,14,6,NewYork,Trending,2,2,3,2,False
EMA.Pullback,BTC-USDT-SWAP,1H,LONG,2026-07-19 21:00:00+00:00,2026-07-19 22:00:00+00:00,64509.5,64410.17115,64429.5,64669.5,-151.92297467039438,-1.2416106249999757,0,SL,60,4.49375,-2.4375,188.0042299483725,24.0,24.680129200755125,52.028098438303545,0.08815230557864055,0.0875373738479394,0.8859122011398092,-0.6704438881095033,0.42405401240093565,0.7368118566102055,0.5650669052528933,0.39662437871734857,4.22130855567e-05,20,6,Dead,Weak,3,1,3,2,False
EMA.Pullback,BTC-USDT-SWAP,1H,LONG,2026-07-19 23:00:00+00:00,2026-07-20 05:00:00+00:00,64645.3,64295.20565,64314.5,65306.90000000001,-135.0522984854873,-1.058326330108816,0,SL,360,1.3382708585247678,-1.8555018137847568,216.11895337385164,39.0,23.837827390546586,57.85197809670114,0.08905930873896237,0.09134020977653672,1.0803471951872958,-0.3460421716659944,0.6354583254848123,0.6801311954797991,0.7522764965300778,2.12573134267247,4.22130855567e-05,22,6,Dead,Weak,3,1,3,2,False
EMA.Pullback,BTC-USDT-SWAP,1H,LONG,2026-07-20 12:00:00+00:00,2026-07-20 13:00:00+00:00,64970.9,64220.62803000001,64239.9,66432.9,-115.87672459890406,-1.0263638440492397,0,SL,60,0.0,-1.1113543091655287,358.85716534256824,88.0,24.307039308528005,60.9032516116746,0.06034058985707858,-0.013952637960827635,1.4973019251890163,-0.1803887284749412,1.9588026853894918,1.680925179058047,1.9005156975856683,2.2765600232111476,-1.0642569389e-06,11,0,London,Weak,1,1,3,2,False
EMA.Pullback,BTC-USDT-SWAP,1H,LONG,2026-07-20 16:00:00+00:00,2026-07-24 13:00:00+00:00,65569.7,64370.683000000005,64390.0,67929.09999999999,-109.88371872509884,-1.016374501992028,0,SL,5580,1.1513944223107624,-1.4277358650504364,454.749695422457,100.0,22.629728337210466,65.07725122152539,0.0684039825066736,0.03194747048744655,2.3879994709274195,-0.21397078223631175,2.898657619117862,2.2794506196230064,2.86338159158698,3.4975207258475995,-1.0642569389e-06,15,0,NewYork,Weak,2,1,3,2,False
EMA.Pullback,BTC-USDT-SWAP,1H,LONG,2026-07-27 14:00:00+00:00,2026-07-27 15:00:00+00:00,65185.7,64861.5357,64881.0,65795.09999999999,-138.3842932129965,-1.0638802100426643,0,SL,60,0.0,-2.6366918280275744,278.02922094679434,68.0,33.660350050661094,56.636541725103,0.07306642870959618,0.2794505630498385,0.6287213366301236,-0.8503398751566723,0.9057191419274722,1.4522892794318198,1.3350828699839064,3.244623275362126,5.25092874623e-05,13,0,NewYork,Trending,2,2,3,2,False
EMA.Pullback,BTC-USDT-SWAP,1H,LONG,2026-07-27 18:00:00+00:00,2026-07-27 22:00:00+00:00,64992.8,64730.575000000004,64750.0,65478.40000000001,-148.05767092256585,-1.080004118616126,0,SL,240,0.2602965403624231,-5.093080724876405,338.4691763708192,95.0,26.869225677260406,51.15886282480507,0.036544740627093314,0.1123414280189617,0.3318483347294739,-1.1496658091357768,0.9482419857631678,1.4107521947553887,1.7280150487974488,0.809517943253615,2.28280571175e-05,17,0,NewYork,Trending,2,2,3,2,False
FVG+EMA200+Slope,ETH-USDT-SWAP,1H,LONG,2026-05-10 15:00:00+00:00,2026-05-10 16:00:00+00:00,2330.0,2337.7200000000003,2326.14,2337.7200000000003,105.56583690987671,2.0,1,TP,60,5.181347150258897,0.0,7.493001557988478,4.0,12.717399581420917,59.314379214982075,0.019549417364212125,0.13687630006163556,0.3296030193016933,-0.18927119858884844,0.5437151277946272,0.44958049691424634,0.5501772332496148,1.486673603372804,0.0001,14,6,NewYork,Ranging,2,0,4,4,True
FVG+EMA200+Slope,ETH-USDT-SWAP,1H,LONG,2026-05-10 17:00:00+00:00,2026-05-10 20:00:00+00:00,2348.7,2338.2983,2339.0,2368.0999999999995,-143.4597832989714,-1.072340206185576,0,SL,180,2.0804123711340896,-3.9896907216495405,8.651312567857431,13.0,16.9310386564777,73.62213690190043,0.03647615269871897,0.1936541159386383,1.1133638140644564,-0.1051645591178207,1.3510889405753865,1.1649737805036944,0.9393335991959441,2.5654859721162744,6.72986556865e-05,16,6,NewYork,Ranging,2,0,4,4,False
FVG+EMA200+Slope,ETH-USDT-SWAP,1H,LONG,2026-05-11 00:00:00+00:00,2026-05-11 01:00:00+00:00,2370.62,2366.4098639999997,2367.12,2377.62,-163.72277966102317,-1.2028960000000422,0,SL,60,0.0,-7.434285714285709,16.280367727331328,90.0,23.244987997292956,64.04843961464601,0.11916133888426211,0.4557839107314642,1.960588254210248,-0.5272904442316534,2.623809523809529,2.926943353786578,2.976845271601556,1.9400356450942131,6.72986556865e-05,23,6,Dead,Weak,3,1,4,4,False
FVG+EMA200+Slope,ETH-USDT-SWAP,1H,LONG,2026-06-15 12:00:00+00:00,2026-06-15 13:00:00+00:00,1763.63,1824.5300000000002,1733.18,1824.5300000000002,192.92973399014778,2.0,1,TP,60,2.0752052545155903,0.0,14.08613535931424,66.0,43.05811736851346,81.7096112008843,0.21320750064429211,0.9123407257207055,4.325946867431802,-0.4252592663994148,6.367079599049502,6.505259870026501,3.6608840918177377,3.591574415614733,1.82601357154e-05,11,0,London,Trending,1,2,4,4,True
FVG+EMA200+Slope,ETH-USDT-SWAP,1H,LONG,2026-06-15 14:00:00+00:00,2026-06-16 02:00:00+00:00,1813.17,1772.7980009999999,1773.33,1892.8500000000004,-108.07123192921703,-1.0133533885542179,0,SL,720,0.8905622489959811,-1.1802208835341317,17.134422835327083,94.0,47.82424860723841,88.46435614307524,0.2990762015802633,1.193077145407559,7.124890125572652,-0.7533808378742005,9.35430563429551,7.907720460961312,4.0928333193264,4.656876666023051,1.82601357154e-05,13,0,NewYork,Trending,2,2,4,4,False
FVG+EMA200+Slope,ETH-USDT-SWAP,1H,LONG,2026-06-16 08:00:00+00:00,2026-06-16 09:00:00+00:00,1773.18,1783.5400000000002,1768.0,1783.5400000000002,158.80247104247158,2.0,1,TP,60,6.142857142857055,0.0,16.1323494858712,80.0,30.59139530075135,50.863704565921594,0.41656834586475183,0.7744247551850628,3.7030513187626943,-4.256195084537386,0.9094013202822682,5.7668107067647485,4.102719776258803,0.40271181099769193,1.47775536339e-05,7,1,London,Trending,1,2,4,4,True
FVG+EMA200+Slope,ETH-USDT-SWAP,1H,LONG,2026-06-16 10:00:00+00:00,2026-06-16 11:00:00+00:00,1788.71,1793.85,1786.14,1793.85,83.59275679120351,2.0,1,TP,60,4.272373540856144,0.0,17.60314828118486,94.0,29.942820870998553,55.11207613390777,0.4120795527756986,0.7283526865411678,4.507165622977199,-3.3515961312685216,1.7926246300933302,5.637830557563633,3.850778553714038,1.152766140475445,2.1741324592e-06,9,1,London,Trending,1,2,4,4,True
FVG+EMA200+Slope,ETH-USDT-SWAP,1H,LONG,2026-06-16 19:00:00+00:00,2026-06-16 20:00:00+00:00,1798.57,1791.1025080000002,1791.64,1812.4299999999996,-146.59145028571334,-1.0775601731601647,0,SL,60,0.0,-1.50793650793655,19.688498450700816,96.0,27.63256906798059,55.861998705651764,0.45299779597313033,0.7672895183772986,4.657942397330854,-2.2406565179197027,2.3548827680400573,3.1334175851271504,3.6176983724260667,0.8876907729674046,3.10436405161e-05,18,1,NewYork,Trending,2,2,4,4,False
FVG+EMA200+Slope,ETH-USDT-SWAP,1H,LONG,2026-06-17 17:00:00+00:00,2026-06-17 18:00:00+00:00,1771.05,1767.6595430000002,1768.19,1776.7699999999998,-170.63718488466122,-1.1854744755244269,0,SL,60,6.153846153846417,-9.09790209790241,17.603139686967097,83.0,21.285135453898224,46.20110595876917,0.21830479880128878,-0.17457022186785298,2.323078714399162,-2.186838316253071,1.8137395803391754,3.3152362280327834,1.91953135179894,1.8889294176490699,-4.7170002475e-06,16,2,NewYork,Weak,2,1,4,4,False
FVG+EMA200+Slope,ETH-USDT-SWAP,1H,LONG,2026-06-18 01:00:00+00:00,2026-06-18 02:00:00+00:00,1752.22,1758.2,1749.23,1758.2,110.53828857107037,2.0,1,TP,60,2.0735785953177346,-0.9431438127090059,19.591884879856025,89.0,22.72618858803441,44.29417224835956,0.1417180649341979,-0.3348942070973045,1.1400723687067065,-2.6440743742224107,1.587982583790872,3.8280031511655426,3.537189137756485,0.42956778996222705,3.54185339253e-05,0,3,Asia,Weak,0,1,4,4,True
FVG+EMA200+Slope,ETH-USDT-SWAP,1H,LONG,2026-06-18 09:00:00+00:00,2026-06-18 10:00:00+00:00,1747.11,1744.596464,1745.12,1751.09,-146.87386250436015,-1.2630834170853866,0,SL,60,2.6331658291457214,-4.336683417085348,16.618802417826007,49.0,23.205120974327514,45.971101290481904,0.06751483359016304,-0.450746230095944,0.7987962592968014,-2.770861594290004,1.5047553755788,3.4422876316216025,3.5951025575056312,0.6486731021466653,1.90329683335e-05,8,3,London,Weak,1,1,4,4,False
FVG+EMA200+Slope,ETH-USDT-SWAP,1H,LONG,2026-06-20 16:00:00+00:00,2026-06-20 17:00:00+00:00,1739.99,1728.2013840000002,1728.72,1762.53,-127.66767373912761,-1.0460173913043336,0,SL,60,0.0,-1.7586512866015944,12.76189529222359,18.0,24.55431168631553,65.6274137323611,0.019694143748735522,0.24389241074831053,0.938338597807287,-0.5747159466433716,2.489206175304671,2.4995530951655542,1.804155225974545,2.7866221452786117,-9.187697818e-07,15,5,NewYork,Weak,2,1,4,4,False
FVG+EMA200+Slope,ETH-USDT-SWAP,1H,LONG,2026-06-20 23:00:00+00:00,2026-06-21 03:00:00+00:00,1742.43,1731.710331,1732.23,1762.8300000000002,-130.62570782941205,-1.0509479411764724,0,SL,240,0.0,-1.0539215686274463,11.19174206348661,12.0,24.237539090669657,64.37692764368265,0.040927684921720116,0.2686660140925781,1.0487300002737794,-0.43445323171221273,2.278703921108251,1.8550127160632752,1.8092302289832995,1.0176380662755709,9.9168524694e-06,22,5,Dead,Weak,3,1,4,4,False
FVG+EMA200+Slope,ETH-USDT-SWAP,1H,LONG,2026-06-22 09:00:00+00:00,2026-06-22 11:00:00+00:00,1746.82,1755.1799999999996,1742.64,1755.1799999999996,149.73205741626597,2.0,1,TP,120,6.550239234450044,-0.6339712918660209,12.277956637319528,47.0,16.40097315209583,60.62514654198082,0.04778684409954076,0.16797524450377466,1.1915760885574065,-0.7035641909298018,2.7529087893083584,2.2621186125846555,2.345671198008346,0.9342504697465649,5.51741548775e-05,8,0,London,Ranging,1,0,4,4,True
FVG+EMA200+Slope,ETH-USDT-SWAP,1H,LONG,2026-06-22 13:00:00+00:00,2026-06-22 14:00:00+00:00,1763.16,1759.521985,1760.05,1769.3800000000003,-178.07910771001679,-1.1697797427652241,0,SL,60,4.517684887459607,-4.7427652733117025,12.620108015370763,56.00000000000001,19.880399397470757,66.54619376243146,0.10907920281257813,0.38011132737334186,2.0694758390367904,-0.6261485060913339,3.714073952071158,3.3623456754303485,2.5947077903657267,1.1859264175311608,5.51741548775e-05,12,0,NewYork,Ranging,2,0,4,4,False
FVG+EMA200+Slope,ETH-USDT-SWAP,1H,LONG,2026-07-02 03:00:00+00:00,2026-07-02 04:00:00+00:00,1620.18,1632.7,1613.92,1632.7,168.82223642172522,2.0,1,TP,60,3.0303514376996894,0.0,15.919045598895455,86.0,23.121409968361675,58.985842743450775,0.06867909949456548,0.6869871883917994,0.8151778978636014,-1.5849992902066938,3.566223472257732,4.949757273133032,3.1529366495873528,0.5133195361400754,2.15009551479e-05,2,3,Asia,Weak,0,1,4,4,True
FVG+EMA200+Slope,ETH-USDT-SWAP,1H,LONG,2026-07-02 05:00:00+00:00,2026-07-02 06:00:00+00:00,1631.87,1628.31136,1628.8,1638.0099999999998,-183.94200567447166,-1.1591661237785154,0,SL,60,0.0,-4.954397394136849,16.095044419455782,86.0,24.48704016404866,61.61147068482141,0.08732071900834482,0.7117299321452177,1.5067209799816879,-0.8579114757915766,4.312835591920212,5.06712255712516,3.3999104651398806,0.5469823060909978,2.15009551479e-05,4,3,Asia,Weak,0,1,4,4,False
FVG+EMA200+Slope,ETH-USDT-SWAP,1H,LONG,2026-07-02 11:00:00+00:00,2026-07-02 12:00:00+00:00,1645.57,1656.09,1640.31,1656.09,162.3384790874524,2.0,1,TP,60,4.745247148288988,0.0,15.300899393963828,67.0,25.345926450315737,64.41071942886794,0.1277016626336873,0.7356816792458803,2.2810980805942402,-0.3962128854264139,3.0858474491330052,2.5910098996731525,3.161048257064976,0.7550712754743928,6.07032025056e-05,10,3,London,Trending,1,2,4,4,True
FVG+EMA200+Slope,ETH-USDT-SWAP,1H,LONG,2026-07-02 14:00:00+00:00,2026-07-06 21:00:00+00:00,1710.0,1810.0,1660.0,1810.0,195.77599999999998,2.0,1,TP,6180,2.48,-0.4790000000000009,18.32207579028374,98.0,30.61575528763927,78.98551352680049,0.21137760391032423,0.9908970613228404,6.157711683033129,-0.21286674191077726,7.120752731281953,5.654943603477684,4.1981722212954455,4.332337120645201,6.07032025056e-05,13,3,NewYork,Trending,2,2,4,4,True
FVG+EMA200+Slope,ETH-USDT-SWAP,1H,LONG,2026-07-06 23:00:00+00:00,2026-07-07 00:00:00+00:00,1805.67,1803.048923,1803.59,1809.8300000000004,-147.51824402575977,-1.2601331730768361,0,SL,60,2.076923076922892,-5.793269230768888,17.052114206326806,96.0,23.504467217050102,62.536239462273905,0.4746850338551494,0.42835437111452634,5.622125222785223,-1.5695092099287749,4.545033465341949,4.354020732181223,3.3587737016668457,0.3687070173562016,4.94066073094e-05,22,0,Dead,Weak,3,1,4,4,False
FVG+EMA200+Slope,ETH-USDT-SWAP,1H,LONG,2026-07-09 06:00:00+00:00,2026-07-09 12:00:00+00:00,1748.44,1736.049029,1736.57,1772.1800000000003,-126.3911998096024,-1.0438897219881982,0,SL,360,1.1288963774220497,-1.210614995787698,13.874100785453741,38.0,17.000273143651327,53.34932425917518,0.045035270255245674,-0.39970902878234343,1.086756276435784,-0.4169431035666058,2.109418800224264,1.46607778347489,1.8581578709090358,1.018622984226402,2.70502736983e-05,5,3,Asia,Ranging,0,0,4,4,False
FVG+EMA200+Slope,ETH-USDT-SWAP,1H,LONG,2026-07-09 19:00:00+00:00,2026-07-09 20:00:00+00:00,1750.64,1746.27596,1746.8,1758.3200000000004,-181.93306187499758,-1.1364687499999984,0,SL,60,0.0,-1.5989583333332988,12.968705095223552,22.0,13.042867422527696,54.587446551559744,0.0798709682724965,-0.12854677956867666,1.0914956761541554,-0.6403409058453132,1.7719384937360125,1.8315251828145325,1.558683997295238,1.1408671220523325,4.21208700726e-05,18,3,NewYork,Ranging,2,0,4,4,False
FVG+EMA200+Slope,ETH-USDT-SWAP,1H,LONG,2026-07-10 03:00:00+00:00,2026-07-10 08:00:00+00:00,1772.16,1788.8200000000004,1763.83,1788.8200000000004,174.35068427370993,2.0,1,TP,300,2.0672268907562676,-0.5306122448979581,12.775279299146062,16.0,15.294677610764104,67.77302304409446,0.11085755587219134,0.04939228405045861,2.2417302421669874,-0.29625031741105434,2.374872908771613,1.9017569304409454,1.9336446510721517,1.299942244423773,2.88771231982e-05,2,4,Asia,Ranging,0,0,4,4,True
FVG+EMA200+Slope,ETH-USDT-SWAP,1H,LONG,2026-07-10 10:00:00+00:00,2026-07-10 14:00:00+00:00,1791.66,1779.755913,1780.29,1814.4000000000003,-128.241192153034,-1.0469733509234824,0,SL,240,1.8610378188214278,-1.6182937554969128,12.313992252190147,10.0,25.178403746567106,72.13429515736776,0.22247820329565982,0.4688682841121294,3.1878410101012484,-0.16130202548459663,3.5025187170718244,3.740906302991825,1.9911405934632058,1.3647774276438132,5.03523904176e-05,9,4,London,Trending,1,2,4,4,False
FVG+EMA200+Slope,ETH-USDT-SWAP,1H,LONG,2026-07-11 15:00:00+00:00,2026-07-11 17:00:00+00:00,1809.76,1825.9199999999998,1801.68,1825.9199999999998,173.0023762376235,2.0,1,TP,120,2.4430693069307163,0.0,8.914131949172297,5.0,27.56359057524327,66.98184335693993,0.29325287723272087,0.44457108890840497,3.3414839271650143,-0.5105649367871988,1.4780755859593977,1.0379607976845264,1.0056327725267247,3.9010704592465806,-3.21065333534e-05,14,5,NewYork,Trending,2,2,4,4,True
FVG+EMA200+Slope,ETH-USDT-SWAP,1H,LONG,2026-07-12 03:00:00+00:00,2026-07-12 04:00:00+00:00,1804.03,1808.01,1802.04,1808.01,50.24240173389627,2.0,1,TP,60,3.9045226130652995,-0.5728643216079736,11.315636396090339,27.0,31.317706320384023,50.428806155263125,0.3201813774778336,0.44122791234601333,2.6078338894835773,-1.4118390492397592,1.4474579511778174,2.7295452551213586,2.253730353655853,0.5985189899165815,-3.05826141828e-05,2,6,Asia,Trending,0,2,4,4,True
FVG+EMA200+Slope,ETH-USDT-SWAP,1H,LONG,2026-07-12 13:00:00+00:00,2026-07-12 14:00:00+00:00,1806.08,1814.2199999999998,1802.01,1814.2199999999998,146.6294840294832,2.0,1,TP,60,4.066339066339174,-0.7248157248156915,9.845145230279867,14.000000000000002,17.803239689965128,52.535932499392345,0.23878874331179084,0.1406283558883463,2.479721722083035,-1.29673104181432,1.5627372363337795,2.5626964347950287,2.2725599973475714,0.5784180716433103,-1.80494264056e-05,12,6,NewYork,Ranging,2,0,4,4,True
FVG+EMA200+Slope,ETH-USDT-SWAP,1H,LONG,2026-07-12 16:00:00+00:00,2026-07-12 17:00:00+00:00,1819.9,1814.9353560000002,1815.48,1828.7400000000002,-173.98618130315873,-1.1232226244343497,0,SL,60,0.37330316742077746,-1.4321266968325905,10.200209209520715,22.0,18.341424429865725,61.16060892105717,0.2460982600458933,0.1806530398867116,3.1736566606541117,-0.47255343700202807,2.3398883196779003,2.2428829278127465,2.4295453446443114,1.6863333620884793,-1.80494264056e-05,15,6,NewYork,Ranging,2,0,4,4,False
FVG+EMA200+Slope,ETH-USDT-SWAP,1H,LONG,2026-07-14 12:00:00+00:00,2026-07-14 13:00:00+00:00,1797.1,1801.2999999999997,1795.0,1801.2999999999997,56.784819987752996,2.0,1,TP,60,41.08571428571616,0.0,12.222338514699297,56.00000000000001,12.541664029661316,59.156577661384695,0.0874542631947535,0.015089875504478985,1.423539267271037,-0.4067687205426647,2.867200915855748,2.7307712360869987,2.3478573068542543,0.880294020744349,5.010183463e-07,11,1,London,Ranging,1,0,4,4,True
FVG+EMA200+Slope,ETH-USDT-SWAP,1H,LONG,2026-07-14 14:00:00+00:00,2026-07-15 12:00:00+00:00,1870.78,1904.26,1854.04,1904.26,186.46939068100357,2.0,1,TP,1320,3.470131421744318,-0.6385902031063351,17.549159229511147,100.0,19.34213859329933,79.97211033422897,0.17897067445807824,0.37327539961289535,5.472491289542385,-0.6729777259874249,7.085861476817399,6.242846062155631,4.120447520232686,3.5373004842509315,5.010183463e-07,13,1,NewYork,Ranging,2,0,4,4,True
FVG+EMA200+Slope,ETH-USDT-SWAP,1H,LONG,2026-07-15 14:00:00+00:00,2026-07-15 16:00:00+00:00,1925.21,1915.885062,1916.46,1942.71,-139.48037756799943,-1.0657071999999972,0,SL,120,1.522285714285707,-2.5028571428571533,16.745763957022422,95.0,42.75636498117824,75.63760100495286,0.5349093711393924,1.0929937097494615,7.157801662949851,-1.0798821946696706,3.331472675161283,3.3456852059043265,2.9510916896026593,4.357373344446312,6.09661220377e-05,13,2,NewYork,Trending,2,2,4,4,False
FVG+EMA200+Slope,ETH-USDT-SWAP,1H,LONG,2026-07-17 11:00:00+00:00,2026-07-17 12:00:00+00:00,1835.98,1832.660037,1833.21,1841.52,-165.33704131308212,-1.198542599277956,0,SL,60,1.2274368231047341,-3.4223826714801735,13.498113502776901,19.0,39.33735132458773,35.49165799729657,0.05965419323360874,-0.7577612779033529,0.46333107349786706,-3.148727110317103,0.9112894360778239,4.09717050990824,2.1542081726699664,0.7428210031998056,6.77113654724e-05,10,4,London,Trending,1,2,4,4,False
FVG+EMA200+Slope,ETH-USDT-SWAP,1H,LONG,2026-07-17 18:00:00+00:00,2026-07-17 19:00:00+00:00,1842.79,1834.459497,1835.01,1858.35,-142.5109986915152,-1.070758740359889,0,SL,60,0.41259640102828377,-1.0848329048843295,15.274585463613175,74.0,39.546012930169155,46.654281849523024,0.02413321655025639,-0.6774370343948349,0.8211881586531553,-2.0626332897400133,2.2443046262081543,3.0433984941509973,2.272769753121757,1.290481513766519,3.69963698486e-05,17,4,NewYork,Trending,2,2,4,4,False
FVG+EMA200+Slope,ETH-USDT-SWAP,1H,LONG,2026-07-18 19:00:00+00:00,2026-07-19 02:00:00+00:00,1856.53,1872.2099999999998,1848.69,1872.2099999999998,171.46372448979562,2.0,1,TP,420,2.595663265306167,-0.2512755102040877,8.699528222493104,9.0,16.99667338246179,63.63764539742459,0.08393864948609937,-0.08582963763518003,1.371200232121047,-0.6641458212138801,1.2152238268919364,0.8053065183038188,0.7045814379625004,3.891372260448843,8.6559930819e-06,18,5,NewYork,Ranging,2,0,4,4,True
FVG+EMA200+Slope,ETH-USDT-SWAP,1H,LONG,2026-07-19 04:00:00+00:00,2026-07-19 08:00:00+00:00,1866.42,1873.5,1862.88,1873.5,129.55411965152342,2.0,1,TP,240,2.389830508474611,-0.4971751412429404,8.38904407410659,13.0,31.264416081934044,64.63122899932901,0.1556531482110192,0.21707535891679697,1.767410129131813,-0.5604311998371233,1.6341666621288269,1.9045286982401983,1.0404387935052213,1.2581636252627322,-2.58329348864e-05,3,6,Asia,Trending,0,2,4,4,True
FVG+EMA200+Slope,ETH-USDT-SWAP,1H,LONG,2026-07-20 12:00:00+00:00,2026-07-20 13:00:00+00:00,1892.34,1866.3899150000002,1866.95,1943.1199999999997,-113.29424162662349,-1.0220592753052322,0,SL,60,0.0,-1.4202441906262357,14.565138404529876,77.0,22.744920706431678,65.25372082279628,0.13827647473322943,0.10207351302125015,2.6621181277978736,-0.24572621343832224,2.7892449755567577,1.9439772369606856,2.2844635512436477,2.5683492677738666,-2.2207834139e-06,11,0,London,Weak,1,1,4,4,False
FVG+EMA200+Slope,ETH-USDT-SWAP,1H,LONG,2026-07-20 17:00:00+00:00,2026-07-20 18:00:00+00:00,1898.43,1909.89,1892.7,1909.89,160.1223036649216,2.0,1,TP,60,3.3368237347294643,-0.32111692844679574,17.31325402665761,99.0,23.10240855201612,61.64248204078024,0.17123922249098084,0.24013294947691227,2.8906600779283744,-0.4282486054265831,3.11950027159153,2.828767481153154,3.307732534146668,1.3059804548782024,-5.9409107398e-06,16,0,NewYork,Weak,2,1,4,4,True
FVG+EMA200+Slope,ETH-USDT-SWAP,1H,LONG,2026-07-22 01:00:00+00:00,2026-07-22 02:00:00+00:00,1938.13,1927.371615,1927.95,1958.4900000000002,-134.14608024557984,-1.0568158153241671,0,SL,60,0.0,-1.2396856581532456,12.457318816664358,52.0,29.087903431469037,62.650360365879074,0.330961550193384,0.4290483036206885,3.8485332915481707,-0.7496917131461756,1.3910250374044042,1.5447414259633785,1.3726523583661756,1.4163724850747987,-3.08424179407e-05,0,2,Asia,Trending,0,2,4,4,False
FVG+EMA200+Slope,ETH-USDT-SWAP,1H,LONG,2026-07-22 23:00:00+00:00,2026-07-23 01:00:00+00:00,1937.5,1929.0211199999999,1929.6,1953.3000000000002,-144.02117306329131,-1.0732759493670911,0,SL,120,0.4392405063291123,-1.4962025316455443,13.997897724942,63.0,24.102218997695932,54.86812186478915,0.31765550075093596,0.3593290056733901,3.1252210558381504,-0.9992258064516077,1.4785755812430939,1.9332122777634755,2.3517227188151,0.30765785445438115,-1.40415231133e-05,22,2,Dead,Weak,3,1,4,4,False
FVG+EMA200+Slope,ETH-USDT-SWAP,1H,LONG,2026-07-26 16:00:00+00:00,2026-07-26 22:00:00+00:00,1913.71,1947.27,1896.93,1947.27,186.19435041716326,2.0,1,TP,360,2.281883194278905,-0.2205005959475597,7.492033968288221,30.0,26.998790202524482,83.51216627886812,0.05221855531183955,0.25604591572602997,1.8450901325282547,-0.16042138045994095,2.545265538176304,1.9400864272527778,1.2417799907865528,4.896049819635074,2.12251466303e-05,15,6,NewYork,Trending,2,2,4,4,True
FVG+EMA200+Slope,ETH-USDT-SWAP,1H,LONG,2026-07-26 23:00:00+00:00,2026-07-27 14:00:00+00:00,1948.89,1924.62244,1925.2,1996.2700000000002,-114.68648148585855,-1.0243799071338096,0,SL,900,1.4098775854790961,-1.2980160405234247,9.521715135982094,44.0,44.40091364533015,87.36743163045975,0.18070819922066106,0.677177913880843,3.5645774516829203,-0.1590640874339324,3.802929427430098,3.9579451194657693,1.8175867621411639,3.2641543004956852,2.20730758221e-05,22,6,Dead,Trending,3,2,4,4,False
FVG+EMA200+Slope,ETH-USDT-SWAP,1H,LONG,2026-07-28 21:00:00+00:00,2026-07-28 22:00:00+00:00,1917.5,1914.8053860000002,1915.38,1921.7399999999998,-145.20498648239,-1.2710443396226003,0,SL,60,4.198113207547429,-4.0094339622643576,16.307051053957036,90.0,24.262832186801404,55.46060772173558,0.031175592325719495,-0.10393809000262841,1.2021660989371952,-0.5747036521321913,3.1890219292344946,3.5793461251375716,3.343919079265003,0.4177880404755032,-6.8647534945e-06,20,1,Dead,Weak,3,1,4,4,False
Liq.Sweep.Rev,ETH-USDT-SWAP,1H,LONG,2026-05-10 02:00:00+00:00,2026-05-10 15:00:00+00:00,2323.07,2334.4300000000007,2317.39,2334.4300000000007,150.80105633803066,2.0,1,TP,780,4.94718309859128,-0.9718309859154399,8.725192084181147,1.0,12.262825661170988,55.763415939426636,0.022432357157971004,0.2317350610484458,0.058247551251911334,-0.6314919481547959,1.1098682521098377,1.2595004393698537,0.8269126797943994,0.9620101181165975,7.45734894067e-05,1,6,Asia,Ranging,0,0,5,4,True
Liq.Sweep.Rev,ETH-USDT-SWAP,1H,LONG,2026-06-16 00:00:00+00:00,2026-06-16 02:00:00+00:00,1795.01,1781.055523,1781.59,1821.8500000000001,-123.95375047540857,-1.0398269001490255,0,SL,120,0.11698956780923456,-2.150521609537984,17.551587997377826,93.0,50.0691936788177,60.37708503348202,0.707017949493041,2.2272222607656214,5.308007601842242,-2.9882841878318285,4.889151191464004,10.574481608567663,4.037679889578851,0.6186110312651749,-4.09078153245e-05,23,0,Dead,Trending,3,2,5,4,False
Liq.Sweep.Rev,ETH-USDT-SWAP,1H,LONG,2026-06-16 04:00:00+00:00,2026-06-16 05:00:00+00:00,1778.16,1763.1209050000002,1763.65,1807.18,-121.93630973810987,-1.0364641626464417,0,SL,60,0.0,-1.2860096485182697,17.404285839054232,93.0,39.728941215536544,52.192594935850956,0.5607290053633072,1.4407738677435393,4.134456219680244,-3.9642101948081168,3.9045426391015328,8.06744622417606,4.347213596067307,0.6997087895686253,1.47775536339e-05,3,1,Asia,Trending,0,2,5,4,False
Liq.Sweep.Rev,ETH-USDT-SWAP,1H,LONG,2026-06-17 02:00:00+00:00,2026-06-17 08:00:00+00:00,1796.88,1777.496591,1778.03,1834.5800000000004,-117.03683795543641,-1.0282975596816917,0,SL,360,0.3172413793103314,-2.0053050397877934,16.184477247984045,66.0,25.431751519638848,54.96773324127474,0.42812675969298103,0.6047263332018332,4.244809724836973,-2.3379543316990223,2.02011026009345,2.2898897652174774,3.0160051382499664,1.0640383175095198,3.09117993428e-05,1,2,Asia,Trending,0,2,5,4,False
Liq.Sweep.Rev,ETH-USDT-SWAP,1H,LONG,2026-06-17 23:00:00+00:00,2026-06-18 05:00:00+00:00,1739.51,1724.312551,1724.83,1768.8700000000001,-121.20702677520349,-1.0352485694822848,0,SL,360,1.5599455040871928,-1.2465940054495828,20.925026251193977,98.0,22.53696598893661,38.35526294845617,0.15169763538425188,-0.3343985971720247,0.4274981362383195,-3.6424259844782925,0.8505186018332284,4.170279745597864,3.434695681454055,0.5892213981056118,-4.7170002475e-06,22,2,Dead,Weak,3,1,5,4,False
Liq.Sweep.Rev,ETH-USDT-SWAP,1H,LONG,2026-06-20 15:00:00+00:00,2026-06-21 21:00:00+00:00,1732.89,1706.497897,1707.01,1784.6500000000003,-111.93137070401868,-1.0197875965996916,0,SL,1800,0.49265842349304273,-1.270092735703245,12.107425699317712,14.000000000000002,23.689612815228962,62.05023150922001,0.011290895660978498,0.21878982190330762,0.5359424817207944,-0.8009740952974442,2.102875324063166,2.3663779876896727,1.784409027047546,4.346497267696083,-9.187697818e-07,14,5,NewYork,Weak,2,1,5,4,False
Liq.Sweep.Rev,ETH-USDT-SWAP,1H,LONG,2026-06-22 18:00:00+00:00,2026-06-22 19:00:00+00:00,1740.4,1730.08082,1730.6,1760.0000000000005,-131.84335195918322,-1.0529775510204078,0,SL,60,0.0,-1.227551020408161,14.07292790085801,72.0,19.091827484504964,49.409007560854405,0.145183352980577,0.45739377124965075,0.6849898027573756,-2.2420262125155843,2.1847367864817597,3.633522685280847,3.035688061186682,0.7560273397567783,8.7330633914e-06,17,0,NewYork,Ranging,2,0,5,4,False
Liq.Sweep.Rev,ETH-USDT-SWAP,1H,LONG,2026-07-03 00:00:00+00:00,2026-07-03 01:00:00+00:00,1700.0,1717.9,1691.05,1717.9,177.08670391061466,2.0,1,TP,60,2.0882681564245766,-0.5966480446927253,15.373542052734521,59.0,45.211736058490445,67.64354640162693,0.5223438502477403,1.7665503231276705,4.989119321846649,-1.4941176470588289,5.333597700009909,8.148832258020338,3.7534502267131753,0.3137430146165563,4.17278103235e-05,23,3,Dead,Trending,3,2,5,4,True
Liq.Sweep.Rev,ETH-USDT-SWAP,1H,LONG,2026-07-03 17:00:00+00:00,2026-07-03 19:00:00+00:00,1732.92,1744.7600000000002,1727.0,1744.7600000000002,164.75324324324367,2.0,1,TP,120,3.381756756756712,0.0,15.032585887602615,48.0,58.41961194404249,63.5243784842902,0.6310804485076353,1.5090665696544072,5.9618934040238285,-1.1875908870576788,2.4759764643269047,3.8054270293690613,2.1870085718949492,0.7198001637091347,5.88368007291e-05,16,4,NewYork,Trending,2,2,5,4,True
Liq.Sweep.Rev,ETH-USDT-SWAP,1H,LONG,2026-07-04 03:00:00+00:00,2026-07-04 04:00:00+00:00,1748.69,1759.81,1743.13,1759.81,162.13848920863273,2.0,1,TP,60,2.751798561151098,0.0,13.501862247212221,17.0,59.16706493736745,60.99457733185884,0.6767399930494112,1.3618714371337521,6.2074246862382925,-1.561740502890732,2.0662001179018197,3.05040388369415,2.2617933227141203,0.36678770522165305,7.24813657104e-05,2,5,Asia,Trending,0,2,5,4,True
Liq.Sweep.Rev,ETH-USDT-SWAP,1H,LONG,2026-07-05 22:00:00+00:00,2026-07-06 05:00:00+00:00,1786.0,1767.579567,1768.11,1821.7800000000002,-117.84803655785235,-1.0296496925656735,0,SL,420,0.8876467300167703,-1.2554499720514203,11.334657357396207,17.0,30.48262635285367,63.38536297639203,0.5332313524221283,0.442926969266146,5.683095278630967,-0.38745800671892905,2.2136758006547206,1.8121013241701363,1.282645791292362,1.610980004746921,5.63044651547e-05,21,6,Dead,Trending,3,2,5,4,False
Liq.Sweep.Rev,ETH-USDT-SWAP,1H,LONG,2026-07-06 14:00:00+00:00,2026-07-06 15:00:00+00:00,1744.0,1777.6799999999998,1727.16,1777.6799999999998,187.45244655581942,2.0,1,TP,60,2.657957244655594,0.0,14.814995111583826,69.0,23.6732925666935,35.41013196467051,0.37532972384984764,-0.07239691400434659,2.4740867848940082,-3.6502293577981697,0.9750110007179368,3.1287117882551945,2.0120726707713805,2.3461542138441107,6.10400190784e-05,13,0,NewYork,Weak,2,1,5,4,True
Liq.Sweep.Rev,ETH-USDT-SWAP,1H,LONG,2026-07-07 06:00:00+00:00,2026-07-07 15:00:00+00:00,1769.77,1796.65,1756.33,1796.65,184.0784821428572,2.0,1,TP,540,2.4687499999999947,-0.7455357142857099,16.249125545922862,89.0,19.376886336049434,44.67344447536112,0.4569800005236389,0.35421505203992737,3.2259771120483274,-3.6292851613486508,2.4670557446907004,4.567016918427429,3.5502143992811237,0.8158428718013832,9.25998620273e-05,5,1,Asia,Ranging,0,0,5,4,True
Liq.Sweep.Rev,ETH-USDT-SWAP,1H,LONG,2026-07-07 23:00:00+00:00,2026-07-08 01:00:00+00:00,1774.53,1764.240569,1764.77,1794.05,-132.60373300614617,-1.0542449795081899,0,SL,120,1.0891393442623072,-2.636270491803283,16.95612572218062,91.0,12.6061877105336,46.0664475391832,0.3788414340702676,0.21705106023018014,2.863894351124956,-2.165631656654686,1.0368210985407091,2.6000510815156357,2.665298142744435,0.6097699700165342,3.54451387017e-05,22,1,Dead,Ranging,3,0,5,4,False
Liq.Sweep.Rev,ETH-USDT-SWAP,1H,LONG,2026-07-08 03:00:00+00:00,2026-07-08 08:00:00+00:00,1756.98,1739.97785,1740.5,1789.94,-119.06841450242729,-1.0316838592233015,0,SL,300,0.11529126213592772,-2.0279126213592256,17.75421508619328,100.0,14.422414106809935,40.353113770994476,0.3101900334855385,-0.015032258073409329,1.7518857121060913,-3.187305417850048,0.9462798046538367,2.9771310015478063,3.034857553315468,1.501034568445316,4.56793237861e-05,2,2,Asia,Ranging,0,0,5,4,False
Liq.Sweep.Rev,ETH-USDT-SWAP,1H,LONG,2026-07-09 04:00:00+00:00,2026-07-09 06:00:00+00:00,1729.73,1748.8899999999999,1720.15,1748.8899999999999,178.21323590814177,2.0,1,TP,120,2.616910229645107,0.0,14.040495585496627,42.0,18.576520112941587,40.77645484470297,0.03806442041327269,-0.46463878577080914,0.023574789728088425,-1.6505370749361148,1.0173332087460332,1.283113203371202,2.098064317197762,0.8429998609193752,2.70502736983e-05,3,3,Asia,Ranging,0,0,5,4,True
Liq.Sweep.Rev,ETH-USDT-SWAP,1H,LONG,2026-07-11 03:00:00+00:00,2026-07-11 14:00:00+00:00,1794.78,1812.8,1785.77,1812.8,175.9761598224195,2.0,1,TP,660,2.68812430632631,-0.10987791342952387,11.269807241415059,4.0,25.30227188095324,58.14153750175946,0.2787897779488517,0.469216730394459,2.8459903240153657,-1.0045743513168657,1.530202405331098,1.4715136440135537,2.0174166890083898,0.3488353945569107,3.10694109403e-05,2,5,Asia,Trending,0,2,5,4,True
Liq.Sweep.Rev,ETH-USDT-SWAP,1H,LONG,2026-07-12 01:00:00+00:00,2026-07-12 03:00:00+00:00,1788.25,1808.17,1778.29,1808.17,178.3348192771085,2.0,1,TP,120,2.4748995983935744,0.0,11.158312033335536,25.0,35.534376832758646,38.81446050946537,0.3422685255814529,0.5412603562013886,1.7649039151412895,-2.3067244512791834,0.5600886244650781,2.798337794640898,1.9761142934458256,2.1914870441911813,-3.05826141828e-05,0,6,Asia,Trending,0,2,5,4,True
Liq.Sweep.Rev,ETH-USDT-SWAP,1H,LONG,2026-07-13 06:00:00+00:00,2026-07-13 12:00:00+00:00,1780.96,1772.498091,1773.03,1796.8200000000002,-140.3012970315266,-1.067075535939475,0,SL,360,1.5006305170239305,-2.0126103404791813,14.108774789718048,95.0,17.952777669003755,36.937393784077976,0.19052584547853296,-0.033158988265310545,0.6489668675237265,-3.6721768035216886,0.44725695560707174,3.0716233835595923,2.654456696936454,1.1349693350547958,-1.9284312303e-05,5,0,Asia,Ranging,0,0,5,4,False
Liq.Sweep.Rev,ETH-USDT-SWAP,1H,LONG,2026-07-13 15:00:00+00:00,2026-07-13 17:00:00+00:00,1780.73,1760.341739,1760.87,1820.4500000000003,-116.01795087311099,-1.0265992447129872,0,SL,120,0.0,-1.4410876132930481,13.201391138357323,87.0,14.84369776769643,42.9127070387208,0.05699452166649683,-0.41525344260724373,0.5852048057234635,-3.6855671550431497,1.1278515733699892,3.84205765222747,2.6925129300362434,1.569588358398406,5.73308230271e-05,14,0,NewYork,Ranging,2,0,5,4,False
Liq.Sweep.Rev,ETH-USDT-SWAP,1H,LONG,2026-07-15 23:00:00+00:00,2026-07-16 00:00:00+00:00,1922.32,1916.784792,1917.36,1932.24,-169.63465474193396,-1.1159693548387037,0,SL,60,0.4274193548387304,-2.326612903225782,15.031618513018257,77.0,42.27129430039268,66.81364649108676,0.6855845016787565,1.4194498583500361,6.345439054901507,-1.2313182440059758,3.1768949193297242,5.052571417076322,2.8451442897902557,0.36390968085458825,2.75465227283e-05,22,2,Dead,Trending,3,2,5,4,False
Liq.Sweep.Rev,ETH-USDT-SWAP,1H,LONG,2026-07-16 02:00:00+00:00,2026-07-16 07:00:00+00:00,1921.85,1906.72781,1907.3,1950.9499999999998,-123.65310437113223,-1.0393257731958672,0,SL,300,0.5175257731958917,-1.2199312714776671,14.997268904191372,76.0,39.39947017569452,64.02223359079824,0.6445575606484015,1.1807499618463915,6.127895918467253,-1.256601711892192,3.1511319600244643,4.558673046299267,2.850226556495544,0.64076930539362,4.08086469783e-05,1,3,Asia,Trending,0,2,5,4,False
Liq.Sweep.Rev,ETH-USDT-SWAP,1H,LONG,2026-07-17 01:00:00+00:00,2026-07-17 02:00:00+00:00,1865.0,1845.04632,1845.6,1903.8000000000002,-117.18241129896883,-1.0285402061855662,0,SL,60,0.0,-1.1747422680412298,14.168071145627096,43.0,31.14702814369571,37.05723819464667,0.26447452034604785,-0.22604724962258985,2.1121597194774,-3.4520107238605955,1.0511486779367192,3.543409379811377,2.1132437523989243,1.25285140564856,6.8512360485e-05,0,4,Asia,Trending,0,2,5,4,False
Liq.Sweep.Rev,ETH-USDT-SWAP,1H,LONG,2026-07-17 07:00:00+00:00,2026-07-17 13:00:00+00:00,1831.5,1818.85418,1819.4,1855.6999999999998,-127.122748000001,-1.0451090909090952,0,SL,360,0.8917355371900864,-2.4099173553719258,15.310126687534668,78.0,35.75330953378177,30.13870718324347,0.14467361480749674,-0.5506770613002518,0.22769273826798286,-3.401037401037399,0.6650544135429212,3.6083703562825287,2.288081692775922,1.4008340584160135,6.8512360485e-05,6,4,Asia,Trending,0,2,5,4,False
Liq.Sweep.Rev,ETH-USDT-SWAP,1H,LONG,2026-07-19 11:00:00+00:00,2026-07-19 17:00:00+00:00,1871.45,1862.4510970000001,1863.01,1888.3300000000002,-139.78846751421477,-1.0662207345971408,0,SL,360,0.8898104265402775,-1.8305687203791405,8.309020890130233,18.0,41.42731309637343,63.700262673593684,0.1798097331525928,0.2877611188110063,1.9111718760207859,-0.44671244222393863,1.6882382986122397,1.7309575743568297,1.1200000811089426,1.8284362887595649,1.25871505438e-05,10,6,London,Trending,1,2,5,4,False
Liq.Sweep.Rev,ETH-USDT-SWAP,1H,LONG,2026-07-19 18:00:00+00:00,2026-07-19 19:00:00+00:00,1866.23,1855.4432000000002,1856.0,1886.69,-132.71362580644842,-1.0544281524926529,0,SL,60,0.0,-1.2238514173998005,9.225052286163379,33.0,39.088316500735374,53.4840227483444,0.17811370770929558,0.2523038436275357,1.5026637618828442,-0.7276702228556998,0.5511853448275872,0.8750572775638873,1.0923452090636565,2.2422775652021256,6.74808766784e-05,17,6,NewYork,Trending,2,2,5,4,False
Liq.Sweep.Rev,ETH-USDT-SWAP,1H,LONG,2026-07-20 15:00:00+00:00,2026-07-20 16:00:00+00:00,1867.39,1897.6900000000003,1852.24,1897.6900000000003,185.088792079208,2.0,1,TP,60,2.58547854785476,0.0,15.99111117884552,100.0,21.279988447411018,50.365282568228345,0.12161508781685497,0.043488629856071735,1.2686495052817017,-1.5861795670939975,1.4329168929929446,1.9475928884815248,2.651864701716552,1.3511646649995386,-2.2207834139e-06,14,0,NewYork,Weak,2,1,5,4,True
Liq.Sweep.Rev,ETH-USDT-SWAP,1H,LONG,2026-07-21 12:00:00+00:00,2026-07-21 15:00:00+00:00,1934.87,1924.232557,1924.81,1954.9899999999998,-134.4964963638153,-1.057399900596412,0,SL,180,0.8399602385685976,-1.2405566600397473,14.113510000513038,68.0,38.84375990189189,64.91292794490717,0.41692453596945767,0.9434056619948,4.1485166534584526,-0.919441616232625,2.4716661370617437,3.2378509501742245,1.6341234961503728,1.1412842682207698,-4.45163079178e-05,11,1,London,Trending,1,2,5,4,False
Liq.Sweep.Rev,ETH-USDT-SWAP,1H,LONG,2026-07-29 03:00:00+00:00,2026-07-29 04:00:00+00:00,1910.19,1899.5999490000002,1900.17,1930.23,-134.19137694011826,-1.0568913173652617,0,SL,60,0.0,-2.6926147704590884,16.086211736114876,84.0,18.725379688452605,51.33034215599273,0.0943286253898568,0.1428096459443996,0.75524548625028,-1.0349755783456087,2.7951029194134294,3.8474540151855856,3.565011066026146,0.9545387604444933,-6.8647534945e-06,2,2,Asia,Ranging,0,0,5,4,False
Break.of.Structure,ETH-USDT-SWAP,1H,LONG,2026-05-10 16:00:00+00:00,2026-05-10 20:00:00+00:00,2346.74,2329.291003,2329.99,2380.24,-125.0961946376115,-1.0417311641791023,0,SL,240,1.321791044776139,-2.1934328358208823,8.470644303846464,11.0,14.902249472191102,72.5471693198665,0.028152349308053708,0.1662296897089159,1.0407208341224348,-0.1883455843187418,1.2669425517500346,0.8592392729336689,0.9560070914194104,4.473315302409156,0.0001,15,6,NewYork,Ranging,2,0,0,4,False
Break.of.Structure,ETH-USDT-SWAP,1H,LONG,2026-05-10 23:00:00+00:00,2026-05-11 03:00:00+00:00,2373.46,2325.5621220000003,2326.26,2467.8599999999997,-108.93044337542352,-1.0147855508474566,0,SL,240,0.02415254237287875,-1.154237288135598,16.302703706356795,91.0,22.982219302546667,65.5583555642633,0.10239730902660756,0.401417299338078,2.1028561953505878,-0.16979502412101374,2.7467532467532387,2.6764308391912675,2.969281530291736,3.980846464654972,6.72986556865e-05,22,6,Dead,Weak,3,1,0,4,False
Break.of.Structure,ETH-USDT-SWAP,1H,LONG,2026-06-15 11:00:00+00:00,2026-06-15 12:00:00+00:00,1736.5,1774.94,1717.28,1774.94,189.03816857440168,2.0,1,TP,60,2.100936524453697,0.0,12.25045346387687,59.0,40.9269516615271,74.53153259880516,0.18645641677821018,0.8322894554027026,2.765183638351244,-0.7636093498954782,4.730226891668581,6.201350667741754,3.363227873972114,2.6313680260929786,1.82601357154e-05,10,0,London,Trending,1,2,0,4,True
Break.of.Structure,ETH-USDT-SWAP,1H,LONG,2026-06-15 13:00:00+00:00,2026-06-15 14:00:00+00:00,1776.4,1810.6600000000003,1759.27,1810.6600000000003,187.4358669001752,2.0,1,TP,60,2.4098073555166204,0.0,14.337839976506089,67.0,45.16280358278792,83.99374087526968,0.24666491824688694,1.0167284455174654,5.027656716327213,-0.02758403278559376,7.136653679601472,6.841373284230912,3.6609165717277534,1.8575946491112783,1.82601357154e-05,12,0,NewYork,Trending,2,2,0,4,True
Break.of.Structure,ETH-USDT-SWAP,1H,LONG,2026-06-15 16:00:00+00:00,2026-06-15 19:00:00+00:00,1844.61,1811.706325,1812.25,1909.3299999999997,-110.13949256798455,-1.0168008343634083,0,SL,180,0.0,-1.060259579728061,18.31855846515448,96.0,52.848786180356875,90.96529451109441,0.42341916778402544,1.607704256589422,8.80963384734817,-0.21847318146828074,11.002659798529283,9.558117335457025,4.298319261011134,2.1127807701167267,1.82601357154e-05,15,0,NewYork,Trending,2,2,0,4,False
Break.of.Structure,ETH-USDT-SWAP,1H,LONG,2026-06-22 12:00:00+00:00,2026-06-22 15:00:00+00:00,1766.65,1745.97605,1746.5,1806.9500000000003,-115.65992868486359,-1.0260024813895787,0,SL,180,0.6332506203473912,-1.2610421836228272,12.691654785783893,56.99999999999999,18.333177464643715,69.47610853694138,0.09459525078013317,0.33243586367731676,2.2922088251300385,-0.4279309876375461,3.9187774261479347,3.0520011474364517,2.589091910585024,2.5884360493966856,5.51741548775e-05,11,0,London,Ranging,1,0,0,4,False
Break.of.Structure,ETH-USDT-SWAP,1H,LONG,2026-07-01 22:00:00+00:00,2026-07-01 23:00:00+00:00,1631.19,1616.2349840000002,1616.72,1660.13,-120.16922591844997,-1.0335187284035838,0,SL,60,0.0,-1.6814098134070565,15.496617200379054,83.0,24.115841638674844,68.91076999693831,0.026009835991818088,0.646751945793149,1.5244624001945892,-0.4456841589014211,4.2700076706724595,4.811383093361699,3.047632273231635,0.8187756646965196,9.0161202807e-06,21,2,Dead,Weak,3,1,0,4,False
Break.of.Structure,ETH-USDT-SWAP,1H,LONG,2026-07-02 13:00:00+00:00,2026-07-02 14:00:00+00:00,1661.7,1691.3600000000004,1646.87,1691.3600000000004,186.43401213755914,2.0,1,TP,60,4.2953472690491825,0.0,15.60608162030556,74.0,28.0779837795793,69.37198391354104,0.16895490904816596,0.8500189065753283,3.2237067963006467,-0.5313835228982324,4.095670041094524,3.5060720518948543,2.9682902563764966,2.487283777283585,6.07032025056e-05,12,3,NewYork,Trending,2,2,0,4,True
Break.of.Structure,ETH-USDT-SWAP,1H,LONG,2026-07-03 11:00:00+00:00,2026-07-03 20:00:00+00:00,1741.43,1773.1900000000003,1725.55,1773.1900000000003,186.72057934508825,2.0,1,TP,540,2.0283375314861343,-0.9086901763224159,15.34599279229731,56.00000000000001,57.059260805005614,76.12333192147369,0.5636576152728662,1.4701261814808937,6.895118514247016,-0.40541161337743165,3.285193203048552,2.729906828845675,1.9352858125828074,2.976997723353793,7.76998564309e-05,10,4,London,Trending,1,2,0,4,True
Break.of.Structure,ETH-USDT-SWAP,1H,LONG,2026-07-03 21:00:00+00:00,2026-07-06 12:00:00+00:00,1765.54,1742.1471990000002,1742.67,1811.2799999999997,-113.77443952514082,-1.0228596851770813,0,SL,3780,1.881941407958031,-1.3742894621775346,15.328126705951117,56.00000000000001,58.97980540891463,74.73341502838838,0.654630812460907,1.4617964745833563,7.669614590013605,-0.4587831484984841,4.18254989201373,3.7754118090242117,2.3818360264654634,2.0078067579715304,5.88368007291e-05,20,4,Dead,Trending,3,2,0,4,False
Break.of.Structure,ETH-USDT-SWAP,1H,LONG,2026-07-06 22:00:00+00:00,2026-07-07 01:00:00+00:00,1814.52,1791.4624000000001,1792.0,1859.56,-114.38183587921745,-1.0238721136767266,0,SL,180,0.0,-1.2326820603907644,17.399199914505775,98.0,22.221853791161042,68.02556080320957,0.4407838503076838,0.293866799009988,6.200398366324955,-1.0735621541785165,5.058014312513022,4.099916544140311,3.3076773467434686,2.030573774319486,4.94066073094e-05,21,0,Dead,Weak,3,1,0,4,False
Break.of.Structure,ETH-USDT-SWAP,1H,LONG,2026-07-10 02:00:00+00:00,2026-07-11 15:00:00+00:00,1767.02,1826.6599999999999,1737.2,1826.6599999999999,192.76925553319916,2.0,1,TP,2220,2.0375586854460135,0.0,12.92260847600344,21.0,13.727823979477867,65.27642080513812,0.09235528300351557,-0.02744572352375044,1.9693125984145792,-0.5868604381363145,2.0790969590535178,1.4860380771034125,1.9428191291777956,2.890069372270786,2.88771231982e-05,1,4,Asia,Ranging,0,0,0,4,True
Break.of.Structure,ETH-USDT-SWAP,1H,LONG,2026-07-14 11:00:00+00:00,2026-07-14 12:00:00+00:00,1799.4,1827.9800000000005,1785.11,1827.9800000000005,184.76957312806178,2.0,1,TP,60,4.7620713785863575,-0.423372988103576,12.582518400445398,62.0,11.837744977872651,60.981400712431444,0.08087976814293364,-0.014320253710717747,1.5684415655111166,-0.27787040124485934,2.9994275901545557,2.544651375598455,2.3677714549678814,2.128105210198852,5.010183463e-07,10,1,London,Ranging,1,0,0,4,True
VWAP.Pullback,ETH-USDT-SWAP,1H,LONG,2026-05-10 02:00:00+00:00,2026-05-10 15:00:00+00:00,2323.07,2334.4300000000007,2317.39,2334.4300000000007,150.80105633803066,2.0,1,TP,780,4.94718309859128,-0.9718309859154399,8.725192084181147,1.0,12.262825661170988,55.763415939426636,0.022432357157971004,0.2317350610484458,0.058247551251911334,-0.6314919481547959,1.1098682521098377,1.2595004393698537,0.8269126797943994,0.9620101181165975,7.45734894067e-05,1,6,Asia,Ranging,0,0,7,4,True
VWAP.Pullback,ETH-USDT-SWAP,1H,LONG,2026-05-11 01:00:00+00:00,2026-05-11 02:00:00+00:00,2351.99,2342.966899,2343.67,2368.629999999999,-150.75932859856093,-1.0845073317307794,0,SL,60,0.986778846153885,-1.1778846153846239,17.326770032521935,100.0,21.93575228056111,55.09394093333779,0.12740212205445162,0.4750355588151653,1.1484905028346593,-1.3227040816326585,1.8181818181818181,2.9303302329314604,3.1296045308176694,1.841967203989936,7.66505530419e-05,0,0,Asia,Weak,0,1,7,4,False
VWAP.Pullback,ETH-USDT-SWAP,1H,LONG,2026-05-12 00:00:00+00:00,2026-05-12 01:00:00+00:00,2338.85,2332.6200040000003,2333.32,2349.9099999999994,-176.0013381989123,-1.1265815551536817,0,SL,60,0.0,-8.126582278481397,13.604416969072219,51.0,14.16208701163182,52.56888144819113,0.03287595053996241,0.04104933969518345,0.5058344311729688,-0.2689367378700537,1.5959341470831085,1.0418831107164677,1.2305465337427761,0.3982173638243224,5.16166254117e-05,23,0,Dead,Ranging,3,0,7,4,False
VWAP.Pullback,ETH-USDT-SWAP,1H,LONG,2026-06-16 00:00:00+00:00,2026-06-16 02:00:00+00:00,1795.01,1781.055523,1781.59,1821.8500000000001,-123.95375047540857,-1.0398269001490255,0,SL,120,0.11698956780923456,-2.150521609537984,17.551587997377826,93.0,50.0691936788177,60.37708503348202,0.707017949493041,2.2272222607656214,5.308007601842242,-2.9882841878318285,4.889151191464004,10.574481608567663,4.037679889578851,0.6186110312651749,-4.09078153245e-05,23,0,Dead,Trending,3,2,7,4,False
VWAP.Pullback,ETH-USDT-SWAP,1H,LONG,2026-06-16 19:00:00+00:00,2026-06-16 20:00:00+00:00,1798.57,1791.1025080000002,1791.64,1812.4299999999996,-146.59145028571334,-1.0775601731601647,0,SL,60,0.0,-1.50793650793655,19.688498450700816,96.0,27.63256906798059,55.861998705651764,0.45299779597313033,0.7672895183772986,4.657942397330854,-2.2406565179197027,2.3548827680400573,3.1334175851271504,3.6176983724260667,0.8876907729674046,3.10436405161e-05,18,1,NewYork,Trending,2,2,7,4,False
VWAP.Pullback,ETH-USDT-SWAP,1H,LONG,2026-06-16 21:00:00+00:00,2026-06-17 01:00:00+00:00,1796.97,1787.583564,1788.12,1814.6700000000003,-136.42490551864051,-1.0606142372881195,0,SL,240,0.21581920903955396,-2.1401129943502557,18.456613460043066,92.0,27.21147728524796,55.070414057101296,0.4491496258026804,0.7279674831175156,4.471916001013466,-2.331689835167898,2.263828818575004,3.1754002997587722,3.586347043136574,0.30343510120699585,3.10436405161e-05,20,1,Dead,Trending,3,2,7,4,False
VWAP.Pullback,ETH-USDT-SWAP,1H,LONG,2026-06-17 02:00:00+00:00,2026-06-17 08:00:00+00:00,1796.88,1777.496591,1778.03,1834.5800000000004,-117.03683795543641,-1.0282975596816917,0,SL,360,0.3172413793103314,-2.0053050397877934,16.184477247984045,66.0,25.431751519638848,54.96773324127474,0.42812675969298103,0.6047263332018332,4.244809724836973,-2.3379543316990223,2.02011026009345,2.2898897652174774,3.0160051382499664,1.0640383175095198,3.09117993428e-05,1,2,Asia,Trending,0,2,7,4,False
VWAP.Pullback,ETH-USDT-SWAP,1H,LONG,2026-06-20 15:00:00+00:00,2026-06-21 21:00:00+00:00,1732.89,1706.497897,1707.01,1784.6500000000003,-111.93137070401868,-1.0197875965996916,0,SL,1800,0.49265842349304273,-1.270092735703245,12.107425699317712,14.000000000000002,23.689612815228962,62.05023150922001,0.011290895660978498,0.21878982190330762,0.5359424817207944,-0.8009740952974442,2.102875324063166,2.3663779876896727,1.784409027047546,4.346497267696083,-9.187697818e-07,14,5,NewYork,Weak,2,1,7,4,False
VWAP.Pullback,ETH-USDT-SWAP,1H,LONG,2026-06-22 02:00:00+00:00,2026-06-22 22:00:00+00:00,1743.06,1723.1129110000002,1723.63,1781.9199999999996,-116.02615412557856,-1.026612918167779,0,SL,1200,1.8708183221822152,-1.4143077714874035,13.773160021134977,56.99999999999999,20.789607871762747,60.380842037042,-0.002083136638705624,-0.02571174807554931,1.0217691979621635,-0.9213734545767447,2.5311466923918524,1.7819185624470553,2.204688757058833,4.1593453304428145,-2.92640132201e-05,1,0,Asia,Weak,0,1,7,4,False
VWAP.Pullback,ETH-USDT-SWAP,1H,LONG,2026-07-05 00:00:00+00:00,2026-07-05 01:00:00+00:00,1780.0,1769.56897,1770.1,1799.8000000000002,-132.24041799999713,-1.0536393939393807,0,SL,60,0.0,-2.0080808080808006,12.716173469934198,18.0,58.39196205475213,58.76965563196576,0.7403203290526361,1.2001482814104654,6.559995367512066,-1.6056179775280857,1.6712932816980244,3.4255111665827407,1.8514492489303969,1.0279085031441617,2.28901001596e-05,23,5,Dead,Trending,3,2,7,4,False
VWAP.Pullback,ETH-USDT-SWAP,1H,LONG,2026-07-05 22:00:00+00:00,2026-07-06 05:00:00+00:00,1786.0,1767.579567,1768.11,1821.7800000000002,-117.84803655785235,-1.0296496925656735,0,SL,420,0.8876467300167703,-1.2554499720514203,11.334657357396207,17.0,30.48262635285367,63.38536297639203,0.5332313524221283,0.442926969266146,5.683095278630967,-0.38745800671892905,2.2136758006547206,1.8121013241701363,1.282645791292362,1.610980004746921,5.63044651547e-05,21,6,Dead,Trending,3,2,7,4,False
VWAP.Pullback,ETH-USDT-SWAP,1H,LONG,2026-07-07 13:00:00+00:00,2026-07-07 14:00:00+00:00,1781.15,1778.746216,1779.28,1784.8900000000003,-142.4221915504044,-1.285445989304778,0,SL,60,6.160427807486232,-11.443850267379004,15.159078757912052,72.0,13.710770065303969,51.50421500910225,0.33947266337292165,-0.022165158676286024,3.638195612196505,-2.9671841226174047,1.4131740618221043,2.993524090584278,2.251880443776734,1.47545061749757,5.26322924488e-05,12,1,NewYork,Ranging,2,0,7,4,False
VWAP.Pullback,ETH-USDT-SWAP,1H,LONG,2026-07-07 16:00:00+00:00,2026-07-07 19:00:00+00:00,1796.66,1781.705328,1782.24,1825.5000000000002,-122.30487653814136,-1.0370785020804436,0,SL,180,0.9244105409153855,-1.6726768377253811,16.867914005514866,95.0,12.802020223484528,58.26782229522882,0.3565675995508009,0.08365361482330284,4.422645247625032,-2.0777326943734757,2.2968348772725027,3.1207814840558967,2.7479373072506985,1.6125692199250206,5.26322924488e-05,15,1,NewYork,Ranging,2,0,7,4,False
VWAP.Pullback,ETH-USDT-SWAP,1H,LONG,2026-07-09 13:00:00+00:00,2026-07-09 14:00:00+00:00,1741.0,1733.549779,1734.07,1754.8600000000001,-145.09627514285648,-1.0750679653679636,0,SL,60,1.1919191919191796,-1.2150072150072144,12.40574997019128,17.0,16.20201699062094,46.61332023799217,0.09455446422708925,-0.11691205319036269,0.5798289515342218,-1.197013210798387,1.212103595616656,1.8759940150766825,1.4480421991700778,2.0704992370400634,-8.6390853462e-06,12,3,NewYork,Ranging,2,0,7,4,False
VWAP.Pullback,ETH-USDT-SWAP,1H,LONG,2026-07-09 15:00:00+00:00,2026-07-09 16:00:00+00:00,1742.49,1732.060226,1732.58,1762.3100000000002,-131.5265200363241,-1.052449445005032,0,SL,60,0.06559031281534668,-1.1553985872855652,13.007815025317988,25.0,14.509036710705312,47.85435547325969,0.1027059022061973,-0.07006227993795211,0.6503852664734717,-1.1104798305872579,1.2987239484928592,1.8101117448469626,1.4724960071011293,1.5137325967997903,-8.6390853462e-06,14,3,NewYork,Ranging,2,0,7,4,False
VWAP.Pullback,ETH-USDT-SWAP,1H,LONG,2026-07-10 00:00:00+00:00,2026-07-10 01:00:00+00:00,1744.34,1739.6879370000001,1740.21,1752.5999999999997,-175.89691918159485,-1.1264075060532455,0,SL,60,8.004842615012377,-1.7288135593220526,10.923143557968467,2.0,12.667437757438472,48.74378713174964,0.07783338444383003,-0.09760362070624841,0.6848880320565451,-1.0038238177409087,0.8673879479335928,1.0930258132831505,1.4209416443928817,0.41678761661766,4.21208700726e-05,23,3,Dead,Ranging,3,0,7,4,False
VWAP.Pullback,ETH-USDT-SWAP,1H,LONG,2026-07-11 03:00:00+00:00,2026-07-11 14:00:00+00:00,1794.78,1812.8,1785.77,1812.8,175.9761598224195,2.0,1,TP,660,2.68812430632631,-0.10987791342952387,11.269807241415059,4.0,25.30227188095324,58.14153750175946,0.2787897779488517,0.469216730394459,2.8459903240153657,-1.0045743513168657,1.530202405331098,1.4715136440135537,2.0174166890083898,0.3488353945569107,3.10694109403e-05,2,5,Asia,Trending,0,2,7,4,True
VWAP.Pullback,ETH-USDT-SWAP,1H,LONG,2026-07-11 23:00:00+00:00,2026-07-12 00:00:00+00:00,1812.87,1807.547573,1808.09,1822.4299999999998,-168.14026242258876,-1.113478451882817,0,SL,60,0.0,-7.234309623430988,9.637273127418727,10.0,36.89037182036074,57.23303918396646,0.3704412790283459,0.6723610563720035,3.201971901904495,-0.9173299795352183,1.1809946922213892,2.564170793446824,1.104155460964416,1.4438327124908188,-1.05100711028e-05,22,5,Dead,Trending,3,2,7,4,False
VWAP.Pullback,ETH-USDT-SWAP,1H,LONG,2026-07-13 01:00:00+00:00,2026-07-13 02:00:00+00:00,1825.6,1802.9189620000002,1803.46,1869.8799999999997,-114.72081019512062,-1.024437127371267,0,SL,60,0.0,-1.2380307136404702,12.012557313241363,56.99999999999999,19.739960222014805,60.74264955258636,0.2873500817763571,0.332528964975987,3.2326165156503466,-1.1377143827474945,2.088645819353102,2.0657659908854655,1.8382395983579134,5.598683296465424,-1.9284312303e-05,0,0,Asia,Ranging,0,0,7,4,False
VWAP.Pullback,ETH-USDT-SWAP,1H,LONG,2026-07-14 03:00:00+00:00,2026-07-14 10:00:00+00:00,1781.67,1797.0300000000002,1773.99,1797.0300000000002,172.04140625000025,2.0,1,TP,420,2.9596354166666443,-0.5403645833333407,14.594467791824036,97.0,16.650527033973983,50.77295924859438,0.00011523443799304992,-0.40621311847158303,0.634788114236322,-0.6808219254968586,1.984544934172872,2.2497514771854172,2.44901116417332,0.9293531025837605,1.23850005236e-05,2,1,Asia,Ranging,0,0,7,4,True
VWAP.Pullback,ETH-USDT-SWAP,1H,LONG,2026-07-15 13:00:00+00:00,2026-07-16 08:00:00+00:00,1926.4,1877.5765580000002,1878.14,2022.92,-107.06438030418525,-1.0116751346871093,0,SL,1140,0.2513468711147925,-1.093244923331952,15.76159195371646,92.0,41.13787166483762,76.42480392685286,0.5125724731116751,1.0276631631570476,7.301784486427483,-0.12769867266053483,3.5654188775812017,2.6168138351863472,2.957149234968164,4.984488332566809,6.09661220377e-05,12,2,NewYork,Trending,2,2,7,4,False
VWAP.Pullback,ETH-USDT-SWAP,1H,LONG,2026-07-17 19:00:00+00:00,2026-07-19 02:00:00+00:00,1845.94,1870.1800000000003,1833.82,1870.1800000000003,181.60336633663383,2.0,1,TP,1860,2.5528052805280326,-0.9661716171617097,15.24854364478367,72.0,37.937483729178396,48.70797139603021,0.03297535185453049,-0.6164332382585135,0.9835452432332087,-1.3201945892065772,2.4190774215741837,2.7214077076277707,2.2368276013559862,0.6339927083627837,3.69963698486e-05,18,4,NewYork,Trending,2,2,7,4,True
VWAP.Pullback,ETH-USDT-SWAP,1H,LONG,2026-07-20 00:00:00+00:00,2026-07-20 01:00:00+00:00,1871.31,1886.1699999999996,1863.88,1886.1699999999996,169.6569582772537,2.0,1,TP,60,2.4481830417228068,-0.888290713324368,10.314245516632624,43.0,27.79980308645121,57.73066971908111,0.15148284172189036,0.14192827037429215,1.693629891446196,-0.45422725256638397,1.1475179451699398,0.7955618402453919,1.0637802499774454,0.8800252807559378,6.74808766784e-05,23,6,Dead,Trending,3,2,7,4,True
VWAP.Pullback,ETH-USDT-SWAP,1H,LONG,2026-07-20 12:00:00+00:00,2026-07-20 13:00:00+00:00,1892.34,1866.3899150000002,1866.95,1943.1199999999997,-113.29424162662349,-1.0220592753052322,0,SL,60,0.0,-1.4202441906262357,14.565138404529876,77.0,22.744920706431678,65.25372082279628,0.13827647473322943,0.10207351302125015,2.6621181277978736,-0.24572621343832224,2.7892449755567577,1.9439772369606856,2.2844635512436477,2.5683492677738666,-2.2207834139e-06,11,0,London,Weak,1,1,7,4,False
VWAP.Pullback,ETH-USDT-SWAP,1H,LONG,2026-07-21 17:00:00+00:00,2026-07-21 18:00:00+00:00,1925.5,1919.993829,1920.57,1935.3600000000001,-170.17521901419508,-1.116870385395522,0,SL,60,0.0,-2.332657200811329,13.990655155999885,62.0,36.963001719302326,55.345577400343544,0.41609404172233194,0.838307724765912,3.438347050244427,-1.4105427161776203,1.6991227097230843,2.861747582523136,1.6282637844639494,0.8625032035561561,-8.448823037e-07,16,1,NewYork,Trending,2,2,7,4,False
VWAP.Pullback,ETH-USDT-SWAP,1H,LONG,2026-07-22 01:00:00+00:00,2026-07-22 02:00:00+00:00,1938.13,1927.371615,1927.95,1958.4900000000002,-134.14608024557984,-1.0568158153241671,0,SL,60,0.0,-1.2396856581532456,12.457318816664358,52.0,29.087903431469037,62.650360365879074,0.330961550193384,0.4290483036206885,3.8485332915481707,-0.7496917131461756,1.3910250374044042,1.5447414259633785,1.3726523583661756,1.4163724850747987,-3.08424179407e-05,0,2,Asia,Trending,0,2,7,4,False
VWAP.Pullback,ETH-USDT-SWAP,1H,LONG,2026-07-22 15:00:00+00:00,2026-07-22 16:00:00+00:00,1932.15,1952.65,1921.9,1952.65,177.25970731707318,2.0,1,TP,60,2.2692682926829257,0.0,14.269888920374107,77.0,22.456041626661914,54.47554368850424,0.279654416091597,0.2141755603078216,3.098909400715008,-1.2788862148383826,1.1983637725413436,1.4860677105710056,2.1447015723002423,4.0096515833016,-2.55962269609e-05,14,2,NewYork,Weak,2,1,7,4,True
VWAP.Pullback,ETH-USDT-SWAP,1H,LONG,2026-07-22 23:00:00+00:00,2026-07-23 01:00:00+00:00,1937.5,1929.0211199999999,1929.6,1953.3000000000002,-144.02117306329131,-1.0732759493670911,0,SL,120,0.4392405063291123,-1.4962025316455443,13.997897724942,63.0,24.102218997695932,54.86812186478915,0.31765550075093596,0.3593290056733901,3.1252210558381504,-0.9992258064516077,1.4785755812430939,1.9332122777634755,2.3517227188151,0.30765785445438115,-1.40415231133e-05,22,2,Dead,Weak,3,1,7,4,False
VWAP.Pullback,ETH-USDT-SWAP,1H,LONG,2026-07-28 18:00:00+00:00,2026-07-28 20:00:00+00:00,1900.91,1919.8100000000002,1891.46,1919.8100000000002,175.74146031746045,2.0,1,TP,120,2.337566137566118,0.0,18.062142964068325,100.0,28.49504129428037,50.204339398494334,-0.024041463327359208,-0.35091999172987304,0.3562192193323267,-2.122152664527325,2.2951701870039063,2.931426369578214,4.422807575195279,1.960261413871928,-6.8647534945e-06,17,1,NewYork,Trending,2,2,7,4,True
ORB,ETH-USDT-SWAP,1H,LONG,2026-05-09 18:00:00+00:00,2026-05-10 01:00:00+00:00,2328.73,2318.3043000000002,2319.0,2348.19,-142.95601829393127,-1.0715005138745899,0,SL,420,0.4193216855087276,-1.1654676258992933,10.256706059342227,8.0,13.204231065541455,65.4915744903173,-0.025418382633206664,0.09528912550425363,0.32180625787981615,-0.17820948847435894,1.3557802373812173,0.7986995204006843,0.8819090616234183,3.0211614164234977,0.0001,17,5,NewYork,Ranging,2,0,6,4,False
ORB,ETH-USDT-SWAP,1H,LONG,2026-05-10 16:00:00+00:00,2026-05-10 20:00:00+00:00,2346.74,2329.291003,2329.99,2380.24,-125.0961946376115,-1.0417311641791023,0,SL,240,1.321791044776139,-2.1934328358208823,8.470644303846464,11.0,14.902249472191102,72.5471693198665,0.028152349308053708,0.1662296897089159,1.0407208341224348,-0.1883455843187418,1.2669425517500346,0.8592392729336689,0.9560070914194104,4.473315302409156,0.0001,15,6,NewYork,Ranging,2,0,6,4,False
ORB,ETH-USDT-SWAP,1H,LONG,2026-05-13 10:00:00+00:00,2026-05-13 11:00:00+00:00,2320.08,2312.865932,2313.56,2333.12,-163.9249012147176,-1.1064521472392317,0,SL,60,0.0,-3.3849693251533393,12.042210821509418,40.0,25.59208798093531,64.725584456995,-0.0746874635298851,-0.03403723727974607,0.12851152541962615,-0.11422019930347621,2.8855747868080277,2.7728316361070675,1.3700737939410002,1.6231070277911979,4.50088158893e-05,9,2,London,Trending,1,2,6,4,False
ORB,ETH-USDT-SWAP,1H,LONG,2026-05-14 17:00:00+00:00,2026-05-14 20:00:00+00:00,2315.04,2291.81225,2292.5,2360.12,-118.36562267080794,-1.0305124223602506,0,SL,180,0.03726708074534813,-1.2209405501330979,16.91274205664132,92.0,23.883597542334897,66.28530609905997,-0.14665888413832848,-0.09959820805001522,0.5066091497801332,-0.12267606607229878,3.4765740235824056,2.9508524831359746,2.6419739053375237,2.9993832670601783,3.10897597488e-05,16,3,NewYork,Weak,2,1,6,4,False
ORB,ETH-USDT-SWAP,1H,LONG,2026-05-23 21:00:00+00:00,2026-05-24 21:00:00+00:00,2145.22,2072.87795,2073.5,2288.6599999999994,-105.26346733128821,-1.0086733128834349,0,SL,1440,0.0,-1.1800055772448395,17.29803333999324,100.0,41.20522121352938,76.68564331257232,-0.37298005910448323,-0.4066850983681398,0.18576072425466897,-0.05733677664761742,6.915129555886695,5.125149700045689,4.217040130091569,4.068348556286182,3.394482395e-07,20,5,Dead,Trending,3,2,6,4,False
ORB,ETH-USDT-SWAP,1H,LONG,2026-05-25 17:00:00+00:00,2026-05-25 19:00:00+00:00,2135.53,2123.0328990000003,2123.67,2159.2500000000005,-132.28785615008064,-1.0537184654299996,0,SL,120,0.0,-1.7048903878583506,12.457322569617302,28.000000000000004,17.00054673084205,67.74533994097982,-0.05224481481954694,0.3198255114137946,0.23852386244591442,-0.2758097521458313,3.6368224634692035,2.7458870160993296,2.0969428859536587,1.1921764621023891,-4.173223397e-06,16,0,NewYork,Ranging,2,0,6,4,False
ORB,ETH-USDT-SWAP,1H,LONG,2026-05-26 11:00:00+00:00,2026-05-26 15:00:00+00:00,2126.7,2092.6720100000002,2093.3,2193.499999999999,-111.34012935928129,-1.018802095808382,0,SL,240,0.3868263473053956,-1.4880239520958192,13.584458721223164,65.0,21.811369546424707,62.1555058708539,-0.13797531307748453,-0.14636387008801294,0.02665262332224946,-0.6916786962021167,2.0807733661009093,2.7359588085701296,2.2864221452922795,4.137522778950769,9.1829229402e-06,10,1,London,Weak,1,1,6,4,False
ORB,ETH-USDT-SWAP,1H,LONG,2026-06-14 22:00:00+00:00,2026-06-15 13:00:00+00:00,1717.89,1815.89,1668.89,1815.89,195.6729224489796,2.0,1,TP,900,2.2230612244897925,-0.19081632653061503,11.620232121574778,43.0,25.134166297940766,78.36281816257954,-0.10244110268040861,-0.05946527753153672,1.9186961691527182,-0.8103010687591592,3.8866480004354242,2.9955134753127175,3.309130064062979,6.102534926545521,3.22130449158e-05,21,6,Dead,Trending,3,2,6,4,True
ORB,ETH-USDT-SWAP,1H,LONG,2026-06-16 13:00:00+00:00,2026-06-16 14:00:00+00:00,1813.93,1795.2112750000001,1795.75,1850.2900000000002,-117.83792499999868,-1.029632838283822,0,SL,60,0.0,-2.8272827282728223,18.559251739709605,100.0,30.6368639960205,62.639277866536375,0.43236661104716884,0.7703615835736944,5.81531927075086,-1.5397591955543704,3.227862508536309,4.580354529189168,3.4982897100462864,2.924886478021885,2.1741324592e-06,12,1,NewYork,Trending,2,2,6,4,False
ORB,ETH-USDT-SWAP,1H,LONG,2026-06-20 06:00:00+00:00,2026-06-20 14:00:00+00:00,1725.25,1710.9165710000002,1711.43,1752.8899999999999,-122.34846557597493,-1.0371511577423924,0,SL,480,1.5571635311143328,-1.3198263386396594,11.876806843728126,4.0,17.171641256849735,62.208326719551835,-0.08644928064982137,-0.14158606934322399,0.10238865023149213,-0.5344183997588757,2.800552960244065,1.7799705825413392,1.612931182804526,2.668879367641323,-8.217112208e-06,5,5,Asia,Ranging,0,0,6,4,False
ORB,ETH-USDT-SWAP,1H,LONG,2026-06-22 12:00:00+00:00,2026-06-22 15:00:00+00:00,1766.65,1745.97605,1746.5,1806.9500000000003,-115.65992868486359,-1.0260024813895787,0,SL,180,0.6332506203473912,-1.2610421836228272,12.691654785783893,56.99999999999999,18.333177464643715,69.47610853694138,0.09459525078013317,0.33243586367731676,2.2922088251300385,-0.4279309876375461,3.9187774261479347,3.0520011474364517,2.589091910585024,2.5884360493966856,5.51741548775e-05,11,0,London,Ranging,1,0,6,4,False
ORB,ETH-USDT-SWAP,1H,LONG,2026-06-29 18:00:00+00:00,2026-06-30 04:00:00+00:00,1627.21,1583.9346770000002,1584.41,1712.81,-106.72274020140138,-1.0111056775700908,0,SL,600,0.0,-1.1380841121495349,19.195282877639798,66.0,28.16663970476652,75.26292147762058,-0.2377473459248742,0.10029671634950331,0.5701190980834373,-0.6348289403334497,5.205955944630144,3.2788871803766004,3.4344389784722087,2.813410275374565,1.56100614198e-05,17,0,NewYork,Trending,2,2,6,4,False
ORB,ETH-USDT-SWAP,1H,LONG,2026-07-01 16:00:00+00:00,2026-07-02 00:00:00+00:00,1619.27,1599.4000360000002,1599.88,1658.0499999999997,-114.91041785250016,-1.0247531717380034,0,SL,480,1.3718411552346614,-1.183599793708107,15.75581410999962,88.0,24.587260814831943,68.08230788030967,-0.13924483752978425,0.07220941254206417,0.8326969495251518,-0.6978410157600881,4.3619489559164775,3.3490116444599085,2.910894084538048,2.3651757809880887,3.03769550576e-05,15,2,NewYork,Weak,2,1,6,4,False
ORB,ETH-USDT-SWAP,1H,LONG,2026-07-02 10:00:00+00:00,2026-07-02 13:00:00+00:00,1642.34,1688.2599999999995,1619.38,1688.2599999999995,191.2963414634146,2.0,1,TP,180,3.104965156794459,0.0,15.784045501191816,78.0,24.377320437798215,63.36123161284753,0.10223737076286024,0.6563265235308483,2.102501806253847,-0.5948865331571598,3.284699075529842,2.5145925827136497,3.1623567912265456,1.999756644067861,6.07032025056e-05,9,3,London,Weak,1,1,6,4,True
ORB,ETH-USDT-SWAP,1H,LONG,2026-07-03 09:00:00+00:00,2026-07-03 10:00:00+00:00,1719.04,1726.7199999999998,1715.2,1726.7199999999998,146.15999999999886,2.0,1,TP,60,7.671875000000173,0.0,14.767305250238307,44.0,54.181788098761885,69.29236988932838,0.531254988720191,1.4156609832022276,5.656949498377531,-0.9278434475055872,3.5566265060240942,1.7369237684500678,3.5851717307886,1.4409746598704585,7.76998564309e-05,8,4,London,Trending,1,2,6,4,True
ORB,ETH-USDT-SWAP,1H,LONG,2026-07-04 13:00:00+00:00,2026-07-04 15:00:00+00:00,1763.43,1775.7300000000002,1757.28,1775.7300000000002,165.47160975609808,2.0,1,TP,120,6.487804878048663,-0.0634146341463568,10.502987165273144,1.0,54.05511737977762,64.37706812245675,0.6440285395330447,1.0181401221800772,6.416703507418708,-0.713386487620642,1.8358425298706977,1.7388726696127823,1.8181694079629065,0.7058532605264312,7.45597493041e-05,12,5,NewYork,Trending,2,2,6,4,True
ORB,ETH-USDT-SWAP,1H,LONG,2026-07-05 19:00:00+00:00,2026-07-05 20:00:00+00:00,1780.55,1776.6768370000002,1777.21,1787.2299999999998,-183.66971166773135,-1.1596296407185163,0,SL,60,0.7305389221557229,-1.5748502994012334,10.762403181017367,4.0,28.793886183925515,61.154667872664504,0.5103529688047096,0.3392999468303981,5.534672145788551,-0.329671564002343,1.9023418721241678,1.5225397964072858,1.3348386525916311,0.5408889496448273,5.63044651547e-05,18,6,NewYork,Trending,2,2,6,4,False
ORB,ETH-USDT-SWAP,1H,LONG,2026-07-06 22:00:00+00:00,2026-07-07 01:00:00+00:00,1814.52,1791.4624000000001,1792.0,1859.56,-114.38183587921745,-1.0238721136767266,0,SL,180,0.0,-1.2326820603907644,17.399199914505775,98.0,22.221853791161042,68.02556080320957,0.4407838503076838,0.293866799009988,6.200398366324955,-1.0735621541785165,5.058014312513022,4.099916544140311,3.3076773467434686,2.030573774319486,4.94066073094e-05,21,0,Dead,Weak,3,1,6,4,False
ORB,ETH-USDT-SWAP,1H,LONG,2026-07-10 09:00:00+00:00,2026-07-10 12:00:00+00:00,1783.28,1806.32,1771.76,1806.32,181.30416666666662,2.0,1,TP,180,2.1189236111111214,0.0,12.163530117743235,9.0,23.415395919139133,68.62676057412969,0.19726519642404589,0.37748261997527166,2.736974407514298,-0.3426289905622888,3.0172612995655803,3.376084829391188,1.964060884690502,1.7507516369851919,5.03523904176e-05,8,4,London,Weak,1,1,6,4,True
ORB,ETH-USDT-SWAP,1H,LONG,2026-07-11 08:00:00+00:00,2026-07-11 09:00:00+00:00,1798.99,1796.480894,1797.02,1802.93,-144.67825102974228,-1.273657868020274,0,SL,60,1.380710659898472,-2.4670050761420472,9.774690456518718,1.0,25.791583998324707,60.79211523365779,0.2873702672574969,0.4652268595318937,2.9363864709708,-0.7687646957459423,1.4509998533773965,1.0732514582338208,1.8224160177080493,0.3131471811122711,3.10694109403e-05,7,5,London,Trending,1,2,6,4,False
ORB,ETH-USDT-SWAP,1H,LONG,2026-07-12 15:00:00+00:00,2026-07-12 22:00:00+00:00,1818.54,1802.5890610000001,1803.13,1849.3599999999997,-121.11976272939644,-1.0351031148604792,0,SL,420,0.32706035042180476,-1.4412719013627675,10.175609917945385,21.0,17.572038111480882,60.4021587819598,0.2385657584451536,0.1480014427521499,3.129449843578438,-0.547692104655385,2.263410354891497,2.307248447397423,2.4291534091180425,1.5926152785502061,-1.80494264056e-05,14,6,NewYork,Ranging,2,0,6,4,False
ORB,ETH-USDT-SWAP,1H,LONG,2026-07-14 11:00:00+00:00,2026-07-14 12:00:00+00:00,1799.4,1827.9800000000005,1785.11,1827.9800000000005,184.76957312806178,2.0,1,TP,60,4.7620713785863575,-0.423372988103576,12.582518400445398,62.0,11.837744977872651,60.981400712431444,0.08087976814293364,-0.014320253710717747,1.5684415655111166,-0.27787040124485934,2.9994275901545557,2.544651375598455,2.3677714549678814,2.128105210198852,5.010183463e-07,10,1,London,Ranging,1,0,6,4,True
ORB,ETH-USDT-SWAP,1H,LONG,2026-07-15 13:00:00+00:00,2026-07-16 08:00:00+00:00,1926.4,1877.5765580000002,1878.14,2022.92,-107.06438030418525,-1.0116751346871093,0,SL,1140,0.2513468711147925,-1.093244923331952,15.76159195371646,92.0,41.13787166483762,76.42480392685286,0.5125724731116751,1.0276631631570476,7.301784486427483,-0.12769867266053483,3.5654188775812017,2.6168138351863472,2.957149234968164,4.984488332566809,6.09661220377e-05,12,2,NewYork,Trending,2,2,6,4,False
ORB,ETH-USDT-SWAP,1H,LONG,2026-07-18 09:00:00+00:00,2026-07-18 12:00:00+00:00,1846.56,1840.717619,1841.27,1857.1399999999999,-162.70564407183286,-1.1044198487712613,0,SL,180,0.6105860113421626,-1.4007561436672789,9.26901475961253,1.0,21.723104802403522,52.20339625013657,0.0764716502420551,-0.20655333392864023,0.911442925400949,-0.4928109176572601,2.4529223121053763,1.4568259724473223,0.9307041981975622,0.41155417657009147,-3.01450665353e-05,8,5,London,Weak,1,1,6,4,False
ORB,ETH-USDT-SWAP,1H,LONG,2026-07-20 12:00:00+00:00,2026-07-20 13:00:00+00:00,1892.34,1866.3899150000002,1866.95,1943.1199999999997,-113.29424162662349,-1.0220592753052322,0,SL,60,0.0,-1.4202441906262357,14.565138404529876,77.0,22.744920706431678,65.25372082279628,0.13827647473322943,0.10207351302125015,2.6621181277978736,-0.24572621343832224,2.7892449755567577,1.9439772369606856,2.2844635512436477,2.5683492677738666,-2.2207834139e-06,11,0,London,Weak,1,1,6,4,False
ORB,ETH-USDT-SWAP,1H,LONG,2026-07-21 06:00:00+00:00,2026-07-21 08:00:00+00:00,1929.55,1947.1899999999998,1920.73,1947.1899999999998,173.62761904761885,2.0,1,TP,120,2.620181405895725,0.0,14.742943513037849,76.0,32.34787761955896,66.73468534293843,0.33742310248404894,0.7464561612457075,4.1325131892948095,-0.33375657536731645,4.173865157862909,3.9550144638588476,3.1538916060581372,0.8026746990562609,1.58882774007e-05,5,1,Asia,Trending,0,2,6,4,True
ORB,ETH-USDT-SWAP,1H,LONG,2026-07-22 17:00:00+00:00,2026-07-22 18:00:00+00:00,1948.75,1933.3798120000001,1933.96,1978.33,-123.59468483569859,-1.0392283975659167,0,SL,60,0.0,-1.798512508451655,15.136945038485852,87.0,24.580517904800654,61.80126154001154,0.3032959763278517,0.3092587632421522,3.906409373683188,-0.4161642078255241,2.0678060201019246,1.9024802192957786,2.2239360757948763,1.6653263334988944,-1.40415231133e-05,16,2,NewYork,Weak,2,1,6,4,False
ORB,ETH-USDT-SWAP,1H,LONG,2026-07-24 07:00:00+00:00,2026-07-24 09:00:00+00:00,1887.05,1877.03672,1877.6,1905.95,-135.8202331428538,-1.059606349206333,0,SL,120,0.8719576719576687,-1.1417989417989325,11.998321042174105,11.0,44.4459216474868,46.79527053280899,-0.03651014696722505,-0.5925162297849739,0.161396772863398,-2.1705952179074126,1.5509466048153575,2.753420154786632,1.8814786475189256,0.7355509245890999,-3.65408707853e-05,6,4,Asia,Trending,0,2,6,4,False
ORB,ETH-USDT-SWAP,1H,LONG,2026-07-26 05:00:00+00:00,2026-07-26 06:00:00+00:00,1885.4,1879.016126,1879.58,1897.0400000000004,-158.1855270721613,-1.0968855670102966,0,SL,60,0.0,-1.3573883161511802,6.2286926302426915,5.0,20.184244767428293,69.19171216733916,-0.004955382192543429,0.08799247821855831,0.3927559053951226,-0.18139483077770888,1.871673645819268,1.7351145076139873,0.7272197625602167,1.7233764662655684,1.29977466092e-05,4,6,Asia,Weak,0,1,6,4,False
ORB,ETH-USDT-SWAP,1H,LONG,2026-07-27 06:00:00+00:00,2026-07-27 12:00:00+00:00,1964.34,1951.01452,1951.6,1989.82,-127.63086901098838,-1.045956043956041,0,SL,360,0.5808477237048733,-1.737833594976441,11.342662503651605,56.99999999999999,55.074500447264484,78.76143948212183,0.32245987753377875,1.0626895685607702,4.129171374060606,-0.28762841463290933,4.428401309913663,5.319200790333226,2.0619290787028954,1.1586047104409491,5.1883489743e-05,5,0,Asia,Trending,0,2,6,4,False
ORB,ETH-USDT-SWAP,1H,LONG,2026-07-28 16:00:00+00:00,2026-07-29 04:00:00+00:00,1918.88,1882.765001,1883.33,1989.9800000000005,-109.59489451645534,-1.0158930801687747,0,SL,720,0.31167369901546754,-1.0033755274261573,17.034733851818892,96.0,31.482534894708465,55.719431508226975,-0.053984985633386266,-0.49939086101192737,1.0604861471643587,-1.86743021955629,2.9926005650477547,4.380153096310698,4.166610099229033,1.6205121569653766,-1.22022483673e-05,15,1,NewYork,Trending,2,2,6,4,False
Volatility.Comp,ETH-USDT-SWAP,1H,LONG,2026-05-09 18:00:00+00:00,2026-05-10 01:00:00+00:00,2328.73,2318.3043000000002,2319.0,2348.19,-142.95601829393127,-1.0715005138745899,0,SL,420,0.4193216855087276,-1.1654676258992933,10.256706059342227,8.0,13.204231065541455,65.4915744903173,-0.025418382633206664,0.09528912550425363,0.32180625787981615,-0.17820948847435894,1.3557802373812173,0.7986995204006843,0.8819090616234183,3.0211614164234977,0.0001,17,5,NewYork,Ranging,2,0,8,4,False
Volatility.Comp,ETH-USDT-SWAP,1H,LONG,2026-05-10 16:00:00+00:00,2026-05-10 20:00:00+00:00,2346.74,2329.291003,2329.99,2380.24,-125.0961946376115,-1.0417311641791023,0,SL,240,1.321791044776139,-2.1934328358208823,8.470644303846464,11.0,14.902249472191102,72.5471693198665,0.028152349308053708,0.1662296897089159,1.0407208341224348,-0.1883455843187418,1.2669425517500346,0.8592392729336689,0.9560070914194104,4.473315302409156,0.0001,15,6,NewYork,Ranging,2,0,8,4,False
Volatility.Comp,ETH-USDT-SWAP,1H,LONG,2026-05-13 10:00:00+00:00,2026-05-13 11:00:00+00:00,2320.08,2312.865932,2313.56,2333.12,-163.9249012147176,-1.1064521472392317,0,SL,60,0.0,-3.3849693251533393,12.042210821509418,40.0,25.59208798093531,64.725584456995,-0.0746874635298851,-0.03403723727974607,0.12851152541962615,-0.11422019930347621,2.8855747868080277,2.7728316361070675,1.3700737939410002,1.6231070277911979,4.50088158893e-05,9,2,London,Trending,1,2,8,4,False
Volatility.Comp,ETH-USDT-SWAP,1H,LONG,2026-06-20 06:00:00+00:00,2026-06-20 14:00:00+00:00,1725.25,1710.9165710000002,1711.43,1752.8899999999999,-122.34846557597493,-1.0371511577423924,0,SL,480,1.5571635311143328,-1.3198263386396594,11.876806843728126,4.0,17.171641256849735,62.208326719551835,-0.08644928064982137,-0.14158606934322399,0.10238865023149213,-0.5344183997588757,2.800552960244065,1.7799705825413392,1.612931182804526,2.668879367641323,-8.217112208e-06,5,5,Asia,Ranging,0,0,8,4,False
Volatility.Comp,ETH-USDT-SWAP,1H,LONG,2026-07-04 16:00:00+00:00,2026-07-04 23:00:00+00:00,1790.57,1770.818595,1771.35,1829.01,-116.64746699791829,-1.0276485431841804,0,SL,420,0.9370447450572302,-1.0650364203954212,12.547818076568914,13.0,56.33177413697282,76.0654312651981,0.6572043461399267,1.0249822600800242,7.828125408939902,-0.7126222376114864,2.7486557982865296,2.011102753297829,2.1296510057679154,4.42240889424149,7.45597493041e-05,15,5,NewYork,Trending,2,2,8,4,False
Volatility.Comp,ETH-USDT-SWAP,1H,LONG,2026-07-05 16:00:00+00:00,2026-07-05 17:00:00+00:00,1773.99,1783.7900000000002,1769.09,1783.7900000000002,156.43534693877635,2.0,1,TP,60,2.473469387755034,-0.3775510204081377,10.90139477865801,4.0,27.615320282214768,56.81769966983653,0.5076709200725399,0.3061014051640295,5.31629703915627,-1.1956098963353816,1.526337476821651,2.024405131613796,1.322584337792081,2.0030650824643135,7.03063439524e-05,15,6,NewYork,Trending,2,2,8,4,True
Volatility.Comp,ETH-USDT-SWAP,1H,LONG,2026-07-10 02:00:00+00:00,2026-07-11 15:00:00+00:00,1767.02,1826.6599999999999,1737.2,1826.6599999999999,192.76925553319916,2.0,1,TP,2220,2.0375586854460135,0.0,12.92260847600344,21.0,13.727823979477867,65.27642080513812,0.09235528300351557,-0.02744572352375044,1.9693125984145792,-0.5868604381363145,2.0790969590535178,1.4860380771034125,1.9428191291777956,2.890069372270786,2.88771231982e-05,1,4,Asia,Ranging,0,0,8,4,True
Volatility.Comp,ETH-USDT-SWAP,1H,LONG,2026-07-18 18:00:00+00:00,2026-07-19 02:00:00+00:00,1851.74,1870.0800000000002,1842.57,1870.0800000000002,175.64785169029463,2.0,1,TP,480,2.741548527808059,0.0,7.8179534703772005,3.0,15.32510564236274,59.06310458014188,0.07931367084453039,-0.11130537155957781,1.124680748551044,-0.049142702848661096,0.9551691990644565,0.5882652358941463,0.6753753488996155,2.388212756976792,8.6559930819e-06,17,5,NewYork,Ranging,2,0,8,4,True
Volatility.Comp,ETH-USDT-SWAP,1H,LONG,2026-07-19 03:00:00+00:00,2026-07-19 17:00:00+00:00,1870.64,1856.672831,1857.23,1897.4600000000003,-124.98676881879078,-1.0415487695749386,0,SL,840,0.6838180462341379,-1.0917225950783005,8.31897054134556,12.0,29.16406342156373,71.03342491016829,0.14918277052068946,0.1935665291592179,2.0156285230339943,-0.3335756746354194,1.8639628405421456,1.8344290624459771,0.993369693569855,3.2196992939975404,-2.58329348864e-05,2,6,Asia,Trending,0,2,8,4,False
Volatility.Comp,ETH-USDT-SWAP,1H,LONG,2026-07-26 01:00:00+00:00,2026-07-26 14:00:00+00:00,1880.28,1895.24,1872.8,1895.24,169.7150802139038,2.0,1,TP,780,2.576203208556141,-0.5721925133689789,6.296506987969741,2.0,19.423385354638295,66.21724400753229,-0.028672934086058487,0.003050934899863375,0.12695229482278556,-0.045738112079654905,1.6109507906142226,1.7041638984308167,0.7811696307215971,1.5460438972058248,1.29977466092e-05,0,6,Asia,Ranging,0,0,8,4,True
EMA.Crossover.ADX,ETH-USDT-SWAP,1H,LONG,2026-05-08 00:00:00+00:00,2026-05-08 01:00:00+00:00,2290.62,2284.974302,2285.66,2300.54,-182.99904397579675,-1.1382455645160825,0,SL,60,0.0,-2.298387096774195,14.605696565660358,8.0,40.024311116280074,32.412363232070774,-0.1732083515437228,-0.7909019073011379,-1.7317889863246019,-2.4133309467783577,0.5478177276977177,3.3783867306020254,1.5188243537021302,0.33483338925584427,5.75575907038e-05,23,3,Dead,Trending,3,2,2,4,False
EMA.Crossover.ADX,ETH-USDT-SWAP,1H,LONG,2026-05-08 18:00:00+00:00,2026-05-09 18:00:00+00:00,2304.28,2336.3400000000006,2288.25,2336.3400000000006,182.6302432938243,2.0,1,TP,1440,2.0873362445414325,-0.41859014348097023,15.268501843241156,28.000000000000004,33.57860289766611,56.72110266931338,-0.1605008011844335,-0.3992074272911014,-0.8186189095325307,-0.46001354002117395,1.848880638246166,1.2506132945434305,1.3849542068988425,2.3296049817059097,4.80515607356e-05,17,4,NewYork,Trending,2,2,2,4,True
EMA.Crossover.ADX,ETH-USDT-SWAP,1H,LONG,2026-05-24 12:00:00+00:00,2026-05-24 13:00:00+00:00,2125.0,2120.703598,2121.34,2132.3199999999997,-176.0053213835302,-1.1738803278688836,0,SL,60,0.0,-5.453551912568533,12.424163387708228,22.0,44.23239008547672,63.15390134575103,-0.0830117344692955,0.48708854778828664,-0.6231560632299367,-1.1472995167036133,3.3485073973562067,4.239726301415865,3.9933664036998606,0.43569800761451905,5.32359813552e-05,11,6,London,Trending,1,2,2,4,False
EMA.Crossover.ADX,ETH-USDT-SWAP,1H,LONG,2026-05-26 13:00:00+00:00,2026-05-26 14:00:00+00:00,2125.65,2109.486964,2110.12,2156.7100000000005,-124.51483695041462,-1.040762137797792,0,SL,60,0.8995492594977218,-1.3895685769478203,13.76256899942202,65.0,22.04396576899343,60.28756842325343,-0.10541924647222445,-0.017708649335198,-0.0200474558846309,-0.6736762872532971,2.0298940173565763,2.5057996483387925,2.2781397569100648,1.6147817830192606,9.1829229402e-06,12,1,NewYork,Weak,2,1,2,4,False
EMA.Crossover.ADX,ETH-USDT-SWAP,1H,LONG,2026-06-08 20:00:00+00:00,2026-06-08 21:00:00+00:00,1683.66,1690.5800000000002,1680.2,1690.5800000000002,141.48716763005842,2.0,1,TP,60,8.650289017340903,0.0,19.45858316451384,12.0,30.42062333995359,58.254749309905435,-0.40657471405990575,0.9256752903603677,-3.9295858115659095,-1.642859264098824,2.440463876753844,2.8694057395085015,2.85945658174284,0.48900932494681926,-7.38554551486e-05,19,0,NewYork,Trending,2,2,2,4,True
EMA.Crossover.ADX,ETH-USDT-SWAP,1H,LONG,2026-06-11 20:00:00+00:00,2026-06-11 21:00:00+00:00,1680.32,1674.647455,1675.15,1690.6599999999996,-158.3766048936209,-1.0972040618955647,0,SL,60,0.43907156673115083,-1.7330754352031537,18.792113748387244,47.0,23.58810198080289,61.96659309878185,-0.24263409306814454,0.34498037067500625,-1.152902263336691,-0.8331746334031614,3.685054917931632,3.5937564318543487,3.882214252893041,1.0195810771927731,-2.20748470192e-05,19,3,NewYork,Weak,2,1,2,4,False
EMA.Crossover.ADX,ETH-USDT-SWAP,1H,LONG,2026-06-20 23:00:00+00:00,2026-06-21 03:00:00+00:00,1742.43,1731.710331,1732.23,1762.8300000000002,-130.62570782941205,-1.0509479411764724,0,SL,240,0.0,-1.0539215686274463,11.19174206348661,12.0,24.237539090669657,64.37692764368265,0.040927684921720116,0.2686660140925781,1.0487300002737794,-0.43445323171221273,2.278703921108251,1.8550127160632752,1.8092302289832995,1.0176380662755709,9.9168524694e-06,22,5,Dead,Weak,3,1,2,4,False
EMA.Crossover.ADX,ETH-USDT-SWAP,1H,LONG,2026-07-01 17:00:00+00:00,2026-07-01 18:00:00+00:00,1613.83,1611.11652,1611.6,1618.29,-158.99840478860114,-1.2168071748878333,0,SL,60,4.515695067264611,-1.201793721973011,15.868970244999657,89.0,24.846767645608875,64.44786885514475,-0.11419698779981229,0.16429054502986165,0.4877758828540588,-1.0385296997186795,4.010054137664349,3.7320431208402836,2.9190574982270046,0.9060460214267815,9.0161202807e-06,16,2,NewYork,Weak,2,1,2,4,False
EMA.Crossover.ADX,ETH-USDT-SWAP,1H,LONG,2026-07-19 00:00:00+00:00,2026-07-19 01:00:00+00:00,1861.76,1858.522276,1859.08,1867.1200000000001,-161.87954853472198,-1.2081059701492516,0,SL,60,0.0,-1.6380597014925358,7.991367849545825,4.0,24.875941206921638,66.66444412546949,0.12267170094715658,0.08866730720595732,1.5810435159016047,-0.38082244757648237,1.3804106926013204,1.5186769204173447,0.7029213575540952,0.5364499436948245,8.6559930819e-06,23,5,Dead,Weak,3,1,2,4,False
EMA.Crossover.ADX,ETH-USDT-SWAP,1H,LONG,2026-07-26 16:00:00+00:00,2026-07-26 22:00:00+00:00,1913.71,1947.27,1896.93,1947.27,186.19435041716326,2.0,1,TP,360,2.281883194278905,-0.2205005959475597,7.492033968288221,30.0,26.998790202524482,83.51216627886812,0.05221855531183955,0.25604591572602997,1.8450901325282547,-0.16042138045994095,2.545265538176304,1.9400864272527778,1.2417799907865528,4.896049819635074,2.12251466303e-05,15,6,NewYork,Trending,2,2,2,4,True
Donchian.20,ETH-USDT-SWAP,1H,LONG,2026-05-09 18:00:00+00:00,2026-05-10 01:00:00+00:00,2328.73,2318.3043000000002,2319.0,2348.19,-142.95601829393127,-1.0715005138745899,0,SL,420,0.4193216855087276,-1.1654676258992933,10.256706059342227,8.0,13.204231065541455,65.4915744903173,-0.025418382633206664,0.09528912550425363,0.32180625787981615,-0.17820948847435894,1.3557802373812173,0.7986995204006843,0.8819090616234183,3.0211614164234977,0.0001,17,5,NewYork,Ranging,2,0,1,4,False
Donchian.20,ETH-USDT-SWAP,1H,LONG,2026-05-10 16:00:00+00:00,2026-05-10 20:00:00+00:00,2346.74,2329.291003,2329.99,2380.24,-125.0961946376115,-1.0417311641791023,0,SL,240,1.321791044776139,-2.1934328358208823,8.470644303846464,11.0,14.902249472191102,72.5471693198665,0.028152349308053708,0.1662296897089159,1.0407208341224348,-0.1883455843187418,1.2669425517500346,0.8592392729336689,0.9560070914194104,4.473315302409156,0.0001,15,6,NewYork,Ranging,2,0,1,4,False
Donchian.20,ETH-USDT-SWAP,1H,LONG,2026-05-10 23:00:00+00:00,2026-05-11 03:00:00+00:00,2373.46,2325.5621220000003,2326.26,2467.8599999999997,-108.93044337542352,-1.0147855508474566,0,SL,240,0.02415254237287875,-1.154237288135598,16.302703706356795,91.0,22.982219302546667,65.5583555642633,0.10239730902660756,0.401417299338078,2.1028561953505878,-0.16979502412101374,2.7467532467532387,2.6764308391912675,2.969281530291736,3.980846464654972,6.72986556865e-05,22,6,Dead,Weak,3,1,1,4,False
Donchian.20,ETH-USDT-SWAP,1H,LONG,2026-05-13 10:00:00+00:00,2026-05-13 11:00:00+00:00,2320.08,2312.865932,2313.56,2333.12,-163.9249012147176,-1.1064521472392317,0,SL,60,0.0,-3.3849693251533393,12.042210821509418,40.0,25.59208798093531,64.725584456995,-0.0746874635298851,-0.03403723727974607,0.12851152541962615,-0.11422019930347621,2.8855747868080277,2.7728316361070675,1.3700737939410002,1.6231070277911979,4.50088158893e-05,9,2,London,Trending,1,2,1,4,False
Donchian.20,ETH-USDT-SWAP,1H,LONG,2026-05-14 17:00:00+00:00,2026-05-14 20:00:00+00:00,2315.04,2291.81225,2292.5,2360.12,-118.36562267080794,-1.0305124223602506,0,SL,180,0.03726708074534813,-1.2209405501330979,16.91274205664132,92.0,23.883597542334897,66.28530609905997,-0.14665888413832848,-0.09959820805001522,0.5066091497801332,-0.12267606607229878,3.4765740235824056,2.9508524831359746,2.6419739053375237,2.9993832670601783,3.10897597488e-05,16,3,NewYork,Weak,2,1,1,4,False
Donchian.20,ETH-USDT-SWAP,1H,LONG,2026-05-23 21:00:00+00:00,2026-05-24 21:00:00+00:00,2145.22,2072.87795,2073.5,2288.6599999999994,-105.26346733128821,-1.0086733128834349,0,SL,1440,0.0,-1.1800055772448395,17.29803333999324,100.0,41.20522121352938,76.68564331257232,-0.37298005910448323,-0.4066850983681398,0.18576072425466897,-0.05733677664761742,6.915129555886695,5.125149700045689,4.217040130091569,4.068348556286182,3.394482395e-07,20,5,Dead,Trending,3,2,1,4,False
Donchian.20,ETH-USDT-SWAP,1H,LONG,2026-06-14 22:00:00+00:00,2026-06-15 13:00:00+00:00,1717.89,1815.89,1668.89,1815.89,195.6729224489796,2.0,1,TP,900,2.2230612244897925,-0.19081632653061503,11.620232121574778,43.0,25.134166297940766,78.36281816257954,-0.10244110268040861,-0.05946527753153672,1.9186961691527182,-0.8103010687591592,3.8866480004354242,2.9955134753127175,3.309130064062979,6.102534926545521,3.22130449158e-05,21,6,Dead,Trending,3,2,1,4,True
Donchian.20,ETH-USDT-SWAP,1H,LONG,2026-06-15 14:00:00+00:00,2026-06-16 02:00:00+00:00,1813.17,1772.7980009999999,1773.33,1892.8500000000004,-108.07123192921703,-1.0133533885542179,0,SL,720,0.8905622489959811,-1.1802208835341317,17.134422835327083,94.0,47.82424860723841,88.46435614307524,0.2990762015802633,1.193077145407559,7.124890125572652,-0.7533808378742005,9.35430563429551,7.907720460961312,4.0928333193264,4.656876666023051,1.82601357154e-05,13,0,NewYork,Trending,2,2,1,4,False
Donchian.20,ETH-USDT-SWAP,1H,LONG,2026-06-20 06:00:00+00:00,2026-06-20 14:00:00+00:00,1725.25,1710.9165710000002,1711.43,1752.8899999999999,-122.34846557597493,-1.0371511577423924,0,SL,480,1.5571635311143328,-1.3198263386396594,11.876806843728126,4.0,17.171641256849735,62.208326719551835,-0.08644928064982137,-0.14158606934322399,0.10238865023149213,-0.5344183997588757,2.800552960244065,1.7799705825413392,1.612931182804526,2.668879367641323,-8.217112208e-06,5,5,Asia,Ranging,0,0,1,4,False
Donchian.20,ETH-USDT-SWAP,1H,LONG,2026-06-22 02:00:00+00:00,2026-06-22 22:00:00+00:00,1743.06,1723.1129110000002,1723.63,1781.9199999999996,-116.02615412557856,-1.026612918167779,0,SL,1200,1.8708183221822152,-1.4143077714874035,13.773160021134977,56.99999999999999,20.789607871762747,60.380842037042,-0.002083136638705624,-0.02571174807554931,1.0217691979621635,-0.9213734545767447,2.5311466923918524,1.7819185624470553,2.204688757058833,4.1593453304428145,-2.92640132201e-05,1,0,Asia,Weak,0,1,1,4,False
Donchian.20,ETH-USDT-SWAP,1H,LONG,2026-06-29 18:00:00+00:00,2026-06-30 04:00:00+00:00,1627.21,1583.9346770000002,1584.41,1712.81,-106.72274020140138,-1.0111056775700908,0,SL,600,0.0,-1.1380841121495349,19.195282877639798,66.0,28.16663970476652,75.26292147762058,-0.2377473459248742,0.10029671634950331,0.5701190980834373,-0.6348289403334497,5.205955944630144,3.2788871803766004,3.4344389784722087,2.813410275374565,1.56100614198e-05,17,0,NewYork,Trending,2,2,1,4,False
Donchian.20,ETH-USDT-SWAP,1H,LONG,2026-07-01 16:00:00+00:00,2026-07-02 00:00:00+00:00,1619.27,1599.4000360000002,1599.88,1658.0499999999997,-114.91041785250016,-1.0247531717380034,0,SL,480,1.3718411552346614,-1.183599793708107,15.75581410999962,88.0,24.587260814831943,68.08230788030967,-0.13924483752978425,0.07220941254206417,0.8326969495251518,-0.6978410157600881,4.3619489559164775,3.3490116444599085,2.910894084538048,2.3651757809880887,3.03769550576e-05,15,2,NewYork,Weak,2,1,1,4,False
Donchian.20,ETH-USDT-SWAP,1H,LONG,2026-07-02 13:00:00+00:00,2026-07-02 14:00:00+00:00,1661.7,1691.3600000000004,1646.87,1691.3600000000004,186.43401213755914,2.0,1,TP,60,4.2953472690491825,0.0,15.60608162030556,74.0,28.0779837795793,69.37198391354104,0.16895490904816596,0.8500189065753283,3.2237067963006467,-0.5313835228982324,4.095670041094524,3.5060720518948543,2.9682902563764966,2.487283777283585,6.07032025056e-05,12,3,NewYork,Trending,2,2,1,4,True
Donchian.20,ETH-USDT-SWAP,1H,LONG,2026-07-03 11:00:00+00:00,2026-07-03 20:00:00+00:00,1741.43,1773.1900000000003,1725.55,1773.1900000000003,186.72057934508825,2.0,1,TP,540,2.0283375314861343,-0.9086901763224159,15.34599279229731,56.00000000000001,57.059260805005614,76.12333192147369,0.5636576152728662,1.4701261814808937,6.895118514247016,-0.40541161337743165,3.285193203048552,2.729906828845675,1.9352858125828074,2.976997723353793,7.76998564309e-05,10,4,London,Trending,1,2,1,4,True
Donchian.20,ETH-USDT-SWAP,1H,LONG,2026-07-03 21:00:00+00:00,2026-07-06 12:00:00+00:00,1765.54,1742.1471990000002,1742.67,1811.2799999999997,-113.77443952514082,-1.0228596851770813,0,SL,3780,1.881941407958031,-1.3742894621775346,15.328126705951117,56.00000000000001,58.97980540891463,74.73341502838838,0.654630812460907,1.4617964745833563,7.669614590013605,-0.4587831484984841,4.18254989201373,3.7754118090242117,2.3818360264654634,2.0078067579715304,5.88368007291e-05,20,4,Dead,Trending,3,2,1,4,False
Donchian.20,ETH-USDT-SWAP,1H,LONG,2026-07-06 22:00:00+00:00,2026-07-07 01:00:00+00:00,1814.52,1791.4624000000001,1792.0,1859.56,-114.38183587921745,-1.0238721136767266,0,SL,180,0.0,-1.2326820603907644,17.399199914505775,98.0,22.221853791161042,68.02556080320957,0.4407838503076838,0.293866799009988,6.200398366324955,-1.0735621541785165,5.058014312513022,4.099916544140311,3.3076773467434686,2.030573774319486,4.94066073094e-05,21,0,Dead,Weak,3,1,1,4,False
Donchian.20,ETH-USDT-SWAP,1H,LONG,2026-07-10 02:00:00+00:00,2026-07-11 15:00:00+00:00,1767.02,1826.6599999999999,1737.2,1826.6599999999999,192.76925553319916,2.0,1,TP,2220,2.0375586854460135,0.0,12.92260847600344,21.0,13.727823979477867,65.27642080513812,0.09235528300351557,-0.02744572352375044,1.9693125984145792,-0.5868604381363145,2.0790969590535178,1.4860380771034125,1.9428191291777956,2.890069372270786,2.88771231982e-05,1,4,Asia,Ranging,0,0,1,4,True
Donchian.20,ETH-USDT-SWAP,1H,LONG,2026-07-14 11:00:00+00:00,2026-07-14 12:00:00+00:00,1799.4,1827.9800000000005,1785.11,1827.9800000000005,184.76957312806178,2.0,1,TP,60,4.7620713785863575,-0.423372988103576,12.582518400445398,62.0,11.837744977872651,60.981400712431444,0.08087976814293364,-0.014320253710717747,1.5684415655111166,-0.27787040124485934,2.9994275901545557,2.544651375598455,2.3677714549678814,2.128105210198852,5.010183463e-07,10,1,London,Ranging,1,0,1,4,True
EMA.Pullback,ETH-USDT-SWAP,1H,LONG,2026-05-10 23:00:00+00:00,2026-05-11 03:00:00+00:00,2373.46,2325.5621220000003,2326.26,2467.8599999999997,-108.93044337542352,-1.0147855508474566,0,SL,240,0.02415254237287875,-1.154237288135598,16.302703706356795,91.0,22.982219302546667,65.5583555642633,0.10239730902660756,0.401417299338078,2.1028561953505878,-0.16979502412101374,2.7467532467532387,2.6764308391912675,2.969281530291736,3.980846464654972,6.72986556865e-05,22,6,Dead,Weak,3,1,3,4,False
EMA.Pullback,ETH-USDT-SWAP,1H,LONG,2026-05-14 16:00:00+00:00,2026-05-15 01:00:00+00:00,2297.36,2278.396276,2279.08,2333.9200000000005,-122.49946261269105,-1.0374028446389483,0,SL,540,1.1591903719912375,-1.3785557986870896,16.2614145225368,87.0,23.377692903988503,61.59483807301633,-0.16923841057312566,-0.19048663872635005,-0.25631718763255995,-0.053539948201189125,2.685874685999825,2.125317295805684,2.5452970052273285,2.825569159596126,1.17606729489e-05,15,3,NewYork,Weak,2,1,3,4,False
EMA.Pullback,ETH-USDT-SWAP,1H,LONG,2026-05-25 06:00:00+00:00,2026-05-25 07:00:00+00:00,2107.18,2114.8399999999997,2103.35,2114.8399999999997,121.6504522632109,2.0,1,TP,60,2.845953002611044,-0.6814621409920946,14.178526194346542,66.0,25.36796055426404,53.81989095456944,-0.17797184055549228,-0.08014013854476636,-1.1548372597489176,-1.152250875577796,2.2610029166403645,2.2423482365374894,2.2312715450133047,0.7624198563035295,5.50143439181e-05,5,0,Asia,Trending,0,2,3,4,True
EMA.Pullback,ETH-USDT-SWAP,1H,LONG,2026-05-25 08:00:00+00:00,2026-05-25 15:00:00+00:00,2115.29,2136.7299999999996,2104.57,2136.7299999999996,176.20138059701446,2.0,1,TP,420,2.1175373134328583,-0.40391791044776193,14.00551493288042,62.0,22.986185104513034,57.79430638248901,-0.14602456181681664,0.03933308115420807,-0.7558455335210051,-0.49402209626102417,2.6545795136344355,1.9141159076828507,2.261336699213145,1.3008192189368815,5.50143439181e-05,7,0,London,Weak,1,1,3,4,True
EMA.Pullback,ETH-USDT-SWAP,1H,LONG,2026-05-26 11:00:00+00:00,2026-05-26 15:00:00+00:00,2126.7,2092.6720100000002,2093.3,2193.499999999999,-111.34012935928129,-1.018802095808382,0,SL,240,0.3868263473053956,-1.4880239520958192,13.584458721223164,65.0,21.811369546424707,62.1555058708539,-0.13797531307748453,-0.14636387008801294,0.02665262332224946,-0.6916786962021167,2.0807733661009093,2.7359588085701296,2.2864221452922795,4.137522778950769,9.1829229402e-06,10,1,London,Weak,1,1,3,4,False
EMA.Pullback,ETH-USDT-SWAP,1H,LONG,2026-06-07 23:00:00+00:00,2026-06-09 16:00:00+00:00,1671.77,1627.571582,1628.06,1759.19,-106.76376332463924,-1.0111740562800253,0,SL,2460,0.9590482727064753,-1.3518645618851493,23.28784038597057,27.0,25.189374510720036,70.66550964454086,-0.8194955788303756,0.3548125875168951,-5.533921876824167,-3.0781930420634565,5.563062778626719,4.096318944523398,3.6932462701591873,3.398966091889346,-0.0001252953547432,22,6,Dead,Trending,3,2,3,4,False
EMA.Pullback,ETH-USDT-SWAP,1H,LONG,2026-06-11 18:00:00+00:00,2026-06-15 13:00:00+00:00,1687.75,1800.67,1631.29,1800.67,196.29285866099892,2.0,1,TP,5460,2.463159759121499,-0.6505490612823237,19.058664465585213,55.00000000000001,20.287590356678628,65.76437890965731,-0.27484979023370204,0.25660817737248154,-0.7379564409060339,-0.29980921231942986,5.267950701062824,3.775472774690743,3.824902628174061,4.0332843444977415,-2.20748470192e-05,17,3,NewYork,Weak,2,1,3,4,True
EMA.Pullback,ETH-USDT-SWAP,1H,LONG,2026-06-16 00:00:00+00:00,2026-06-16 02:00:00+00:00,1795.01,1781.055523,1781.59,1821.8500000000001,-123.95375047540857,-1.0398269001490255,0,SL,120,0.11698956780923456,-2.150521609537984,17.551587997377826,93.0,50.0691936788177,60.37708503348202,0.707017949493041,2.2272222607656214,5.308007601842242,-2.9882841878318285,4.889151191464004,10.574481608567663,4.037679889578851,0.6186110312651749,-4.09078153245e-05,23,0,Dead,Trending,3,2,3,4,False
EMA.Pullback,ETH-USDT-SWAP,1H,LONG,2026-06-16 09:00:00+00:00,2026-06-16 14:00:00+00:00,1802.23,1771.558373,1772.09,1862.5100000000002,-110.6420936423347,-1.0176385865958806,0,SL,300,1.2159920371599193,-1.3171864631718617,17.50646737973755,93.0,30.255097448286936,60.57594103471067,0.42016569647451,0.773879753179442,5.345393296897168,-2.575697885397539,2.562599590257226,5.653465611631259,4.404335198364524,1.5568121438576772,2.1741324592e-06,8,1,London,Trending,1,2,3,4,False
EMA.Pullback,ETH-USDT-SWAP,1H,LONG,2026-06-16 18:00:00+00:00,2026-06-17 08:00:00+00:00,1794.35,1775.96705,1776.5,1830.0499999999997,-117.9724942857147,-1.0298571428571446,0,SL,840,0.8644257703081312,-1.9759103641456672,19.944536793062422,98.0,27.631460808729127,54.51127587276554,0.4599418786416643,0.8080739069036799,4.460121593325049,-2.4822497408518003,2.1135898019576524,3.067838671030468,3.856141761129313,0.7185071045017957,3.10436405161e-05,17,1,NewYork,Trending,2,2,3,4,False
EMA.Pullback,ETH-USDT-SWAP,1H,LONG,2026-06-20 15:00:00+00:00,2026-06-21 21:00:00+00:00,1732.89,1706.497897,1707.01,1784.6500000000003,-111.93137070401868,-1.0197875965996916,0,SL,1800,0.49265842349304273,-1.270092735703245,12.107425699317712,14.000000000000002,23.689612815228962,62.05023150922001,0.011290895660978498,0.21878982190330762,0.5359424817207944,-0.8009740952974442,2.102875324063166,2.3663779876896727,1.784409027047546,4.346497267696083,-9.187697818e-07,14,5,NewYork,Weak,2,1,3,4,False
EMA.Pullback,ETH-USDT-SWAP,1H,LONG,2026-06-22 02:00:00+00:00,2026-06-22 22:00:00+00:00,1743.06,1723.1129110000002,1723.63,1781.9199999999996,-116.02615412557856,-1.026612918167779,0,SL,1200,1.8708183221822152,-1.4143077714874035,13.773160021134977,56.99999999999999,20.789607871762747,60.380842037042,-0.002083136638705624,-0.02571174807554931,1.0217691979621635,-0.9213734545767447,2.5311466923918524,1.7819185624470553,2.204688757058833,4.1593453304428145,-2.92640132201e-05,1,0,Asia,Weak,0,1,3,4,False
EMA.Pullback,ETH-USDT-SWAP,1H,LONG,2026-06-29 18:00:00+00:00,2026-06-30 04:00:00+00:00,1627.21,1583.9346770000002,1584.41,1712.81,-106.72274020140138,-1.0111056775700908,0,SL,600,0.0,-1.1380841121495349,19.195282877639798,66.0,28.16663970476652,75.26292147762058,-0.2377473459248742,0.10029671634950331,0.5701190980834373,-0.6348289403334497,5.205955944630144,3.2788871803766004,3.4344389784722087,2.813410275374565,1.56100614198e-05,17,0,NewYork,Trending,2,2,3,4,False
EMA.Pullback,ETH-USDT-SWAP,1H,LONG,2026-07-01 04:00:00+00:00,2026-07-01 06:00:00+00:00,1593.93,1581.105526,1581.58,1618.6300000000003,-123.10906328420822,-1.0384189473684102,0,SL,120,0.49149797570849146,-1.9101214574898693,13.931750939552952,62.0,25.276829973160744,59.925136060117886,-0.20173380588649364,-0.09831581803013277,-0.9008030127144406,-0.3005169644649646,2.8979425834231813,2.3738609202426417,2.65010840604266,1.321293828148129,6.60988957706e-05,3,2,Asia,Trending,0,2,3,4,False
EMA.Pullback,ETH-USDT-SWAP,1H,LONG,2026-07-01 14:00:00+00:00,2026-07-02 09:00:00+00:00,1596.48,1652.02,1568.71,1652.02,192.98127475693192,2.0,1,TP,1140,2.0028808066258525,-0.00576161325171343,13.6952045299404,59.0,24.80651954220199,59.286330870235446,-0.1604334504429373,8.932247622049615e-05,-0.5821399728976256,-0.48419021848065863,2.892498066511995,2.315449015811697,2.6824291550484354,2.777282018871695,3.03769550576e-05,13,2,NewYork,Weak,2,1,3,4,True
EMA.Pullback,ETH-USDT-SWAP,1H,LONG,2026-07-02 10:00:00+00:00,2026-07-02 13:00:00+00:00,1642.34,1688.2599999999995,1619.38,1688.2599999999995,191.2963414634146,2.0,1,TP,180,3.104965156794459,0.0,15.784045501191816,78.0,24.377320437798215,63.36123161284753,0.10223737076286024,0.6563265235308483,2.102501806253847,-0.5948865331571598,3.284699075529842,2.5145925827136497,3.1623567912265456,1.999756644067861,6.07032025056e-05,9,3,London,Weak,1,1,3,4,True
EMA.Pullback,ETH-USDT-SWAP,1H,LONG,2026-07-05 00:00:00+00:00,2026-07-05 01:00:00+00:00,1780.0,1769.56897,1770.1,1799.8000000000002,-132.24041799999713,-1.0536393939393807,0,SL,60,0.0,-2.0080808080808006,12.716173469934198,18.0,58.39196205475213,58.76965563196576,0.7403203290526361,1.2001482814104654,6.559995367512066,-1.6056179775280857,1.6712932816980244,3.4255111665827407,1.8514492489303969,1.0279085031441617,2.28901001596e-05,23,5,Dead,Trending,3,2,3,4,False
EMA.Pullback,ETH-USDT-SWAP,1H,LONG,2026-07-05 15:00:00+00:00,2026-07-05 21:00:00+00:00,1771.68,1787.0000000000002,1764.02,1787.0000000000002,172.12522193211518,2.0,1,TP,360,2.7728459530025824,-0.4660574412532801,10.763040530862469,3.0,27.693489842698245,55.11488266274405,0.507828039214695,0.2984069992957362,5.2353868815359395,-1.4562449200758576,1.3941350181993069,2.3092910969453992,1.306045869397214,1.1266662952892048,7.03063439524e-05,14,6,NewYork,Trending,2,2,3,4,True
EMA.Pullback,ETH-USDT-SWAP,1H,LONG,2026-07-05 22:00:00+00:00,2026-07-06 05:00:00+00:00,1786.0,1767.579567,1768.11,1821.7800000000002,-117.84803655785235,-1.0296496925656735,0,SL,420,0.8876467300167703,-1.2554499720514203,11.334657357396207,17.0,30.48262635285367,63.38536297639203,0.5332313524221283,0.442926969266146,5.683095278630967,-0.38745800671892905,2.2136758006547206,1.8121013241701363,1.282645791292362,1.610980004746921,5.63044651547e-05,21,6,Dead,Trending,3,2,3,4,False
EMA.Pullback,ETH-USDT-SWAP,1H,LONG,2026-07-06 16:00:00+00:00,2026-07-08 01:00:00+00:00,1787.78,1750.1248050000002,1750.65,1862.0399999999997,-108.54600830325853,-1.0141447616482613,0,SL,1980,1.2448155130622185,-1.0498249394021046,16.91966415233503,92.0,22.336868655371145,58.81211077097597,0.36070272139066534,-0.09103823288375193,4.964027649227846,-1.1119936457506019,3.509808008522655,3.3560274017185967,3.1546312902127878,2.380896377006094,6.10400190784e-05,15,0,NewYork,Weak,2,1,3,4,False
EMA.Pullback,ETH-USDT-SWAP,1H,LONG,2026-07-10 15:00:00+00:00,2026-07-11 13:00:00+00:00,1784.11,1805.8099999999997,1773.26,1805.8099999999997,180.1479078341012,2.0,1,TP,1320,2.1880184331797428,-0.37142857142857205,14.23162199026529,43.0,32.59101454489467,57.39163326566097,0.2931450754287411,0.6780610764505899,2.5830546824388287,-1.6086361903907835,2.7647858442964774,4.401022127909215,2.3942280720185853,2.998129978475764,5.03523904176e-05,14,4,NewYork,Trending,2,2,3,4,True
EMA.Pullback,ETH-USDT-SWAP,1H,LONG,2026-07-11 23:00:00+00:00,2026-07-12 00:00:00+00:00,1812.87,1807.547573,1808.09,1822.4299999999998,-168.14026242258876,-1.113478451882817,0,SL,60,0.0,-7.234309623430988,9.637273127418727,10.0,36.89037182036074,57.23303918396646,0.3704412790283459,0.6723610563720035,3.201971901904495,-0.9173299795352183,1.1809946922213892,2.564170793446824,1.104155460964416,1.4438327124908188,-1.05100711028e-05,22,5,Dead,Trending,3,2,3,4,False
EMA.Pullback,ETH-USDT-SWAP,1H,LONG,2026-07-12 04:00:00+00:00,2026-07-12 05:00:00+00:00,1810.62,1800.8695770000002,1801.41,1829.0399999999995,-135.26318942670906,-1.0586778501628589,0,SL,60,0.0,-1.1302931596091281,11.328090939226744,28.000000000000004,29.29840057349511,54.47747799166909,0.30938739339726373,0.39467536689117694,2.952099119608056,-1.0427367421104434,1.818038677606011,2.693801543650454,2.2858855121909993,0.7945815239134995,-3.05826141828e-05,3,6,Asia,Trending,0,2,3,4,False
EMA.Pullback,ETH-USDT-SWAP,1H,LONG,2026-07-12 09:00:00+00:00,2026-07-12 11:00:00+00:00,1804.17,1797.2206720000001,1797.76,1816.9900000000002,-150.53807181278694,-1.0841385335413158,0,SL,120,0.2839313572542766,-1.394695787831504,10.59690694185887,21.0,22.483779412056244,50.868924141925895,0.23484660862290066,0.10900389854970045,2.465497519920597,-1.4045317488471043,1.4547683448706408,2.6171090820900185,2.3784409281016305,0.8512671214346464,-1.80494264056e-05,8,6,London,Weak,1,1,3,4,False
EMA.Pullback,ETH-USDT-SWAP,1H,LONG,2026-07-16 02:00:00+00:00,2026-07-16 07:00:00+00:00,1921.85,1906.72781,1907.3,1950.9499999999998,-123.65310437113223,-1.0393257731958672,0,SL,300,0.5175257731958917,-1.2199312714776671,14.997268904191372,76.0,39.39947017569452,64.02223359079824,0.6445575606484015,1.1807499618463915,6.127895918467253,-1.256601711892192,3.1511319600244643,4.558673046299267,2.850226556495544,0.64076930539362,4.08086469783e-05,1,3,Asia,Trending,0,2,3,4,False
EMA.Pullback,ETH-USDT-SWAP,1H,LONG,2026-07-19 13:00:00+00:00,2026-07-19 17:00:00+00:00,1869.73,1862.980938,1863.54,1882.1100000000001,-154.24475868820758,-1.0903169628433014,0,SL,240,1.491114701130846,-2.2180936995153306,8.525074134857194,24.0,42.08575114839153,61.14643965221563,0.1823091375176903,0.2886017809097261,1.7809908436220503,-0.5385775562377623,1.4745708439842216,1.2716066187335193,1.1163990799551406,1.813671748293633,1.25871505438e-05,12,6,NewYork,Trending,2,2,3,4,False
EMA.Pullback,ETH-USDT-SWAP,1H,LONG,2026-07-19 18:00:00+00:00,2026-07-19 19:00:00+00:00,1866.23,1855.4432000000002,1856.0,1886.69,-132.71362580644842,-1.0544281524926529,0,SL,60,0.0,-1.2238514173998005,9.225052286163379,33.0,39.088316500735374,53.4840227483444,0.17811370770929558,0.2523038436275357,1.5026637618828442,-0.7276702228556998,0.5511853448275872,0.8750572775638873,1.0923452090636565,2.2422775652021256,6.74808766784e-05,17,6,NewYork,Trending,2,2,3,4,False
EMA.Pullback,ETH-USDT-SWAP,1H,LONG,2026-07-19 21:00:00+00:00,2026-07-19 22:00:00+00:00,1866.46,1860.701622,1861.26,1876.8600000000001,-164.4817879461513,-1.1073803846153736,0,SL,60,1.903846153846111,-2.0096153846153757,9.364333043987232,35.0,32.36922421206123,53.678888311109134,0.16130794200085555,0.18071730107188957,1.475749351164604,-0.7152577606806418,0.8853671192597137,0.8513191179133918,1.1779135051344105,0.4931656468473493,6.74808766784e-05,20,6,Dead,Trending,3,2,3,4,False
EMA.Pullback,ETH-USDT-SWAP,1H,LONG,2026-07-19 23:00:00+00:00,2026-07-20 05:00:00+00:00,1869.61,1855.453197,1856.01,1896.8099999999997,-124.62238175146996,-1.0409413970588197,0,SL,360,1.6058823529411979,-1.4279411764705865,10.28072594098898,41.0,29.128817675029044,56.19463519875823,0.15289671719289308,0.14721265259243232,1.6185427599057303,-0.5455683270842606,1.0556300268096501,0.7806795108230086,1.0907593194770255,1.9996558562749664,6.74808766784e-05,22,6,Dead,Trending,3,2,3,4,False
EMA.Pullback,ETH-USDT-SWAP,1H,LONG,2026-07-20 11:00:00+00:00,2026-07-20 12:00:00+00:00,1867.99,1880.6299999999999,1861.67,1880.6299999999999,164.4118354430376,2.0,1,TP,60,3.973101265822809,0.0,13.37399520487833,57.99999999999999,21.9926526985014,52.567173616783485,0.12669083379304844,0.05407264148577545,1.3682242355861394,-1.255353319057818,1.4665942422596416,1.5022274224444827,1.7968703341545298,0.667754885425721,-2.2207834139e-06,10,0,London,Weak,1,1,3,4,True
EMA.Pullback,ETH-USDT-SWAP,1H,LONG,2026-07-20 13:00:00+00:00,2026-07-20 14:00:00+00:00,1872.43,1869.8388800000002,1870.4,1876.49,-144.13359452688925,-1.2764137931033763,0,SL,60,0.0,-9.945812807881934,15.146199947063442,90.0,23.44345528522408,52.809874864771274,0.13386271221701823,0.08630942911327702,1.5654536861810997,-1.3121985868630568,1.707224334600764,1.9602628378679547,2.577904398513243,1.5422353990079005,-2.2207834139e-06,12,0,NewYork,Weak,2,1,3,4,False
EMA.Pullback,ETH-USDT-SWAP,1H,LONG,2026-07-20 16:00:00+00:00,2026-07-24 00:00:00+00:00,1901.5,1866.219966,1866.78,1970.94,-109.73703911175032,-1.0161300115207332,0,SL,4800,1.594470046082945,-1.2465437788018416,17.578888951785128,100.0,22.188435581828703,63.18522944929036,0.145760186915877,0.14061998881076798,3.0869959015482094,-0.18406521167499343,3.2862574687669746,2.491432989451291,3.3002578383480836,2.331380525923434,-2.2207834139e-06,15,0,NewYork,Weak,2,1,3,4,False
EMA.Pullback,ETH-USDT-SWAP,1H,LONG,2026-07-27 13:00:00+00:00,2026-07-27 14:00:00+00:00,1956.65,1941.61734,1942.2,1985.5500000000002,-124.25107546020799,-1.040322491349483,0,SL,60,0.640830449826987,-2.6650519031141777,11.95613035456676,67.0,56.18767706807957,65.76404182922712,0.38539393681462414,1.0947934624752336,3.4377464210739195,-1.3109207621228156,2.441348474615322,3.9791578066844204,2.0008715489161157,1.954788439368939,2.80698073452e-05,12,0,NewYork,Trending,2,2,3,4,False
EMA.Pullback,ETH-USDT-SWAP,1H,LONG,2026-07-27 20:00:00+00:00,2026-07-27 22:00:00+00:00,1947.49,1936.108993,1936.69,1969.09,-132.33493885000013,-1.0537969444444446,0,SL,120,0.18055555555556052,-5.267592592592624,15.953289158927406,99.0,37.08800332533688,55.28465805824506,0.2876673833113837,0.5648083600305052,2.7729395474491025,-1.7869154655479593,1.530128144973772,2.4537221663193307,2.3322034125098163,0.7090655800202557,4.5289516199e-06,19,0,NewYork,Trending,2,2,3,4,False
EMA.Pullback,ETH-USDT-SWAP,1H,LONG,2026-07-28 16:00:00+00:00,2026-07-29 04:00:00+00:00,1918.88,1882.765001,1883.33,1989.9800000000005,-109.59489451645534,-1.0158930801687747,0,SL,720,0.31167369901546754,-1.0033755274261573,17.034733851818892,96.0,31.482534894708465,55.719431508226975,-0.053984985633386266,-0.49939086101192737,1.0604861471643587,-1.86743021955629,2.9926005650477547,4.380153096310698,4.166610099229033,1.6205121569653766,-1.22022483673e-05,15,1,NewYork,Trending,2,2,3,4,False
FVG+EMA200+Slope,SOL-USDT-SWAP,1H,LONG,2026-05-08 19:00:00+00:00,2026-05-09 01:00:00+00:00,92.28,93.64000000000001,91.6,93.64000000000001,183.5952941176472,2.0,1,TP,360,2.2352941176470305,-0.8823529411764534,0.7888348862364363,99.0,20.093361907816238,82.20187609295768,0.3526133358854486,0.5497607989029745,6.585817912534943,-0.2817817275387506,5.379168570123337,5.163832344965916,2.8148844837963454,2.0414268875263235,-4.1648952057e-06,18,4,NewYork,Weak,2,1,4,7,True
FVG+EMA200+Slope,SOL-USDT-SWAP,1H,LONG,2026-05-09 02:00:00+00:00,2026-05-09 15:00:00+00:00,93.43,92.34228900000001,92.37,95.55000000000001,-115.7439031509427,-1.0261424528301852,0,SL,780,0.6509433962264115,-1.0377358490566095,0.7842340198576452,96.0,32.93825753071043,79.1002181950542,0.6192210732385659,1.4432969573605678,7.423350584193946,-0.4067651466495349,6.656010960155266,8.407667438950787,3.0204030754810556,1.7549024564623268,2.92942166794e-05,1,5,Asia,Trending,0,2,4,7,False
FVG+EMA200+Slope,SOL-USDT-SWAP,1H,LONG,2026-05-10 05:00:00+00:00,2026-05-10 07:00:00+00:00,93.28,93.56,93.14,93.56,89.99571183533507,2.0,1,TP,120,2.2142857142857215,-0.6428571428571646,0.5121498469346659,1.0,20.25420583739183,58.04600421935526,0.566040061539331,0.6506590488180792,5.465813658572443,-0.4180512380748211,1.0397487273908892,0.9683436346913833,1.329695465359582,0.8428076290802039,-8.27350481e-06,4,6,Asia,Weak,0,1,4,7,True
FVG+EMA200+Slope,SOL-USDT-SWAP,1H,LONG,2026-05-10 10:00:00+00:00,2026-05-10 11:00:00+00:00,94.26,93.961803,93.99,94.80000000000003,-162.7137339999914,-1.1044333333332983,0,SL,60,0.0,-5.222222222222064,0.5015461807541377,5.0,21.457712813276185,70.41760425628766,0.557567399386243,0.6088024531504671,6.257758328866939,-0.5941014215998176,2.09032817069209,1.5311629325799274,1.4202284993161878,3.341402312815495,2.0200826351e-06,9,6,London,Weak,1,1,4,7,False
FVG+EMA200+Slope,SOL-USDT-SWAP,1H,LONG,2026-05-10 15:00:00+00:00,2026-05-10 16:00:00+00:00,93.83,94.24999999999999,93.62,94.24999999999999,146.26285714285558,2.0,1,TP,60,5.333333333333514,0.0,0.5610822426867252,13.0,19.259637364596948,58.98528131315816,0.5574254486430349,0.5980477508283416,5.499516165883762,-1.0443307757885654,1.4157570517669968,1.4742976305214506,1.410086797841572,1.1260137601315552,2.0200826351e-06,14,6,NewYork,Ranging,2,0,4,7,True
FVG+EMA200+Slope,SOL-USDT-SWAP,1H,LONG,2026-05-10 18:00:00+00:00,2026-05-10 20:00:00+00:00,96.44,94.721575,94.75,99.82,-110.15070680473357,-1.0168195266272182,0,SL,120,0.23076923076923142,-1.8224852071005933,0.6821456585942921,43.0,23.482179330424945,78.39088119054895,0.6033203577403639,0.7645462243179112,8.196737492461018,-0.0311074243052687,4.225656543823621,3.4227923389485353,2.409645355486728,3.5904454314406022,-7.806897465e-06,17,6,NewYork,Weak,2,1,4,7,False
FVG+EMA200+Slope,SOL-USDT-SWAP,1H,LONG,2026-05-11 00:00:00+00:00,2026-05-11 01:00:00+00:00,96.42,95.89122400000001,95.92,97.42,-134.58774687999738,-1.057551999999987,0,SL,60,0.0,-2.259999999999991,0.9614528457283228,100.0,22.418908268190382,65.65502600670435,0.7016995480897799,1.0792317617316831,7.71543579522977,-0.5081406201389556,3.855681206246648,4.995343338548422,3.642874863665509,0.9652389989812546,-7.806897465e-06,23,6,Dead,Weak,3,1,4,7,False
FVG+EMA200+Slope,SOL-USDT-SWAP,1H,LONG,2026-05-11 17:00:00+00:00,2026-05-12 01:00:00+00:00,97.29,96.411068,96.44,98.99000000000002,-120.4805459764698,-1.0340376470588202,0,SL,480,1.258823529411744,-2.1647058823529233,1.0095599758464218,100.0,12.886630994947192,65.99528201064167,0.587440749243488,0.5551427819120643,7.553172275604295,-0.6887335526315806,3.2367611164172736,2.883055901814525,3.195582984008998,2.594604270255438,-1.73273136275e-05,16,0,NewYork,Ranging,2,0,4,7,False
FVG+EMA200+Slope,SOL-USDT-SWAP,1H,LONG,2026-05-12 19:00:00+00:00,2026-05-12 20:00:00+00:00,94.51,94.89000000000003,94.32,94.89000000000003,140.1894736842143,2.0,1,TP,60,2.263157894736661,0.0,0.8330140173941002,56.99999999999999,20.818136267732292,41.17318913309486,0.33903823294799595,-0.3184157990446713,3.063522357347121,-3.2800761824145535,1.0261892036344287,4.332074236449008,2.24940467957385,0.4081089403538415,0.0001,18,1,NewYork,Weak,2,1,4,7,True
FVG+EMA200+Slope,SOL-USDT-SWAP,1H,LONG,2026-05-13 03:00:00+00:00,2026-05-13 04:00:00+00:00,95.17,95.59000000000002,94.96,95.59000000000002,145.49714285714492,2.0,1,TP,60,3.6190476190475063,0.0,0.7101900704445908,35.0,17.103571752469215,51.23562202545644,0.3158003225873842,-0.2057578360573819,3.5311422663296272,-1.145198571128377,1.742383752004286,2.346888670711423,2.0112209413667115,0.4027685858871889,0.0001,2,2,Asia,Ranging,0,0,4,7,True
FVG+EMA200+Slope,SOL-USDT-SWAP,1H,LONG,2026-05-13 10:00:00+00:00,2026-05-13 11:00:00+00:00,95.66,95.47135,95.5,95.97999999999999,-173.5201808488368,-1.1790624999999972,0,SL,60,0.0,-9.187500000000188,0.6328340945627197,22.0,13.802697349463584,56.65394187083044,0.3499980274487259,0.04180293007335468,3.782029376393261,-0.29273392577104146,2.2447888829503033,2.1950388177070757,1.747706802209468,0.8432032789890468,-7.7078098504e-05,9,2,London,Ranging,1,0,4,7,False
FVG+EMA200+Slope,SOL-USDT-SWAP,1H,LONG,2026-06-14 22:00:00+00:00,2026-06-15 15:00:00+00:00,70.11,74.83,67.75,74.83,196.3150847457627,2.0,1,TP,1020,2.1610169491525406,0.0,0.6225292239298752,45.0,27.653761445928218,73.66479123015365,0.03059481804392791,0.039641062684455185,3.765108652393355,-0.5562687205819434,4.798206278026896,3.964298867487201,4.1541906927938355,4.378851321189863,-3.20449128752e-05,21,6,Dead,Trending,3,2,4,7,True
FVG+EMA200+Slope,SOL-USDT-SWAP,1H,LONG,2026-06-15 17:00:00+00:00,2026-06-15 19:00:00+00:00,75.43,74.887527,74.91,76.47000000000003,-125.98779157691904,-1.0432173076922893,0,SL,120,0.6346153846153688,-1.7692307692307376,0.816505338142612,96.0,51.07784233840649,88.88570808762556,0.7093036884688957,2.066874038909928,10.366202094592728,-0.8219541296566223,11.33579335793359,8.164228672189338,4.396256796739043,1.9125970582400338,-8.96474150698e-05,16,0,NewYork,Trending,2,2,4,7,False
FVG+EMA200+Slope,SOL-USDT-SWAP,1H,LONG,2026-06-16 08:00:00+00:00,2026-06-16 09:00:00+00:00,74.41,75.09,74.07,75.09,173.6176470588238,2.0,1,TP,60,2.970588235294103,0.0,0.7416176296517322,80.0,34.19947358132421,62.51246747499709,0.7055479133178025,1.2682126749272362,7.599265243485226,-2.2040048380594013,2.975366731248258,4.227941782520645,3.5316885573941517,0.7134373346981476,3.1540261669e-05,7,1,London,Trending,1,2,4,7,True
FVG+EMA200+Slope,SOL-USDT-SWAP,1H,LONG,2026-06-16 19:00:00+00:00,2026-06-16 23:00:00+00:00,73.97,73.507941,73.53,74.85,-130.13744649999958,-1.0501340909090882,0,SL,240,0.5227272727272845,-1.3636363636363578,0.8305863854834148,95.0,24.812197941997105,53.05148944323091,0.6514864821970052,0.8424982282991508,6.161673080222104,-2.230935640886974,2.3242944106253356,3.57249480360775,3.6254966518728233,1.0827572904723999,1.46462080172e-05,18,1,NewYork,Weak,2,1,4,7,False
FVG+EMA200+Slope,SOL-USDT-SWAP,1H,LONG,2026-06-18 01:00:00+00:00,2026-06-18 02:00:00+00:00,72.17,72.57000000000001,71.97,72.57000000000001,156.5780000000006,2.0,1,TP,60,2.349999999999961,-0.7999999999999716,0.9065491926767191,95.0,20.279749086007126,44.84862293111889,0.31242814034340294,-0.1524712023367048,2.3558487932870436,-3.4220005541701286,2.0067834934991544,4.343122721066214,4.390384613852246,0.5397868470374646,2.9590731168e-06,0,3,Asia,Weak,0,1,4,7,True
FVG+EMA200+Slope,SOL-USDT-SWAP,1H,LONG,2026-06-18 09:00:00+00:00,2026-06-18 10:00:00+00:00,71.81,71.548529,71.57,72.29000000000002,-153.73213224999057,-1.0894624999999596,0,SL,60,0.0,-3.2499999999998814,0.7822803140058983,63.0,21.607235341336445,45.63181433562635,0.1678196075456379,-0.5049384583393528,1.7203717093410638,-3.940406571985537,1.756871635024079,4.896905907994003,4.469944407789761,0.5425930321915426,-3.87989333161e-05,8,3,London,Weak,1,1,4,7,False
FVG+EMA200+Slope,SOL-USDT-SWAP,1H,LONG,2026-06-20 16:00:00+00:00,2026-06-20 17:00:00+00:00,72.0,71.57852,71.6,72.80000000000001,-132.27677799999796,-1.0536999999999914,0,SL,60,0.0,-2.3749999999999734,0.7643856944694932,57.99999999999999,33.62184261618943,64.64628851316259,0.19621269019968443,0.7925220561567676,2.364562082169777,-0.8334490901514218,4.819452533488625,5.997042195988738,2.7352968087604506,1.9101493764633246,-1.18951848813e-05,15,5,NewYork,Trending,2,2,4,7,False
FVG+EMA200+Slope,SOL-USDT-SWAP,1H,LONG,2026-06-20 22:00:00+00:00,2026-06-20 23:00:00+00:00,72.35,73.20999999999998,71.92,73.20999999999998,179.68930232558105,2.0,1,TP,60,2.9069767441860965,0.0,0.664718488567769,11.0,32.02937576657623,66.06485099958208,0.20184194738075462,0.6881438226817477,2.747377071332524,-0.3317208016586166,4.205674780354295,3.6671537932494425,2.7425628507054585,0.5205763716819096,2.16896145785e-05,21,5,Dead,Trending,3,2,4,7,True
FVG+EMA200+Slope,SOL-USDT-SWAP,1H,LONG,2026-06-22 02:00:00+00:00,2026-06-22 14:00:00+00:00,74.33,73.198034,73.22,76.55,-111.9323261621607,-1.019789189189182,0,SL,720,0.5675675675675638,-1.0720720720720707,0.8076782205522196,82.0,26.652610411520012,60.13261276653334,0.3665752385307688,0.65343096638499,4.410338516752635,-0.9149623250807413,2.907781777900851,2.9469219693255693,3.3530564546658446,2.35726102811142,-5.01585581876e-05,1,0,Asia,Trending,0,2,4,7,False
FVG+EMA200+Slope,SOL-USDT-SWAP,1H,LONG,2026-06-27 14:00:00+00:00,2026-06-27 15:00:00+00:00,72.32,72.82,72.07,72.82,165.1664,2.0,1,TP,60,3.3600000000000136,0.0,0.7583327581029138,30.0,33.14542298789685,60.06090660010715,0.26230678338068913,0.9745766066252742,2.9360103296710007,-2.184734513274354,1.4163511428971967,1.8186522902013644,2.283830541419178,0.8999237299653469,7.11020586954e-05,13,5,NewYork,Trending,2,2,4,7,True
FVG+EMA200+Slope,SOL-USDT-SWAP,1H,LONG,2026-06-28 09:00:00+00:00,2026-06-28 17:00:00+00:00,71.87,70.988697,71.01,73.59,-114.9210718837217,-1.0247709302325618,0,SL,480,0.5930232558139433,-1.1162790697674518,0.6499675156638511,14.000000000000002,21.792512071563024,58.03523226345726,0.055893925597916366,-0.06440263682371222,2.0327763551556024,-1.809073197884772,2.510699001426541,4.345153224164283,2.70649681810615,2.2708645936930387,7.82065129036e-05,8,6,London,Weak,1,1,4,7,False
FVG+EMA200+Slope,SOL-USDT-SWAP,1H,LONG,2026-06-29 04:00:00+00:00,2026-06-29 05:00:00+00:00,72.64,72.12835500000001,72.15,73.61999999999999,-126.56143122448698,-1.04417346938774,0,SL,60,0.0,-3.428571428571478,0.9712733614162745,57.99999999999999,19.278190087818142,62.788142101078115,0.09850166579498537,0.07956622089179406,2.897334309828044,-0.8947006194081094,4.2623421354764615,3.2200007379424482,3.251337564801292,1.8404718983675095,4.516223718e-07,3,0,Asia,Ranging,0,0,4,7,False
FVG+EMA200+Slope,SOL-USDT-SWAP,1H,LONG,2026-06-29 19:00:00+00:00,2026-06-29 22:00:00+00:00,75.56,75.07746999999999,75.1,76.48000000000002,-129.44401782608787,-1.0489782608695715,0,SL,180,0.8913043478260642,-1.1521739130434607,1.2202600725751753,88.0,19.053224144058976,75.23420704953875,0.4237183758144813,1.1551937181481986,6.454640507716928,-1.1644832605531423,7.818519046939635,6.234089667616489,3.6735962408805807,0.5075971041891546,8.38618609042e-05,18,0,NewYork,Ranging,2,0,4,7,False
FVG+EMA200+Slope,SOL-USDT-SWAP,1H,LONG,2026-07-01 05:00:00+00:00,2026-07-01 06:00:00+00:00,75.51,75.167443,75.19,76.15000000000002,-142.350145562494,-1.0704906249999733,0,SL,60,0.0,-4.999999999999911,0.8991979854637943,59.0,11.726545866681068,69.08495409697176,0.3319938164055257,0.4395749191949034,5.07859325984996,-0.42378492914844806,5.079320901753418,4.287030862247343,3.1196761896607494,1.01773508068229,0.0001,4,2,Asia,Ranging,0,0,4,7,False
FVG+EMA200+Slope,SOL-USDT-SWAP,1H,LONG,2026-07-01 10:00:00+00:00,2026-07-01 11:00:00+00:00,75.42,75.007491,75.03,76.2,-134.68576784615348,-1.057715384615383,0,SL,60,0.0,-2.1282051282051206,0.8924748014532798,59.0,11.046112846991036,62.28069232619618,0.4152150293173901,0.7258062105834948,4.741447349436355,-0.5302929868752373,4.488156254328867,4.711823075201185,2.6694192685058358,0.8958461263825271,5.46829089141e-05,9,2,London,Ranging,1,0,4,7,False
FVG+EMA200+Slope,SOL-USDT-SWAP,1H,LONG,2026-07-01 15:00:00+00:00,2026-07-02 09:00:00+00:00,76.92,79.56000000000002,75.6,79.56000000000002,192.88727272727274,2.0,1,TP,1080,2.1439393939393807,-0.27272727272727076,0.9543050634705648,77.0,11.90289940817413,68.85246873233464,0.44885900033783815,0.7906950000680644,6.562413311769731,-0.4030161206448287,6.552154037955401,5.03863113373006,3.5663642950269936,2.6954236005211785,5.46829089141e-05,14,2,NewYork,Ranging,2,0,4,7,True
FVG+EMA200+Slope,SOL-USDT-SWAP,1H,LONG,2026-07-02 10:00:00+00:00,2026-07-02 11:00:00+00:00,79.43,81.79000000000002,78.25,81.79000000000002,191.80237288135595,2.0,1,TP,60,2.855932203389806,0.0,0.9222978063602504,56.00000000000001,27.34016436157748,68.91584195157982,0.7349209474456352,1.3773571299353335,8.533687182353203,-0.4155124653739591,5.052910052910063,3.19549904645976,3.3114537712261303,2.0526367461935364,-1.7739160409e-06,9,3,London,Trending,1,2,4,7,True
FVG+EMA200+Slope,SOL-USDT-SWAP,1H,LONG,2026-07-02 12:00:00+00:00,2026-07-02 13:00:00+00:00,82.33,81.445559,81.47,84.05,-117.11015527906883,-1.0284197674418558,0,SL,60,0.0,-1.9767441860465162,1.0766241289534813,91.0,32.450667851925125,79.40224324117077,0.8418333988431467,1.726798966730543,12.250254840811138,-0.5586592178770874,7.549634273772206,7.165260395579871,4.575910594782056,2.6870508103670927,-1.7739160409e-06,11,3,London,Trending,1,2,4,7,False
FVG+EMA200+Slope,SOL-USDT-SWAP,1H,LONG,2026-07-03 19:00:00+00:00,2026-07-04 04:00:00+00:00,82.09,83.07000000000002,81.6,83.07000000000002,179.7763265306126,2.0,1,TP,540,3.795918367346867,-0.6530612244897989,0.7481499397290697,3.0,38.97951578628611,64.69108933955195,0.8583784657739482,1.0422221755029741,8.832881039535948,-0.38986354775829357,2.280373831775699,2.08511656129477,2.130874535818339,0.8642288195666143,-5.5843438794e-06,18,4,NewYork,Trending,2,2,4,7,True
FVG+EMA200+Slope,SOL-USDT-SWAP,1H,LONG,2026-07-04 05:00:00+00:00,2026-07-04 06:00:00+00:00,83.45,82.59521400000001,82.62,85.11,-117.97579860240768,-1.0298626506023998,0,SL,60,0.12048192771083677,-1.192771084337363,0.7480212759448691,8.0,43.83251228338878,70.54332559254611,0.89267007848449,1.0898624790446148,9.670419245957405,-0.5991611743559018,3.510295212106175,2.9058395100916696,1.89643343910066,2.3827974793636493,0.0001,4,5,Asia,Trending,0,2,4,7,False
FVG+EMA200+Slope,SOL-USDT-SWAP,1H,LONG,2026-07-04 17:00:00+00:00,2026-07-04 19:00:00+00:00,82.19,81.915418,81.94,82.69,-159.05090031999617,-1.0983279999999809,0,SL,120,1.6000000000000227,-2.159999999999968,0.6487663532237133,1.0,27.390904036238023,53.67268675950514,0.7123048543217364,0.4178191362608918,7.047078981508504,-2.1538087125821317,1.144615384615393,2.522085811565406,2.228743100139656,0.8182400318890587,4.17135623585e-05,16,5,NewYork,Trending,2,2,4,7,False
FVG+EMA200+Slope,SOL-USDT-SWAP,1H,LONG,2026-07-05 14:00:00+00:00,2026-07-05 22:00:00+00:00,81.19,82.31,80.63,82.31,182.48214285714295,2.0,1,TP,480,2.1607142857142914,-0.821428571428557,0.589077270398159,8.0,21.005956286601634,51.74211771957016,0.4023746160503344,-0.3150563257557686,4.658477064014831,-1.72435028944452,1.9590606555318377,3.352152471759949,1.8937001079301008,0.8999899144611293,9.38984297786e-05,13,6,NewYork,Weak,2,1,4,7,True
FVG+EMA200+Slope,SOL-USDT-SWAP,1H,LONG,2026-07-05 23:00:00+00:00,2026-07-06 00:00:00+00:00,81.79,81.57552,81.6,82.17000000000003,-177.3575326315709,-1.1288421052631337,0,SL,60,2.315789473684053,-3.789473684210357,0.6066138787542792,20.0,16.736632695458937,60.25730073104157,0.45633053881073465,0.08527214420206224,4.989301116432996,-0.758131572511622,2.699987441918882,2.332700494051702,1.7458952749219425,2.139464431331909,-6.1859640522e-06,22,6,Dead,Ranging,3,0,4,7,False
FVG+EMA200+Slope,SOL-USDT-SWAP,1H,LONG,2026-07-06 17:00:00+00:00,2026-07-07 02:00:00+00:00,82.07,81.20563100000001,81.23,83.74999999999997,-117.46468792856999,-1.0290107142857063,0,SL,540,1.9880952380952657,-1.0476190476190557,0.8356322567040262,85.0,14.562504382173437,60.700162060361954,0.2955452161294508,-0.2048982788947361,4.712496795042409,-0.4143309773336624,3.650372615889858,3.6353664394667793,3.385371680522202,1.6941526735050771,9.2055257644e-06,16,0,NewYork,Ranging,2,0,4,7,False
FVG+EMA200+Slope,SOL-USDT-SWAP,1H,LONG,2026-07-07 08:00:00+00:00,2026-07-07 09:00:00+00:00,81.45,81.255616,81.28,81.79,-186.11257035293764,-1.1434352941176322,0,SL,60,0.0,-2.176470588235299,0.739158896245187,60.0,14.349448994341344,50.88316532139382,0.3628527138175909,0.1520555759540985,3.3194056314278972,-2.8115408225905365,2.8798787419477088,3.9568895764327587,3.2099358507064304,0.572019657493221,6.15475511772e-05,7,1,London,Ranging,1,0,4,7,False
FVG+EMA200+Slope,SOL-USDT-SWAP,1H,LONG,2026-07-15 14:00:00+00:00,2026-07-15 16:00:00+00:00,78.06,77.596714,77.62,78.94,-131.81046099999963,-1.0529227272727248,0,SL,120,0.3409090909090733,-2.386363636363642,0.6458945137714921,95.0,31.12400512832275,61.03723009741576,0.0492165431655074,0.5122517751771648,0.8560168839546674,-1.2171684817424766,1.495448634590366,1.7617270551529445,1.9068013693371195,3.5598615254604122,3.31511415222e-05,13,2,NewYork,Trending,2,2,4,7,False
FVG+EMA200+Slope,SOL-USDT-SWAP,1H,LONG,2026-07-20 17:00:00+00:00,2026-07-20 18:00:00+00:00,77.62,78.06,77.4,78.06,157.54181818181794,2.0,1,TP,60,3.363636363636358,-0.3181818181818534,0.704449292674795,99.0,22.372524777379105,62.73564019588652,0.049578791513610235,0.3600157526416058,1.738297323005566,-0.34780368414274154,2.9029692470837722,2.859613788186337,3.3495397670435434,1.0715560496952548,1.46632206401e-05,16,0,NewYork,Weak,2,1,4,7,True
FVG+EMA200+Slope,SOL-USDT-SWAP,1H,LONG,2026-07-22 01:00:00+00:00,2026-07-22 02:00:00+00:00,78.39,78.03658200000001,78.06,79.05,-142.6339239999956,-1.0709636363636137,0,SL,60,0.2727272727272845,-1.0606060606060488,0.45204682985720707,46.0,17.227718526643937,59.578615644212654,0.16611070011267332,0.29613214393924475,2.106792532589524,-0.5612244897959154,1.331265348326226,1.3693495521355106,1.457298583250813,1.2816951309398692,3.77465962791e-05,0,2,Asia,Ranging,0,0,4,7,False
Liq.Sweep.Rev,SOL-USDT-SWAP,1H,LONG,2026-05-09 14:00:00+00:00,2026-05-09 15:00:00+00:00,93.4,92.922115,92.95,94.30000000000001,-137.23628199999874,-1.0619666666666612,0,SL,60,0.0,-2.377777777777779,0.6628311925885436,37.0,38.371825962536505,66.68117849848284,0.6947830436069581,1.3305058356866823,6.512086450928862,-0.7600899261321143,1.9759825327510945,2.576183237389518,1.9897056134379292,0.6000592432624199,-5.61790902694e-05,13,5,NewYork,Trending,2,2,5,7,False
Liq.Sweep.Rev,SOL-USDT-SWAP,1H,LONG,2026-05-09 16:00:00+00:00,2026-05-10 09:00:00+00:00,92.95,94.19000000000001,92.33,94.19000000000001,181.88967741935497,2.0,1,TP,1020,3.0161290322580268,-0.6774193548387074,0.6616248548339986,35.0,34.510507278089044,58.69186993671221,0.6678786727448104,1.1784367426912334,5.86359605523049,-1.2587412587412605,1.3852530541012174,2.4245321486202123,1.9920462931334468,1.3793323392543606,-5.61790902694e-05,15,5,NewYork,Trending,2,2,5,7,True
Liq.Sweep.Rev,SOL-USDT-SWAP,1H,LONG,2026-05-11 05:00:00+00:00,2026-05-11 06:00:00+00:00,94.91,95.94999999999999,94.39,95.94999999999999,177.97769230769214,2.0,1,TP,60,2.346153846153862,0.0,0.9697768627822595,96.0,17.491690401321765,51.652346117481144,0.6729458775095234,0.8948364091006424,5.6830860656122795,-2.1177958065535827,2.2186322024771163,4.431972213998281,3.9116681522173806,0.4743306449120155,1.82816853559e-05,4,0,Asia,Ranging,0,0,5,7,True
Liq.Sweep.Rev,SOL-USDT-SWAP,1H,LONG,2026-05-11 14:00:00+00:00,2026-05-11 15:00:00+00:00,95.17,96.59000000000002,94.46,96.59000000000002,183.79492957746498,2.0,1,TP,60,2.2394366197182896,-0.49295774647887974,0.8424181036516063,85.0,11.971121175457656,52.187057323381985,0.5710840893522567,0.4831695458062821,5.419982435010446,-1.8495166036149697,1.928020565552696,2.4994151736140124,3.4524185880307416,1.204335695993249,8.02585026017e-05,13,0,NewYork,Ranging,2,0,5,7,True
Liq.Sweep.Rev,SOL-USDT-SWAP,1H,LONG,2026-05-12 10:00:00+00:00,2026-05-12 11:00:00+00:00,95.74,95.221425,95.25,96.71999999999998,-135.04629693877732,-1.0583163265306201,0,SL,60,0.0,-2.4285714285714493,0.8322872822963238,63.0,16.965839279635812,45.9389735991515,0.5564489537740402,0.3463000089771988,4.720056066794092,-2.725848563968668,1.6130743924440156,3.309962147222541,3.0537798493204535,0.8988808129375402,-6.0113579606e-06,9,1,London,Ranging,1,0,5,7,False
Liq.Sweep.Rev,SOL-USDT-SWAP,1H,LONG,2026-05-12 13:00:00+00:00,2026-05-12 15:00:00+00:00,95.17,94.291704,94.32,96.87000000000002,-120.03164969411685,-1.0332894117647025,0,SL,120,0.011764705882358843,-1.8823529411764617,0.8486498393604326,68.0,18.685695165982,42.144544296481264,0.48395982777087504,0.1068117128417821,3.954163539736095,-3.3627574611181195,0.8905852417302835,3.9063309744349497,2.416111381816204,2.0665285685410573,-6.0113579606e-06,12,1,NewYork,Ranging,2,0,5,7,False
Liq.Sweep.Rev,SOL-USDT-SWAP,1H,LONG,2026-05-13 01:00:00+00:00,2026-05-13 02:00:00+00:00,94.43,95.31000000000003,93.99,95.31000000000003,174.12636363636432,2.0,1,TP,60,2.522727272727203,0.0,0.7002204367286364,33.0,19.549913636795782,42.007479912925575,0.2926674580452334,-0.34009097224636814,2.7880983159854917,-2.65805358466588,0.9406734366648954,3.0306671043709112,1.842877995943569,0.5868201753692905,0.0001,0,2,Asia,Ranging,0,0,5,7,True
Liq.Sweep.Rev,SOL-USDT-SWAP,1H,LONG,2026-05-13 08:00:00+00:00,2026-05-13 09:00:00+00:00,95.08,95.61999999999999,94.81,95.61999999999999,157.62222222222158,2.0,1,TP,60,2.7777777777778185,0.0,0.647369719137829,23.0,13.6708260066078,49.1773116512613,0.33193365194994584,-0.055847707369744544,3.230013137917008,-0.9045966130219981,1.6247995724211608,1.9569569796766086,1.8052921434262155,0.6172787521380257,0.0001,7,2,London,Ranging,1,0,5,7,True
Liq.Sweep.Rev,SOL-USDT-SWAP,1H,LONG,2026-05-15 03:00:00+00:00,2026-05-15 04:00:00+00:00,92.3,91.37258000000001,91.4,94.09999999999998,-118.33817199999845,-1.0304666666666584,0,SL,60,0.0,-1.2111111111111263,0.789633026787613,38.0,22.977914064582812,51.388278819418645,0.06089271106620534,0.014105239204845538,0.3145553435906224,-1.4191311883869593,2.045102807870892,4.036890942172816,2.941405088111343,1.6064140035782686,4.67324241017e-05,2,4,Asia,Weak,0,1,5,7,False
Liq.Sweep.Rev,SOL-USDT-SWAP,1H,LONG,2026-06-14 10:00:00+00:00,2026-06-14 12:00:00+00:00,68.44,67.839642,67.86,69.6,-121.11789400000065,-1.035100000000003,0,SL,120,0.0,-1.3448275862069026,0.4653993907701109,2.0,33.72824212271046,55.61606939187356,0.14718414598559498,0.565369121235765,1.3409460314796962,-1.6364699006429055,0.9737385659486524,2.022601920636363,2.247861369201653,0.7887422769976331,-3.54669567915e-05,9,6,London,Trending,1,2,5,7,False
Liq.Sweep.Rev,SOL-USDT-SWAP,1H,LONG,2026-06-17 02:00:00+00:00,2026-06-17 07:00:00+00:00,73.89,73.07807,73.1,75.47000000000001,-116.71403063291064,-1.0277594936708827,0,SL,300,0.24050632911391928,-1.2658227848101165,0.739797936415004,68.0,16.30327455028976,52.35426446272578,0.5671903064287876,0.5134361164591681,5.642311771564781,-2.327784544593313,2.227448810182622,3.379631997846544,3.315508851597316,0.7637727215598321,8.6311818398e-06,1,2,Asia,Ranging,0,0,5,7,False
Liq.Sweep.Rev,SOL-USDT-SWAP,1H,LONG,2026-06-17 13:00:00+00:00,2026-06-17 15:00:00+00:00,72.28,73.78,71.53,73.78,188.3152,2.0,1,TP,120,2.080000000000003,-0.6666666666666666,0.6934575670496362,51.0,18.88901884464694,39.32406650348147,0.391225788668034,-0.07867378950910402,2.892602044591372,-2.9464656245677068,1.0624912624073886,3.70371530577511,2.4230168302402526,1.9116021749267433,-7.9779243916e-06,12,2,NewYork,Ranging,2,0,5,7,True
Liq.Sweep.Rev,SOL-USDT-SWAP,1H,LONG,2026-06-17 23:00:00+00:00,2026-06-18 05:00:00+00:00,71.66,70.73877200000001,70.76,73.45999999999998,-114.21058479999871,-1.0235866666666598,0,SL,360,1.0888888888889037,-1.2000000000000095,0.9745777619209279,99.0,19.80959952756551,39.849412608532965,0.32638579882632013,-0.13564620446900164,1.6498993327517888,-4.18702023726448,1.2577727529677791,4.55934146105267,4.349472955753963,0.6887607088008957,-4.2120277869e-05,22,2,Dead,Ranging,3,0,5,7,False
Liq.Sweep.Rev,SOL-USDT-SWAP,1H,LONG,2026-06-18 06:00:00+00:00,2026-06-18 09:00:00+00:00,71.07,72.04999999999998,70.58,72.04999999999998,182.47510204081613,2.0,1,TP,180,2.1428571428571885,0.0,0.8466669010615308,87.0,21.984912494961932,37.66488972253408,0.18080547096585467,-0.5386342196199729,0.716014545594314,-5.022509848058536,0.7084159818645509,4.686660329029264,4.450648527412687,0.7279364294903763,2.9590731168e-06,5,3,Asia,Weak,0,1,5,7,True
Liq.Sweep.Rev,SOL-USDT-SWAP,1H,LONG,2026-06-18 15:00:00+00:00,2026-06-18 16:00:00+00:00,71.04,70.618808,70.64,71.84000000000002,-131.84482119999916,-1.0529799999999974,0,SL,60,0.0,-6.699999999999922,0.8056611722377719,73.0,21.813146696276377,41.02093706973803,0.10477703228971816,-0.585585374407474,0.5470604507157296,-3.716739405884838,0.6375743836780998,2.4854814381900354,3.9153471235121877,1.4423973163764452,-3.87989333161e-05,14,3,NewYork,Weak,2,1,5,7,False
Liq.Sweep.Rev,SOL-USDT-SWAP,1H,LONG,2026-06-20 15:00:00+00:00,2026-06-22 01:00:00+00:00,71.9,74.84,70.43,74.84,194.01061224489797,2.0,1,TP,2040,2.108843537414964,-0.578231292517013,0.7470307478902227,49.0,33.25084591889621,63.963623128802915,0.19479170169545865,0.8117161596446734,2.260890336506141,-0.764951321279551,4.688410017472333,6.189215003607011,2.762735932629248,2.4818820794643264,-1.18951848813e-05,14,5,NewYork,Trending,2,2,5,7,True
Liq.Sweep.Rev,SOL-USDT-SWAP,1H,LONG,2026-06-22 20:00:00+00:00,2026-06-22 21:00:00+00:00,72.66,72.388277,72.41,73.16,-152.1899864799955,-1.0868919999999775,0,SL,60,0.7599999999999909,-1.6800000000000068,0.7555101956735603,75.0,14.875159368014373,42.08960155101397,0.28130437147642606,0.21029469397110265,1.5053988459431173,-3.2204789430223006,0.3591160220994349,3.1009999559007984,3.7604063236879695,0.8893619192895882,-1.29778724397e-05,19,0,NewYork,Ranging,2,0,5,7,False
Liq.Sweep.Rev,SOL-USDT-SWAP,1H,LONG,2026-06-26 14:00:00+00:00,2026-06-29 17:00:00+00:00,70.68,75.76000000000002,68.14,75.76000000000002,196.54078740157482,2.0,1,TP,4500,2.2716535433070795,-0.3937007874015738,1.2332640569203517,100.0,17.887765651547653,62.19156105681469,-0.07550632508086863,0.6586073290465013,1.2725082884602936,-0.4245082779114152,7.728658536585378,8.286061865369025,6.505169164987175,2.232150502285247,8.40402666632e-05,13,4,NewYork,Ranging,2,0,5,7,True
Liq.Sweep.Rev,SOL-USDT-SWAP,1H,LONG,2026-06-30 03:00:00+00:00,2026-06-30 04:00:00+00:00,74.56,73.957806,73.98,75.72,-123.01701441379282,-1.0382655172413775,0,SL,60,0.0,-1.5689655172413781,1.0010773414959255,55.00000000000001,24.182610741813082,57.94026185001336,0.5662662347777374,1.427437562149806,4.572367471849102,-2.5348712446351938,3.5124253783145925,5.747431249182954,3.189471496497138,0.3382058921352071,0.0001,2,1,Asia,Weak,0,1,5,7,False
Liq.Sweep.Rev,SOL-USDT-SWAP,1H,LONG,2026-06-30 14:00:00+00:00,2026-07-01 02:00:00+00:00,72.84,74.80000000000001,71.86,74.80000000000001,190.96081632653065,2.0,1,TP,720,2.1836734693877466,-0.663265306122452,0.8201791065002301,42.0,19.22332774673683,42.14329493908807,0.29664904316344737,0.2108212913785544,1.817506456616287,-4.612850082372322,1.3637628722516058,5.103589507433819,3.0491458253158794,2.820888192303781,9.55007131301e-05,13,1,NewYork,Ranging,2,0,5,7,True
Liq.Sweep.Rev,SOL-USDT-SWAP,1H,LONG,2026-07-01 21:00:00+00:00,2026-07-02 09:00:00+00:00,77.38,79.01999999999998,76.56,79.01999999999998,188.5560975609755,2.0,1,TP,720,2.890243902439054,-0.6341463414634151,0.9606500332962467,74.0,17.547983493699874,65.30313472044925,0.6081255771763675,1.2833864744592314,6.756585532665584,-1.098475058154573,7.1893614073971435,6.218949794075866,3.7942627012117334,0.6754094933191946,3.17611151984e-05,20,2,Dead,Ranging,3,0,5,7,True
Liq.Sweep.Rev,SOL-USDT-SWAP,1H,LONG,2026-07-04 21:00:00+00:00,2026-07-04 23:00:00+00:00,81.93,81.50554100000001,81.53,82.73000000000002,-136.74483114999603,-1.061147499999982,0,SL,120,0.17499999999998045,-1.3499999999999965,0.6550808468977106,2.0,25.002439776915114,49.34352582986726,0.684870512912346,0.3654802771409793,6.418158509581269,-2.4780273437500013,0.8246153846153866,2.5520733992611206,2.321576445806795,0.4770572216474474,4.17135623585e-05,20,5,Dead,Trending,3,2,5,7,False
Liq.Sweep.Rev,SOL-USDT-SWAP,1H,LONG,2026-07-05 20:00:00+00:00,2026-07-05 21:00:00+00:00,81.0,81.53999999999999,80.73,81.53999999999999,163.87999999999946,2.0,1,TP,60,4.629629629629698,-0.9629629629629961,0.5442642163412558,1.0,15.506828706977057,48.32871814370555,0.43232158640956847,-0.058340625921231716,4.122691645232585,-0.963081861958268,1.7078990330277526,1.9208029299043652,1.8663190029831511,0.5032449150540291,-6.1859640522e-06,19,6,NewYork,Ranging,2,0,5,7,True
Liq.Sweep.Rev,SOL-USDT-SWAP,1H,LONG,2026-07-06 14:00:00+00:00,2026-07-06 16:00:00+00:00,80.11,81.99,79.17,81.99,189.65319148936166,2.0,1,TP,120,2.43617021276597,0.0,0.7642170743722572,69.0,14.894949533092284,43.75298166591853,0.2746222850266777,-0.35596012932325327,2.3393679784771177,-2.8585694669829063,1.1873184286977363,3.265122666995699,2.832279066741634,2.670805310144893,9.79129377572e-05,13,0,NewYork,Ranging,2,0,5,7,True
Liq.Sweep.Rev,SOL-USDT-SWAP,1H,LONG,2026-07-07 06:00:00+00:00,2026-07-07 16:00:00+00:00,81.05,82.33,80.41,82.33,184.68312500000002,2.0,1,TP,600,2.312500000000004,-0.968749999999984,0.7563026252311044,66.0,16.191465923269032,47.07047139856522,0.394673273171153,0.261863734170234,2.894475265865232,-3.3061929434986337,2.3872679045092844,4.224547435764897,3.2758892645263464,0.7671448075134225,6.15475511772e-05,5,1,Asia,Ranging,0,0,5,7,True
Liq.Sweep.Rev,SOL-USDT-SWAP,1H,LONG,2026-07-07 23:00:00+00:00,2026-07-08 01:00:00+00:00,80.8,80.245919,80.27,81.86,-127.31878328301707,-1.045435849056595,0,SL,120,0.0,-3.8113207547169656,0.8000756502282921,88.0,12.81768915859464,44.204893502272114,0.3032128124309184,0.07443695026414342,2.0468324533287428,-2.400692983541638,0.6727295378098994,2.389620047627468,2.910141696537359,0.7819661656049264,-2.24522675995e-05,22,1,Dead,Ranging,3,0,5,7,False
Liq.Sweep.Rev,SOL-USDT-SWAP,1H,LONG,2026-07-10 14:00:00+00:00,2026-07-10 15:00:00+00:00,78.93,78.686387,78.71,79.37000000000003,-164.45265099999386,-1.1073318181818002,0,SL,60,0.0,-5.454545454545143,0.5435723054589603,6.0,30.29864515155278,55.9260630395138,0.046063157482171456,0.2783833357053235,0.27892919546717043,-0.8995312302039702,1.5568708183221924,2.4509909540863277,1.687564257935047,1.3250068056559052,2.52332351459e-05,13,4,NewYork,Trending,2,2,5,7,False
Liq.Sweep.Rev,SOL-USDT-SWAP,1H,LONG,2026-07-21 16:00:00+00:00,2026-07-21 17:00:00+00:00,78.1,77.726675,77.75,78.79999999999998,-140.04171571428625,-1.0666428571428577,0,SL,60,0.3142857142857178,-2.0857142857142903,0.5042009972797127,51.0,25.67089014414544,54.214850439016786,0.22865033066635543,0.6304895470555852,1.8659324610164527,-0.9475032010243394,0.930472990436804,1.5965582721006863,1.5482535453262174,1.2900266743058038,7.65835076216e-05,15,1,NewYork,Trending,2,2,5,7,False
Liq.Sweep.Rev,SOL-USDT-SWAP,1H,LONG,2026-07-23 07:00:00+00:00,2026-07-23 08:00:00+00:00,77.53,77.28680700000001,77.31,77.97,-163.3073109999931,-1.1054227272726915,0,SL,60,0.0,-2.181818181818211,0.47961085464363007,40.0,10.387174257177335,44.910011436014784,0.09986470820997984,0.036571759082294396,0.6420435484495648,-1.6767702824712978,0.7013897908819409,1.675056122347306,1.7911658674246853,0.4853032753944063,2.46977351926e-05,6,3,Asia,Ranging,0,0,5,7,False
Liq.Sweep.Rev,SOL-USDT-SWAP,1H,LONG,2026-07-27 10:00:00+00:00,2026-07-27 13:00:00+00:00,76.44,77.13999999999999,76.09,77.13999999999999,173.67199999999954,2.0,1,TP,180,2.9428571428571937,-0.6857142857142823,0.39204082418268094,48.0,42.70114383000139,62.325928319440365,0.07446289241709797,0.5853593700965131,0.7488040751530314,-0.8240680183126168,2.1376085504342135,2.996243891366642,2.0072392013963007,0.79496828155548,0.0001,9,0,London,Trending,1,2,5,7,True
Break.of.Structure,SOL-USDT-SWAP,1H,LONG,2026-05-08 15:00:00+00:00,2026-05-08 17:00:00+00:00,89.1,90.73999999999998,88.28,90.73999999999998,186.840975609756,2.0,1,TP,120,3.4634146341463743,0.0,0.6270214974846436,42.0,12.687759749683966,61.28561304126002,0.24261210807964695,0.11961299913524871,3.1276499925092525,-0.2918069584736309,1.7587939698492372,1.2255861787600586,1.4088276403674624,2.592082123742964,4.6362145931e-05,14,4,NewYork,Ranging,2,0,0,7,True
Break.of.Structure,SOL-USDT-SWAP,1H,LONG,2026-05-08 18:00:00+00:00,2026-05-10 17:00:00+00:00,91.63,95.85,89.52,95.85,194.6688151658768,2.0,1,TP,2820,2.293838862559244,0.0,0.7779760313315461,93.0,16.987234790583432,79.77637178041901,0.3102120056733757,0.38922553619756495,5.905067151984688,-0.3492687186203811,4.636820465966197,3.7558131461830437,2.763256423208935,4.412340154015708,-4.1648952057e-06,17,4,NewYork,Ranging,2,0,0,7,True
Break.of.Structure,SOL-USDT-SWAP,1H,LONG,2026-05-10 18:00:00+00:00,2026-05-10 20:00:00+00:00,96.44,94.721575,94.75,99.82,-110.15070680473357,-1.0168195266272182,0,SL,120,0.23076923076923142,-1.8224852071005933,0.6821456585942921,43.0,23.482179330424945,78.39088119054895,0.6033203577403639,0.7645462243179112,8.196737492461018,-0.0311074243052687,4.225656543823621,3.4227923389485353,2.409645355486728,3.5904454314406022,-7.806897465e-06,17,6,NewYork,Weak,2,1,0,7,False
Break.of.Structure,SOL-USDT-SWAP,1H,LONG,2026-05-11 17:00:00+00:00,2026-05-12 01:00:00+00:00,97.29,96.411068,96.44,98.99000000000002,-120.4805459764698,-1.0340376470588202,0,SL,480,1.258823529411744,-2.1647058823529233,1.0095599758464218,100.0,12.886630994947192,65.99528201064167,0.587440749243488,0.5551427819120643,7.553172275604295,-0.6887335526315806,3.2367611164172736,2.883055901814525,3.195582984008998,2.594604270255438,-1.73273136275e-05,16,0,NewYork,Ranging,2,0,0,7,False
Break.of.Structure,SOL-USDT-SWAP,1H,LONG,2026-06-13 16:00:00+00:00,2026-06-13 17:00:00+00:00,68.55,68.099564,68.12,69.40999999999998,-128.57249730232778,-1.0475255813953581,0,SL,60,0.0,-1.7674418604651254,0.5013627889433871,3.0,32.831171911578664,69.54818129093586,0.056026252550112454,0.6491280196892912,1.7640518208721045,-0.1896702655383651,3.207348290920057,3.428467169770788,1.6804552924115552,1.617375693320566,4.50224401935e-05,15,5,NewYork,Trending,2,2,0,7,False
Break.of.Structure,SOL-USDT-SWAP,1H,LONG,2026-06-13 22:00:00+00:00,2026-06-14 05:00:00+00:00,69.22,68.159546,68.18,71.29999999999998,-111.85920457692333,-1.0196673076923086,0,SL,420,0.0,-1.1923076923076965,0.5456780672722771,13.0,36.96697206728919,71.7534758770067,0.13053819659972418,0.7993157641034466,2.6757711247990983,-0.5057072677358887,4.137827264520013,3.8646881881029334,2.307805660119714,2.193643393197291,-4.290997293e-05,21,5,Dead,Trending,3,2,0,7,False
Break.of.Structure,SOL-USDT-SWAP,1H,LONG,2026-06-14 22:00:00+00:00,2026-06-15 15:00:00+00:00,70.11,74.83,67.75,74.83,196.3150847457627,2.0,1,TP,1020,2.1610169491525406,0.0,0.6225292239298752,45.0,27.653761445928218,73.66479123015365,0.03059481804392791,0.039641062684455185,3.765108652393355,-0.5562687205819434,4.798206278026896,3.964298867487201,4.1541906927938355,4.378851321189863,-3.20449128752e-05,21,6,Dead,Trending,3,2,0,7,True
Break.of.Structure,SOL-USDT-SWAP,1H,LONG,2026-06-15 16:00:00+00:00,2026-06-15 22:00:00+00:00,75.2,73.707881,73.73,78.14,-109.08726044898008,-1.0150469387755126,0,SL,360,0.3809523809523828,-1.1088435374149734,0.7916211333843512,95.0,48.98156745559131,88.40514660753878,0.6556030211844679,1.9089077204649136,10.144426859908455,-0.013297872340413438,11.589256566256125,8.393932349965018,4.394103412378687,1.776638430645203,-2.80617027448e-05,15,0,NewYork,Trending,2,2,0,7,False
Break.of.Structure,SOL-USDT-SWAP,1H,LONG,2026-06-20 23:00:00+00:00,2026-06-21 23:00:00+00:00,73.53,72.288307,72.31,75.97,-110.72762165573756,-1.0177811475409828,0,SL,1440,0.9262295081967185,-1.0737704918032815,0.7565243108129286,56.99999999999999,33.852109812146125,74.00379395247964,0.22839569884871228,0.7733050218870108,4.363160661779371,-1.006528835690981,5.6625467088243715,3.6328400701331502,3.1062694203129126,2.2817945053668227,2.16896145785e-05,22,5,Dead,Trending,3,2,0,7,False
Break.of.Structure,SOL-USDT-SWAP,1H,LONG,2026-06-26 16:00:00+00:00,2026-06-27 22:00:00+00:00,72.01,70.248919,70.27,75.49000000000002,-107.32858341379251,-1.0121155172413765,0,SL,1800,1.0862068965517189,-1.0402298850574672,1.318630742956834,100.0,20.60760159929418,66.5386823567662,0.012285280367356185,0.953230911053012,3.1507136589526983,-0.26385224274406016,9.321390617883711,8.955123426347278,6.5901919619258935,1.5726706382898095,8.40402666632e-05,15,4,NewYork,Weak,2,1,0,7,False
Break.of.Structure,SOL-USDT-SWAP,1H,LONG,2026-06-29 04:00:00+00:00,2026-06-29 05:00:00+00:00,72.64,72.12835500000001,72.15,73.61999999999999,-126.56143122448698,-1.04417346938774,0,SL,60,0.0,-3.428571428571478,0.9712733614162745,57.99999999999999,19.278190087818142,62.788142101078115,0.09850166579498537,0.07956622089179406,2.897334309828044,-0.8947006194081094,4.2623421354764615,3.2200007379424482,3.251337564801292,1.8404718983675095,4.516223718e-07,3,0,Asia,Ranging,0,0,0,7,False
Break.of.Structure,SOL-USDT-SWAP,1H,LONG,2026-06-29 18:00:00+00:00,2026-06-30 04:00:00+00:00,75.27,73.947809,73.97,77.86999999999999,-110.30097579999884,-1.0170699999999941,0,SL,600,0.7153846153846222,-1.2461538461538415,1.2602800781578807,94.0,17.113012113759574,73.85990451730386,0.3868546005051978,1.0373284671718663,6.100862191464409,-1.5676896505912141,8.022388059701477,6.169298125677792,3.7483692125163235,2.4139470790090534,8.38618609042e-05,17,0,NewYork,Ranging,2,0,0,7,False
Break.of.Structure,SOL-USDT-SWAP,1H,LONG,2026-07-01 03:00:00+00:00,2026-07-01 14:00:00+00:00,74.74,76.75999999999998,73.73,76.75999999999998,190.99999999999994,2.0,1,TP,660,2.4653465346534964,-0.8217821782178275,0.8867621606562344,56.00000000000001,12.613477624998271,63.17114535950225,0.27892324472026725,0.23479793617873979,4.098938293023409,-0.33453766894152276,3.9938769830225507,2.841889776850658,3.106187234433572,1.4720134327863914,0.0001,2,2,Asia,Ranging,0,0,0,7,True
Break.of.Structure,SOL-USDT-SWAP,1H,LONG,2026-07-01 15:00:00+00:00,2026-07-02 09:00:00+00:00,76.92,79.56000000000002,75.6,79.56000000000002,192.88727272727274,2.0,1,TP,1080,2.1439393939393807,-0.27272727272727076,0.9543050634705648,77.0,11.90289940817413,68.85246873233464,0.44885900033783815,0.7906950000680644,6.562413311769731,-0.4030161206448287,6.552154037955401,5.03863113373006,3.5663642950269936,2.6954236005211785,5.46829089141e-05,14,2,NewYork,Ranging,2,0,0,7,True
Break.of.Structure,SOL-USDT-SWAP,1H,LONG,2026-07-02 10:00:00+00:00,2026-07-02 11:00:00+00:00,79.43,81.79000000000002,78.25,81.79000000000002,191.80237288135595,2.0,1,TP,60,2.855932203389806,0.0,0.9222978063602504,56.00000000000001,27.34016436157748,68.91584195157982,0.7349209474456352,1.3773571299353335,8.533687182353203,-0.4155124653739591,5.052910052910063,3.19549904645976,3.3114537712261303,2.0526367461935364,-1.7739160409e-06,9,3,London,Trending,1,2,0,7,True
Break.of.Structure,SOL-USDT-SWAP,1H,LONG,2026-07-02 12:00:00+00:00,2026-07-02 13:00:00+00:00,82.33,81.445559,81.47,84.05,-117.11015527906883,-1.0284197674418558,0,SL,60,0.0,-1.9767441860465162,1.0766241289534813,91.0,32.450667851925125,79.40224324117077,0.8418333988431467,1.726798966730543,12.250254840811138,-0.5586592178770874,7.549634273772206,7.165260395579871,4.575910594782056,2.6870508103670927,-1.7739160409e-06,11,3,London,Trending,1,2,0,7,False
Break.of.Structure,SOL-USDT-SWAP,1H,LONG,2026-07-03 20:00:00+00:00,2026-07-04 01:00:00+00:00,82.45,82.01538800000002,82.04,83.27,-136.07395921950788,-1.0600292682926604,0,SL,300,1.3902439024390194,-1.658536585365884,0.7797106583198503,12.0,40.18684902298867,67.66930869609973,0.8686822403948566,1.0732572924491959,9.209048080749884,-0.9582726831635204,2.7289719626168196,2.38612240739051,2.1644584979347363,1.8210725075371836,-5.5843438794e-06,19,4,NewYork,Trending,2,2,0,7,False
Break.of.Structure,SOL-USDT-SWAP,1H,LONG,2026-07-04 05:00:00+00:00,2026-07-04 06:00:00+00:00,83.45,82.59521400000001,82.62,85.11,-117.97579860240768,-1.0298626506023998,0,SL,60,0.12048192771083677,-1.192771084337363,0.7480212759448691,8.0,43.83251228338878,70.54332559254611,0.89267007848449,1.0898624790446148,9.670419245957405,-0.5991611743559018,3.510295212106175,2.9058395100916696,1.89643343910066,2.3827974793636493,0.0001,4,5,Asia,Trending,0,2,0,7,False
Break.of.Structure,SOL-USDT-SWAP,1H,LONG,2026-07-05 22:00:00+00:00,2026-07-06 03:00:00+00:00,81.74,80.715778,80.74,83.74,-114.59174667999893,-1.0242219999999946,0,SL,300,0.5799999999999983,-1.3399999999999892,0.5917380232738383,15.0,15.587220282520114,59.75078398305334,0.447231837180447,0.034867482533224914,4.990595249778509,-0.6239295326645524,2.6497551174180582,2.1481474335238846,1.8951369784188425,1.611367615001139,-6.1859640522e-06,21,6,Dead,Ranging,3,0,0,7,False
Break.of.Structure,SOL-USDT-SWAP,1H,LONG,2026-07-06 22:00:00+00:00,2026-07-06 23:00:00+00:00,82.79,81.97540000000001,82.0,84.37000000000002,-118.741675949365,-1.0311392405063193,0,SL,60,0.0,-1.1898734177215247,0.858918582079653,93.0,16.648960583402445,64.65886073371018,0.3825985066662756,0.20225100149273925,5.387530926350135,-1.1597004107272213,4.55980800808387,4.207797854034298,3.20876171093709,1.5208100874071946,9.2055257644e-06,21,0,Dead,Ranging,3,0,0,7,False
Break.of.Structure,SOL-USDT-SWAP,1H,LONG,2026-07-15 06:00:00+00:00,2026-07-15 07:00:00+00:00,78.22,77.57672,77.6,79.46000000000001,-122.58677935483848,-1.0375483870967734,0,SL,60,0.0,-1.3870967741935374,0.5952435771686584,76.0,32.99366230339047,69.55893531907434,0.03195544974463538,0.6086931873719318,1.0934567096224097,-0.08950262114820022,4.3913507741590925,3.578161073615813,2.4656074353528608,0.9429061442162566,5.08965727959e-05,5,2,Asia,Trending,0,2,0,7,False
Break.of.Structure,SOL-USDT-SWAP,1H,LONG,2026-07-20 16:00:00+00:00,2026-07-23 15:00:00+00:00,77.73,76.027185,76.05,81.09000000000002,-108.20739946428499,-1.0135803571428537,0,SL,4260,0.6607142857142827,-1.1488095238095233,0.7247915459574716,100.0,21.672510267708134,63.84387323493386,0.02306023856617031,0.26438197265666596,1.8740448983493991,-0.2316006176016557,3.0222693531283156,2.509833175039388,3.348752047084376,2.608013026243185,-3.27828670199e-05,15,0,NewYork,Weak,2,1,0,7,False
VWAP.Pullback,SOL-USDT-SWAP,1H,LONG,2026-05-08 13:00:00+00:00,2026-05-08 14:00:00+00:00,88.4,88.27351,88.3,88.60000000000002,-146.4842228506784,-1.264899999999932,0,SL,60,9.599999999999119,-1.1999999999999431,0.5922852870236104,36.0,12.554881951403965,50.85163799270023,0.23502941722183288,0.0781480146135444,2.3722420571663143,-0.7239819004524893,0.95934216537232,1.0508026135796975,1.0750310208986111,1.0033241909994413,4.6362145931e-05,12,4,NewYork,Ranging,2,0,7,7,False
VWAP.Pullback,SOL-USDT-SWAP,1H,LONG,2026-05-08 15:00:00+00:00,2026-05-08 17:00:00+00:00,89.1,90.73999999999998,88.28,90.73999999999998,186.840975609756,2.0,1,TP,120,3.4634146341463743,0.0,0.6270214974846436,42.0,12.687759749683966,61.28561304126002,0.24261210807964695,0.11961299913524871,3.1276499925092525,-0.2918069584736309,1.7587939698492372,1.2255861787600586,1.4088276403674624,2.592082123742964,4.6362145931e-05,14,4,NewYork,Ranging,2,0,7,7,True
VWAP.Pullback,SOL-USDT-SWAP,1H,LONG,2026-05-09 16:00:00+00:00,2026-05-10 09:00:00+00:00,92.95,94.19000000000001,92.33,94.19000000000001,181.88967741935497,2.0,1,TP,1020,3.0161290322580268,-0.6774193548387074,0.6616248548339986,35.0,34.510507278089044,58.69186993671221,0.6678786727448104,1.1784367426912334,5.86359605523049,-1.2587412587412605,1.3852530541012174,2.4245321486202123,1.9920462931334468,1.3793323392543606,-5.61790902694e-05,15,5,NewYork,Trending,2,2,7,7,True
VWAP.Pullback,SOL-USDT-SWAP,1H,LONG,2026-05-10 12:00:00+00:00,2026-05-10 16:00:00+00:00,93.5,94.80000000000001,92.85,94.80000000000001,182.61846153846167,2.0,1,TP,240,2.2307692307692157,-0.4923076923076775,0.5628127783033123,13.0,20.805624922471708,55.05839666523396,0.5616303201668624,0.6198386945864128,5.273889019932741,-1.4226120440688825,1.0375013509132105,1.512010423708231,1.400384037270186,2.4055699155684507,2.0200826351e-06,11,6,London,Weak,1,1,7,7,True
VWAP.Pullback,SOL-USDT-SWAP,1H,LONG,2026-05-12 02:00:00+00:00,2026-05-12 08:00:00+00:00,96.21,95.42136500000001,95.45,97.72999999999998,-122.66431828947243,-1.0376776315789402,0,SL,360,0.9605263157894904,-1.131578947368434,0.9746758136511295,90.0,19.580143538858664,49.80186536167234,0.7364035124462499,1.0511784056282036,5.683789435854355,-2.224069839950115,2.1118539743181524,4.844379840774132,3.1527399465582215,2.2695869192740967,-7.89594000135e-05,1,1,Asia,Ranging,0,0,7,7,False
VWAP.Pullback,SOL-USDT-SWAP,1H,LONG,2026-05-13 03:00:00+00:00,2026-05-13 04:00:00+00:00,95.17,95.59000000000002,94.96,95.59000000000002,145.49714285714492,2.0,1,TP,60,3.6190476190475063,0.0,0.7101900704445908,35.0,17.103571752469215,51.23562202545644,0.3158003225873842,-0.2057578360573819,3.5311422663296272,-1.145198571128377,1.742383752004286,2.346888670711423,2.0112209413667115,0.4027685858871889,0.0001,2,2,Asia,Ranging,0,0,7,7,True
VWAP.Pullback,SOL-USDT-SWAP,1H,LONG,2026-05-13 08:00:00+00:00,2026-05-13 09:00:00+00:00,95.08,95.61999999999999,94.81,95.61999999999999,157.62222222222158,2.0,1,TP,60,2.7777777777778185,0.0,0.647369719137829,23.0,13.6708260066078,49.1773116512613,0.33193365194994584,-0.055847707369744544,3.230013137917008,-0.9045966130219981,1.6247995724211608,1.9569569796766086,1.8052921434262155,0.6172787521380257,0.0001,7,2,London,Ranging,1,0,7,7,True
VWAP.Pullback,SOL-USDT-SWAP,1H,LONG,2026-05-22 12:00:00+00:00,2026-05-22 14:00:00+00:00,87.29,86.634002,86.66,88.55000000000003,-124.81752400000002,-1.0412666666666681,0,SL,120,0.8412698412698076,-1.5714285714285618,0.5657945748557045,8.0,18.369397709363586,56.84234851139549,-0.017376372883022097,0.30278054101397317,0.16069743238590606,-0.7905591200733246,1.5119795301232812,1.54390630282469,2.4284036920819845,0.8532337889069305,-7.4516993967e-06,11,4,London,Ranging,1,0,7,7,False
VWAP.Pullback,SOL-USDT-SWAP,1H,LONG,2026-06-12 15:00:00+00:00,2026-06-12 20:00:00+00:00,67.88,66.560026,66.58,70.47999999999999,-109.2778473538469,-1.0153646153846192,0,SL,300,0.22307692307692836,-1.092307692307696,0.6710433304243877,11.0,22.593789763913264,65.26361346402322,-0.088799049585988,0.5908153756796939,0.7512279229477762,-0.11785503830288495,3.020185157079974,2.0779356106212346,2.9358465830727836,2.707677083604146,-0.0001017741646027,14,4,NewYork,Weak,2,1,7,7,False
VWAP.Pullback,SOL-USDT-SWAP,1H,LONG,2026-06-14 06:00:00+00:00,2026-06-14 09:00:00+00:00,68.22,67.95960600000001,67.98,68.69999999999999,-151.03990149999777,-1.0849749999999851,0,SL,180,0.9583333333333703,-1.5000000000000295,0.497175974084401,4.0,40.8158794125251,51.53162735904811,0.186377684931569,0.8079261673723016,1.0439880124997418,-1.9791819381322513,1.382282996432807,2.6129365471525445,2.3418010618530904,1.616214247985622,-0.0001118202062351,5,6,Asia,Trending,0,2,7,7,False
VWAP.Pullback,SOL-USDT-SWAP,1H,LONG,2026-06-17 19:00:00+00:00,2026-06-17 20:00:00+00:00,73.45,72.108361,72.13,76.09000000000002,-109.89492549999895,-1.0163931818181766,0,SL,60,0.0,-1.477272727272721,0.884467256116884,100.0,17.658013529544522,51.94907356390799,0.3671173811083223,-0.04867895014731777,4.279777542725858,-1.6337644656228765,2.684188452397598,3.839162104215542,3.329433587336774,3.6752968917276543,-4.2120277869e-05,18,2,NewYork,Ranging,2,0,7,7,False
VWAP.Pullback,SOL-USDT-SWAP,1H,LONG,2026-06-20 15:00:00+00:00,2026-06-22 01:00:00+00:00,71.9,74.84,70.43,74.84,194.01061224489797,2.0,1,TP,2040,2.108843537414964,-0.578231292517013,0.7470307478902227,49.0,33.25084591889621,63.963623128802915,0.19479170169545865,0.8117161596446734,2.260890336506141,-0.764951321279551,4.688410017472333,6.189215003607011,2.762735932629248,2.4818820794643264,-1.18951848813e-05,14,5,NewYork,Trending,2,2,7,7,True
VWAP.Pullback,SOL-USDT-SWAP,1H,LONG,2026-06-22 07:00:00+00:00,2026-06-22 08:00:00+00:00,73.67,73.99,73.51,73.99,144.62749999999883,2.0,1,TP,60,3.875000000000111,0.0,0.7481574447095997,64.0,21.771228481357955,52.69214938126443,0.32376096151248407,0.44715542434953803,3.3165395213494033,-1.8053481742907538,2.007754084741073,2.7452361083227057,3.2893812790630923,0.6154674433857775,-5.01585581876e-05,6,0,Asia,Weak,0,1,7,7,True
VWAP.Pullback,SOL-USDT-SWAP,1H,LONG,2026-06-22 10:00:00+00:00,2026-06-22 11:00:00+00:00,73.75,74.19,73.53,74.19,159.65272727272708,2.0,1,TP,60,2.9545454545454954,-0.6363636363636422,0.7241151261031304,49.0,19.71441727050151,52.865011882419985,0.3577802379561118,0.5613132276710273,3.3319513443514492,-1.6811279826464138,2.1323733037939716,2.6836202036373393,3.1047289184387727,0.4471711924407356,3.8924472611e-05,9,0,London,Ranging,1,0,7,7,True
VWAP.Pullback,SOL-USDT-SWAP,1H,LONG,2026-06-22 12:00:00+00:00,2026-06-22 14:00:00+00:00,74.15,73.587917,73.61,75.23000000000002,-124.59421299999784,-1.0408944444444346,0,SL,120,1.4999999999999605,-1.8703703703703582,0.7099768179154546,48.0,18.89812906292481,56.87398219614097,0.35345143956570424,0.5284813832793165,3.7906115370743994,-1.159967628810358,2.658543339795073,2.663809228491031,3.1499429252085833,1.3998428641955316,3.8924472611e-05,11,0,London,Ranging,1,0,7,7,False
VWAP.Pullback,SOL-USDT-SWAP,1H,LONG,2026-06-27 12:00:00+00:00,2026-06-27 13:00:00+00:00,71.76,72.30000000000003,71.49,72.30000000000003,167.98666666666787,2.0,1,TP,60,3.0740740740739514,0.0,0.7948711277406559,36.0,33.81879992953874,55.28139397438057,0.26559719518616853,1.0494953836049872,2.21087177334917,-2.967813849797979,0.645070817557136,1.9485306918387946,2.303704889848984,0.44526225726431456,7.11020586954e-05,11,5,London,Trending,1,2,7,7,True
VWAP.Pullback,SOL-USDT-SWAP,1H,LONG,2026-06-27 15:00:00+00:00,2026-06-27 17:00:00+00:00,72.66,72.12835500000001,72.15,73.67999999999998,-125.52215941176219,-1.042441176470574,0,SL,120,0.6274509803921825,-1.5686274509804146,0.7555947039527057,28.000000000000004,33.38643496692455,62.83151123527541,0.270560778682315,0.9784621683018059,3.384765090935275,-1.7065785851913144,1.8931426167437866,1.8617909588438044,2.3444533181669365,1.3047139727575408,7.11020586954e-05,14,5,NewYork,Trending,2,2,7,7,False
VWAP.Pullback,SOL-USDT-SWAP,1H,LONG,2026-06-28 14:00:00+00:00,2026-06-28 16:00:00+00:00,71.7,71.248619,71.27,72.56000000000002,-129.8909700930186,-1.0497232558139318,0,SL,120,0.9069767441860335,-1.3953488372093,0.6568355238765431,14.000000000000002,20.081090383485282,54.908291831793726,0.12120023389195797,0.19852643365767392,1.7184391255788234,-0.9483960948395992,2.282453637660497,2.785069935666973,2.613920786937331,1.2755164414570799,7.82065129036e-05,13,6,NewYork,Weak,2,1,7,7,False
VWAP.Pullback,SOL-USDT-SWAP,1H,LONG,2026-06-28 17:00:00+00:00,2026-06-28 18:00:00+00:00,71.52,71.07867,71.1,72.36,-130.52838142856743,-1.0507857142856947,0,SL,60,0.38095238095240513,-1.3571428571428354,0.6761580342408049,16.0,18.13569481490812,51.41959583330774,0.1667554918822824,0.36335780304863546,1.4107357443303552,-1.202460850111856,2.025677603423683,2.9435338563972584,2.487873037736058,1.7767767952278004,2.71357000113e-05,16,6,NewYork,Ranging,2,0,7,7,False
VWAP.Pullback,SOL-USDT-SWAP,1H,LONG,2026-06-29 01:00:00+00:00,2026-06-29 12:00:00+00:00,71.62,74.26000000000002,70.3,74.26000000000002,193.36909090909094,2.0,1,TP,660,2.1893939393939275,-0.8863636363636327,0.9078990003305685,51.0,19.716065143486784,54.28611483561392,0.08431032816869874,0.015080340606446647,1.4892588144128938,-1.0752688172042957,2.7698048220436173,3.083161339338827,3.1611091475972506,1.6817472852562885,4.516223718e-07,0,0,Asia,Ranging,0,0,7,7,True
VWAP.Pullback,SOL-USDT-SWAP,1H,LONG,2026-06-29 15:00:00+00:00,2026-06-30 12:00:00+00:00,73.71,72.25831600000001,72.28,76.56999999999998,-109.15727199999913,-1.0151636363636318,0,SL,1260,1.9160839160839322,-1.188811188811187,1.119084449005564,72.0,14.400874228497717,64.48128578842754,0.3148384007682218,0.8208939607715638,4.041551851233112,-1.0990502035278187,5.769230769230763,5.738971082063368,3.675137007358166,2.0364874754657687,5.73241962428e-05,14,0,NewYork,Ranging,2,0,7,7,False
VWAP.Pullback,SOL-USDT-SWAP,1H,LONG,2026-06-30 21:00:00+00:00,2026-06-30 22:00:00+00:00,73.65,73.467953,73.49,73.97000000000003,-182.72798237499518,-1.1377937499999944,0,SL,60,0.43749999999992784,-2.6249999999998335,0.8482201703234771,46.0,12.955540492132386,51.3766571829891,0.22445600527406998,-0.01402189577180633,2.7858675243611657,-1.6155308172685279,2.504870581686609,3.193827465286995,2.8697325555070656,0.39719925272819834,6.83323541449e-05,20,1,Dead,Ranging,3,0,7,7,False
VWAP.Pullback,SOL-USDT-SWAP,1H,LONG,2026-07-01 01:00:00+00:00,2026-07-01 02:00:00+00:00,73.6,74.16,73.32,74.16,168.33714285714296,2.0,1,TP,60,4.928571428571443,0.0,0.7602685413527923,35.0,11.580562279910863,50.84748459195372,0.255724386124803,0.13720295253740164,2.597881595764415,-0.8559782608695785,2.421374895630385,2.6213701525077373,2.8274177081370135,0.5599545577269552,0.0001,0,2,Asia,Ranging,0,0,7,7,True
VWAP.Pullback,SOL-USDT-SWAP,1H,LONG,2026-07-03 07:00:00+00:00,2026-07-03 08:00:00+00:00,80.91,81.36999999999998,80.68,81.36999999999998,157.66608695651985,2.0,1,TP,60,2.652173913043594,-0.5217391304347638,0.8073570565791074,7.000000000000001,36.89736829703648,57.81441789181697,0.8759096446849659,1.227037802770845,8.385357232943095,-2.335928809788655,1.0869565217391182,2.1612773831515155,2.742928156752509,0.5919565956382581,4.33063071423e-05,6,4,Asia,Trending,0,2,7,7,True
VWAP.Pullback,SOL-USDT-SWAP,1H,LONG,2026-07-03 15:00:00+00:00,2026-07-04 04:00:00+00:00,81.65,83.23000000000002,80.86,83.23000000000002,187.47746835443047,2.0,1,TP,780,2.9113924050632645,-0.7974683544303857,0.7578830602791193,2.0,39.26568356939732,62.90143783348983,0.8628217137232848,1.0901214857548538,8.61448012864827,-0.26947574718275213,1.732087227414331,1.7767517044303947,1.9989455074408011,1.4724562477082952,1.8158246815e-06,14,4,NewYork,Trending,2,2,7,7,True
VWAP.Pullback,SOL-USDT-SWAP,1H,LONG,2026-07-05 15:00:00+00:00,2026-07-05 16:00:00+00:00,81.41,80.94570900000001,80.97,82.28999999999999,-133.18077849999608,-1.055206818181798,0,SL,60,0.1590909090909267,-1.25,0.5898574653697187,9.0,20.03061743045151,54.57670936253825,0.4094021287125835,-0.2608443135955062,4.890489729529623,-1.093231789706425,2.2353384402863257,3.099393082770466,1.9056592586434773,1.0389736843079291,9.38984297786e-05,14,6,NewYork,Weak,2,1,7,7,False
VWAP.Pullback,SOL-USDT-SWAP,1H,LONG,2026-07-05 17:00:00+00:00,2026-07-05 19:00:00+00:00,81.04,80.835742,80.86,81.40000000000002,-180.91191400000054,-1.1347666666666794,0,SL,120,1.055555555555503,-1.7222222222221697,0.5959995492218501,12.0,18.350892097062363,49.200933145942386,0.4186045019265473,-0.17601050857989936,4.331763152737146,-1.394201110425675,1.7832475197789799,2.75243768710616,1.8660624375717176,0.8800600887662651,-6.1859640522e-06,16,6,NewYork,Ranging,2,0,7,7,False
VWAP.Pullback,SOL-USDT-SWAP,1H,LONG,2026-07-05 20:00:00+00:00,2026-07-05 21:00:00+00:00,81.0,81.53999999999999,80.73,81.53999999999999,163.87999999999946,2.0,1,TP,60,4.629629629629698,-0.9629629629629961,0.5442642163412558,1.0,15.506828706977057,48.32871814370555,0.43232158640956847,-0.058340625921231716,4.122691645232585,-0.963081861958268,1.7078990330277526,1.9208029299043652,1.8663190029831511,0.5032449150540291,-6.1859640522e-06,19,6,NewYork,Ranging,2,0,7,7,True
VWAP.Pullback,SOL-USDT-SWAP,1H,LONG,2026-07-05 22:00:00+00:00,2026-07-06 03:00:00+00:00,81.74,80.715778,80.74,83.74,-114.59174667999893,-1.0242219999999946,0,SL,300,0.5799999999999983,-1.3399999999999892,0.5917380232738383,15.0,15.587220282520114,59.75078398305334,0.447231837180447,0.034867482533224914,4.990595249778509,-0.6239295326645524,2.6497551174180582,2.1481474335238846,1.8951369784188425,1.611367615001139,-6.1859640522e-06,21,6,Dead,Ranging,3,0,7,7,False
VWAP.Pullback,SOL-USDT-SWAP,1H,LONG,2026-07-07 04:00:00+00:00,2026-07-07 05:00:00+00:00,81.0,80.815748,80.84,81.32,-188.6379313580277,-1.1515750000000293,0,SL,60,1.312499999999989,-3.6875000000001,0.7762444647650678,73.0,17.821456206182155,46.174319344798796,0.429285593832163,0.3887822772647926,2.875843050668312,-3.3827160493827098,2.3114816218264473,4.5170833709503,3.354531840393115,0.6500522515552596,6.15475511772e-05,3,1,Asia,Ranging,0,0,7,7,False
VWAP.Pullback,SOL-USDT-SWAP,1H,LONG,2026-07-07 07:00:00+00:00,2026-07-07 11:00:00+00:00,81.5,80.73577200000001,80.76,82.97999999999999,-119.70235989189032,-1.0327405405405323,0,SL,240,0.0675675675675642,-1.1891891891891913,0.7637095805717398,71.0,15.167978966129937,51.49374658423834,0.38372461355359744,0.22535092797827502,3.4300208359124875,-2.73586063059746,2.9556650246305463,4.1407198182496225,3.241269443458681,0.62026862451558,6.15475511772e-05,6,1,Asia,Ranging,0,0,7,7,False
VWAP.Pullback,SOL-USDT-SWAP,1H,LONG,2026-07-07 13:00:00+00:00,2026-07-07 14:00:00+00:00,81.39,81.22562500000001,81.25,81.67,-175.89346049882334,-1.1741071428570853,0,SL,60,3.4999999999999494,-6.857142857142785,0.6994705778536559,55.00000000000001,11.635924172768066,50.92983863972588,0.30086173958680296,-0.029324099607937918,3.1035623568145305,-2.8746928746928613,1.2311901504788076,2.488648169755209,2.1868374929262258,1.3931373885582001,-6.741639894e-07,12,1,NewYork,Ranging,2,0,7,7,False
VWAP.Pullback,SOL-USDT-SWAP,1H,LONG,2026-07-07 16:00:00+00:00,2026-07-07 18:00:00+00:00,82.07,81.425565,81.45,83.30999999999997,-123.7044095161284,-1.0394112903225763,0,SL,120,1.0967741935484152,-1.4032258064516192,0.7780928788427398,85.0,10.73357729411934,57.04958824554546,0.3128820978625475,0.054165747840925586,3.8389436961356744,-2.047282476236891,2.0519835841313343,2.6207315372681257,2.6176258277880864,1.5435048782331542,-6.741639894e-07,15,1,NewYork,Ranging,2,0,7,7,False
VWAP.Pullback,SOL-USDT-SWAP,1H,LONG,2026-07-10 02:00:00+00:00,2026-07-10 14:00:00+00:00,79.03,77.86663300000001,77.89,81.31,-112.35719121052512,-1.0204973684210468,0,SL,720,0.5350877192982448,-1.7631578947368458,0.6377556294587684,13.0,19.637300643316276,65.55203182074933,-0.07210535283918722,-0.12512993938208286,0.44804908082353617,-0.5062009617818346,2.3442559253982678,1.6833211406507735,1.9707539173224407,2.751989103234621,3.30794339057e-05,1,4,Asia,Ranging,0,0,7,7,False
VWAP.Pullback,SOL-USDT-SWAP,1H,LONG,2026-07-15 13:00:00+00:00,2026-07-15 16:00:00+00:00,78.23,77.186837,77.21,80.27000000000002,-113.6839315882345,-1.0227088235294084,0,SL,180,0.10784313725490031,-1.1960784313725359,0.5894248609846842,65.0,30.07012274616538,64.30010533322366,0.04581557560924373,0.5174944781113403,1.1102331140146104,-0.5368098159509225,1.9280875455966513,1.741109505326548,1.8897522083067848,1.9907063743836966,3.31511415222e-05,12,2,NewYork,Trending,2,2,7,7,False
VWAP.Pullback,SOL-USDT-SWAP,1H,LONG,2026-07-20 00:00:00+00:00,2026-07-20 01:00:00+00:00,76.33,77.33,75.83,77.33,181.56080000000003,2.0,1,TP,60,2.0999999999999943,-0.21999999999999886,0.4690269674720023,46.0,25.305095777239362,59.3406528090676,-0.03509197792123188,0.18258033930376205,0.10348848486429979,-0.40607807178412664,1.408076514346443,0.9234387380596044,1.4019317551732673,1.3520663140090974,6.40058534465e-05,23,6,Dead,Trending,3,2,7,7,True
VWAP.Pullback,SOL-USDT-SWAP,1H,LONG,2026-07-20 05:00:00+00:00,2026-07-20 06:00:00+00:00,76.42,76.217128,76.24,76.78000000000002,-176.29237599998874,-1.12706666666662,0,SL,60,0.0,-5.44444444444426,0.5816046324328821,78.0,28.783102559460453,55.44598211841611,0.003790830851296146,0.2910700796145694,0.1747002557605095,-1.2694673472058615,1.5010626992561045,1.6412567769419013,1.756927985744977,1.173806263488202,1.75889383948e-05,4,0,Asia,Trending,0,2,7,7,False
VWAP.Pullback,SOL-USDT-SWAP,1H,LONG,2026-07-20 12:00:00+00:00,2026-07-20 13:00:00+00:00,77.09,76.247119,76.27,78.73000000000002,-116.80052090243842,-1.0279036585365828,0,SL,60,0.0,-1.2317073170731658,0.6125637067855532,96.0,22.679646190122288,62.36514524454801,0.01220481877247154,0.25461055264031307,1.0833056114364323,-0.3631647211413763,2.4176408076514257,2.090826471594078,2.3178189646823064,2.032928436818955,-3.27828670199e-05,11,0,London,Weak,1,1,7,7,False
VWAP.Pullback,SOL-USDT-SWAP,1H,LONG,2026-07-21 15:00:00+00:00,2026-07-21 16:00:00+00:00,77.96,78.15999999999998,77.86,78.15999999999998,68.19394561312767,2.0,1,TP,60,2.8000000000001704,-0.3999999999999432,0.5137549201473832,53.0,27.008104537943293,52.12708941575618,0.23508043029391792,0.6732449765744583,1.7024026205046165,-1.1287839917906743,0.919093851132678,1.703931056596826,1.5404551835658802,1.5767455358891667,7.65835076216e-05,14,1,NewYork,Trending,2,2,7,7,True
VWAP.Pullback,SOL-USDT-SWAP,1H,LONG,2026-07-21 17:00:00+00:00,2026-07-21 18:00:00+00:00,78.16,77.896624,77.92,78.63999999999999,-158.49415600000037,-1.0973999999999977,0,SL,60,0.0,-2.5000000000000298,0.49104378318830416,48.0,24.725531897374086,55.26533536874151,0.22059106994834765,0.5827896645549135,1.937381287881125,-0.8571063067673043,1.0209356422848364,1.5618529782421886,1.5139254396673165,0.8877043537348879,3.75097075199e-05,16,1,NewYork,Weak,2,1,7,7,False
VWAP.Pullback,SOL-USDT-SWAP,1H,LONG,2026-07-22 02:00:00+00:00,2026-07-22 03:00:00+00:00,78.31,78.07657,78.1,78.73000000000002,-166.99616285713128,-1.1115714285713791,0,SL,60,0.0,-2.6666666666665764,0.4476149134388352,44.0,17.461336608838963,57.27689219833926,0.1670226408967196,0.29454604724189964,1.9565022807254295,-0.689655172413801,1.2020162853819214,1.3505191341193852,1.3978947810062936,0.8436517191200202,3.77465962791e-05,1,2,Asia,Ranging,0,0,7,7,False
VWAP.Pullback,SOL-USDT-SWAP,1H,LONG,2026-07-22 15:00:00+00:00,2026-07-22 19:00:00+00:00,77.85,77.336792,77.36,78.82999999999998,-128.4751173877541,-1.0473632653061165,0,SL,240,1.9183673469388198,-1.2040816326530517,0.5063408862690293,61.0,15.321065078562823,52.33350835131607,0.07823548826727572,-0.05610645289594941,1.2454899886794049,-0.8991650610147758,1.1827397972446019,1.857163867299863,1.7188997050542891,2.9786230496983843,-5.49337115225e-05,14,2,NewYork,Ranging,2,0,7,7,False
VWAP.Pullback,SOL-USDT-SWAP,1H,LONG,2026-07-22 23:00:00+00:00,2026-07-23 02:00:00+00:00,77.96,77.636702,77.66,78.55999999999999,-146.65134039999842,-1.0776599999999905,0,SL,180,1.8333333333333885,-2.066666666666654,0.5352034965002576,60.0,12.884284425855043,52.10327610535981,0.13724490451731775,0.18317231641432832,1.2749364910883878,-1.1159569009748647,1.3257083441642787,1.9578324722123372,2.030259982341638,0.5828648417864953,5.57094298752e-05,22,2,Dead,Ranging,3,0,7,7,False
ORB,SOL-USDT-SWAP,1H,LONG,2026-05-08 15:00:00+00:00,2026-05-08 17:00:00+00:00,89.1,90.73999999999998,88.28,90.73999999999998,186.840975609756,2.0,1,TP,120,3.4634146341463743,0.0,0.6270214974846436,42.0,12.687759749683966,61.28561304126002,0.24261210807964695,0.11961299913524871,3.1276499925092525,-0.2918069584736309,1.7587939698492372,1.2255861787600586,1.4088276403674624,2.592082123742964,4.6362145931e-05,14,4,NewYork,Ranging,2,0,6,7,True
ORB,SOL-USDT-SWAP,1H,LONG,2026-05-10 09:00:00+00:00,2026-05-10 11:00:00+00:00,93.99,93.321995,93.35,95.27,-126.31206203124785,-1.0437578124999893,0,SL,120,0.5312500000000049,-1.7812499999999993,0.4762805023506099,3.0,19.48790634357181,67.55647807893155,0.5498032626821414,0.5805979248008161,6.020069927632166,-0.04255771890627328,1.797898841113394,1.1865306258272645,1.3926460352820957,2.2065144120035085,2.0200826351e-06,8,6,London,Ranging,1,0,6,7,False
ORB,SOL-USDT-SWAP,1H,LONG,2026-05-11 16:00:00+00:00,2026-05-12 11:00:00+00:00,96.74,94.79155399999999,94.82,100.58,-108.94848606250024,-1.0148156250000013,0,SL,1140,0.8437500000000017,-1.1406249999999978,0.9710645893730692,96.0,11.528997533366837,63.18582287923766,0.5732453060189816,0.49861557126689804,7.048463931316287,-0.17571059431524724,3.631105398457584,2.4785869629819426,3.9693835194138645,1.6940108538428502,8.02585026017e-05,15,0,NewYork,Ranging,2,0,6,7,False
ORB,SOL-USDT-SWAP,1H,LONG,2026-05-13 10:00:00+00:00,2026-05-13 11:00:00+00:00,95.66,95.47135,95.5,95.97999999999999,-173.5201808488368,-1.1790624999999972,0,SL,60,0.0,-9.187500000000188,0.6328340945627197,22.0,13.802697349463584,56.65394187083044,0.3499980274487259,0.04180293007335468,3.782029376393261,-0.29273392577104146,2.2447888829503033,2.1950388177070757,1.747706802209468,0.8432032789890468,-7.7078098504e-05,9,2,London,Ranging,1,0,6,7,False
ORB,SOL-USDT-SWAP,1H,LONG,2026-05-14 15:00:00+00:00,2026-05-15 05:00:00+00:00,92.2,90.532832,90.56,95.48,-109.99851824390282,-1.0165658536585385,0,SL,840,0.8658536585365861,-1.2195121951219507,0.7702977956740528,40.0,33.368187923324655,55.266269286284576,-0.09716468183994212,-0.6992145232608876,0.2830335057698753,-0.06507592190889618,2.718360071301245,1.9345686517109444,2.807899870745784,2.3851038776943096,-1.59893207656e-05,14,3,NewYork,Trending,2,2,6,7,False
ORB,SOL-USDT-SWAP,1H,LONG,2026-05-21 18:00:00+00:00,2026-05-22 18:00:00+00:00,87.57,86.114158,86.14,90.42999999999998,-110.90171292307659,-1.0180713286713268,0,SL,1440,0.2237762237762301,-2.132867132867142,0.744550735979504,94.0,18.75775660726994,66.01087899679199,-0.10900506576874992,0.24897040478287233,0.494947081475471,-0.44530714775062863,2.7210884353741416,2.181316995212966,2.4468178204224005,3.3932616633702755,5.64785299635e-05,17,3,NewYork,Ranging,2,0,6,7,False
ORB,SOL-USDT-SWAP,1H,LONG,2026-05-23 21:00:00+00:00,2026-05-24 14:00:00+00:00,87.04,84.704581,84.73,91.66000000000001,-106.6616774285714,-1.0110038961038958,0,SL,1020,0.0,-1.1471861471861484,0.8178537554860067,100.0,33.296440548565286,71.63867640582302,-0.2778788532872406,-0.39230796528042494,0.7436753762582707,-0.011488970588224843,6.994468346650291,6.007440554824917,4.265324750815126,2.388752256394568,-0.0001462007160563,20,5,Dead,Trending,3,2,6,7,False
ORB,SOL-USDT-SWAP,1H,LONG,2026-05-25 15:00:00+00:00,2026-05-25 18:00:00+00:00,86.28,85.864233,85.89,87.06,-139.6975743076932,-1.0660692307692354,0,SL,180,0.3076923076923189,-1.1282051282051206,0.5577722262402649,1.0,12.58920996842184,59.35156493523667,-0.025478838382021966,0.24011288199420525,0.1497687249487705,-0.13906594043341097,3.2547564915639744,2.7752224780534225,2.576952091335869,1.3015673805324026,-3.35565997579e-05,14,0,NewYork,Ranging,2,0,6,7,False
ORB,SOL-USDT-SWAP,1H,LONG,2026-06-12 15:00:00+00:00,2026-06-12 20:00:00+00:00,67.88,66.560026,66.58,70.47999999999999,-109.2778473538469,-1.0153646153846192,0,SL,300,0.22307692307692836,-1.092307692307696,0.6710433304243877,11.0,22.593789763913264,65.26361346402322,-0.088799049585988,0.5908153756796939,0.7512279229477762,-0.11785503830288495,3.020185157079974,2.0779356106212346,2.9358465830727836,2.707677083604146,-0.0001017741646027,14,4,NewYork,Weak,2,1,6,7,False
ORB,SOL-USDT-SWAP,1H,LONG,2026-06-13 12:00:00+00:00,2026-06-13 21:00:00+00:00,67.87,68.95000000000002,67.33,68.95000000000002,184.79777777777795,2.0,1,TP,540,3.1296296296295893,-0.16666666666667104,0.5193597177987174,2.0,26.906580473468146,62.58888448281371,-0.02571299255581726,0.3973085082851887,0.8192642247530619,-0.44202151171356585,2.198464086733938,2.3979846789804253,2.446671559931338,1.099514376977846,4.50224401935e-05,11,5,London,Trending,1,2,6,7,True
ORB,SOL-USDT-SWAP,1H,LONG,2026-06-14 22:00:00+00:00,2026-06-15 15:00:00+00:00,70.11,74.83,67.75,74.83,196.3150847457627,2.0,1,TP,1020,2.1610169491525406,0.0,0.6225292239298752,45.0,27.653761445928218,73.66479123015365,0.03059481804392791,0.039641062684455185,3.765108652393355,-0.5562687205819434,4.798206278026896,3.964298867487201,4.1541906927938355,4.378851321189863,-3.20449128752e-05,21,6,Dead,Trending,3,2,6,7,True
ORB,SOL-USDT-SWAP,1H,LONG,2026-06-16 08:00:00+00:00,2026-06-16 09:00:00+00:00,74.41,75.09,74.07,75.09,173.6176470588238,2.0,1,TP,60,2.970588235294103,0.0,0.7416176296517322,80.0,34.19947358132421,62.51246747499709,0.7055479133178025,1.2682126749272362,7.599265243485226,-2.2040048380594013,2.975366731248258,4.227941782520645,3.5316885573941517,0.7134373346981476,3.1540261669e-05,7,1,London,Trending,1,2,6,7,True
ORB,SOL-USDT-SWAP,1H,LONG,2026-06-20 05:00:00+00:00,2026-06-20 22:00:00+00:00,70.82,72.77999999999997,69.84,72.77999999999997,191.20816326530604,2.0,1,TP,1020,3.510204081632702,-0.3979591836734596,0.6484133426424679,4.0,22.897173121084535,64.79665628901672,-0.08570401118334152,-0.17045579841093336,0.9210472200358215,-0.3247670149675289,4.346544865183422,3.58464317474931,2.657337817342286,2.082007324605225,-6.0190618069e-06,4,5,Asia,Weak,0,1,6,7,True
ORB,SOL-USDT-SWAP,1H,LONG,2026-06-21 10:00:00+00:00,2026-06-21 11:00:00+00:00,74.0,73.00809100000001,73.03,75.94,-113.61060356700904,-1.0225865979381379,0,SL,60,0.0,-1.0,0.6237539735707057,6.0,39.53896758930823,70.38754774529001,0.38351245158528335,1.0807497417978913,4.588538235348918,-0.3649141775915803,5.0546642055941895,4.144311316396297,2.691098921428061,1.4994794736798056,9.2962287392e-06,9,6,London,Trending,1,2,6,7,False
ORB,SOL-USDT-SWAP,1H,LONG,2026-06-26 07:00:00+00:00,2026-06-29 12:00:00+00:00,69.98,74.04,67.95,74.04,195.7432512315271,2.0,1,TP,4620,2.2315270935960583,-0.9064039408867007,1.172204589269093,93.0,16.424352943548737,62.54155566693007,-0.30384361858334896,-0.1469926415936264,0.2384272951620262,-0.057167357438911326,9.362300718974684,7.235604448944037,9.694146872287268,1.6465645877737638,-1.2396275047e-05,6,4,Asia,Ranging,0,0,6,7,True
ORB,SOL-USDT-SWAP,1H,LONG,2026-06-29 13:00:00+00:00,2026-06-29 17:00:00+00:00,73.47,76.25,72.08,76.25,193.53726618705034,2.0,1,TP,240,2.1438848920863327,-0.8561151079136671,1.0379322603851522,61.0,14.032163225353443,62.99972897090283,0.27704841234337646,0.7081462034424538,3.801465056629638,-1.4155437593575693,5.439150401836957,5.080539534291443,3.753792885710033,2.8423799977488473,5.73241962428e-05,12,0,NewYork,Ranging,2,0,6,7,True
ORB,SOL-USDT-SWAP,1H,LONG,2026-07-01 14:00:00+00:00,2026-07-01 22:00:00+00:00,75.99,78.84999999999998,74.56,78.84999999999998,193.50321678321677,2.0,1,TP,480,2.0489510489510643,0.0,0.9023285298913767,64.0,11.074151730038892,63.70319774842978,0.4338716489972772,0.7455150550167899,5.357363159776007,-0.2105263157894692,5.277739299071897,4.381847033079989,3.407454336154122,3.000345681461494,5.46829089141e-05,13,2,NewYork,Ranging,2,0,6,7,True
ORB,SOL-USDT-SWAP,1H,LONG,2026-07-02 10:00:00+00:00,2026-07-02 11:00:00+00:00,79.43,81.79000000000002,78.25,81.79000000000002,191.80237288135595,2.0,1,TP,60,2.855932203389806,0.0,0.9222978063602504,56.00000000000001,27.34016436157748,68.91584195157982,0.7349209474456352,1.3773571299353335,8.533687182353203,-0.4155124653739591,5.052910052910063,3.19549904645976,3.3114537712261303,2.0526367461935364,-1.7739160409e-06,9,3,London,Trending,1,2,6,7,True
ORB,SOL-USDT-SWAP,1H,LONG,2026-07-03 18:00:00+00:00,2026-07-03 19:00:00+00:00,81.76,82.42,81.43,82.42,170.14909090909075,2.0,1,TP,60,4.454545454545474,0.0,0.7441614735543819,1.0,38.45615726682922,61.68698677317196,0.851439838754872,1.0232441548821283,8.491632865094036,-0.4403669724770636,1.8691588785046727,1.9200167134757893,2.1156993381473006,1.02179944359715,-5.5843438794e-06,17,4,NewYork,Trending,2,2,6,7,True
ORB,SOL-USDT-SWAP,1H,LONG,2026-07-04 05:00:00+00:00,2026-07-04 06:00:00+00:00,83.45,82.59521400000001,82.62,85.11,-117.97579860240768,-1.0298626506023998,0,SL,60,0.12048192771083677,-1.192771084337363,0.7480212759448691,8.0,43.83251228338878,70.54332559254611,0.89267007848449,1.0898624790446148,9.670419245957405,-0.5991611743559018,3.510295212106175,2.9058395100916696,1.89643343910066,2.3827974793636493,0.0001,4,5,Asia,Trending,0,2,6,7,False
ORB,SOL-USDT-SWAP,1H,LONG,2026-07-05 23:00:00+00:00,2026-07-06 00:00:00+00:00,81.79,81.57552,81.6,82.17000000000003,-177.3575326315709,-1.1288421052631337,0,SL,60,2.315789473684053,-3.789473684210357,0.6066138787542792,20.0,16.736632695458937,60.25730073104157,0.45633053881073465,0.08527214420206224,4.989301116432996,-0.758131572511622,2.699987441918882,2.332700494051702,1.7458952749219425,2.139464431331909,-6.1859640522e-06,22,6,Dead,Ranging,3,0,6,7,False
ORB,SOL-USDT-SWAP,1H,LONG,2026-07-06 22:00:00+00:00,2026-07-06 23:00:00+00:00,82.79,81.97540000000001,82.0,84.37000000000002,-118.741675949365,-1.0311392405063193,0,SL,60,0.0,-1.1898734177215247,0.858918582079653,93.0,16.648960583402445,64.65886073371018,0.3825985066662756,0.20225100149273925,5.387530926350135,-1.1597004107272213,4.55980800808387,4.207797854034298,3.20876171093709,1.5208100874071946,9.2055257644e-06,21,0,Dead,Ranging,3,0,6,7,False
ORB,SOL-USDT-SWAP,1H,LONG,2026-07-07 18:00:00+00:00,2026-07-07 19:00:00+00:00,82.67,82.005391,82.03,83.95,-123.1286304062494,-1.038451562499997,0,SL,60,0.0,-3.0468750000000018,0.7727433496144035,80.0,11.03373643319154,62.09202773903367,0.32999988492003424,0.13900039312928147,4.522054180654686,-0.21773315592112327,2.810595697052612,2.5892407341308306,2.5220440145612506,0.8719721876370811,-2.24522675995e-05,17,1,NewYork,Ranging,2,0,6,7,False
ORB,SOL-USDT-SWAP,1H,LONG,2026-07-14 23:00:00+00:00,2026-07-15 02:00:00+00:00,77.58,77.056876,77.08,78.58,-127.80602511999828,-1.0462479999999914,0,SL,180,0.6200000000000045,-1.240000000000009,0.5943738959255824,73.0,31.672598403521004,68.71215452437625,-0.015791180199149473,0.5777885547274025,0.3127481007531417,-0.4898169631348227,4.134228187919461,5.339042321585126,2.4152092772422904,0.9364515508997419,4.72873345597e-05,22,1,Dead,Trending,3,2,6,7,False
ORB,SOL-USDT-SWAP,1H,LONG,2026-07-15 05:00:00+00:00,2026-07-15 07:00:00+00:00,77.96,77.466753,77.49,78.89999999999999,-129.73405357446723,-1.049461702127655,0,SL,120,1.4893617021276693,-1.276595744680842,0.5887238523354777,69.0,32.60881862178871,67.19451758869099,0.01837147917895121,0.5765196936896265,0.781384617653369,-0.23088763468446233,4.182814379259649,4.1321549477673765,2.4893523860991764,0.827446005948036,5.08965727959e-05,4,2,Asia,Trending,0,2,6,7,False
ORB,SOL-USDT-SWAP,1H,LONG,2026-07-20 16:00:00+00:00,2026-07-23 15:00:00+00:00,77.73,76.027185,76.05,81.09000000000002,-108.20739946428499,-1.0135803571428537,0,SL,4260,0.6607142857142827,-1.1488095238095233,0.7247915459574716,100.0,21.672510267708134,63.84387323493386,0.02306023856617031,0.26438197265666596,1.8740448983493991,-0.2316006176016557,3.0222693531283156,2.509833175039388,3.348752047084376,2.608013026243185,-3.27828670199e-05,15,0,NewYork,Weak,2,1,6,7,False
ORB,SOL-USDT-SWAP,1H,LONG,2026-07-26 23:00:00+00:00,2026-07-27 14:00:00+00:00,76.67,75.587317,75.61,78.79,-112.89815001886804,-1.0213990566037743,0,SL,900,0.7547169811320712,-1.6320754716981134,0.3708041477836437,42.0,35.594637347659,81.85993232035037,-0.05139871351980509,0.2987873809952731,1.1260909767296103,-0.13042911177774139,2.6372155287817924,2.1464463618330787,1.790648919334003,3.3262194020844063,1.35212663039e-05,22,6,Dead,Trending,3,2,6,7,False
Volatility.Comp,SOL-USDT-SWAP,1H,LONG,2026-05-08 15:00:00+00:00,2026-05-08 17:00:00+00:00,89.1,90.73999999999998,88.28,90.73999999999998,186.840975609756,2.0,1,TP,120,3.4634146341463743,0.0,0.6270214974846436,42.0,12.687759749683966,61.28561304126002,0.24261210807964695,0.11961299913524871,3.1276499925092525,-0.2918069584736309,1.7587939698492372,1.2255861787600586,1.4088276403674624,2.592082123742964,4.6362145931e-05,14,4,NewYork,Ranging,2,0,8,7,True
Volatility.Comp,SOL-USDT-SWAP,1H,LONG,2026-05-10 09:00:00+00:00,2026-05-10 11:00:00+00:00,93.99,93.321995,93.35,95.27,-126.31206203124785,-1.0437578124999893,0,SL,120,0.5312500000000049,-1.7812499999999993,0.4762805023506099,3.0,19.48790634357181,67.55647807893155,0.5498032626821414,0.5805979248008161,6.020069927632166,-0.04255771890627328,1.797898841113394,1.1865306258272645,1.3926460352820957,2.2065144120035085,2.0200826351e-06,8,6,London,Ranging,1,0,8,7,False
Volatility.Comp,SOL-USDT-SWAP,1H,LONG,2026-05-13 02:00:00+00:00,2026-05-13 11:00:00+00:00,95.12,94.39167400000001,94.42,96.52000000000001,-124.33700062856924,-1.0404657142857037,0,SL,540,1.1571428571428557,-1.328571428571433,0.7202046912480199,36.0,18.211569418313605,50.67498538287595,0.3039121500135488,-0.27309161977571206,3.5134910057023676,-1.9026595185535609,1.6889363976483145,2.632101952549762,2.0377579717608,1.0540502712927724,0.0001,1,2,Asia,Ranging,0,0,8,7,False
Volatility.Comp,SOL-USDT-SWAP,1H,LONG,2026-05-22 13:00:00+00:00,2026-05-22 14:00:00+00:00,87.72,87.17384000000001,87.2,88.75999999999999,-130.24159692307336,-1.0503076923076737,0,SL,60,0.0,-2.730769230769255,0.5646663909374396,8.0,18.52573382323302,61.897089586619735,-0.010353475758810146,0.3180667041170808,0.6703254388709017,-0.2735666248717598,1.8458323659159548,1.385905783392763,2.458251807994784,1.450706873423383,-7.4516993967e-06,12,4,NewYork,Ranging,2,0,8,7,False
Volatility.Comp,SOL-USDT-SWAP,1H,LONG,2026-05-25 15:00:00+00:00,2026-05-25 18:00:00+00:00,86.28,85.864233,85.89,87.06,-139.6975743076932,-1.0660692307692354,0,SL,180,0.3076923076923189,-1.1282051282051206,0.5577722262402649,1.0,12.58920996842184,59.35156493523667,-0.025478838382021966,0.24011288199420525,0.1497687249487705,-0.13906594043341097,3.2547564915639744,2.7752224780534225,2.576952091335869,1.3015673805324026,-3.35565997579e-05,14,0,NewYork,Ranging,2,0,8,7,False
Volatility.Comp,SOL-USDT-SWAP,1H,LONG,2026-06-12 15:00:00+00:00,2026-06-12 20:00:00+00:00,67.88,66.560026,66.58,70.47999999999999,-109.2778473538469,-1.0153646153846192,0,SL,300,0.22307692307692836,-1.092307692307696,0.6710433304243877,11.0,22.593789763913264,65.26361346402322,-0.088799049585988,0.5908153756796939,0.7512279229477762,-0.11785503830288495,3.020185157079974,2.0779356106212346,2.9358465830727836,2.707677083604146,-0.0001017741646027,14,4,NewYork,Weak,2,1,8,7,False
Volatility.Comp,SOL-USDT-SWAP,1H,LONG,2026-06-13 12:00:00+00:00,2026-06-13 21:00:00+00:00,67.87,68.95000000000002,67.33,68.95000000000002,184.79777777777795,2.0,1,TP,540,3.1296296296295893,-0.16666666666667104,0.5193597177987174,2.0,26.906580473468146,62.58888448281371,-0.02571299255581726,0.3973085082851887,0.8192642247530619,-0.44202151171356585,2.198464086733938,2.3979846789804253,2.446671559931338,1.099514376977846,4.50224401935e-05,11,5,London,Trending,1,2,8,7,True
Volatility.Comp,SOL-USDT-SWAP,1H,LONG,2026-06-13 22:00:00+00:00,2026-06-14 05:00:00+00:00,69.22,68.159546,68.18,71.29999999999998,-111.85920457692333,-1.0196673076923086,0,SL,420,0.0,-1.1923076923076965,0.5456780672722771,13.0,36.96697206728919,71.7534758770067,0.13053819659972418,0.7993157641034466,2.6757711247990983,-0.5057072677358887,4.137827264520013,3.8646881881029334,2.307805660119714,2.193643393197291,-4.290997293e-05,21,5,Dead,Trending,3,2,8,7,False
Volatility.Comp,SOL-USDT-SWAP,1H,LONG,2026-06-20 05:00:00+00:00,2026-06-20 22:00:00+00:00,70.82,72.77999999999997,69.84,72.77999999999997,191.20816326530604,2.0,1,TP,1020,3.510204081632702,-0.3979591836734596,0.6484133426424679,4.0,22.897173121084535,64.79665628901672,-0.08570401118334152,-0.17045579841093336,0.9210472200358215,-0.3247670149675289,4.346544865183422,3.58464317474931,2.657337817342286,2.082007324605225,-6.0190618069e-06,4,5,Asia,Weak,0,1,8,7,True
Volatility.Comp,SOL-USDT-SWAP,1H,LONG,2026-06-21 10:00:00+00:00,2026-06-21 11:00:00+00:00,74.0,73.00809100000001,73.03,75.94,-113.61060356700904,-1.0225865979381379,0,SL,60,0.0,-1.0,0.6237539735707057,6.0,39.53896758930823,70.38754774529001,0.38351245158528335,1.0807497417978913,4.588538235348918,-0.3649141775915803,5.0546642055941895,4.144311316396297,2.691098921428061,1.4994794736798056,9.2962287392e-06,9,6,London,Trending,1,2,8,7,False
Volatility.Comp,SOL-USDT-SWAP,1H,LONG,2026-06-27 15:00:00+00:00,2026-06-27 17:00:00+00:00,72.66,72.12835500000001,72.15,73.67999999999998,-125.52215941176219,-1.042441176470574,0,SL,120,0.6274509803921825,-1.5686274509804146,0.7555947039527057,28.000000000000004,33.38643496692455,62.83151123527541,0.270560778682315,0.9784621683018059,3.384765090935275,-1.7065785851913144,1.8931426167437866,1.8617909588438044,2.3444533181669365,1.3047139727575408,7.11020586954e-05,14,5,NewYork,Trending,2,2,8,7,False
Volatility.Comp,SOL-USDT-SWAP,1H,LONG,2026-06-28 09:00:00+00:00,2026-06-28 17:00:00+00:00,71.87,70.988697,71.01,73.59,-114.9210718837217,-1.0247709302325618,0,SL,480,0.5930232558139433,-1.1162790697674518,0.6499675156638511,14.000000000000002,21.792512071563024,58.03523226345726,0.055893925597916366,-0.06440263682371222,2.0327763551556024,-1.809073197884772,2.510699001426541,4.345153224164283,2.70649681810615,2.2708645936930387,7.82065129036e-05,8,6,London,Weak,1,1,8,7,False
Volatility.Comp,SOL-USDT-SWAP,1H,LONG,2026-07-03 02:00:00+00:00,2026-07-03 03:00:00+00:00,81.45,80.635802,80.66,83.03000000000002,-118.43639002531589,-1.0306303797468332,0,SL,60,0.0,-1.5189873417721436,0.8584180999846556,17.0,36.54898216355086,65.42436543956828,0.9239606717226132,1.5067759002296144,9.55697900777845,-1.6699410609037322,5.029662109878761,5.873293662758674,4.535486330306308,0.5834965976207026,4.33063071423e-05,1,4,Asia,Trending,0,2,8,7,False
Volatility.Comp,SOL-USDT-SWAP,1H,LONG,2026-07-03 20:00:00+00:00,2026-07-04 01:00:00+00:00,82.45,82.01538800000002,82.04,83.27,-136.07395921950788,-1.0600292682926604,0,SL,300,1.3902439024390194,-1.658536585365884,0.7797106583198503,12.0,40.18684902298867,67.66930869609973,0.8686822403948566,1.0732572924491959,9.209048080749884,-0.9582726831635204,2.7289719626168196,2.38612240739051,2.1644584979347363,1.8210725075371836,-5.5843438794e-06,19,4,NewYork,Trending,2,2,8,7,False
Volatility.Comp,SOL-USDT-SWAP,1H,LONG,2026-07-04 05:00:00+00:00,2026-07-04 06:00:00+00:00,83.45,82.59521400000001,82.62,85.11,-117.97579860240768,-1.0298626506023998,0,SL,60,0.12048192771083677,-1.192771084337363,0.7480212759448691,8.0,43.83251228338878,70.54332559254611,0.89267007848449,1.0898624790446148,9.670419245957405,-0.5991611743559018,3.510295212106175,2.9058395100916696,1.89643343910066,2.3827974793636493,0.0001,4,5,Asia,Trending,0,2,8,7,False
Volatility.Comp,SOL-USDT-SWAP,1H,LONG,2026-07-05 15:00:00+00:00,2026-07-05 16:00:00+00:00,81.41,80.94570900000001,80.97,82.28999999999999,-133.18077849999608,-1.055206818181798,0,SL,60,0.1590909090909267,-1.25,0.5898574653697187,9.0,20.03061743045151,54.57670936253825,0.4094021287125835,-0.2608443135955062,4.890489729529623,-1.093231789706425,2.2353384402863257,3.099393082770466,1.9056592586434773,1.0389736843079291,9.38984297786e-05,14,6,NewYork,Weak,2,1,8,7,False
Volatility.Comp,SOL-USDT-SWAP,1H,LONG,2026-07-05 22:00:00+00:00,2026-07-06 03:00:00+00:00,81.74,80.715778,80.74,83.74,-114.59174667999893,-1.0242219999999946,0,SL,300,0.5799999999999983,-1.3399999999999892,0.5917380232738383,15.0,15.587220282520114,59.75078398305334,0.447231837180447,0.034867482533224914,4.990595249778509,-0.6239295326645524,2.6497551174180582,2.1481474335238846,1.8951369784188425,1.611367615001139,-6.1859640522e-06,21,6,Dead,Ranging,3,0,8,7,False
Volatility.Comp,SOL-USDT-SWAP,1H,LONG,2026-07-10 02:00:00+00:00,2026-07-10 14:00:00+00:00,79.03,77.86663300000001,77.89,81.31,-112.35719121052512,-1.0204973684210468,0,SL,720,0.5350877192982448,-1.7631578947368458,0.6377556294587684,13.0,19.637300643316276,65.55203182074933,-0.07210535283918722,-0.12512993938208286,0.44804908082353617,-0.5062009617818346,2.3442559253982678,1.6833211406507735,1.9707539173224407,2.751989103234621,3.30794339057e-05,1,4,Asia,Ranging,0,0,8,7,False
EMA.Crossover.ADX,SOL-USDT-SWAP,1H,LONG,2026-05-21 05:00:00+00:00,2026-05-21 06:00:00+00:00,86.94,86.693984,86.72,87.38,-171.00563199999897,-1.1182545454545392,0,SL,60,0.0,-3.636363636363642,0.63115022349695,41.0,22.468115852024553,67.76405577477945,-0.10759155994113198,0.5141707903229126,-0.3763428312056107,-0.39107430411778626,3.364641540839375,3.309831669901874,2.250112399328236,1.4024690466929781,-2.76605571374e-05,4,3,Asia,Weak,0,1,2,7,False
EMA.Crossover.ADX,SOL-USDT-SWAP,1H,LONG,2026-05-24 10:00:00+00:00,2026-05-24 11:00:00+00:00,86.5,86.84,86.33,86.84,136.4138728323719,2.0,1,TP,60,2.352941176470598,-0.7058823529411962,0.6792957182153635,55.00000000000001,33.12336012731941,62.12591913743199,-0.03237588099533606,0.42735744953886523,0.156380281727063,-1.167765059544462,4.17971573114912,4.193712529067852,3.3502225196551856,1.193996006004223,3.39844805487e-05,9,6,London,Trending,1,2,2,7,True
EMA.Crossover.ADX,SOL-USDT-SWAP,1H,LONG,2026-06-08 21:00:00+00:00,2026-06-08 22:00:00+00:00,67.44,66.859936,66.88,68.56,-121.55499314285375,-1.0358285714285547,0,SL,60,0.0,-1.1607142857142658,0.8484359963318584,1.0,26.59022584202573,62.66031980246175,-0.42441133271808706,1.059728070083624,-3.642476404395672,-0.5041518386714167,3.8817005545286443,4.215857202338353,3.2486187456900897,0.9168730774672478,-8.8760975112e-06,20,0,Dead,Trending,3,2,2,7,False
EMA.Crossover.ADX,SOL-USDT-SWAP,1H,LONG,2026-06-09 07:00:00+00:00,2026-06-09 08:00:00+00:00,67.02,66.899924,66.92,67.21999999999998,-164.5060835571475,-1.2007600000000422,0,SL,60,0.0,-6.700000000000398,0.8340356672070173,4.0,20.517779728749108,55.916387218014656,-0.46563956208564866,0.39986289579871825,-3.7945973278086798,-1.671142942405259,2.744136133680809,3.5262411215727285,3.7340224725779207,0.515444879847508,-8.69241579033e-05,6,1,Asia,Weak,0,1,2,7,False
EMA.Crossover.ADX,SOL-USDT-SWAP,1H,LONG,2026-06-11 20:00:00+00:00,2026-06-11 21:00:00+00:00,66.88,66.530035,66.55,67.53999999999999,-136.35636999999966,-1.0604999999999976,0,SL,60,0.545454545454569,-1.0909090909090948,0.8267452593749617,40.0,30.29845635389283,65.2035567632798,-0.24523114909747565,0.6283054875257394,-0.8859912250589882,-0.6876962176707935,5.922406967537612,4.778649611214096,4.214277035485982,0.8715545158490162,-3.3124734566e-06,19,3,NewYork,Trending,2,2,2,7,False
EMA.Crossover.ADX,SOL-USDT-SWAP,1H,LONG,2026-06-20 12:00:00+00:00,2026-06-20 13:00:00+00:00,71.74,71.37858000000001,71.4,72.41999999999997,-137.85621999999648,-1.0629999999999784,0,SL,60,0.0,-3.235294117647145,0.6617625726949353,8.0,33.35970982174214,65.83585505385216,0.14051505208593934,0.6638929085563844,2.0867283550048845,-0.9896849735154837,4.653537563822025,6.5141113767926235,2.877098910539489,1.035993877448156,-1.18951848813e-05,11,5,London,Trending,1,2,2,7,False
EMA.Crossover.ADX,SOL-USDT-SWAP,1H,LONG,2026-06-26 17:00:00+00:00,2026-06-26 19:00:00+00:00,72.45,73.41000000000001,71.97,73.41000000000001,181.76750000000015,2.0,1,TP,120,3.0208333333333144,-0.22916666666666358,1.3408714041742027,100.0,22.545533856655886,67.98251986433172,0.04751425897029484,1.0577272912558535,3.7419619921037324,-1.5873015873015754,9.989373007438891,9.537612582213507,6.582586687520448,2.3292201810561752,7.83456302872e-05,16,4,NewYork,Weak,2,1,2,7,True
EMA.Crossover.ADX,SOL-USDT-SWAP,1H,LONG,2026-07-15 02:00:00+00:00,2026-07-15 03:00:00+00:00,77.39,77.20683100000001,77.23,77.71,-186.9350616249966,-1.1448062499999767,0,SL,60,2.9375000000000555,-1.312499999999989,0.5748285165264222,65.0,33.30893039887939,62.15080393428468,0.001250702041405452,0.5747019790538773,0.06927948535244008,-0.7235142118862894,3.4621039967918774,5.215822476245132,2.5000177242461876,0.5603854659136785,5.08965727959e-05,1,2,Asia,Trending,0,2,2,7,False
EMA.Crossover.ADX,SOL-USDT-SWAP,1H,LONG,2026-07-19 11:00:00+00:00,2026-07-19 12:00:00+00:00,76.23,75.837242,75.86,76.97000000000001,-136.9611743783758,-1.0615081081080966,0,SL,60,0.0,-1.4054054054054157,0.3748760308167634,23.0,36.60454068455041,66.09857249022392,-0.038117663239554025,0.32491979725778103,-0.08610858044733319,-0.4197822379640471,1.9662921348314588,2.0198197178662003,1.0996280077125573,1.151093643794066,5.33458419241e-05,10,6,London,Trending,1,2,2,7,False
EMA.Crossover.ADX,SOL-USDT-SWAP,1H,LONG,2026-07-27 00:00:00+00:00,2026-07-27 01:00:00+00:00,76.74,76.437062,76.46,77.3,-149.20794185714007,-1.0819214285714152,0,SL,60,0.0,-2.8214285714285317,0.3886038515133837,46.0,38.473328901971996,82.29813342655936,-0.026754618690126495,0.38352198374142904,1.19309427894117,-0.4561449237586267,2.7175368139223575,2.758561292800763,1.7900576960274652,2.643886822277384,1.35212663039e-05,23,6,Dead,Trending,3,2,2,7,False
Donchian.20,SOL-USDT-SWAP,1H,LONG,2026-05-08 15:00:00+00:00,2026-05-08 17:00:00+00:00,89.1,90.73999999999998,88.28,90.73999999999998,186.840975609756,2.0,1,TP,120,3.4634146341463743,0.0,0.6270214974846436,42.0,12.687759749683966,61.28561304126002,0.24261210807964695,0.11961299913524871,3.1276499925092525,-0.2918069584736309,1.7587939698492372,1.2255861787600586,1.4088276403674624,2.592082123742964,4.6362145931e-05,14,4,NewYork,Ranging,2,0,1,7,True
Donchian.20,SOL-USDT-SWAP,1H,LONG,2026-05-08 18:00:00+00:00,2026-05-10 17:00:00+00:00,91.63,95.85,89.52,95.85,194.6688151658768,2.0,1,TP,2820,2.293838862559244,0.0,0.7779760313315461,93.0,16.987234790583432,79.77637178041901,0.3102120056733757,0.38922553619756495,5.905067151984688,-0.3492687186203811,4.636820465966197,3.7558131461830437,2.763256423208935,4.412340154015708,-4.1648952057e-06,17,4,NewYork,Ranging,2,0,1,7,True
Donchian.20,SOL-USDT-SWAP,1H,LONG,2026-05-10 18:00:00+00:00,2026-05-10 20:00:00+00:00,96.44,94.721575,94.75,99.82,-110.15070680473357,-1.0168195266272182,0,SL,120,0.23076923076923142,-1.8224852071005933,0.6821456585942921,43.0,23.482179330424945,78.39088119054895,0.6033203577403639,0.7645462243179112,8.196737492461018,-0.0311074243052687,4.225656543823621,3.4227923389485353,2.409645355486728,3.5904454314406022,-7.806897465e-06,17,6,NewYork,Weak,2,1,1,7,False
Donchian.20,SOL-USDT-SWAP,1H,LONG,2026-05-11 17:00:00+00:00,2026-05-12 01:00:00+00:00,97.29,96.411068,96.44,98.99000000000002,-120.4805459764698,-1.0340376470588202,0,SL,480,1.258823529411744,-2.1647058823529233,1.0095599758464218,100.0,12.886630994947192,65.99528201064167,0.587440749243488,0.5551427819120643,7.553172275604295,-0.6887335526315806,3.2367611164172736,2.883055901814525,3.195582984008998,2.594604270255438,-1.73273136275e-05,16,0,NewYork,Ranging,2,0,1,7,False
Donchian.20,SOL-USDT-SWAP,1H,LONG,2026-05-14 15:00:00+00:00,2026-05-15 05:00:00+00:00,92.2,90.532832,90.56,95.48,-109.99851824390282,-1.0165658536585385,0,SL,840,0.8658536585365861,-1.2195121951219507,0.7702977956740528,40.0,33.368187923324655,55.266269286284576,-0.09716468183994212,-0.6992145232608876,0.2830335057698753,-0.06507592190889618,2.718360071301245,1.9345686517109444,2.807899870745784,2.3851038776943096,-1.59893207656e-05,14,3,NewYork,Trending,2,2,1,7,False
Donchian.20,SOL-USDT-SWAP,1H,LONG,2026-05-21 18:00:00+00:00,2026-05-22 18:00:00+00:00,87.57,86.114158,86.14,90.42999999999998,-110.90171292307659,-1.0180713286713268,0,SL,1440,0.2237762237762301,-2.132867132867142,0.744550735979504,94.0,18.75775660726994,66.01087899679199,-0.10900506576874992,0.24897040478287233,0.494947081475471,-0.44530714775062863,2.7210884353741416,2.181316995212966,2.4468178204224005,3.3932616633702755,5.64785299635e-05,17,3,NewYork,Ranging,2,0,1,7,False
Donchian.20,SOL-USDT-SWAP,1H,LONG,2026-05-23 21:00:00+00:00,2026-05-24 14:00:00+00:00,87.04,84.704581,84.73,91.66000000000001,-106.6616774285714,-1.0110038961038958,0,SL,1020,0.0,-1.1471861471861484,0.8178537554860067,100.0,33.296440548565286,71.63867640582302,-0.2778788532872406,-0.39230796528042494,0.7436753762582707,-0.011488970588224843,6.994468346650291,6.007440554824917,4.265324750815126,2.388752256394568,-0.0001462007160563,20,5,Dead,Trending,3,2,1,7,False
Donchian.20,SOL-USDT-SWAP,1H,LONG,2026-05-25 15:00:00+00:00,2026-05-25 18:00:00+00:00,86.28,85.864233,85.89,87.06,-139.6975743076932,-1.0660692307692354,0,SL,180,0.3076923076923189,-1.1282051282051206,0.5577722262402649,1.0,12.58920996842184,59.35156493523667,-0.025478838382021966,0.24011288199420525,0.1497687249487705,-0.13906594043341097,3.2547564915639744,2.7752224780534225,2.576952091335869,1.3015673805324026,-3.35565997579e-05,14,0,NewYork,Ranging,2,0,1,7,False
Donchian.20,SOL-USDT-SWAP,1H,LONG,2026-06-12 15:00:00+00:00,2026-06-12 20:00:00+00:00,67.88,66.560026,66.58,70.47999999999999,-109.2778473538469,-1.0153646153846192,0,SL,300,0.22307692307692836,-1.092307692307696,0.6710433304243877,11.0,22.593789763913264,65.26361346402322,-0.088799049585988,0.5908153756796939,0.7512279229477762,-0.11785503830288495,3.020185157079974,2.0779356106212346,2.9358465830727836,2.707677083604146,-0.0001017741646027,14,4,NewYork,Weak,2,1,1,7,False
Donchian.20,SOL-USDT-SWAP,1H,LONG,2026-06-13 16:00:00+00:00,2026-06-13 17:00:00+00:00,68.55,68.099564,68.12,69.40999999999998,-128.57249730232778,-1.0475255813953581,0,SL,60,0.0,-1.7674418604651254,0.5013627889433871,3.0,32.831171911578664,69.54818129093586,0.056026252550112454,0.6491280196892912,1.7640518208721045,-0.1896702655383651,3.207348290920057,3.428467169770788,1.6804552924115552,1.617375693320566,4.50224401935e-05,15,5,NewYork,Trending,2,2,1,7,False
Donchian.20,SOL-USDT-SWAP,1H,LONG,2026-06-13 22:00:00+00:00,2026-06-14 05:00:00+00:00,69.22,68.159546,68.18,71.29999999999998,-111.85920457692333,-1.0196673076923086,0,SL,420,0.0,-1.1923076923076965,0.5456780672722771,13.0,36.96697206728919,71.7534758770067,0.13053819659972418,0.7993157641034466,2.6757711247990983,-0.5057072677358887,4.137827264520013,3.8646881881029334,2.307805660119714,2.193643393197291,-4.290997293e-05,21,5,Dead,Trending,3,2,1,7,False
Donchian.20,SOL-USDT-SWAP,1H,LONG,2026-06-14 22:00:00+00:00,2026-06-15 15:00:00+00:00,70.11,74.83,67.75,74.83,196.3150847457627,2.0,1,TP,1020,2.1610169491525406,0.0,0.6225292239298752,45.0,27.653761445928218,73.66479123015365,0.03059481804392791,0.039641062684455185,3.765108652393355,-0.5562687205819434,4.798206278026896,3.964298867487201,4.1541906927938355,4.378851321189863,-3.20449128752e-05,21,6,Dead,Trending,3,2,1,7,True
Donchian.20,SOL-USDT-SWAP,1H,LONG,2026-06-15 16:00:00+00:00,2026-06-15 22:00:00+00:00,75.2,73.707881,73.73,78.14,-109.08726044898008,-1.0150469387755126,0,SL,360,0.3809523809523828,-1.1088435374149734,0.7916211333843512,95.0,48.98156745559131,88.40514660753878,0.6556030211844679,1.9089077204649136,10.144426859908455,-0.013297872340413438,11.589256566256125,8.393932349965018,4.394103412378687,1.776638430645203,-2.80617027448e-05,15,0,NewYork,Trending,2,2,1,7,False
Donchian.20,SOL-USDT-SWAP,1H,LONG,2026-06-20 05:00:00+00:00,2026-06-20 22:00:00+00:00,70.82,72.77999999999997,69.84,72.77999999999997,191.20816326530604,2.0,1,TP,1020,3.510204081632702,-0.3979591836734596,0.6484133426424679,4.0,22.897173121084535,64.79665628901672,-0.08570401118334152,-0.17045579841093336,0.9210472200358215,-0.3247670149675289,4.346544865183422,3.58464317474931,2.657337817342286,2.082007324605225,-6.0190618069e-06,4,5,Asia,Weak,0,1,1,7,True
Donchian.20,SOL-USDT-SWAP,1H,LONG,2026-06-20 23:00:00+00:00,2026-06-21 23:00:00+00:00,73.53,72.288307,72.31,75.97,-110.72762165573756,-1.0177811475409828,0,SL,1440,0.9262295081967185,-1.0737704918032815,0.7565243108129286,56.99999999999999,33.852109812146125,74.00379395247964,0.22839569884871228,0.7733050218870108,4.363160661779371,-1.006528835690981,5.6625467088243715,3.6328400701331502,3.1062694203129126,2.2817945053668227,2.16896145785e-05,22,5,Dead,Trending,3,2,1,7,False
Donchian.20,SOL-USDT-SWAP,1H,LONG,2026-06-26 07:00:00+00:00,2026-06-29 12:00:00+00:00,69.98,74.04,67.95,74.04,195.7432512315271,2.0,1,TP,4620,2.2315270935960583,-0.9064039408867007,1.172204589269093,93.0,16.424352943548737,62.54155566693007,-0.30384361858334896,-0.1469926415936264,0.2384272951620262,-0.057167357438911326,9.362300718974684,7.235604448944037,9.694146872287268,1.6465645877737638,-1.2396275047e-05,6,4,Asia,Ranging,0,0,1,7,True
Donchian.20,SOL-USDT-SWAP,1H,LONG,2026-06-29 18:00:00+00:00,2026-06-30 04:00:00+00:00,75.27,73.947809,73.97,77.86999999999999,-110.30097579999884,-1.0170699999999941,0,SL,600,0.7153846153846222,-1.2461538461538415,1.2602800781578807,94.0,17.113012113759574,73.85990451730386,0.3868546005051978,1.0373284671718663,6.100862191464409,-1.5676896505912141,8.022388059701477,6.169298125677792,3.7483692125163235,2.4139470790090534,8.38618609042e-05,17,0,NewYork,Ranging,2,0,1,7,False
Donchian.20,SOL-USDT-SWAP,1H,LONG,2026-07-01 03:00:00+00:00,2026-07-01 14:00:00+00:00,74.74,76.75999999999998,73.73,76.75999999999998,190.99999999999994,2.0,1,TP,660,2.4653465346534964,-0.8217821782178275,0.8867621606562344,56.00000000000001,12.613477624998271,63.17114535950225,0.27892324472026725,0.23479793617873979,4.098938293023409,-0.33453766894152276,3.9938769830225507,2.841889776850658,3.106187234433572,1.4720134327863914,0.0001,2,2,Asia,Ranging,0,0,1,7,True
Donchian.20,SOL-USDT-SWAP,1H,LONG,2026-07-01 15:00:00+00:00,2026-07-02 09:00:00+00:00,76.92,79.56000000000002,75.6,79.56000000000002,192.88727272727274,2.0,1,TP,1080,2.1439393939393807,-0.27272727272727076,0.9543050634705648,77.0,11.90289940817413,68.85246873233464,0.44885900033783815,0.7906950000680644,6.562413311769731,-0.4030161206448287,6.552154037955401,5.03863113373006,3.5663642950269936,2.6954236005211785,5.46829089141e-05,14,2,NewYork,Ranging,2,0,1,7,True
Donchian.20,SOL-USDT-SWAP,1H,LONG,2026-07-02 10:00:00+00:00,2026-07-02 11:00:00+00:00,79.43,81.79000000000002,78.25,81.79000000000002,191.80237288135595,2.0,1,TP,60,2.855932203389806,0.0,0.9222978063602504,56.00000000000001,27.34016436157748,68.91584195157982,0.7349209474456352,1.3773571299353335,8.533687182353203,-0.4155124653739591,5.052910052910063,3.19549904645976,3.3114537712261303,2.0526367461935364,-1.7739160409e-06,9,3,London,Trending,1,2,1,7,True
Donchian.20,SOL-USDT-SWAP,1H,LONG,2026-07-02 12:00:00+00:00,2026-07-02 13:00:00+00:00,82.33,81.445559,81.47,84.05,-117.11015527906883,-1.0284197674418558,0,SL,60,0.0,-1.9767441860465162,1.0766241289534813,91.0,32.450667851925125,79.40224324117077,0.8418333988431467,1.726798966730543,12.250254840811138,-0.5586592178770874,7.549634273772206,7.165260395579871,4.575910594782056,2.6870508103670927,-1.7739160409e-06,11,3,London,Trending,1,2,1,7,False
Donchian.20,SOL-USDT-SWAP,1H,LONG,2026-07-03 20:00:00+00:00,2026-07-04 01:00:00+00:00,82.45,82.01538800000002,82.04,83.27,-136.07395921950788,-1.0600292682926604,0,SL,300,1.3902439024390194,-1.658536585365884,0.7797106583198503,12.0,40.18684902298867,67.66930869609973,0.8686822403948566,1.0732572924491959,9.209048080749884,-0.9582726831635204,2.7289719626168196,2.38612240739051,2.1644584979347363,1.8210725075371836,-5.5843438794e-06,19,4,NewYork,Trending,2,2,1,7,False
Donchian.20,SOL-USDT-SWAP,1H,LONG,2026-07-04 05:00:00+00:00,2026-07-04 06:00:00+00:00,83.45,82.59521400000001,82.62,85.11,-117.97579860240768,-1.0298626506023998,0,SL,60,0.12048192771083677,-1.192771084337363,0.7480212759448691,8.0,43.83251228338878,70.54332559254611,0.89267007848449,1.0898624790446148,9.670419245957405,-0.5991611743559018,3.510295212106175,2.9058395100916696,1.89643343910066,2.3827974793636493,0.0001,4,5,Asia,Trending,0,2,1,7,False
Donchian.20,SOL-USDT-SWAP,1H,LONG,2026-07-05 22:00:00+00:00,2026-07-06 03:00:00+00:00,81.74,80.715778,80.74,83.74,-114.59174667999893,-1.0242219999999946,0,SL,300,0.5799999999999983,-1.3399999999999892,0.5917380232738383,15.0,15.587220282520114,59.75078398305334,0.447231837180447,0.034867482533224914,4.990595249778509,-0.6239295326645524,2.6497551174180582,2.1481474335238846,1.8951369784188425,1.611367615001139,-6.1859640522e-06,21,6,Dead,Ranging,3,0,1,7,False
Donchian.20,SOL-USDT-SWAP,1H,LONG,2026-07-06 22:00:00+00:00,2026-07-06 23:00:00+00:00,82.79,81.97540000000001,82.0,84.37000000000002,-118.741675949365,-1.0311392405063193,0,SL,60,0.0,-1.1898734177215247,0.858918582079653,93.0,16.648960583402445,64.65886073371018,0.3825985066662756,0.20225100149273925,5.387530926350135,-1.1597004107272213,4.55980800808387,4.207797854034298,3.20876171093709,1.5208100874071946,9.2055257644e-06,21,0,Dead,Ranging,3,0,1,7,False
Donchian.20,SOL-USDT-SWAP,1H,LONG,2026-07-10 02:00:00+00:00,2026-07-10 14:00:00+00:00,79.03,77.86663300000001,77.89,81.31,-112.35719121052512,-1.0204973684210468,0,SL,720,0.5350877192982448,-1.7631578947368458,0.6377556294587684,13.0,19.637300643316276,65.55203182074933,-0.07210535283918722,-0.12512993938208286,0.44804908082353617,-0.5062009617818346,2.3442559253982678,1.6833211406507735,1.9707539173224407,2.751989103234621,3.30794339057e-05,1,4,Asia,Ranging,0,0,1,7,False
Donchian.20,SOL-USDT-SWAP,1H,LONG,2026-07-15 06:00:00+00:00,2026-07-15 07:00:00+00:00,78.22,77.57672,77.6,79.46000000000001,-122.58677935483848,-1.0375483870967734,0,SL,60,0.0,-1.3870967741935374,0.5952435771686584,76.0,32.99366230339047,69.55893531907434,0.03195544974463538,0.6086931873719318,1.0934567096224097,-0.08950262114820022,4.3913507741590925,3.578161073615813,2.4656074353528608,0.9429061442162566,5.08965727959e-05,5,2,Asia,Trending,0,2,1,7,False
Donchian.20,SOL-USDT-SWAP,1H,LONG,2026-07-20 16:00:00+00:00,2026-07-23 15:00:00+00:00,77.73,76.027185,76.05,81.09000000000002,-108.20739946428499,-1.0135803571428537,0,SL,4260,0.6607142857142827,-1.1488095238095233,0.7247915459574716,100.0,21.672510267708134,63.84387323493386,0.02306023856617031,0.26438197265666596,1.8740448983493991,-0.2316006176016557,3.0222693531283156,2.509833175039388,3.348752047084376,2.608013026243185,-3.27828670199e-05,15,0,NewYork,Weak,2,1,1,7,False
Donchian.20,SOL-USDT-SWAP,1H,LONG,2026-07-26 23:00:00+00:00,2026-07-27 14:00:00+00:00,76.67,75.587317,75.61,78.79,-112.89815001886804,-1.0213990566037743,0,SL,900,0.7547169811320712,-1.6320754716981134,0.3708041477836437,42.0,35.594637347659,81.85993232035037,-0.05139871351980509,0.2987873809952731,1.1260909767296103,-0.13042911177774139,2.6372155287817924,2.1464463618330787,1.790648919334003,3.3262194020844063,1.35212663039e-05,22,6,Dead,Trending,3,2,1,7,False
EMA.Pullback,SOL-USDT-SWAP,1H,LONG,2026-05-09 16:00:00+00:00,2026-05-10 09:00:00+00:00,92.95,94.19000000000001,92.33,94.19000000000001,181.88967741935497,2.0,1,TP,1020,3.0161290322580268,-0.6774193548387074,0.6616248548339986,35.0,34.510507278089044,58.69186993671221,0.6678786727448104,1.1784367426912334,5.86359605523049,-1.2587412587412605,1.3852530541012174,2.4245321486202123,1.9920462931334468,1.3793323392543606,-5.61790902694e-05,15,5,NewYork,Trending,2,2,3,7,True
EMA.Pullback,SOL-USDT-SWAP,1H,LONG,2026-05-10 12:00:00+00:00,2026-05-10 16:00:00+00:00,93.5,94.80000000000001,92.85,94.80000000000001,182.61846153846167,2.0,1,TP,240,2.2307692307692157,-0.4923076923076775,0.5628127783033123,13.0,20.805624922471708,55.05839666523396,0.5616303201668624,0.6198386945864128,5.273889019932741,-1.4226120440688825,1.0375013509132105,1.512010423708231,1.400384037270186,2.4055699155684507,2.0200826351e-06,11,6,London,Weak,1,1,3,7,True
EMA.Pullback,SOL-USDT-SWAP,1H,LONG,2026-05-10 21:00:00+00:00,2026-05-10 23:00:00+00:00,94.45,96.63000000000001,93.36,96.63000000000001,189.48183486238534,2.0,1,TP,120,2.2660550458715516,0.0,0.8996661851062893,100.0,25.489895109316354,53.33429659762134,0.6421817886864792,0.8868150775727491,5.7434947197864235,-2.530171501164515,2.085810007565106,4.642083383594518,3.401558932199707,2.5459912807506133,-7.806897465e-06,20,6,Dead,Trending,3,2,3,7,True
EMA.Pullback,SOL-USDT-SWAP,1H,LONG,2026-05-11 00:00:00+00:00,2026-05-11 01:00:00+00:00,96.42,95.89122400000001,95.92,97.42,-134.58774687999738,-1.057551999999987,0,SL,60,0.0,-2.259999999999991,0.9614528457283228,100.0,22.418908268190382,65.65502600670435,0.7016995480897799,1.0792317617316831,7.71543579522977,-0.5081406201389556,3.855681206246648,4.995343338548422,3.642874863665509,0.9652389989812546,-7.806897465e-06,23,6,Dead,Weak,3,1,3,7,False
EMA.Pullback,SOL-USDT-SWAP,1H,LONG,2026-05-14 16:00:00+00:00,2026-05-15 01:00:00+00:00,93.09,91.84243900000001,91.87,95.53,-113.61323470491666,-1.0225909836065505,0,SL,540,0.4098360655737709,-1.1885245901639379,0.8102765245544774,46.0,32.4758999983614,61.21926161829397,-0.07598588995253412,-0.593463178134049,1.249221706470834,-0.1074113856068835,3.7210338680926798,2.8181922303441653,2.9741857122759683,2.3362956754605686,-1.59893207656e-05,15,3,NewYork,Trending,2,2,3,7,False
EMA.Pullback,SOL-USDT-SWAP,1H,LONG,2026-05-20 17:00:00+00:00,2026-05-20 20:00:00+00:00,86.42,85.454356,85.48,88.3,-116.42687378723402,-1.0272808510638296,0,SL,180,0.10638297872339847,-1.0,0.7165044162561991,85.0,20.318003242230834,68.05921078340924,-0.2638542555879281,0.14067340322094182,-1.0958729988055083,-0.39338192757143253,3.1507339778016474,3.0368329907107965,2.178411697095696,2.9456469283154085,-4.84819523068e-05,16,2,NewYork,Weak,2,1,3,7,False
EMA.Pullback,SOL-USDT-SWAP,1H,LONG,2026-05-21 19:00:00+00:00,2026-05-21 20:00:00+00:00,87.03,87.63,86.73,87.63,165.06799999999967,2.0,1,TP,60,2.866666666666692,0.0,0.7642256834095391,96.0,20.459293939169978,59.056410217090345,-0.10518853505664509,0.25006423802440797,-0.12344468338182045,-1.0684742647058738,2.087731644381892,2.2420548637799165,2.5691395968015933,1.0735273752865009,5.64785299635e-05,18,3,NewYork,Weak,2,1,3,7,True
EMA.Pullback,SOL-USDT-SWAP,1H,LONG,2026-05-22 02:00:00+00:00,2026-05-22 06:00:00+00:00,87.03,86.51403800000001,86.54,88.00999999999999,-131.84702506122187,-1.0529836734693734,0,SL,240,0.632653061224501,-1.2040816326530808,0.657068540926786,37.0,23.865522498967444,54.73619113516625,0.001718607736347827,0.5499464797749232,-0.14355176860295832,-1.0800873262093504,2.0760028149190664,3.028211993729826,2.716574519074379,0.4476371861750251,5.50922645142e-05,1,4,Asia,Weak,0,1,3,7,False
EMA.Pullback,SOL-USDT-SWAP,1H,LONG,2026-05-24 14:00:00+00:00,2026-05-24 15:00:00+00:00,85.86,85.644299,85.67,86.24,-181.21293652631465,-1.1352684210526225,0,SL,60,0.0,-4.052631578947396,0.6518576897112923,38.0,32.4989133509112,52.294045629388684,-0.011123682184255298,0.4389314682763578,-0.5710192534927151,-1.9100861868157473,2.0684736091298084,2.4736136632929897,3.31833519520057,0.6274170958465707,3.39844805487e-05,13,6,NewYork,Trending,2,2,3,7,False
EMA.Pullback,SOL-USDT-SWAP,1H,LONG,2026-05-25 05:00:00+00:00,2026-05-25 22:00:00+00:00,85.79,84.834542,84.86,87.65000000000002,-116.48287367741933,-1.0273741935483873,0,SL,1020,0.7419354838709599,-1.2365591397849434,0.7262072139903479,76.0,22.497922771514126,54.62629082083959,-0.14361586726757955,-0.1804191966349523,-0.4675128848968629,-1.4222429470739086,2.6444896493957257,3.1136023215365114,2.792449089468222,0.961335714558089,-1.87303335579e-05,4,0,Asia,Weak,0,1,3,7,False
EMA.Pullback,SOL-USDT-SWAP,1H,LONG,2026-05-26 11:00:00+00:00,2026-05-26 15:00:00+00:00,85.52,84.28470700000001,84.31,87.93999999999998,-112.6007292727258,-1.0209033057851165,0,SL,240,0.4793388429752077,-1.2975206611570258,0.588789504404613,30.0,23.937223963933924,57.70394252015497,-0.18350383342769888,-0.39909806644389545,-0.48406244009636124,-1.1225444340505237,2.07686798758653,3.4775593228032324,2.091661708737906,3.008368867376624,-9.77499497832e-05,10,1,London,Weak,1,1,3,7,False
EMA.Pullback,SOL-USDT-SWAP,1H,LONG,2026-06-08 01:00:00+00:00,2026-06-08 04:00:00+00:00,66.67,65.950209,65.97,68.07000000000001,-117.02201791428504,-1.028272857142854,0,SL,180,0.04285714285714431,-1.9428571428571342,1.068458245640961,24.0,25.01745284853775,65.85429940847757,-0.8143667123869517,0.460129549851928,-5.776897051569611,-1.860186018601874,4.877281308999361,4.33712361816536,4.528154719947428,0.9285177288235474,-0.0002693748678384,0,0,Asia,Trending,0,2,3,7,False
EMA.Pullback,SOL-USDT-SWAP,1H,LONG,2026-06-09 00:00:00+00:00,2026-06-09 01:00:00+00:00,66.78,66.58001999999999,66.6,67.14000000000001,-166.6533400000018,-1.1110000000000173,0,SL,60,0.0,-8.055555555555266,0.8241778002700781,1.0,25.42279700735506,53.96271026967004,-0.4018973070701516,0.9791606339208234,-4.455336308665531,-2.0212606677646265,2.8804682686383307,4.35081518903047,3.184562471954621,0.6227183758089135,-8.8760975112e-06,23,0,Dead,Trending,3,2,3,7,False
EMA.Pullback,SOL-USDT-SWAP,1H,LONG,2026-06-09 05:00:00+00:00,2026-06-09 13:00:00+00:00,66.97,65.750269,65.77,69.37,-109.92451344999881,-1.0164424999999941,0,SL,480,0.3916666666666648,-1.183333333333332,0.8718993536838788,9.0,21.524003075445563,55.896465246752385,-0.4647340838763805,0.4780625179071902,-3.9382070484597076,-1.7470509183216392,2.6674842863712933,3.664677938178393,3.9108821152891013,1.5065007164021966,-8.69241579033e-05,4,1,Asia,Weak,0,1,3,7,False
EMA.Pullback,SOL-USDT-SWAP,1H,LONG,2026-06-11 16:00:00+00:00,2026-06-11 17:00:00+00:00,65.51,66.63000000000001,64.95,66.63000000000001,185.8421428571429,2.0,1,TP,60,2.946428571428544,-0.9107142857142911,0.7570934450526425,17.0,25.39111790157041,57.23346993348242,-0.3367162635877724,0.37026678994321993,-2.9865391344780794,-1.0227446191421181,5.169369080109176,6.104335087389597,3.4813216439962478,1.356489145981291,4.62258892781e-05,15,3,NewYork,Trending,2,2,3,7,True
EMA.Pullback,SOL-USDT-SWAP,1H,LONG,2026-06-11 18:00:00+00:00,2026-06-15 00:00:00+00:00,67.12,71.36000000000001,65.0,71.36000000000001,196.08075471698115,2.0,1,TP,4680,2.1509433962264115,-0.5801886792452836,0.8402489398668191,46.0,27.191349935913383,68.66308700175726,-0.2953688323893405,0.4853305441965561,-0.5499492491577194,-0.04468940861016109,7.718228498074446,5.703552356560029,4.117825638147546,2.7073666472147724,-3.3124734566e-06,17,3,NewYork,Trending,2,2,3,7,True
EMA.Pullback,SOL-USDT-SWAP,1H,LONG,2026-06-16 04:00:00+00:00,2026-06-16 08:00:00+00:00,73.7,75.46000000000002,72.82,75.46000000000002,189.8300000000001,2.0,1,TP,240,2.170454545454518,-0.43181818181818804,0.8001159924617808,93.0,41.13262379584432,57.58266977902024,0.8014748327279532,1.762691758805674,6.855603655033677,-3.2026055095671047,4.155477031802117,6.985703350734187,3.640783277579717,0.8456447335662023,3.1540261669e-05,3,1,Asia,Trending,0,2,3,7,True
EMA.Pullback,SOL-USDT-SWAP,1H,LONG,2026-06-16 19:00:00+00:00,2026-06-16 23:00:00+00:00,73.97,73.507941,73.53,74.85,-130.13744649999958,-1.0501340909090882,0,SL,240,0.5227272727272845,-1.3636363636363578,0.8305863854834148,95.0,24.812197941997105,53.05148944323091,0.6514864821970052,0.8424982282991508,6.161673080222104,-2.230935640886974,2.3242944106253356,3.57249480360775,3.6254966518728233,1.0827572904723999,1.46462080172e-05,18,1,NewYork,Weak,2,1,3,7,False
EMA.Pullback,SOL-USDT-SWAP,1H,LONG,2026-06-20 14:00:00+00:00,2026-06-20 15:00:00+00:00,71.15,72.17000000000002,70.64,72.17000000000002,183.13882352941192,2.0,1,TP,60,2.823529411764673,0.0,0.6714177284971637,11.0,33.34964997118061,57.63320236280834,0.18129846251171808,0.7821968629165054,1.217190294462384,-1.8271257905832707,3.596389050669771,6.252547683119544,2.651382869342426,1.7751763632466873,-1.18951848813e-05,13,5,NewYork,Trending,2,2,3,7,True
EMA.Pullback,SOL-USDT-SWAP,1H,LONG,2026-06-20 16:00:00+00:00,2026-06-20 17:00:00+00:00,72.0,71.57852,71.6,72.80000000000001,-132.27677799999796,-1.0536999999999914,0,SL,60,0.0,-2.3749999999999734,0.7643856944694932,57.99999999999999,33.62184261618943,64.64628851316259,0.19621269019968443,0.7925220561567676,2.364562082169777,-0.8334490901514218,4.819452533488625,5.997042195988738,2.7352968087604506,1.9101493764633246,-1.18951848813e-05,15,5,NewYork,Trending,2,2,3,7,False
EMA.Pullback,SOL-USDT-SWAP,1H,LONG,2026-06-21 13:00:00+00:00,2026-06-21 21:00:00+00:00,73.61,72.848139,72.87,75.08999999999999,-117.78336262162208,-1.0295418918918937,0,SL,480,1.4189189189189249,-1.6891891891892008,0.6562964577022016,15.0,37.19378104413949,61.43979151441086,0.38622121883612204,1.0093945980681676,3.915902250193961,-1.0461956521739268,3.589021815622797,3.8296354802267576,2.7569213153989978,1.4179675405282681,9.2962287392e-06,12,6,NewYork,Trending,2,2,3,7,False
EMA.Pullback,SOL-USDT-SWAP,1H,LONG,2026-06-22 02:00:00+00:00,2026-06-22 14:00:00+00:00,74.33,73.198034,73.22,76.55,-111.9323261621607,-1.019789189189182,0,SL,720,0.5675675675675638,-1.0720720720720707,0.8076782205522196,82.0,26.652610411520012,60.13261276653334,0.3665752385307688,0.65343096638499,4.410338516752635,-0.9149623250807413,2.907781777900851,2.9469219693255693,3.3530564546658446,2.35726102811142,-5.01585581876e-05,1,0,Asia,Trending,0,2,3,7,False
EMA.Pullback,SOL-USDT-SWAP,1H,LONG,2026-06-26 16:00:00+00:00,2026-06-27 22:00:00+00:00,72.01,70.248919,70.27,75.49000000000002,-107.32858341379251,-1.0121155172413765,0,SL,1800,1.0862068965517189,-1.0402298850574672,1.318630742956834,100.0,20.60760159929418,66.5386823567662,0.012285280367356185,0.953230911053012,3.1507136589526983,-0.26385224274406016,9.321390617883711,8.955123426347278,6.5901919619258935,1.5726706382898095,8.40402666632e-05,15,4,NewYork,Weak,2,1,3,7,False
EMA.Pullback,SOL-USDT-SWAP,1H,LONG,2026-06-28 09:00:00+00:00,2026-06-28 17:00:00+00:00,71.87,70.988697,71.01,73.59,-114.9210718837217,-1.0247709302325618,0,SL,480,0.5930232558139433,-1.1162790697674518,0.6499675156638511,14.000000000000002,21.792512071563024,58.03523226345726,0.055893925597916366,-0.06440263682371222,2.0327763551556024,-1.809073197884772,2.510699001426541,4.345153224164283,2.70649681810615,2.2708645936930387,7.82065129036e-05,8,6,London,Weak,1,1,3,7,False
EMA.Pullback,SOL-USDT-SWAP,1H,LONG,2026-06-29 02:00:00+00:00,2026-06-29 03:00:00+00:00,71.45,72.53000000000002,70.91,72.53000000000002,184.00222222222243,2.0,1,TP,60,3.425925925925876,0.0,0.8973347860212425,51.0,20.273677160073888,52.361691374652146,0.07498679160472489,-0.018606738129304204,1.2357516945549274,-1.3157894736842073,2.5258323765786317,2.930537104230959,3.148924427387524,1.0530018954264002,4.516223718e-07,1,0,Asia,Weak,0,1,3,7,True
EMA.Pullback,SOL-USDT-SWAP,1H,LONG,2026-06-30 01:00:00+00:00,2026-06-30 02:00:00+00:00,74.38,74.04777899999999,74.07,75.0,-143.06408625806537,-1.0716806451612957,0,SL,60,1.3548387096774148,-1.2903225806451244,1.0461607037467544,59.0,25.301866150539052,56.2787920771453,0.5629451619858907,1.4877516951182583,4.399671242401504,-2.79682667742369,4.805524239007907,6.478094256951063,3.2823137685294754,0.8610484040345145,0.0001,0,1,Asia,Trending,0,2,3,7,False
EMA.Pullback,SOL-USDT-SWAP,1H,LONG,2026-06-30 03:00:00+00:00,2026-06-30 04:00:00+00:00,74.56,73.957806,73.98,75.72,-123.01701441379282,-1.0382655172413775,0,SL,60,0.0,-1.5689655172413781,1.0010773414959255,55.00000000000001,24.182610741813082,57.94026185001336,0.5662662347777374,1.427437562149806,4.572367471849102,-2.5348712446351938,3.5124253783145925,5.747431249182954,3.189471496497138,0.3382058921352071,0.0001,2,1,Asia,Weak,0,1,3,7,False
EMA.Pullback,SOL-USDT-SWAP,1H,LONG,2026-06-30 06:00:00+00:00,2026-06-30 07:00:00+00:00,74.19,73.787857,73.81,74.94999999999999,-135.01913531578978,-1.058271052631579,0,SL,60,0.02631578947369799,-1.0,0.9139894020650678,43.0,21.779730399273916,53.64496364998072,0.4867972747744049,1.0262828355875837,3.9462270852445864,-3.0323450134770886,2.9411764705882417,4.7387873370851805,3.275676687340512,0.2583539184642653,0.0001,5,1,Asia,Weak,0,1,3,7,False
EMA.Pullback,SOL-USDT-SWAP,1H,LONG,2026-07-03 04:00:00+00:00,2026-07-03 10:00:00+00:00,80.68,81.54000000000002,80.25,81.54000000000002,177.36465116279106,2.0,1,TP,360,2.720930232558067,-0.5813953488372001,0.8577686678439121,16.0,36.70068852789087,56.9834887214066,0.908538945424424,1.4030909824949112,8.336904304065863,-2.640386760877644,3.5558408215661053,3.9870494935535072,4.662895222911137,0.5027523300572821,4.33063071423e-05,3,4,Asia,Trending,0,2,3,7,True
EMA.Pullback,SOL-USDT-SWAP,1H,LONG,2026-07-03 15:00:00+00:00,2026-07-04 04:00:00+00:00,81.65,83.23000000000002,80.86,83.23000000000002,187.47746835443047,2.0,1,TP,780,2.9113924050632645,-0.7974683544303857,0.7578830602791193,2.0,39.26568356939732,62.90143783348983,0.8628217137232848,1.0901214857548538,8.61448012864827,-0.26947574718275213,1.732087227414331,1.7767517044303947,1.9989455074408011,1.4724562477082952,1.8158246815e-06,14,4,NewYork,Trending,2,2,3,7,True
EMA.Pullback,SOL-USDT-SWAP,1H,LONG,2026-07-04 08:00:00+00:00,2026-07-04 09:00:00+00:00,82.67,82.14534900000001,82.17,83.67,-129.6382418799966,-1.049301999999983,0,SL,60,0.0,-2.219999999999999,0.7531569764033815,11.0,43.784499240104445,58.275683944504394,0.8741756495663949,0.9989558728364052,8.361261873716714,-1.5483246643280526,2.238436804353206,2.8772861387750694,2.180319833054588,0.8055084949282064,0.0001,7,5,London,Trending,1,2,3,7,False
EMA.Pullback,SOL-USDT-SWAP,1H,LONG,2026-07-04 16:00:00+00:00,2026-07-04 19:00:00+00:00,82.19,81.65549600000001,81.68,83.20999999999998,-128.88535247058607,-1.048047058823517,0,SL,180,1.176470588235332,-1.058823529411768,0.6671329957793839,2.0,28.22029495898188,53.81475359728399,0.7246805499453804,0.45290313041681507,7.135983878694084,-2.141379729894154,1.156923076923074,2.5584422933778614,2.254251309224337,1.6475356737909128,0.0001,15,5,NewYork,Trending,2,2,3,7,False
EMA.Pullback,SOL-USDT-SWAP,1H,LONG,2026-07-05 14:00:00+00:00,2026-07-05 22:00:00+00:00,81.19,82.31,80.63,82.31,182.48214285714295,2.0,1,TP,480,2.1607142857142914,-0.821428571428557,0.589077270398159,8.0,21.005956286601634,51.74211771957016,0.4023746160503344,-0.3150563257557686,4.658477064014831,-1.72435028944452,1.9590606555318377,3.352152471759949,1.8937001079301008,0.8999899144611293,9.38984297786e-05,13,6,NewYork,Weak,2,1,3,7,True
EMA.Pullback,SOL-USDT-SWAP,1H,LONG,2026-07-10 03:00:00+00:00,2026-07-10 04:00:00+00:00,79.0,78.76636300000001,78.79,79.41999999999999,-167.58753228571027,-1.1125571428571162,0,SL,60,0.3333333333333108,-1.0,0.6157730844974277,5.0,20.999116883721282,65.1353548388013,-0.054332125218449524,-0.05275402651321937,0.41840280633345694,-0.5316455696202553,2.318352545007132,1.960121048455611,1.970244386313753,1.1496199474224795,3.30794339057e-05,2,4,Asia,Weak,0,1,3,7,False
EMA.Pullback,SOL-USDT-SWAP,1H,LONG,2026-07-14 13:00:00+00:00,2026-07-16 22:00:00+00:00,76.83,75.107461,75.13,80.23,-108.01414568235232,-1.0132582352941146,0,SL,3420,1.276470588235293,-1.0117647058823507,0.605387188795588,82.0,24.268727096653645,64.62343312166212,-0.27194000965016735,-0.33929697751751403,-0.6727068080375909,-0.14317323961993939,3.768233387358174,2.6213511907320997,2.972757291251387,4.8637975953205155,3.57341308476e-05,12,1,NewYork,Weak,2,1,3,7,False
EMA.Pullback,SOL-USDT-SWAP,1H,LONG,2026-07-19 13:00:00+00:00,2026-07-19 14:00:00+00:00,76.0,76.58000000000001,75.71,76.58000000000001,168.4317241379317,2.0,1,TP,60,2.241379310344799,-0.03448275862070655,0.37991861840833135,28.999999999999996,36.90286526878704,58.731151263954644,-0.03441755061157817,0.31094482196862416,-0.3801792824590225,-0.723684210526312,1.3198240234635312,1.6983876094718457,1.1413063314869816,1.6117323803812462,5.33458419241e-05,12,6,NewYork,Trending,2,2,3,7,True
EMA.Pullback,SOL-USDT-SWAP,1H,LONG,2026-07-19 15:00:00+00:00,2026-07-19 16:00:00+00:00,76.38,75.967203,75.99,77.16,-135.1288004615369,-1.0584538461538386,0,SL,60,0.0,-1.4871794871794806,0.3932971760765723,32.0,36.843948995470015,66.32401923325926,-0.026066881548355625,0.3172283899872101,0.11958982057823234,-0.353495679497264,1.582657268253754,1.5910510978240335,1.1792169771448526,1.7933545127080233,5.33458419241e-05,14,6,NewYork,Trending,2,2,3,7,False
EMA.Pullback,SOL-USDT-SWAP,1H,LONG,2026-07-19 18:00:00+00:00,2026-07-20 00:00:00+00:00,75.92,76.74,75.51,76.74,177.65951219512178,2.0,1,TP,360,2.878048780487811,-0.8536585365853937,0.4166705159767593,36.0,34.94249663627342,52.898387659354704,-0.027416606497671525,0.27228916340721154,-0.47131888658214643,-0.9615384615384668,0.7832204964821498,1.2608579142856524,1.3250919729101112,1.529516944588306,6.40058534465e-05,17,6,NewYork,Trending,2,2,3,7,True
EMA.Pullback,SOL-USDT-SWAP,1H,LONG,2026-07-20 01:00:00+00:00,2026-07-20 05:00:00+00:00,76.53,76.057176,76.08,77.43,-130.48895679999976,-1.0507199999999997,0,SL,240,1.399999999999981,-1.7999999999999936,0.5083821840811447,50.0,25.95082504510104,62.04212954095535,-0.032916383877230795,0.18260861005860438,0.3361301033989806,-0.7579717720857271,1.6471838469713003,1.0729570650244413,1.4201449738973413,3.614070743044138,1.75889383948e-05,0,0,Asia,Trending,0,2,3,7,False
EMA.Pullback,SOL-USDT-SWAP,1H,LONG,2026-07-20 08:00:00+00:00,2026-07-20 15:00:00+00:00,76.17,77.57000000000001,75.47,77.57000000000001,186.82228571428575,2.0,1,TP,420,2.471428571428567,-0.6285714285714228,0.6005741171483399,92.0,23.721462513137098,51.70368150053808,0.0032159109608842686,0.2569094802577088,-0.12437097186629395,-1.5885519233293863,1.182252922422955,1.7799327312104412,2.0635104599371656,0.9280645343649482,1.75889383948e-05,7,0,London,Weak,1,1,3,7,True
EMA.Pullback,SOL-USDT-SWAP,1H,LONG,2026-07-20 16:00:00+00:00,2026-07-23 15:00:00+00:00,77.73,76.027185,76.05,81.09000000000002,-108.20739946428499,-1.0135803571428537,0,SL,4260,0.6607142857142827,-1.1488095238095233,0.7247915459574716,100.0,21.672510267708134,63.84387323493386,0.02306023856617031,0.26438197265666596,1.8740448983493991,-0.2316006176016557,3.0222693531283156,2.509833175039388,3.348752047084376,2.608013026243185,-3.27828670199e-05,15,0,NewYork,Weak,2,1,3,7,False
EMA.Pullback,SOL-USDT-SWAP,1H,LONG,2026-07-26 16:00:00+00:00,2026-07-26 22:00:00+00:00,75.45,76.51,74.92,76.51,182.79698113207553,2.0,1,TP,360,2.4905660377358307,-0.4716981132075462,0.30526456434990706,21.0,23.209147905832932,69.42111131963651,-0.11463908441288835,0.11726505954112307,-0.5185824803173147,-0.026511134676558884,1.6163793103448314,1.3576570454263632,0.9588608740578229,2.0694701641680164,5.05518516348e-05,15,6,NewYork,Weak,2,1,3,7,True
FVG+EMA200+Slope,LINK-USDT-SWAP,1H,LONG,2026-06-15 12:00:00+00:00,2026-06-15 13:00:00+00:00,8.304,8.328000000000001,8.292,8.328000000000001,84.42196531792455,2.0,1,TP,60,17.74999999999926,0.0,0.07628982418691176,73.0,38.999258959047495,72.05264350420101,0.3390106471921121,1.164702472613268,4.348852621013777,-1.7100192678227293,6.7626639238878985,8.17205590400069,3.7023797272488905,4.606794177577168,0.0,11,0,London,Trending,1,2,4,5,True
FVG+EMA200+Slope,LINK-USDT-SWAP,1H,LONG,2026-06-15 15:00:00+00:00,2026-06-15 16:00:00+00:00,8.448,8.508000000000003,8.418,8.508000000000003,166.08800000000127,2.0,1,TP,60,4.499999999999822,0.0,0.08199917774731956,85.0,44.4266492066991,77.15367126503776,0.4230065782206152,1.3905668135612463,5.988264282819973,-0.8048289738430539,8.306627355467244,7.6468965879556965,3.8211009503130193,0.8024962576494288,0.0,14,0,NewYork,Trending,2,2,4,5,True
FVG+EMA200+Slope,LINK-USDT-SWAP,1H,LONG,2026-06-15 17:00:00+00:00,2026-06-15 18:00:00+00:00,8.55,8.5004491,8.503,8.644000000000002,-132.6214243829751,-1.0542744680850897,0,SL,60,0.0,-2.085106382978713,0.09014725020049498,95.0,48.76683555936756,80.08949162291658,0.5024833233390594,1.6212859505818147,7.1004639682379285,-0.783625730994154,8.986615678776303,6.942290168251911,3.963501123683242,0.7328798587038593,0.0,16,0,NewYork,Trending,2,2,4,5,False
FVG+EMA200+Slope,LINK-USDT-SWAP,1H,LONG,2026-06-16 08:00:00+00:00,2026-06-16 09:00:00+00:00,8.279,8.358999999999998,8.239,8.358999999999998,175.04299999999947,2.0,1,TP,60,3.225000000000058,0.0,0.0784395266306911,76.0,27.122425997521287,51.864484635694346,0.2840000339675661,0.3106014527201817,3.1413596032109186,-4.08261867375288,1.645181092694909,5.5558905569814945,3.416539369406374,0.533654802431862,0.0,7,1,London,Trending,1,2,4,5,True
FVG+EMA200+Slope,LINK-USDT-SWAP,1H,LONG,2026-06-16 10:00:00+00:00,2026-06-16 11:00:00+00:00,8.345,8.3235022,8.326,8.383000000000001,-178.9300069473725,-1.131463157894759,0,SL,60,0.9473684210525676,-2.6842105263157796,0.08363918367646322,81.0,27.482132164755352,55.57535395544916,0.3011270184547906,0.3731061626225867,3.8751893716646966,-3.2594367884961084,2.455494168201364,5.430560083233422,3.449505008442112,0.7427839999639595,0.0,9,1,London,Trending,1,2,4,5,False
FVG+EMA200+Slope,LINK-USDT-SWAP,1H,LONG,2026-06-16 19:00:00+00:00,2026-06-16 20:00:00+00:00,8.3,8.2445259,8.247,8.406000000000002,-128.0658783773603,-1.046681132075482,0,SL,60,0.6603773584905585,-1.188679245283012,0.09306763161798595,96.0,21.016604168275656,52.585474590683326,0.28478541983193106,0.27579990590288017,3.0742130664812684,-2.1081797373810467,2.6843146956952073,3.364465862325162,3.8258591134954805,1.3670772635313375,0.0,18,1,NewYork,Weak,2,1,4,5,False
FVG+EMA200+Slope,LINK-USDT-SWAP,1H,LONG,2026-06-17 03:00:00+00:00,2026-06-17 05:00:00+00:00,8.368,8.3195034,8.322,8.460000000000003,-132.62109139129853,-1.054273913043452,0,SL,120,0.5652173913043294,-1.5217391304347507,0.08474217221292502,76.0,19.597671150168548,57.1390096573591,0.3001612654544704,0.35361277545199993,3.652980359534075,-1.2906309751434097,3.513112320633359,3.163533633516659,3.6393566956632686,0.8345558780920488,0.0,2,2,Asia,Ranging,0,0,4,5,False
FVG+EMA200+Slope,LINK-USDT-SWAP,1H,LONG,2026-07-02 03:00:00+00:00,2026-07-02 04:00:00+00:00,7.41,7.446,7.392,7.446,150.47999999999945,2.0,1,TP,60,7.111111111111199,0.0,0.06993242322371625,76.0,23.642101878178025,57.378378852655985,0.007123339835260424,0.5965122058539117,0.21805660316057932,-1.659919028340084,3.347280334728037,4.626342483551782,3.2344067517144532,1.9110383343917983,0.0,2,3,Asia,Weak,0,1,4,5,True
FVG+EMA200+Slope,LINK-USDT-SWAP,1H,LONG,2026-07-02 05:00:00+00:00,2026-07-02 06:00:00+00:00,7.508,7.4847539,7.487,7.55,-164.22786828571276,-1.106957142857134,0,SL,60,0.0,-3.2857142857142976,0.07316112002453083,88.0,25.391361451334358,62.84597719589654,0.044349109779732165,0.6974541684224175,1.4954181303518035,-0.4928733182363118,4.481558803061936,4.943259922414154,3.6715761540724228,0.47497016265003794,0.0,4,3,Asia,Trending,0,2,4,5,False
FVG+EMA200+Slope,LINK-USDT-SWAP,1H,LONG,2026-07-02 10:00:00+00:00,2026-07-02 13:00:00+00:00,7.587,7.800999999999998,7.48,7.800999999999998,191.37121495327096,2.0,1,TP,180,2.9906542056074983,0.0,0.07106407065744211,79.0,26.62120312250114,66.13312351888705,0.09610980868431405,0.7764856569688882,2.4990570914562666,-0.3822831531769037,4.088913282107574,3.5337885173940506,3.604602502360278,2.1472648158093754,0.0,9,3,London,Trending,1,2,4,5,True
FVG+EMA200+Slope,LINK-USDT-SWAP,1H,LONG,2026-07-02 14:00:00+00:00,2026-07-02 16:00:00+00:00,7.876,7.718683700000001,7.721,8.186,-109.02542594838643,-1.0149438709677387,0,SL,120,0.0,-1.019354838709678,0.08068252608411088,98.0,33.52698663592809,78.78724624717758,0.24929973237308817,1.259929481420516,6.2220093434716714,-0.4063492063492067,7.847165160230079,7.145710353566937,3.9316954654691685,3.9240693602601415,0.0,13,3,NewYork,Trending,2,2,4,5,False
FVG+EMA200+Slope,LINK-USDT-SWAP,1H,LONG,2026-07-03 12:00:00+00:00,2026-07-03 14:00:00+00:00,7.87,7.828650700000001,7.831,7.9479999999999995,-136.19946261538317,-1.0602384615384535,0,SL,120,0.07692307692308042,-1.641025641025655,0.06306793163506533,20.0,45.94041226379884,68.79712816466281,0.4251774983773103,1.0732358108083517,5.157836864220947,-0.07623888182973605,2.327395657261738,1.9330879306750333,1.9344217810969357,0.781980346828253,0.0,11,4,London,Trending,1,2,4,5,False
FVG+EMA200+Slope,LINK-USDT-SWAP,1H,LONG,2026-07-03 19:00:00+00:00,2026-07-03 20:00:00+00:00,7.905,7.961000000000001,7.877,7.961000000000001,166.00142857142913,2.0,1,TP,60,4.678571428571327,0.0,0.059391322248027525,7.000000000000001,48.809199991500535,68.20938816755755,0.48592785908369807,1.130337230386122,5.277512847518279,-0.18972931950418123,2.742040285899927,2.737232215899196,1.9668305453388306,0.5512482137992154,0.0,18,4,NewYork,Trending,2,2,4,5,True
FVG+EMA200+Slope,LINK-USDT-SWAP,1H,LONG,2026-07-03 21:00:00+00:00,2026-07-04 01:00:00+00:00,8.008,7.9196234,7.922,8.179999999999998,-116.63927213953464,-1.0276348837209286,0,SL,240,0.0,-1.3604651162790686,0.06439353806079921,33.0,51.0109992523203,75.71114483918694,0.5186359623437329,1.2043484946810192,6.504896697296967,-0.3496503496503556,3.7574501166105096,3.474138976569989,2.0604975210999354,1.831385502756531,0.0,20,4,Dead,Trending,3,2,4,5,False
FVG+EMA200+Slope,LINK-USDT-SWAP,1H,LONG,2026-07-04 14:00:00+00:00,2026-07-04 15:00:00+00:00,7.936,7.974,7.917,7.974,149.75789473684247,2.0,1,TP,60,8.473684210526237,0.0,0.05159180718433907,3.0,41.29991949768793,56.69141856283657,0.47142820349475406,0.6760318833769076,4.655966137608654,-1.2600806451612858,0.7618080243778518,1.540757039813454,1.979907963733512,1.0953775646085873,0.0,13,5,NewYork,Trending,2,2,4,5,True
FVG+EMA200+Slope,LINK-USDT-SWAP,1H,LONG,2026-07-04 16:00:00+00:00,2026-07-04 23:00:00+00:00,8.084,8.0005991,8.003,8.245999999999999,-117.8426659999991,-1.029640740740736,0,SL,420,1.0864197530864381,-1.444444444444453,0.05630620109261885,10.0,42.93060109861871,70.47068691948955,0.4885637233080626,0.7255741215762693,6.4791851385726575,-0.16081147946560986,2.6409344845098945,2.3416731777272943,2.3583463612627313,3.059737747342605,0.0,15,5,NewYork,Trending,2,2,4,5,False
FVG+EMA200+Slope,LINK-USDT-SWAP,1H,LONG,2026-07-05 09:00:00+00:00,2026-07-05 10:00:00+00:00,7.924,7.9096264000000005,7.912,7.948000000000001,-165.6194840989355,-1.1977999999999442,0,SL,60,0.0,-7.499999999999778,0.052593973061990734,4.0,26.83043022812775,46.99566279410142,0.36454072720201924,0.10477367624700173,3.540225999621316,-3.1427489587277617,0.981391791995921,4.069111011937417,2.201328756824998,0.619551050457596,0.0,8,6,London,Trending,1,2,4,5,False
FVG+EMA200+Slope,LINK-USDT-SWAP,1H,LONG,2026-07-05 14:00:00+00:00,2026-07-05 15:00:00+00:00,7.935,8.003,7.901,8.003,171.87411764706127,2.000000000000026,1,TP,60,2.0588235294118107,0.0,0.052974549369507025,7.000000000000001,21.861088830258318,51.11465929036547,0.3218072595920584,0.0052018366568926675,3.5491568523805315,-2.9737903225806535,1.3020168496298228,3.561442719633501,1.7218980970929247,0.6213008633361496,0.0,13,6,NewYork,Weak,2,1,4,5,True
FVG+EMA200+Slope,LINK-USDT-SWAP,1H,LONG,2026-07-05 16:00:00+00:00,2026-07-05 17:00:00+00:00,7.962,7.997999999999999,7.944,7.997999999999999,146.79999999999941,2.0,1,TP,60,2.4444444444444993,-0.0555555555555254,0.05295254511962605,8.0,20.652357967552774,54.30848644858439,0.33596942922707007,0.08288138945536815,3.7947737714732788,-1.5575932671774972,1.6211386264998808,2.806094023342516,1.7239281216939142,1.1627585675216117,0.0,15,6,NewYork,Weak,2,1,4,5,True
FVG+EMA200+Slope,LINK-USDT-SWAP,1H,LONG,2026-07-05 23:00:00+00:00,2026-07-06 00:00:00+00:00,8.089,8.0265913,8.029,8.209000000000001,-124.14459130000031,-1.0401450000000023,0,SL,60,0.2666666666666647,-1.5333333333333294,0.05836026475917276,40.0,24.732687099193743,68.96709536605036,0.4179815930838038,0.4391098704088763,5.143685442143182,-0.7293855853628294,3.2550421240745573,3.126882700785464,1.6116702620405938,2.3484656161479887,0.0,22,6,Dead,Weak,3,1,4,5,False
FVG+EMA200+Slope,LINK-USDT-SWAP,1H,LONG,2026-07-06 17:00:00+00:00,2026-07-06 18:00:00+00:00,8.036,7.985603600000001,7.988,8.131999999999998,-130.01200449999806,-1.0499249999999887,0,SL,60,0.0,-1.1458333333333477,0.07835613627132273,94.0,17.47901654641304,57.54616685241487,0.24885303801701605,-0.1265025320218742,3.8554799151559216,-1.40634723086496,3.6239360330152257,4.18399768063396,3.601393330867241,1.738003493781674,0.0,16,0,NewYork,Ranging,2,0,4,5,False
FVG+EMA200+Slope,LINK-USDT-SWAP,1H,LONG,2026-07-07 17:00:00+00:00,2026-07-07 18:00:00+00:00,8.01,7.9716078,7.974,8.081999999999999,-139.92601300000084,-1.0664500000000026,0,SL,60,0.08333333333333745,-2.6388888888889124,0.07260076251297498,89.0,10.985543533211862,57.547517851159576,0.1933848929582797,-0.09851396400100858,2.9247759868548973,-1.985018726591769,2.7977412731006157,3.259086814689626,2.7348540352486914,0.8002922324231223,0.0,16,1,NewYork,Ranging,2,0,4,5,False
FVG+EMA200+Slope,LINK-USDT-SWAP,1H,LONG,2026-07-10 03:00:00+00:00,2026-07-10 14:00:00+00:00,7.924,7.8626405,7.865,8.042000000000002,-124.05251576271128,-1.0399915254237262,0,SL,660,1.5254237288135377,-1.3050847457627075,0.06302190353434166,38.0,26.586001453458202,71.92559731939363,0.04360132708531441,0.26753279102278177,2.2149174311908517,-0.12619888944977015,3.325074977180868,2.7723402306017735,2.463946773536765,2.004917217021289,0.0,2,4,Asia,Trending,0,2,4,5,False
FVG+EMA200+Slope,LINK-USDT-SWAP,1H,LONG,2026-07-10 23:00:00+00:00,2026-07-11 00:00:00+00:00,7.957,7.9416168,7.944,7.983,-171.58206660801366,-1.183323076923055,0,SL,60,0.9230769230769651,-1.6153846153846207,0.05469783290055571,4.0,27.964350167956226,59.47713343266675,0.19447029697594004,0.5066639300483302,2.2272768993075998,-0.7036943955767675,1.4145533324837487,1.6577707449063623,2.1210442895305865,0.3523986618682538,0.0,22,4,Dead,Trending,3,2,4,5,False
FVG+EMA200+Slope,LINK-USDT-SWAP,1H,LONG,2026-07-11 13:00:00+00:00,2026-07-11 14:00:00+00:00,8.024,8.083999999999998,7.994,8.083999999999998,167.7839999999993,2.0,1,TP,60,2.1666666666667553,-0.09999999999994671,0.03867013808641387,1.0,25.780074247524478,63.99624690317975,0.2459572901393417,0.5358981897013426,2.71461085909307,-0.07478499314471179,1.7888860695255013,1.7429175922448932,1.1994047531893126,1.036077078239011,0.0,12,5,NewYork,Trending,2,2,4,5,True
FVG+EMA200+Slope,LINK-USDT-SWAP,1H,LONG,2026-07-11 19:00:00+00:00,2026-07-11 20:00:00+00:00,8.098,8.0695784,8.072,8.150000000000004,-155.93748861538054,-1.0931384615384525,0,SL,60,0.0,-1.5384615384614806,0.04343981522191357,10.0,33.898171424604094,73.48568813849668,0.28261100217129614,0.6095993330764724,3.4813055508530795,-0.20992837737712344,2.0413306451613007,1.993721093841266,0.8623470859722515,0.5960224371544093,0.0,18,5,NewYork,Trending,2,2,4,5,False
FVG+EMA200+Slope,LINK-USDT-SWAP,1H,LONG,2026-07-12 03:00:00+00:00,2026-07-12 04:00:00+00:00,7.971,8.023,7.945,8.023,163.09076923076896,2.0,1,TP,60,2.7307692307692415,0.0,0.048100310567066755,23.0,30.788942311419582,47.36425479918947,0.22914402295623754,0.31232897409343946,1.6952426697286187,-1.8065487391795274,1.4896867838044308,2.714645184755706,1.989910955548076,0.4913675225112062,0.0,2,6,Asia,Trending,0,2,4,5,True
FVG+EMA200+Slope,LINK-USDT-SWAP,1H,LONG,2026-07-12 05:00:00+00:00,2026-07-12 06:00:00+00:00,8.004,7.9896024,7.992,8.027999999999999,-164.86357721139302,-1.1998000000000164,0,SL,60,0.0,-6.750000000000203,0.050351798397113616,26.0,27.224152985486885,51.41236932380966,0.2062050298468759,0.2176940158138322,2.0568897323902076,-1.3994751968012007,1.8971224853577797,2.7055930611659096,2.219918893250381,1.011465300324277,0.0,4,6,Asia,Trending,0,2,4,5,False
FVG+EMA200+Slope,LINK-USDT-SWAP,1H,LONG,2026-07-12 21:00:00+00:00,2026-07-12 22:00:00+00:00,8.079,8.0585817,8.061,8.115000000000002,-180.66193900000172,-1.1343500000000186,0,SL,60,0.0,-7.66666666666642,0.0453275557493845,19.0,14.312588658820308,58.63156210707034,0.2471147859020405,0.36777981513486063,2.641025749861949,-0.1733102253033068,2.369788366493466,1.8986363063337903,1.888387915629355,0.36386840646364743,0.0,20,6,Dead,Ranging,3,0,4,5,False
FVG+EMA200+Slope,LINK-USDT-SWAP,1H,LONG,2026-07-14 06:00:00+00:00,2026-07-14 07:00:00+00:00,7.958,7.9336192,7.936,8.002,-164.98441599999998,-1.108218181818184,0,SL,60,0.0,-2.0454545454545197,0.061809511348279125,73.0,15.508481560583922,53.97938542271263,0.01968581333669168,-0.22115907677398566,0.897347146959691,-0.4524318210380857,2.28821185242319,2.4131775180232338,2.7540355391202676,0.4894255991083194,0.0,5,1,Asia,Ranging,0,0,4,5,False
FVG+EMA200+Slope,LINK-USDT-SWAP,1H,LONG,2026-07-14 12:00:00+00:00,2026-07-14 13:00:00+00:00,7.987,8.067,7.947,8.067,175.919,2.0,1,TP,60,8.599999999999978,0.0,0.056183345914207115,52.0,11.615440370090155,57.313784760859555,0.06583178460988574,-0.004747087824550329,1.222529289152324,-0.07513148009016062,2.661010412649439,2.5522105304668914,2.5394597269099424,0.7631305371328935,0.0,11,1,London,Ranging,1,0,4,5,True
FVG+EMA200+Slope,LINK-USDT-SWAP,1H,LONG,2026-07-14 14:00:00+00:00,2026-07-15 12:00:00+00:00,8.302,8.565999999999999,8.17,8.565999999999999,192.33272727272725,2.0,1,TP,1320,2.0530303030303143,-0.8030303030303041,0.07712237479337246,100.0,16.774464563042486,77.22418682887088,0.14709282525262293,0.31491005915121595,5.134353881574589,-0.3493134184533837,6.723229206838921,5.565508113290601,3.468089980680358,4.401767480646803,0.0,13,1,NewYork,Ranging,2,0,4,5,True
FVG+EMA200+Slope,LINK-USDT-SWAP,1H,LONG,2026-07-15 13:00:00+00:00,2026-07-16 08:00:00+00:00,8.573,8.3954806,8.398,8.923000000000002,-108.69707906285576,-1.0143965714285648,0,SL,1140,0.20571428571428252,-1.0285714285714227,0.07373036372206677,94.0,34.70529809510267,74.62215104317244,0.5195957770774422,1.160011862429791,7.346687942146677,0.0,4.599804782820897,3.3368544758226646,2.815191178934414,3.8488682818033935,0.0,12,2,NewYork,Trending,2,2,4,5,False
FVG+EMA200+Slope,LINK-USDT-SWAP,1H,LONG,2026-07-17 18:00:00+00:00,2026-07-17 19:00:00+00:00,8.231,8.217534,8.22,8.252999999999998,-156.73138379297404,-1.2241818181818411,0,SL,60,1.9090909090911146,-3.5454545454547657,0.07304861684406401,82.0,34.119201332388215,46.84613931339039,0.04278125196156333,-0.6815714385288356,1.1022969889175513,-2.6731470230862557,2.887860982622837,3.5998828503830294,2.3820645398668003,0.8997727928761808,0.0,17,4,NewYork,Trending,2,2,4,5,False
FVG+EMA200+Slope,LINK-USDT-SWAP,1H,LONG,2026-07-18 13:00:00+00:00,2026-07-18 14:00:00+00:00,8.307,8.2735172,8.276,8.369000000000002,-148.1093881290264,-1.0800903225806189,0,SL,60,0.9677419354838321,-1.8064516129032222,0.04627425833184719,2.0,15.555878306138196,61.21209230572067,0.12811923838369946,-0.06696806009325074,1.8150910118633532,-0.20462205103514036,1.4160156249999958,0.9026935026436776,0.8987960433503823,3.117119537890338,0.0,12,5,NewYork,Ranging,2,0,4,5,False
FVG+EMA200+Slope,LINK-USDT-SWAP,1H,LONG,2026-07-18 20:00:00+00:00,2026-07-18 21:00:00+00:00,8.33,8.374,8.308,8.374,154.44363636363687,2.0,1,TP,60,2.0454545454545197,0.0,0.0475673822359447,7.000000000000001,15.058539823947616,59.91931514147897,0.15830581762964405,0.09304858825443951,1.9582768575884197,-0.3001560811621872,1.51127361365022,1.3454629102362143,1.5172151547122623,0.583592870354836,0.0,19,5,NewYork,Ranging,2,0,4,5,True
FVG+EMA200+Slope,LINK-USDT-SWAP,1H,LONG,2026-07-19 21:00:00+00:00,2026-07-19 22:00:00+00:00,8.363,8.327501,8.33,8.428999999999998,-145.49182000000226,-1.0757272727272815,0,SL,60,1.3636363636363833,-1.4242424242424112,0.04251599728470454,14.000000000000002,20.51723895439801,56.24167523775745,0.17267832572620956,0.12930325864890138,1.885482769843861,-0.38263780939854153,1.014615291701892,0.7440294608864467,1.2611726890979773,0.8211121728690022,0.0,20,6,Dead,Weak,3,1,4,5,False
FVG+EMA200+Slope,LINK-USDT-SWAP,1H,LONG,2026-07-20 02:00:00+00:00,2026-07-20 03:00:00+00:00,8.416,8.458000000000002,8.395,8.458000000000002,151.78857142857325,2.0,1,TP,60,3.1428571428569736,0.0,0.05790535598974725,49.0,24.909036475867893,63.210806347052824,0.18144538852447067,0.17170500195843919,2.426025252687734,-1.3783269961977145,1.6547892257519081,1.2071650919459924,1.295543675642444,3.5879923564306804,0.0,1,0,Asia,Weak,0,1,4,5,True
FVG+EMA200+Slope,LINK-USDT-SWAP,1H,LONG,2026-07-20 11:00:00+00:00,2026-07-20 12:00:00+00:00,8.395,8.419,8.383,8.419,82.85646217987437,2.0,1,TP,60,9.16666666666642,0.0,0.06440322794806655,65.0,22.772292807569535,54.039060108741566,0.19740532659832016,0.21642032448285398,1.98187343476607,-1.6440314510364533,1.3890566493537893,2.145696959279458,2.1562058907100186,0.4245338411489328,0.0,10,0,London,Weak,1,1,4,5,True
FVG+EMA200+Slope,LINK-USDT-SWAP,1H,LONG,2026-07-20 13:00:00+00:00,2026-07-20 14:00:00+00:00,8.447,8.434468899999999,8.437,8.466999999999999,-149.11259228128876,-1.2531100000000617,0,SL,60,0.0,-14.600000000000213,0.06907727307766975,86.0,24.806166862032185,57.19083159494161,0.20139548900380957,0.229460507760313,2.5654648218286327,-1.0062744169527744,2.029230583403784,2.607289597204552,2.6685056605652653,2.176447607212607,0.0,12,0,NewYork,Weak,2,1,4,5,False
FVG+EMA200+Slope,LINK-USDT-SWAP,1H,LONG,2026-07-20 17:00:00+00:00,2026-07-20 18:00:00+00:00,8.531,8.585000000000003,8.504,8.585000000000003,161.9644444444459,2.0,1,TP,60,4.0740740740738985,0.0,0.0829140721671003,99.0,23.1120323323834,61.02835433229197,0.23031421964354445,0.3409418084975596,3.479163329349781,-0.5509318954401455,2.994084268984681,3.199001853491005,3.8060376547730557,1.1370653540518256,0.0,16,0,NewYork,Weak,2,1,4,5,True
FVG+EMA200+Slope,LINK-USDT-SWAP,1H,LONG,2026-07-21 06:00:00+00:00,2026-07-21 07:00:00+00:00,8.724,8.6943909,8.697,8.778000000000002,-158.03420199999064,-1.0966333333332938,0,SL,60,0.6296296296295858,-1.6296296296295858,0.07303342924210023,85.0,29.525436196016194,71.36919975945975,0.4138159233054006,0.8837801793689778,5.277021824002935,-0.38968481375358965,5.107818335140339,4.470344537624785,3.485397726507418,1.2868343581948483,0.0,5,1,Asia,Trending,0,2,4,5,False
FVG+EMA200+Slope,LINK-USDT-SWAP,1H,LONG,2026-07-22 01:00:00+00:00,2026-07-22 05:00:00+00:00,8.707,8.647405000000001,8.65,8.821000000000002,-127.37305789473477,-1.0455263157894639,0,SL,240,0.6666666666666355,-1.3859649122807034,0.052284773142504626,47.0,20.567532663856376,62.08275472894408,0.3669576291672262,0.4094601866233519,4.221258444994737,-0.5972206270816538,1.4683603309637714,1.886806573349429,1.5235724221859794,1.5617523576324426,0.0,0,2,Asia,Weak,0,1,4,5,False
FVG+EMA200+Slope,LINK-USDT-SWAP,1H,LONG,2026-07-23 10:00:00+00:00,2026-07-23 12:00:00+00:00,8.613,8.5814248,8.584,8.671,-153.33467199999325,-1.0887999999999658,0,SL,120,0.9310344827586587,-3.758620689655183,0.056606205168587415,41.0,12.847762537403398,49.742791665363114,0.1999242696306911,-0.102119625118183,2.144221273086564,-1.6488620529493667,1.1510453370918576,1.800726678099715,1.7108723846049814,0.9517252154040947,0.0,9,3,London,Ranging,1,0,4,5,False
FVG+EMA200+Slope,LINK-USDT-SWAP,1H,LONG,2026-07-24 08:00:00+00:00,2026-07-24 10:00:00+00:00,8.556,8.468458700000001,8.471,8.725999999999997,-117.99679437646836,-1.0298976470588117,0,SL,120,0.0,-1.1999999999999957,0.056832383584307235,31.0,32.68489011743025,57.234706835297416,0.018665628497441012,-0.4228281260205228,1.3596239577146996,-0.9583917718560162,1.9907021099058269,1.6330814977111856,2.3502545950982947,2.7323560541468908,0.0,7,4,London,Trending,1,2,4,5,False
FVG+EMA200+Slope,LINK-USDT-SWAP,1H,LONG,2026-07-26 16:00:00+00:00,2026-07-26 23:00:00+00:00,8.594,8.815999999999997,8.483,8.815999999999997,190.58918918918909,2.0,1,TP,420,2.2072072072072384,-0.333333333333328,0.04176734572519661,33.0,29.410416832299212,79.45437625926473,0.04178448644533254,0.21850669333614398,2.087346810157864,-0.034908075401444194,2.8975095785440503,2.313381374037143,1.5977077789736647,3.2445228255124343,0.0,15,6,NewYork,Trending,2,2,4,5,True
FVG+EMA200+Slope,LINK-USDT-SWAP,1H,LONG,2026-07-27 00:00:00+00:00,2026-07-27 01:00:00+00:00,8.825,8.7713678,8.774,8.927,-131.02396211764295,-1.051611764705862,0,SL,60,0.0,-1.6078431372548767,0.057181961312546034,70.0,46.76855082145422,80.85235993906855,0.24402421798477308,0.9039398227101043,4.595327372997556,-0.16999093381686953,5.085149458139807,5.655473283374805,2.798160363636019,3.380291179171667,0.0,23,6,Dead,Trending,3,2,4,5,False
FVG+EMA200+Slope,LINK-USDT-SWAP,1H,LONG,2026-07-27 07:00:00+00:00,2026-07-27 08:00:00+00:00,8.848,8.819353399999999,8.822,8.900000000000004,-161.12927707692154,-1.1017923076923122,0,SL,60,0.0,-2.3846153846152847,0.06415681894526186,100.0,53.87215744412368,72.35937942019625,0.3945981178972417,1.2859813692297017,4.595070179039319,-0.7345462764154085,5.119980993110014,6.318324502089929,3.1157193179377396,1.3500642759787944,0.0,6,0,Asia,Trending,0,2,4,5,False
Liq.Sweep.Rev,LINK-USDT-SWAP,1H,LONG,2026-06-14 02:00:00+00:00,2026-06-14 03:00:00+00:00,7.966,7.9486147,7.951,7.996000000000001,-184.02817486818543,-1.159019999999952,0,SL,60,0.2,-1.3333333333333135,0.050569997435197904,2.0,24.71917448990297,52.165673740285726,0.06920491114506852,0.3806409409908573,0.45936164090152376,-1.0921416018076906,1.3228186212159767,1.1979075146175397,1.3743104715620464,1.0291210392587826,0.0,1,6,Asia,Weak,0,1,5,5,False
Liq.Sweep.Rev,LINK-USDT-SWAP,1H,LONG,2026-06-14 04:00:00+00:00,2026-06-14 05:00:00+00:00,7.959,7.9436162,7.946,7.984999999999999,-171.56156376428638,-1.1833692307692016,0,SL,60,0.0,-5.692307692307724,0.04856290595177781,1.0,25.078809302911818,50.85943320938509,0.060330723112235786,0.32186707410316445,0.36395912409445225,-1.1810528960924889,0.23929471032744634,1.0157550040448482,1.1697882446017276,0.9230888132037511,0.0,3,6,Asia,Trending,0,2,5,5,False
Liq.Sweep.Rev,LINK-USDT-SWAP,1H,LONG,2026-06-14 10:00:00+00:00,2026-06-14 12:00:00+00:00,7.941,7.8746369,7.877,8.068999999999999,-122.21184709375054,-1.0369234375000027,0,SL,120,0.0,-1.0468750000000018,0.04793785241403922,3.0,17.651806659054547,49.99800133925312,0.0050500261247221,0.06316707137341965,0.14756107477632946,-1.4104017126306636,0.8124920655071736,1.7846738000883315,1.3083542571288396,0.687033456545018,0.0,9,6,London,Ranging,1,0,5,5,False
Liq.Sweep.Rev,LINK-USDT-SWAP,1H,LONG,2026-06-16 00:00:00+00:00,2026-06-16 02:00:00+00:00,8.293,8.240527100000001,8.243,8.392999999999997,-129.73183251999666,-1.0494579999999811,0,SL,120,0.340000000000032,-2.960000000000057,0.0866130673609808,88.0,42.91004002603656,51.54587490915955,0.5362361022202334,1.4306260908581674,3.5512465949163574,-3.8943814805883816,1.8043451577267735,5.918007743369755,3.4450733251193792,0.32138235410413946,0.0,23,0,Dead,Trending,3,2,5,5,False
Liq.Sweep.Rev,LINK-USDT-SWAP,1H,LONG,2026-06-17 13:00:00+00:00,2026-06-17 16:00:00+00:00,8.171,8.363,8.075,8.363,189.66625000000002,2.0,1,TP,180,2.0416666666666807,-0.7499999999999908,0.08165621061665827,63.0,19.451976884538517,40.95144517085323,0.20497293506326736,-0.0208830013926759,1.0181022168530092,-2.973568281938308,1.2012383900928956,3.26188358401589,2.732284717754557,1.6275626993623151,0.0,12,2,NewYork,Ranging,2,0,5,5,True
Liq.Sweep.Rev,LINK-USDT-SWAP,1H,LONG,2026-07-02 21:00:00+00:00,2026-07-02 22:00:00+00:00,7.746,7.711685800000001,7.714,7.8100000000000005,-143.44691087499882,-1.0723187499999944,0,SL,60,0.0,-1.7187500000000173,0.07499080799545164,86.0,41.25604858762531,64.87110073005022,0.4586736021769522,1.7551748596970844,4.1509946596333025,-2.5045184611412337,5.58887677208288,7.6104800963315675,3.7190034670831555,0.47348492088268207,0.0,20,3,Dead,Trending,3,2,5,5,False
Liq.Sweep.Rev,LINK-USDT-SWAP,1H,LONG,2026-07-05 11:00:00+00:00,2026-07-05 15:00:00+00:00,7.882,7.978,7.834,7.978,180.17500000000004,2.0,1,TP,240,2.562500000000021,-0.31249999999999306,0.054828476772838974,11.0,25.84961482465044,42.694280306227135,0.3280993304544658,-0.011348958116323958,2.9333014701637703,-3.6924248191853875,0.5999489405157085,4.392369048619331,2.1452493584180816,0.631546437137436,0.0,10,6,London,Trending,1,2,5,5,True
Liq.Sweep.Rev,LINK-USDT-SWAP,1H,LONG,2026-07-06 14:00:00+00:00,2026-07-06 15:00:00+00:00,7.823,7.961000000000002,7.754,7.961000000000002,186.27478260869583,2.0,1,TP,60,2.898550724637636,0.0,0.06803014926195258,83.0,18.83306869840507,36.84760849030888,0.24858948684905194,-0.17914117086708584,1.207551255617697,-4.15441646427201,0.8898632963631782,3.9291604228136205,2.7298518215443037,2.5458087437286636,0.0,13,0,NewYork,Ranging,2,0,5,5,True
Liq.Sweep.Rev,LINK-USDT-SWAP,1H,LONG,2026-07-07 06:00:00+00:00,2026-07-07 14:00:00+00:00,7.884,7.8056576,7.808,8.036000000000001,-118.55078231578898,-1.0308210526315769,0,SL,480,1.3026315789473506,-1.2105263157894726,0.07035658934019061,87.0,15.83312572818497,42.41177598614203,0.2749317865993203,0.062055022465588305,1.5353604087585186,-3.6017755231452218,1.68945060613877,4.021176491148739,3.8282589363915798,1.049053022866446,0.0,5,1,Asia,Ranging,0,0,5,5,False
Liq.Sweep.Rev,LINK-USDT-SWAP,1H,LONG,2026-07-07 15:00:00+00:00,2026-07-08 01:00:00+00:00,7.925,7.7896624,7.792,8.190999999999999,-110.60450935338302,-1.017575939849622,0,SL,600,0.8872180451127777,-1.46616541353383,0.06956064764818404,84.0,12.367196157788998,48.92691843015409,0.17227184033360846,-0.20745148398423918,1.87780530359535,-3.0918727915194357,1.6940451745379952,3.2353186593315995,2.5313181883965292,2.3060422148478246,0.0,14,1,NewYork,Ranging,2,0,5,5,False
Liq.Sweep.Rev,LINK-USDT-SWAP,1H,LONG,2026-07-09 14:00:00+00:00,2026-07-09 15:00:00+00:00,7.752,7.6856936,7.688,7.88,-121.68033775000045,-1.0360375000000024,0,SL,60,0.0,-1.0312499999999964,0.05930777048756191,20.0,24.700380466273298,57.37512874473015,-0.030119888071062424,0.00595588131235988,0.008716197525397647,-0.3870468326667444,2.4316109422492422,3.0643450727318964,1.775331467023859,1.5122723349539742,0.0,13,3,NewYork,Weak,2,1,5,5,False
Liq.Sweep.Rev,LINK-USDT-SWAP,1H,LONG,2026-07-13 14:00:00+00:00,2026-07-13 15:00:00+00:00,7.903,7.978999999999998,7.865,7.978999999999998,174.92315789473642,2.0,1,TP,60,2.2368421052632175,0.0,0.05766124805327365,65.0,14.59436936629114,40.22013170576211,0.07818795149870379,-0.21617779795962988,0.24650301641433434,-2.8846153846153815,0.49586776859503756,2.89451069047565,2.6875993868822814,1.1388815833670691,0.0,13,0,NewYork,Ranging,2,0,5,5,True
Liq.Sweep.Rev,LINK-USDT-SWAP,1H,LONG,2026-07-16 02:00:00+00:00,2026-07-16 08:00:00+00:00,8.512,8.4414668,8.444,8.648,-122.40952952941257,-1.0372529411764742,0,SL,360,0.7647058823529397,-1.7500000000000064,0.07255276846130321,82.0,34.430084842458854,58.64568446595484,0.6074671471032408,1.132416205182505,5.71229294907224,-1.3864410762542632,2.4927745664739756,3.710551488222835,3.2233280783944074,0.7170522253480934,0.0,1,3,Asia,Trending,0,2,5,5,False
Liq.Sweep.Rev,LINK-USDT-SWAP,1H,LONG,2026-07-17 01:00:00+00:00,2026-07-17 02:00:00+00:00,8.342,8.2495244,8.252,8.522,-116.56234960000083,-1.0275066666666706,0,SL,60,0.0,-1.0222222222222297,0.06693666428640191,64.0,20.499990992112206,39.407026124382675,0.3390586822601166,0.026710838368278634,2.608534890707326,-2.6612323183888695,1.0906446921958295,2.4828974060654367,1.9333872786215363,1.4124395503669132,0.0,0,4,Asia,Weak,0,1,5,5,False
Liq.Sweep.Rev,LINK-USDT-SWAP,1H,LONG,2026-07-17 05:00:00+00:00,2026-07-17 06:00:00+00:00,8.281,8.2345289,8.237,8.369000000000002,-133.75344849999638,-1.0561613636363467,0,SL,60,0.0,-2.9772727272726995,0.06853415422438366,68.0,22.554761645503472,35.3710617331615,0.2628384330722772,-0.20373092675921237,1.7989136197638367,-2.4993962810915327,0.5463154060944511,2.874827877885966,1.890047299445948,0.712574190885326,0.0,4,4,Asia,Weak,0,1,5,5,False
Liq.Sweep.Rev,LINK-USDT-SWAP,1H,LONG,2026-07-17 07:00:00+00:00,2026-07-17 08:00:00+00:00,8.178,8.147555,8.15,8.234000000000002,-152.44761785714064,-1.0873214285714203,0,SL,60,0.21428571428565538,-1.7857142857142811,0.07186873502000432,79.0,25.188926335883632,27.032606267862448,0.2018461087804243,-0.39713381804095405,0.51022766789331,-3.802885791146979,0.3435582822085947,3.9601679679373154,2.2114331079345977,1.189192406155949,0.0,6,4,Asia,Trending,0,2,5,5,False
Liq.Sweep.Rev,LINK-USDT-SWAP,1H,LONG,2026-07-17 09:00:00+00:00,2026-07-17 13:00:00+00:00,8.171,8.125561600000001,8.128,8.256999999999998,-134.0807836279032,-1.0567069767441652,0,SL,240,1.1395348837209793,-4.000000000000062,0.06789191948153428,60.0,27.98845823571498,27.0754736159748,0.14048324736208642,-0.5813897931090636,0.41624708609632005,-3.89181250764902,0.5290354330708571,4.615607244868817,2.128659829768563,0.8168313832405619,0.0,8,4,London,Trending,1,2,5,5,False
Liq.Sweep.Rev,LINK-USDT-SWAP,1H,LONG,2026-07-19 05:00:00+00:00,2026-07-19 10:00:00+00:00,8.345,8.3215028,8.324,8.387000000000002,-171.40143657143093,-1.1189142857143066,0,SL,300,1.6190476190475063,-1.3809523809523245,0.04298987538444419,3.0,26.090637305357312,56.748176692159284,0.20662471341398614,0.2775753381932963,1.9513472416816748,-0.6112176414189856,1.6940889701401503,1.8341695900466823,1.6768914080302295,0.34282794003523825,0.0,4,6,Asia,Trending,0,2,5,5,False
Liq.Sweep.Rev,LINK-USDT-SWAP,1H,LONG,2026-07-19 11:00:00+00:00,2026-07-19 12:00:00+00:00,8.364,8.313505200000002,8.316,8.46,-131.24188149999637,-1.051974999999982,0,SL,60,0.0,-1.0416666666666805,0.04108043489193911,5.0,30.683380239918066,57.76553925229749,0.19955359242115017,0.23662196691706805,2.0858247637693483,-0.35863717872085304,1.332525741974554,1.2887596967780899,1.3443635198070318,0.9137241641673587,0.0,10,6,London,Trending,1,2,5,5,False
Liq.Sweep.Rev,LINK-USDT-SWAP,1H,LONG,2026-07-21 14:00:00+00:00,2026-07-21 15:00:00+00:00,8.725,8.6723975,8.675,8.824999999999998,-131.2868770000009,-1.0520500000000024,0,SL,60,0.0,-1.620000000000025,0.06165415572627812,54.0,32.47198922256617,65.72147273213247,0.49864826346902036,1.0442256051685825,4.864801208949951,-0.38968481375358965,2.5264394829612202,3.283545329359684,1.6831927219044887,0.7791209519067759,0.0,13,1,NewYork,Trending,2,2,5,5,False
Liq.Sweep.Rev,LINK-USDT-SWAP,1H,LONG,2026-07-21 16:00:00+00:00,2026-07-21 17:00:00+00:00,8.686,8.6414068,8.644,8.77,-137.10200971428466,-1.0617428571428513,0,SL,60,0.0,-2.5000000000000213,0.060778328151739856,54.0,32.032069534900664,59.10809066140092,0.4796571611937529,0.9288047658629364,4.318139294805237,-0.8288246805571654,1.9840338107536826,2.9820499340617292,1.7863059201261096,0.8892467912298556,0.0,15,1,NewYork,Trending,2,2,5,5,False
Liq.Sweep.Rev,LINK-USDT-SWAP,1H,LONG,2026-07-22 20:00:00+00:00,2026-07-22 23:00:00+00:00,8.622,8.5784257,8.581,8.704,-137.72891565853206,-1.0627878048780273,0,SL,180,0.7073170731707232,-1.0243902439024253,0.06575088772996628,74.0,16.047541211264534,47.44290723190677,0.3066878024170097,0.20628186928500775,2.5893989407673494,-1.5191928563145103,0.6301785505893159,1.8980256876932338,2.41953926011443,1.5008300397086387,0.0,19,2,NewYork,Ranging,2,0,5,5,False
Liq.Sweep.Rev,LINK-USDT-SWAP,1H,LONG,2026-07-23 16:00:00+00:00,2026-07-24 00:00:00+00:00,8.494,8.4094764,8.412,8.657999999999998,-118.5235193170733,-1.0307756097560974,0,SL,480,0.3536585365853693,-1.1463414634146416,0.06319104770381391,65.0,17.454068599859436,38.13867509710062,0.1446556074310812,-0.24024144828229602,0.6706405163357938,-2.1780080056510536,0.9747979077508196,2.551836100568129,2.014342132068473,2.9293156585737945,0.0,15,3,NewYork,Ranging,2,0,5,5,False
Liq.Sweep.Rev,LINK-USDT-SWAP,1H,LONG,2026-07-27 14:00:00+00:00,2026-07-27 15:00:00+00:00,8.768,8.700389099999999,8.703,8.898000000000003,-124.15820532307805,-1.0401676923076997,0,SL,60,0.0,-3.2615384615384206,0.06371461021969921,98.0,48.17330176738621,59.90437653233987,0.38572756195014685,1.023748951941362,3.362603464409268,-1.6767423291890071,2.4541311207198673,3.791458835536681,2.864656080592496,1.2603329942851207,0.0,13,0,NewYork,Trending,2,2,5,5,False
Break.of.Structure,LINK-USDT-SWAP,1H,LONG,2026-06-13 13:00:00+00:00,2026-06-13 16:00:00+00:00,8.006,7.968608700000001,7.971,8.076,-141.04961491428165,-1.0683228571428374,0,SL,180,0.9142857142857114,-1.8857142857142735,0.056623485367813066,1.0,19.66429971966587,63.75755803658397,0.021679028545887172,0.41418653908192854,1.0525192067148812,-0.2623360399750033,2.4705581157194123,2.6935329470422675,1.5367439823464162,1.479552412262729,0.0,12,5,NewYork,Ranging,2,0,0,5,False
Break.of.Structure,LINK-USDT-SWAP,1H,LONG,2026-06-15 11:00:00+00:00,2026-06-15 15:00:00+00:00,8.333,8.603,8.198,8.603,192.47288888888886,2.0,1,TP,240,2.103703703703712,-0.4222222222222257,0.07031211835513573,56.00000000000001,37.05955023698037,76.45845402295895,0.31930479223016434,1.1191924107950133,4.759056480370591,-0.03600144005760367,7.135510413988181,8.278799516844124,3.6347414506834737,2.704181759149635,0.0,10,0,London,Trending,1,2,0,5,True
Break.of.Structure,LINK-USDT-SWAP,1H,LONG,2026-06-15 16:00:00+00:00,2026-06-15 19:00:00+00:00,8.557,8.407477,8.41,8.851,-110.35692938775516,-1.0171632653061229,0,SL,180,0.0,-1.2925170068027156,0.09092780790822536,98.0,46.67711620437904,81.04058450110367,0.46289132107021613,1.508084034677564,7.264694196430913,-0.7011803202056853,9.677005895924133,7.427262007670787,3.919928493470319,2.4837149480649696,0.0,15,0,NewYork,Trending,2,2,0,5,False
Break.of.Structure,LINK-USDT-SWAP,1H,LONG,2026-06-22 14:00:00+00:00,2026-06-22 15:00:00+00:00,8.143,8.077576,8.08,8.269000000000002,-123.14340571428403,-1.0384761904761828,0,SL,60,0.0,-2.7936507936507833,0.06536602780394843,46.0,18.335440355324682,69.03514164915464,0.013231230531849124,0.3423121011017394,1.9014336787795332,-0.08596340415080035,4.93556701030929,4.507984586506887,3.05886224210513,1.2486568077279678,0.0,13,0,NewYork,Ranging,2,0,0,5,False
Break.of.Structure,LINK-USDT-SWAP,1H,LONG,2026-07-02 04:00:00+00:00,2026-07-02 13:00:00+00:00,7.536,7.797999999999998,7.405,7.797999999999998,192.97679389312972,2.0,1,TP,540,2.832061068702308,-0.8473282442748117,0.07486582156487934,93.0,24.549125360555383,65.86444592299026,0.02549027580096012,0.6465890861360457,1.889294308843684,-0.11944260119441875,5.090655509065554,4.844965339330743,3.637092109091844,1.5298187813158322,0.0,3,3,Asia,Weak,0,1,0,5,True
Break.of.Structure,LINK-USDT-SWAP,1H,LONG,2026-07-02 14:00:00+00:00,2026-07-02 16:00:00+00:00,7.876,7.718683700000001,7.721,8.186,-109.02542594838643,-1.0149438709677387,0,SL,120,0.0,-1.019354838709678,0.08068252608411088,98.0,33.52698663592809,78.78724624717758,0.24929973237308817,1.259929481420516,6.2220093434716714,-0.4063492063492067,7.847165160230079,7.145710353566937,3.9316954654691685,3.9240693602601415,0.0,13,3,NewYork,Trending,2,2,0,5,False
Break.of.Structure,LINK-USDT-SWAP,1H,LONG,2026-07-03 19:00:00+00:00,2026-07-03 20:00:00+00:00,7.905,7.961000000000001,7.877,7.961000000000001,166.00142857142913,2.0,1,TP,60,4.678571428571327,0.0,0.059391322248027525,7.000000000000001,48.809199991500535,68.20938816755755,0.48592785908369807,1.130337230386122,5.277512847518279,-0.18972931950418123,2.742040285899927,2.737232215899196,1.9668305453388306,0.5512482137992154,0.0,18,4,NewYork,Trending,2,2,0,5,True
Break.of.Structure,LINK-USDT-SWAP,1H,LONG,2026-07-03 21:00:00+00:00,2026-07-04 01:00:00+00:00,8.008,7.9196234,7.922,8.179999999999998,-116.63927213953464,-1.0276348837209286,0,SL,240,0.0,-1.3604651162790686,0.06439353806079921,33.0,51.0109992523203,75.71114483918694,0.5186359623437329,1.2043484946810192,6.504896697296967,-0.3496503496503556,3.7574501166105096,3.474138976569989,2.0604975210999354,1.831385502756531,0.0,20,4,Dead,Trending,3,2,0,5,False
Break.of.Structure,LINK-USDT-SWAP,1H,LONG,2026-07-04 16:00:00+00:00,2026-07-04 23:00:00+00:00,8.084,8.0005991,8.003,8.245999999999999,-117.8426659999991,-1.029640740740736,0,SL,420,1.0864197530864381,-1.444444444444453,0.05630620109261885,10.0,42.93060109861871,70.47068691948955,0.4885637233080626,0.7255741215762693,6.4791851385726575,-0.16081147946560986,2.6409344845098945,2.3416731777272943,2.3583463612627313,3.059737747342605,0.0,15,5,NewYork,Trending,2,2,0,5,False
Break.of.Structure,LINK-USDT-SWAP,1H,LONG,2026-07-05 22:00:00+00:00,2026-07-06 03:00:00+00:00,8.046,7.9696084,7.972,8.193999999999997,-119.4494122162169,-1.0323189189189215,0,SL,300,1.12162162162164,-1.067567567567579,0.0536956697406476,16.0,22.901693863069266,64.505734982019,0.3998848421029436,0.3686816960167184,4.63884962022878,-0.41014168530948614,2.7061526678580514,2.7073808247414064,1.7411260773132597,1.0167547597085362,0.0,21,6,Dead,Weak,3,1,0,5,False
Break.of.Structure,LINK-USDT-SWAP,1H,LONG,2026-07-10 02:00:00+00:00,2026-07-14 12:00:00+00:00,7.872,8.171999999999999,7.722,8.171999999999999,193.58239999999998,2.0,1,TP,6360,2.2133333333333463,-0.620000000000002,0.06256204996006025,31.0,24.909103483393213,68.20344227718222,0.0147266237868356,0.1590180974144061,1.5796596853465166,-0.5588720945001854,2.660059981744695,1.9055742345812972,2.4106701792115603,3.8472786935350682,0.0,1,4,Asia,Weak,0,1,0,5,True
Break.of.Structure,LINK-USDT-SWAP,1H,LONG,2026-07-14 13:00:00+00:00,2026-07-21 04:00:00+00:00,8.185,8.665000000000001,7.945,8.665000000000001,195.78750000000002,2.0,1,TP,9540,2.3541666666666625,-0.7750000000000028,0.07067024977747806,100.0,13.858027262601196,72.19634713913179,0.09924755295518833,0.12878758509172064,3.7062105299033163,-0.2321319486866234,5.21917984316751,3.9979036420383953,3.5916764408098603,5.559860597603798,0.0,12,1,NewYork,Ranging,2,0,0,5,True
Break.of.Structure,LINK-USDT-SWAP,1H,LONG,2026-07-21 05:00:00+00:00,2026-07-21 17:00:00+00:00,8.712,8.6164143,8.619,8.898,-116.74026729032073,-1.0278032258064422,0,SL,720,0.46236559139786076,-1.4086021505376374,0.07388215456841553,90.0,28.33220335320438,70.5868718539776,0.3972976678193377,0.8373433698426734,5.175942554824974,-0.4361799816345301,4.95121069750632,4.291382691017837,3.553125254196108,2.3426174178482237,0.0,4,1,Asia,Trending,0,2,0,5,False
Break.of.Structure,LINK-USDT-SWAP,1H,LONG,2026-07-26 16:00:00+00:00,2026-07-26 23:00:00+00:00,8.594,8.815999999999997,8.483,8.815999999999997,190.58918918918909,2.0,1,TP,420,2.2072072072072384,-0.333333333333328,0.04176734572519661,33.0,29.410416832299212,79.45437625926473,0.04178448644533254,0.21850669333614398,2.087346810157864,-0.034908075401444194,2.8975095785440503,2.313381374037143,1.5977077789736647,3.2445228255124343,0.0,15,6,NewYork,Trending,2,2,0,5,True
Break.of.Structure,LINK-USDT-SWAP,1H,LONG,2026-07-27 00:00:00+00:00,2026-07-27 01:00:00+00:00,8.825,8.7713678,8.774,8.927,-131.02396211764295,-1.051611764705862,0,SL,60,0.0,-1.6078431372548767,0.057181961312546034,70.0,46.76855082145422,80.85235993906855,0.24402421798477308,0.9039398227101043,4.595327372997556,-0.16999093381686953,5.085149458139807,5.655473283374805,2.798160363636019,3.380291179171667,0.0,23,6,Dead,Trending,3,2,0,5,False
Break.of.Structure,LINK-USDT-SWAP,1H,LONG,2026-07-27 06:00:00+00:00,2026-07-27 09:00:00+00:00,8.851,8.762370500000001,8.765,9.023000000000001,-118.4035143023241,-1.0305755813953417,0,SL,180,0.023255813953475403,-1.0930232558139636,0.06201503578720503,93.0,52.669390510164526,72.64506882546142,0.36595057128804653,1.2068496278672736,4.667047081532064,-0.2711558016043287,5.343965722447056,6.406687092781592,3.1015773010911842,2.0923500451651362,0.0,5,0,Asia,Trending,0,2,0,5,False
VWAP.Pullback,LINK-USDT-SWAP,1H,LONG,2026-06-13 07:00:00+00:00,2026-06-13 15:00:00+00:00,7.92,8.036,7.862,8.036,183.49379310344824,2.0,1,TP,480,2.0344827586207015,0.0,0.06395137999502813,2.0,12.510137074575539,55.65474860228054,-0.0473779178286325,0.21808677712918634,0.0033021851835724004,-1.1238792776865707,1.8128053484186168,2.0722979516680176,3.808311768505579,0.7561344396179722,0.0,6,5,Asia,Ranging,0,0,7,5,True
VWAP.Pullback,LINK-USDT-SWAP,1H,LONG,2026-06-13 22:00:00+00:00,2026-06-14 01:00:00+00:00,8.017,7.949614400000001,7.952,8.146999999999998,-122.07872098461345,-1.0367015384615283,0,SL,180,0.0,-1.0153846153846207,0.05496183682190972,8.0,23.555742639859588,61.85089643652971,0.08952679145986314,0.523596730182783,1.1241766527071977,-0.4490457777223571,2.101375445746296,2.2241852036672105,1.3750322207979824,1.41157661939808,0.0,21,5,Dead,Weak,3,1,7,5,False
VWAP.Pullback,LINK-USDT-SWAP,1H,LONG,2026-06-15 22:00:00+00:00,2026-06-15 23:00:00+00:00,8.35,8.3334992,8.336,8.377999999999998,-173.7227516167622,-1.1786285714285776,0,SL,60,0.0,-7.642857142857451,0.08665184143640371,88.0,47.59186435233182,56.76584785667166,0.5804837051046351,1.6901468009029303,4.3088311269333515,-3.2099652653012414,2.88354898336414,6.364787976182881,3.2327461445075203,0.4235029636997991,0.0,21,0,Dead,Trending,3,2,7,5,False
VWAP.Pullback,LINK-USDT-SWAP,1H,LONG,2026-06-17 00:00:00+00:00,2026-06-17 01:00:00+00:00,8.273,8.2595214,8.262,8.294999999999998,-156.39255916837305,-1.2253272727272781,0,SL,60,7.909090909091438,-2.0000000000001616,0.0850530362094976,79.0,19.025537854467533,49.828453038417926,0.2480454761092541,0.14591850608417575,2.5655412642427917,-2.466150870406197,2.325581395348845,3.2827798698794766,3.727286979839447,0.258713565066466,0.0,23,1,Dead,Ranging,3,0,7,5,False
VWAP.Pullback,LINK-USDT-SWAP,1H,LONG,2026-06-17 02:00:00+00:00,2026-06-17 08:00:00+00:00,8.35,8.248524699999999,8.251,8.548,-115.06031800000079,-1.0250030303030344,0,SL,360,0.4444444444444484,-2.0808080808080716,0.08410695469084233,74.0,18.80690804350705,55.842076235896165,0.2788726035613213,0.27112255874910274,3.468004039288493,-1.5089820359281585,3.290450272142504,3.0764391848747503,3.6890069755131893,0.8901548030551991,0.0,1,2,Asia,Ranging,0,0,7,5,False
VWAP.Pullback,LINK-USDT-SWAP,1H,LONG,2026-06-17 18:00:00+00:00,2026-06-17 19:00:00+00:00,8.302,8.2205331,8.223,8.459999999999997,-118.79407577215203,-1.0312265822784807,0,SL,60,0.0,-3.8860759493671386,0.09086296150504797,89.0,16.465711668739097,54.866669247750636,0.14090984683464192,-0.20572778938101016,2.5463828547945617,-1.3489100325183465,2.823529411764725,3.5760106929825626,2.8624753476707245,1.2127104800896138,0.0,17,2,NewYork,Ranging,2,0,7,5,False
VWAP.Pullback,LINK-USDT-SWAP,1H,LONG,2026-07-03 10:00:00+00:00,2026-07-03 11:00:00+00:00,7.787,7.841,7.76,7.841,165.27111111111128,2.0,1,TP,60,3.2592592592592458,0.0,0.06242197988445446,16.0,43.86735984705847,61.69681543454742,0.4102993102511238,1.068710280795392,4.153269979859966,-1.9648131501220043,1.2482121960733334,1.2676547631796402,2.073507399387525,0.6190271526939136,0.0,9,4,London,Trending,1,2,7,5,True
VWAP.Pullback,LINK-USDT-SWAP,1H,LONG,2026-07-04 07:00:00+00:00,2026-07-04 08:00:00+00:00,7.902,7.934,7.886,7.934,140.61500000000007,2.0,1,TP,60,2.437499999999979,0.0,0.05760365032999189,9.0,48.23345339972936,54.062270533421355,0.5285350303563023,0.9843841311159908,4.555802366655934,-1.6829052258635964,1.242633871380983,2.419877849686809,1.9743689283980201,0.534367136567363,0.0,6,5,Asia,Trending,0,2,7,5,True
VWAP.Pullback,LINK-USDT-SWAP,1H,LONG,2026-07-04 14:00:00+00:00,2026-07-04 15:00:00+00:00,7.936,7.974,7.917,7.974,149.75789473684247,2.0,1,TP,60,8.473684210526237,0.0,0.05159180718433907,3.0,41.29991949768793,56.69141856283657,0.47142820349475406,0.6760318833769076,4.655966137608654,-1.2600806451612858,0.7618080243778518,1.540757039813454,1.979907963733512,1.0953775646085873,0.0,13,5,NewYork,Trending,2,2,7,5,True
VWAP.Pullback,LINK-USDT-SWAP,1H,LONG,2026-07-05 00:00:00+00:00,2026-07-05 01:00:00+00:00,8.001,7.9646099,7.967,8.068999999999999,-142.23401747058557,-1.0702970588235152,0,SL,60,0.0,-2.705882352941181,0.057188250888515355,14.000000000000002,44.27816911490951,53.403777161895825,0.5949155705324212,1.0161944930754192,4.889151466385051,-2.1372328458942778,1.5871000507871904,3.791790553148792,2.3059640024180026,0.8875898037699856,0.0,23,5,Dead,Trending,3,2,7,5,False
VWAP.Pullback,LINK-USDT-SWAP,1H,LONG,2026-07-06 04:00:00+00:00,2026-07-06 05:00:00+00:00,7.993,7.9646099,7.967,8.045000000000002,-155.21063823076395,-1.0919269230769018,0,SL,60,0.0,-3.538461538461465,0.06377567156398291,64.0,24.9782479746366,50.31749978038297,0.4512511089457276,0.5513822185587972,3.6768996354294448,-1.9264448336252178,2.042379371968345,3.381623598017205,1.9635638072254473,2.3907923200673054,0.0,3,0,Asia,Weak,0,1,7,5,False
VWAP.Pullback,LINK-USDT-SWAP,1H,LONG,2026-07-10 02:00:00+00:00,2026-07-14 12:00:00+00:00,7.872,8.171999999999999,7.722,8.171999999999999,193.58239999999998,2.0,1,TP,6360,2.2133333333333463,-0.620000000000002,0.06256204996006025,31.0,24.909103483393213,68.20344227718222,0.0147266237868356,0.1590180974144061,1.5796596853465166,-0.5588720945001854,2.660059981744695,1.9055742345812972,2.4106701792115603,3.8472786935350682,0.0,1,4,Asia,Weak,0,1,7,5,True
VWAP.Pullback,LINK-USDT-SWAP,1H,LONG,2026-07-16 02:00:00+00:00,2026-07-16 08:00:00+00:00,8.512,8.4414668,8.444,8.648,-122.40952952941257,-1.0372529411764742,0,SL,360,0.7647058823529397,-1.7500000000000064,0.07255276846130321,82.0,34.430084842458854,58.64568446595484,0.6074671471032408,1.132416205182505,5.71229294907224,-1.3864410762542632,2.4927745664739756,3.710551488222835,3.2233280783944074,0.7170522253480934,0.0,1,3,Asia,Trending,0,2,7,5,False
VWAP.Pullback,LINK-USDT-SWAP,1H,LONG,2026-07-17 19:00:00+00:00,2026-07-18 09:00:00+00:00,8.243,8.202538500000001,8.205,8.319,-138.92190289473137,-1.0647763157894472,0,SL,840,1.3684210526315592,-1.0,0.07175942992663084,76.0,33.21261855289669,48.65079593810352,0.05115810362753465,-0.6215269044149133,1.2492827931904233,-1.649884750697552,3.0503812976622164,3.1790430745476854,2.3064326192966074,0.39203178713246006,0.0,18,4,NewYork,Trending,2,2,7,5,False
VWAP.Pullback,LINK-USDT-SWAP,1H,LONG,2026-07-18 17:00:00+00:00,2026-07-18 18:00:00+00:00,8.283,8.338999999999997,8.255,8.338999999999997,164.3814285714269,2.0,1,TP,60,2.5357142857143944,0.0,0.04916199219637346,8.0,13.585309672144426,53.323753555017895,0.13633985519466355,-0.006746016206596541,1.44929214081069,-0.6519377037305357,0.9506398537477077,1.0900559232365505,1.497386260826666,2.0080441704803262,0.0,16,5,NewYork,Ranging,2,0,7,5,True
VWAP.Pullback,LINK-USDT-SWAP,1H,LONG,2026-07-19 11:00:00+00:00,2026-07-19 12:00:00+00:00,8.364,8.313505200000002,8.316,8.46,-131.24188149999637,-1.051974999999982,0,SL,60,0.0,-1.0416666666666805,0.04108043489193911,5.0,30.683380239918066,57.76553925229749,0.19955359242115017,0.23662196691706805,2.0858247637693483,-0.35863717872085304,1.332525741974554,1.2887596967780899,1.3443635198070318,0.9137241641673587,0.0,10,6,London,Trending,1,2,7,5,False
VWAP.Pullback,LINK-USDT-SWAP,1H,LONG,2026-07-19 13:00:00+00:00,2026-07-19 17:00:00+00:00,8.345,8.3115058,8.314,8.407000000000002,-148.33001122580055,-1.0804580645161026,0,SL,240,1.3870967741934985,-1.6451612903225548,0.040564252534376066,6.0,28.372295303601792,53.53947503251331,0.19622072539335692,0.2206682033794362,1.8036400489364743,-0.5991611743558889,0.9313014029995156,0.8686887300089599,1.1955674719948701,1.3162528701251133,0.0,12,6,NewYork,Trending,2,2,7,5,False
VWAP.Pullback,LINK-USDT-SWAP,1H,LONG,2026-07-20 00:00:00+00:00,2026-07-20 01:00:00+00:00,8.381,8.463000000000001,8.34,8.463000000000001,175.35024390243925,2.0,1,TP,60,3.6829268292682547,0.0,0.046961241266215675,31.0,20.54876655716645,58.10541183986753,0.17272573403026684,0.1352603022376269,2.048826782333128,-0.32215726047010196,1.2320328542094494,0.8255016648962785,1.263720649929905,1.1516421031769084,0.0,23,6,Dead,Weak,3,1,7,5,True
VWAP.Pullback,LINK-USDT-SWAP,1H,LONG,2026-07-22 02:00:00+00:00,2026-07-22 03:00:00+00:00,8.705,8.675396600000001,8.678,8.758999999999999,-157.90754800000107,-1.096422222222222,0,SL,60,0.25925925925925436,-1.2222222222222368,0.0516215750608971,45.0,20.83950749836111,61.490051879277,0.3651799347983997,0.4009377841738269,4.141978771313001,-0.5859375000000018,1.4333993707027284,1.8415726323342148,1.5136807540027246,0.8104732730704227,0.0,1,2,Asia,Weak,0,1,7,5,False
VWAP.Pullback,LINK-USDT-SWAP,1H,LONG,2026-07-22 17:00:00+00:00,2026-07-22 18:00:00+00:00,8.701,8.6464053,8.649,8.805000000000003,-129.99585226922807,-1.0498980769230661,0,SL,60,0.0,-2.173076923076891,0.06509714880793212,75.0,17.379923117883955,56.762869271340236,0.3063987318080425,0.1930144376980952,3.6125928567993717,-0.5975637784417329,1.5521064301552001,1.8849155397868684,2.2941841440200608,0.9044648189754539,0.0,16,2,NewYork,Ranging,2,0,7,5,False
VWAP.Pullback,LINK-USDT-SWAP,1H,LONG,2026-07-24 10:00:00+00:00,2026-07-24 11:00:00+00:00,8.519,8.4804551,8.483,8.591,-142.47075850000152,-1.0706916666666726,0,SL,60,0.0,-2.6666666666666994,0.05576363686606089,24.0,28.7632934141875,52.03789782634306,0.03026092019495722,-0.3448278566542182,0.8906950146274341,-0.66917116694058,1.537727977112902,1.661424480263823,1.8615759641141834,0.890563076092675,0.0,9,4,London,Trending,1,2,7,5,False
VWAP.Pullback,LINK-USDT-SWAP,1H,LONG,2026-07-27 13:00:00+00:00,2026-07-27 14:00:00+00:00,8.751,8.7023885,8.705,8.842999999999998,-134.11963717391538,-1.056771739130445,0,SL,60,0.5434782608695803,-4.956521739130497,0.05976958023659914,79.0,49.71582836346091,58.10929492436584,0.39070722720922707,1.0706460478410016,3.197049550489105,-1.874285714285711,2.2554633633282646,4.133375958584469,3.012733067737311,1.4707901404623593,0.0,12,0,NewYork,Trending,2,2,7,5,False
ORB,LINK-USDT-SWAP,1H,LONG,2026-06-11 20:00:00+00:00,2026-06-11 21:00:00+00:00,7.939,7.8966303,7.899,8.019,-135.6019454500001,-1.0592425000000008,0,SL,60,0.3749999999999917,-1.1500000000000055,0.09066558512608465,34.0,19.310854377940494,63.29959007378085,-0.14480741628832805,0.3596466513043827,0.018822775422887825,-0.5164378385187097,5.082726671078761,4.143177076285142,4.058354058347462,1.0030995768417406,0.0,19,3,NewYork,Ranging,2,0,6,5,False
ORB,LINK-USDT-SWAP,1H,LONG,2026-06-12 15:00:00+00:00,2026-06-14 14:00:00+00:00,7.964,7.788662700000001,7.791,8.31,-108.16543215028875,-1.013510404624276,0,SL,2820,0.5144508670520254,-1.0231213872832396,0.07813032855822934,13.0,15.182560588336429,59.59016320227929,-0.08613592733582999,0.22525470537833364,0.4644332891503307,-0.2009040683073834,2.787816210635005,2.2519216659347205,3.222768648464703,2.7493785393567305,0.0,14,4,NewYork,Ranging,2,0,6,5,False
ORB,LINK-USDT-SWAP,1H,LONG,2026-06-14 22:00:00+00:00,2026-06-15 13:00:00+00:00,8.066,8.508000000000003,7.845,8.508000000000003,195.5002714932127,2.0,1,TP,900,2.0407239819004377,0.0,0.06588551852047217,42.0,22.347252419887827,69.36788156565231,-0.08211216102937431,-0.2417763052603526,1.8110908061273066,-0.9174311926605484,3.7027513499614444,3.135466361585642,3.378665922884594,4.669949117615617,0.0,21,6,Dead,Weak,3,1,6,5,True
ORB,LINK-USDT-SWAP,1H,LONG,2026-06-16 09:00:00+00:00,2026-06-16 13:00:00+00:00,8.399,8.2705181,8.273,8.650999999999998,-111.87738957142761,-1.0196976190476141,0,SL,240,0.6111111111111276,-1.2380952380952341,0.08376527472849893,82.0,27.30894030645747,60.28904355670005,0.297860342437756,0.3630860511044116,4.588093094876796,-2.5955470889391803,3.11847759361571,5.584194834515167,3.7265533036492555,1.2784422988746342,0.0,8,1,London,Trending,1,2,6,5,False
ORB,LINK-USDT-SWAP,1H,LONG,2026-06-22 12:00:00+00:00,2026-06-22 15:00:00+00:00,8.083,7.9796054000000005,7.982,8.285,-114.28392399999937,-1.023708910891086,0,SL,180,0.6633663366336652,-1.1485148514851542,0.06616415058919455,49.0,15.197085721021216,64.87806907917869,-0.04784714721134664,0.11513459508434622,1.1724888781678422,-0.11135857461022722,4.149484536082486,3.299656937398728,3.0927812192219877,2.532562606491756,0.0,11,0,London,Ranging,1,0,6,5,False
ORB,LINK-USDT-SWAP,1H,LONG,2026-07-01 16:00:00+00:00,2026-07-01 23:00:00+00:00,7.411,7.3397974,7.342,7.5489999999999995,-119.2111281739116,-1.0319217391304276,0,SL,420,1.768115942028998,-1.0,0.0697248353767118,80.0,22.19962331367751,67.04859416887508,-0.18973082284341908,0.008602952066449026,0.23540323171153682,-0.6341924166779194,4.91223103057757,3.4046316063729694,2.7500621418981965,1.915160555926321,0.0,15,2,NewYork,Weak,2,1,6,5,False
ORB,LINK-USDT-SWAP,1H,LONG,2026-07-02 10:00:00+00:00,2026-07-02 13:00:00+00:00,7.587,7.800999999999998,7.48,7.800999999999998,191.37121495327096,2.0,1,TP,180,2.9906542056074983,0.0,0.07106407065744211,79.0,26.62120312250114,66.13312351888705,0.09610980868431405,0.7764856569688882,2.4990570914562666,-0.3822831531769037,4.088913282107574,3.5337885173940506,3.604602502360278,2.1472648158093754,0.0,9,3,London,Trending,1,2,6,5,True
ORB,LINK-USDT-SWAP,1H,LONG,2026-07-03 11:00:00+00:00,2026-07-03 19:00:00+00:00,7.842,7.957999999999999,7.784,7.957999999999999,183.65517241379308,2.0,1,TP,480,2.258620689655183,-0.6206896551724085,0.06453469560699346,25.0,44.94227591499792,66.52322210829882,0.42142684246603845,1.0855968716973665,4.824681482553283,-0.44637163627088566,1.9503315563645867,1.5146144497485499,1.9176710920796831,1.1893685591058285,0.0,10,4,London,Trending,1,2,6,5,True
ORB,LINK-USDT-SWAP,1H,LONG,2026-07-04 15:00:00+00:00,2026-07-04 17:00:00+00:00,8.007,8.149,7.936,8.149,186.3470422535211,2.0,1,TP,120,2.1126760563380413,0.0,0.05340667809974342,5.0,41.69152834855842,64.26993129184969,0.4714857319275999,0.6680242023978527,5.520512876066989,-0.3747189607794074,1.6505840528186884,1.7034347134093983,2.178421215582567,1.2517779345478828,0.0,14,5,NewYork,Trending,2,2,6,5,True
ORB,LINK-USDT-SWAP,1H,LONG,2026-07-05 19:00:00+00:00,2026-07-05 21:00:00+00:00,8.014,7.9706081,7.973,8.095999999999998,-135.0599142926839,-1.0583390243902473,0,SL,120,1.5853658536585877,-1.0243902439024257,0.05206914782354895,6.0,20.976063116782342,61.57881857014755,0.3544352005040813,0.18022985713690834,4.3595552780422295,-0.23708510107312364,2.2976767934643827,2.209758931611529,1.7828324687250645,0.5793121732674182,0.0,18,6,NewYork,Weak,2,1,6,5,False
ORB,LINK-USDT-SWAP,1H,LONG,2026-07-09 07:00:00+00:00,2026-07-09 12:00:00+00:00,7.751,7.697690000000001,7.7,7.853000000000001,-127.23375294117479,-1.0452941176470507,0,SL,300,0.31372549019607776,-1.1568627450980389,0.06267577655296125,34.0,24.06404004694466,60.056887800315145,-0.1415241905723868,-0.482277833409166,0.0051191240344343625,-0.03869969040247825,3.1399680681213384,2.411799743650745,2.1779756522568836,0.9985365370104329,0.0,6,3,Asia,Weak,0,1,6,5,False
ORB,LINK-USDT-SWAP,1H,LONG,2026-07-10 09:00:00+00:00,2026-07-10 14:00:00+00:00,7.955,7.889632400000001,7.892,8.081,-122.60631657142699,-1.037580952380944,0,SL,300,0.9365079365079291,-1.7142857142857162,0.05793010448143042,10.0,35.07390090107581,70.4162829493426,0.15122950261059312,0.6171852565102375,2.508131377846608,-0.289089994972344,3.7423392880427806,4.30428693933598,2.468697175287009,1.2791572005123493,0.0,8,4,London,Trending,1,2,6,5,False
ORB,LINK-USDT-SWAP,1H,LONG,2026-07-11 06:00:00+00:00,2026-07-11 07:00:00+00:00,8.004,7.985603600000001,7.988,8.035999999999998,-189.82110294851293,-1.1497749999999713,0,SL,60,0.0,-2.37500000000009,0.044311387245259265,1.0,27.843901091671004,64.58695034382858,0.2301372377213967,0.5630583618195317,2.6304082151092043,-0.13744845682867965,1.9880208997068902,1.7187231401848209,1.895007077441097,0.48590385616551635,0.0,5,5,Asia,Trending,0,2,6,5,False
ORB,LINK-USDT-SWAP,1H,LONG,2026-07-12 13:00:00+00:00,2026-07-12 14:00:00+00:00,8.046,8.015594600000002,8.018,8.101999999999997,-151.59913128570878,-1.0859071428571072,0,SL,60,1.6428571428572607,-1.285714285714331,0.04750753287882093,22.0,17.06529915768636,57.23748875267602,0.207722959200413,0.2366135859632783,2.4265825109381414,-0.8701056556867655,2.4318818436465475,2.6509113496069494,2.278829030868221,0.49054470175079296,0.0,12,6,NewYork,Ranging,2,0,6,5,False
ORB,LINK-USDT-SWAP,1H,LONG,2026-07-14 06:00:00+00:00,2026-07-14 07:00:00+00:00,7.958,7.9336192,7.936,8.002,-164.98441599999998,-1.108218181818184,0,SL,60,0.0,-2.0454545454545197,0.061809511348279125,73.0,15.508481560583922,53.97938542271263,0.01968581333669168,-0.22115907677398566,0.897347146959691,-0.4524318210380857,2.28821185242319,2.4131775180232338,2.7540355391202676,0.4894255991083194,0.0,5,1,Asia,Ranging,0,0,6,5,False
ORB,LINK-USDT-SWAP,1H,LONG,2026-07-15 06:00:00+00:00,2026-07-15 07:00:00+00:00,8.381,8.3095064,8.312,8.519000000000002,-121.74130991304123,-1.0361391304347722,0,SL,60,0.0,-1.115942028985493,0.06374197490814866,71.0,33.201252488343705,69.65482027413893,0.47383550008975717,1.160648721296007,5.319762729745422,-0.23866348448686842,5.901680778465822,5.0434370182833606,3.4022567407633937,0.3384577665394389,0.0,5,2,Asia,Trending,0,2,6,5,False
ORB,LINK-USDT-SWAP,1H,LONG,2026-07-18 13:00:00+00:00,2026-07-18 14:00:00+00:00,8.307,8.2735172,8.276,8.369000000000002,-148.1093881290264,-1.0800903225806189,0,SL,60,0.9677419354838321,-1.8064516129032222,0.04627425833184719,2.0,15.555878306138196,61.21209230572067,0.12811923838369946,-0.06696806009325074,1.8150910118633532,-0.20462205103514036,1.4160156249999958,0.9026935026436776,0.8987960433503823,3.117119537890338,0.0,12,5,NewYork,Ranging,2,0,6,5,False
ORB,LINK-USDT-SWAP,1H,LONG,2026-07-20 16:00:00+00:00,2026-07-24 13:00:00+00:00,8.55,8.3544929,8.357,8.936000000000003,-107.85331385492115,-1.012990155440409,0,SL,5580,1.0829015544041354,-1.373056994818646,0.08359977002610802,100.0,22.538741621022357,62.877831489595884,0.2050344057277565,0.244237571295594,3.7459054483165213,-0.16374269005847186,3.2234697573343145,2.9135577176071,3.7972329211990794,1.8070399158682713,0.0,15,0,NewYork,Weak,2,1,6,5,False
ORB,LINK-USDT-SWAP,1H,LONG,2026-07-26 05:00:00+00:00,2026-07-26 06:00:00+00:00,8.453,8.4084767,8.411,8.536999999999999,-136.10353814285733,-1.0600785714285719,0,SL,60,0.0,-1.3333333333333193,0.03350458385093632,6.0,20.927574036141998,65.85899684970212,-0.01998851051193433,0.013184042749047102,0.4570451784669044,-0.24843250916835205,2.2622792160658047,1.8723759850494532,1.0944530297469708,1.7372809533277358,0.0,4,6,Asia,Weak,0,1,6,5,False
ORB,LINK-USDT-SWAP,1H,LONG,2026-07-27 06:00:00+00:00,2026-07-27 09:00:00+00:00,8.851,8.762370500000001,8.765,9.023000000000001,-118.4035143023241,-1.0305755813953417,0,SL,180,0.023255813953475403,-1.0930232558139636,0.06201503578720503,93.0,52.669390510164526,72.64506882546142,0.36595057128804653,1.2068496278672736,4.667047081532064,-0.2711558016043287,5.343965722447056,6.406687092781592,3.1015773010911842,2.0923500451651362,0.0,5,0,Asia,Trending,0,2,6,5,False
Volatility.Comp,LINK-USDT-SWAP,1H,LONG,2026-06-12 15:00:00+00:00,2026-06-14 14:00:00+00:00,7.964,7.788662700000001,7.791,8.31,-108.16543215028875,-1.013510404624276,0,SL,2820,0.5144508670520254,-1.0231213872832396,0.07813032855822934,13.0,15.182560588336429,59.59016320227929,-0.08613592733582999,0.22525470537833364,0.4644332891503307,-0.2009040683073834,2.787816210635005,2.2519216659347205,3.222768648464703,2.7493785393567305,0.0,14,4,NewYork,Ranging,2,0,8,5,False
Volatility.Comp,LINK-USDT-SWAP,1H,LONG,2026-07-03 11:00:00+00:00,2026-07-03 19:00:00+00:00,7.842,7.957999999999999,7.784,7.957999999999999,183.65517241379308,2.0,1,TP,480,2.258620689655183,-0.6206896551724085,0.06453469560699346,25.0,44.94227591499792,66.52322210829882,0.42142684246603845,1.0855968716973665,4.824681482553283,-0.44637163627088566,1.9503315563645867,1.5146144497485499,1.9176710920796831,1.1893685591058285,0.0,10,4,London,Trending,1,2,8,5,True
Volatility.Comp,LINK-USDT-SWAP,1H,LONG,2026-07-03 20:00:00+00:00,2026-07-04 01:00:00+00:00,7.943,7.8946309,7.897,8.034999999999998,-130.95821421739228,-1.0515021739130468,0,SL,300,1.826086956521756,-1.1304347826087024,0.06057765637316839,14.000000000000002,49.719658648272585,71.27702085865144,0.5016535627278426,1.1653964411178985,5.709517390941787,-0.3776910487221484,2.915263021508158,3.007083556990482,1.9698091243814293,1.865618161225662,0.0,19,4,NewYork,Trending,2,2,8,5,False
Volatility.Comp,LINK-USDT-SWAP,1H,LONG,2026-07-04 15:00:00+00:00,2026-07-04 17:00:00+00:00,8.007,8.149,7.936,8.149,186.3470422535211,2.0,1,TP,120,2.1126760563380413,0.0,0.05340667809974342,5.0,41.69152834855842,64.26993129184969,0.4714857319275999,0.6680242023978527,5.520512876066989,-0.3747189607794074,1.6505840528186884,1.7034347134093983,2.178421215582567,1.2517779345478828,0.0,14,5,NewYork,Trending,2,2,8,5,True
Volatility.Comp,LINK-USDT-SWAP,1H,LONG,2026-07-05 15:00:00+00:00,2026-07-05 21:00:00+00:00,7.969,8.057000000000002,7.925,8.057000000000002,178.14636363636592,2.00000000000002,1,TP,360,2.49999999999998,-0.75,0.05233351012882799,4.0,20.888226556228336,55.44064368407328,0.3277429109540421,0.04025456597649895,3.9256747376537384,-1.6189759036144522,1.7104927240234917,3.178841657869741,1.7296453939568923,1.0658799986001672,0.0,14,6,NewYork,Weak,2,1,8,5,True
Volatility.Comp,LINK-USDT-SWAP,1H,LONG,2026-07-09 07:00:00+00:00,2026-07-09 12:00:00+00:00,7.751,7.697690000000001,7.7,7.853000000000001,-127.23375294117479,-1.0452941176470507,0,SL,300,0.31372549019607776,-1.1568627450980389,0.06267577655296125,34.0,24.06404004694466,60.056887800315145,-0.1415241905723868,-0.482277833409166,0.0051191240344343625,-0.03869969040247825,3.1399680681213384,2.411799743650745,2.1779756522568836,0.9985365370104329,0.0,6,3,Asia,Weak,0,1,8,5,False
Volatility.Comp,LINK-USDT-SWAP,1H,LONG,2026-07-09 19:00:00+00:00,2026-07-09 22:00:00+00:00,7.776,7.7456756,7.748,7.831999999999999,-149.86359057142937,-1.083014285714287,0,SL,180,0.21428571428572563,-1.142857142857161,0.06190133766369353,28.999999999999996,23.468639537929977,59.543731744364074,-0.027998750775496996,0.0076992528219812,0.34616616719460397,-0.43724279835390706,2.7619928637504905,2.9798112828388645,1.9617209483463567,1.44196524741357,0.0,18,3,NewYork,Weak,2,1,8,5,False
Volatility.Comp,LINK-USDT-SWAP,1H,LONG,2026-07-10 09:00:00+00:00,2026-07-10 14:00:00+00:00,7.955,7.889632400000001,7.892,8.081,-122.60631657142699,-1.037580952380944,0,SL,300,0.9365079365079291,-1.7142857142857162,0.05793010448143042,10.0,35.07390090107581,70.4162829493426,0.15122950261059312,0.6171852565102375,2.508131377846608,-0.289089994972344,3.7423392880427806,4.30428693933598,2.468697175287009,1.2791572005123493,0.0,8,4,London,Trending,1,2,8,5,False
Volatility.Comp,LINK-USDT-SWAP,1H,LONG,2026-07-11 13:00:00+00:00,2026-07-11 14:00:00+00:00,8.024,8.083999999999998,7.994,8.083999999999998,167.7839999999993,2.0,1,TP,60,2.1666666666667553,-0.09999999999994671,0.03867013808641387,1.0,25.780074247524478,63.99624690317975,0.2459572901393417,0.5358981897013426,2.71461085909307,-0.07478499314471179,1.7888860695255013,1.7429175922448932,1.1994047531893126,1.036077078239011,0.0,12,5,NewYork,Trending,2,2,8,5,True
Volatility.Comp,LINK-USDT-SWAP,1H,LONG,2026-07-18 13:00:00+00:00,2026-07-18 14:00:00+00:00,8.307,8.2735172,8.276,8.369000000000002,-148.1093881290264,-1.0800903225806189,0,SL,60,0.9677419354838321,-1.8064516129032222,0.04627425833184719,2.0,15.555878306138196,61.21209230572067,0.12811923838369946,-0.06696806009325074,1.8150910118633532,-0.20462205103514036,1.4160156249999958,0.9026935026436776,0.8987960433503823,3.117119537890338,0.0,12,5,NewYork,Ranging,2,0,8,5,False
Volatility.Comp,LINK-USDT-SWAP,1H,LONG,2026-07-22 05:00:00+00:00,2026-07-22 06:00:00+00:00,8.726,8.6763963,8.679,8.820000000000002,-133.29539953191394,-1.0553978723404223,0,SL,60,0.0,-2.744680851063823,0.05110043746676039,47.0,21.576581775305453,63.192336977914046,0.3768021681552675,0.44145250681029374,4.2911763098015525,-0.20625644551390976,1.701433399370712,1.7891724794462445,1.4525569398644922,0.9260393095434067,0.0,4,2,Asia,Weak,0,1,8,5,False
Volatility.Comp,LINK-USDT-SWAP,1H,LONG,2026-07-26 05:00:00+00:00,2026-07-26 06:00:00+00:00,8.453,8.4084767,8.411,8.536999999999999,-136.10353814285733,-1.0600785714285719,0,SL,60,0.0,-1.3333333333333193,0.03350458385093632,6.0,20.927574036141998,65.85899684970212,-0.01998851051193433,0.013184042749047102,0.4570451784669044,-0.24843250916835205,2.2622792160658047,1.8723759850494532,1.0944530297469708,1.7372809533277358,0.0,4,6,Asia,Weak,0,1,8,5,False
EMA.Crossover.ADX,LINK-USDT-SWAP,1H,LONG,2026-06-08 00:00:00+00:00,2026-06-08 01:00:00+00:00,7.912,7.8386477,7.841,8.053999999999998,-119.93660369014115,-1.0331309859154942,0,SL,60,0.9859154929577543,-1.3521126760563444,0.11341395385025899,23.0,25.647826231529006,67.64077981503702,-0.5180246932292677,0.6900037642651493,-2.7255640972062407,-1.529322548028306,5.142857142857136,3.9634541657537397,4.129714693531672,0.7178201438144539,0.0,23,6,Dead,Trending,3,2,2,5,False
EMA.Crossover.ADX,LINK-USDT-SWAP,1H,LONG,2026-07-01 20:00:00+00:00,2026-07-01 21:00:00+00:00,7.376,7.410000000000001,7.359,7.410000000000001,147.8141176470599,2.0,1,TP,60,7.117647058823358,0.0,0.06644567428140007,65.0,22.725554308893408,60.16234625737468,-0.10075701267044249,0.3198657614369204,-0.2425826722780889,-1.1254237288135618,4.40260475651189,3.956319843056904,2.859164078683597,0.6523582660681451,0.0,19,2,NewYork,Weak,2,1,2,5,True
EMA.Crossover.ADX,LINK-USDT-SWAP,1H,LONG,2026-07-10 05:00:00+00:00,2026-07-10 08:00:00+00:00,7.889,7.923000000000001,7.872,7.923000000000001,144.19294117647172,2.0,1,TP,180,5.294117647058707,-0.2941176470588112,0.060646437231141506,19.0,29.498288076739307,66.05964381358602,0.07669649600518194,0.3788095260775793,1.726365359565233,-0.5704145012042074,2.8686921371756506,3.4921569913272896,2.437785631680283,0.39044206830343664,0.0,4,4,Asia,Trending,0,2,2,5,True
EMA.Crossover.ADX,LINK-USDT-SWAP,1H,LONG,2026-07-26 16:00:00+00:00,2026-07-26 23:00:00+00:00,8.594,8.815999999999997,8.483,8.815999999999997,190.58918918918909,2.0,1,TP,420,2.2072072072072384,-0.333333333333328,0.04176734572519661,33.0,29.410416832299212,79.45437625926473,0.04178448644533254,0.21850669333614398,2.087346810157864,-0.034908075401444194,2.8975095785440503,2.313381374037143,1.5977077789736647,3.2445228255124343,0.0,15,6,NewYork,Trending,2,2,2,5,True
Donchian.20,LINK-USDT-SWAP,1H,LONG,2026-06-13 13:00:00+00:00,2026-06-13 16:00:00+00:00,8.006,7.968608700000001,7.971,8.076,-141.04961491428165,-1.0683228571428374,0,SL,180,0.9142857142857114,-1.8857142857142735,0.056623485367813066,1.0,19.66429971966587,63.75755803658397,0.021679028545887172,0.41418653908192854,1.0525192067148812,-0.2623360399750033,2.4705581157194123,2.6935329470422675,1.5367439823464162,1.479552412262729,0.0,12,5,NewYork,Ranging,2,0,1,5,False
Donchian.20,LINK-USDT-SWAP,1H,LONG,2026-06-14 22:00:00+00:00,2026-06-15 13:00:00+00:00,8.066,8.508000000000003,7.845,8.508000000000003,195.5002714932127,2.0,1,TP,900,2.0407239819004377,0.0,0.06588551852047217,42.0,22.347252419887827,69.36788156565231,-0.08211216102937431,-0.2417763052603526,1.8110908061273066,-0.9174311926605484,3.7027513499614444,3.135466361585642,3.378665922884594,4.669949117615617,0.0,21,6,Dead,Weak,3,1,1,5,True
Donchian.20,LINK-USDT-SWAP,1H,LONG,2026-06-15 14:00:00+00:00,2026-06-15 22:00:00+00:00,8.465,8.3324995,8.335,8.724999999999998,-111.59961515384626,-1.0192346153846157,0,SL,480,1.169230769230786,-1.6307692307692412,0.08415296065095951,91.0,42.500549779721084,79.53703191637145,0.39115929088235046,1.3020664249441796,6.265474694168099,-0.6024096385542187,8.84546155824119,8.057393644356612,3.793176491212095,2.006034178466865,0.0,13,0,NewYork,Trending,2,2,1,5,False
Donchian.20,LINK-USDT-SWAP,1H,LONG,2026-06-22 12:00:00+00:00,2026-06-22 15:00:00+00:00,8.083,7.9796054000000005,7.982,8.285,-114.28392399999937,-1.023708910891086,0,SL,180,0.6633663366336652,-1.1485148514851542,0.06616415058919455,49.0,15.197085721021216,64.87806907917869,-0.04784714721134664,0.11513459508434622,1.1724888781678422,-0.11135857461022722,4.149484536082486,3.299656937398728,3.0927812192219877,2.532562606491756,0.0,11,0,London,Ranging,1,0,1,5,False
Donchian.20,LINK-USDT-SWAP,1H,LONG,2026-07-01 16:00:00+00:00,2026-07-01 23:00:00+00:00,7.411,7.3397974,7.342,7.5489999999999995,-119.2111281739116,-1.0319217391304276,0,SL,420,1.768115942028998,-1.0,0.0697248353767118,80.0,22.19962331367751,67.04859416887508,-0.18973082284341908,0.008602952066449026,0.23540323171153682,-0.6341924166779194,4.91223103057757,3.4046316063729694,2.7500621418981965,1.915160555926321,0.0,15,2,NewYork,Weak,2,1,1,5,False
Donchian.20,LINK-USDT-SWAP,1H,LONG,2026-07-02 04:00:00+00:00,2026-07-02 13:00:00+00:00,7.536,7.797999999999998,7.405,7.797999999999998,192.97679389312972,2.0,1,TP,540,2.832061068702308,-0.8473282442748117,0.07486582156487934,93.0,24.549125360555383,65.86444592299026,0.02549027580096012,0.6465890861360457,1.889294308843684,-0.11944260119441875,5.090655509065554,4.844965339330743,3.637092109091844,1.5298187813158322,0.0,3,3,Asia,Weak,0,1,1,5,True
Donchian.20,LINK-USDT-SWAP,1H,LONG,2026-07-02 14:00:00+00:00,2026-07-02 16:00:00+00:00,7.876,7.718683700000001,7.721,8.186,-109.02542594838643,-1.0149438709677387,0,SL,120,0.0,-1.019354838709678,0.08068252608411088,98.0,33.52698663592809,78.78724624717758,0.24929973237308817,1.259929481420516,6.2220093434716714,-0.4063492063492067,7.847165160230079,7.145710353566937,3.9316954654691685,3.9240693602601415,0.0,13,3,NewYork,Trending,2,2,1,5,False
Donchian.20,LINK-USDT-SWAP,1H,LONG,2026-07-03 19:00:00+00:00,2026-07-03 20:00:00+00:00,7.905,7.961000000000001,7.877,7.961000000000001,166.00142857142913,2.0,1,TP,60,4.678571428571327,0.0,0.059391322248027525,7.000000000000001,48.809199991500535,68.20938816755755,0.48592785908369807,1.130337230386122,5.277512847518279,-0.18972931950418123,2.742040285899927,2.737232215899196,1.9668305453388306,0.5512482137992154,0.0,18,4,NewYork,Trending,2,2,1,5,True
Donchian.20,LINK-USDT-SWAP,1H,LONG,2026-07-03 21:00:00+00:00,2026-07-04 01:00:00+00:00,8.008,7.9196234,7.922,8.179999999999998,-116.63927213953464,-1.0276348837209286,0,SL,240,0.0,-1.3604651162790686,0.06439353806079921,33.0,51.0109992523203,75.71114483918694,0.5186359623437329,1.2043484946810192,6.504896697296967,-0.3496503496503556,3.7574501166105096,3.474138976569989,2.0604975210999354,1.831385502756531,0.0,20,4,Dead,Trending,3,2,1,5,False
Donchian.20,LINK-USDT-SWAP,1H,LONG,2026-07-04 16:00:00+00:00,2026-07-04 23:00:00+00:00,8.084,8.0005991,8.003,8.245999999999999,-117.8426659999991,-1.029640740740736,0,SL,420,1.0864197530864381,-1.444444444444453,0.05630620109261885,10.0,42.93060109861871,70.47068691948955,0.4885637233080626,0.7255741215762693,6.4791851385726575,-0.16081147946560986,2.6409344845098945,2.3416731777272943,2.3583463612627313,3.059737747342605,0.0,15,5,NewYork,Trending,2,2,1,5,False
Donchian.20,LINK-USDT-SWAP,1H,LONG,2026-07-05 22:00:00+00:00,2026-07-06 03:00:00+00:00,8.046,7.9696084,7.972,8.193999999999997,-119.4494122162169,-1.0323189189189215,0,SL,300,1.12162162162164,-1.067567567567579,0.0536956697406476,16.0,22.901693863069266,64.505734982019,0.3998848421029436,0.3686816960167184,4.63884962022878,-0.41014168530948614,2.7061526678580514,2.7073808247414064,1.7411260773132597,1.0167547597085362,0.0,21,6,Dead,Weak,3,1,1,5,False
Donchian.20,LINK-USDT-SWAP,1H,LONG,2026-07-09 07:00:00+00:00,2026-07-09 12:00:00+00:00,7.751,7.697690000000001,7.7,7.853000000000001,-127.23375294117479,-1.0452941176470507,0,SL,300,0.31372549019607776,-1.1568627450980389,0.06267577655296125,34.0,24.06404004694466,60.056887800315145,-0.1415241905723868,-0.482277833409166,0.0051191240344343625,-0.03869969040247825,3.1399680681213384,2.411799743650745,2.1779756522568836,0.9985365370104329,0.0,6,3,Asia,Weak,0,1,1,5,False
Donchian.20,LINK-USDT-SWAP,1H,LONG,2026-07-10 02:00:00+00:00,2026-07-14 12:00:00+00:00,7.872,8.171999999999999,7.722,8.171999999999999,193.58239999999998,2.0,1,TP,6360,2.2133333333333463,-0.620000000000002,0.06256204996006025,31.0,24.909103483393213,68.20344227718222,0.0147266237868356,0.1590180974144061,1.5796596853465166,-0.5588720945001854,2.660059981744695,1.9055742345812972,2.4106701792115603,3.8472786935350682,0.0,1,4,Asia,Weak,0,1,1,5,True
Donchian.20,LINK-USDT-SWAP,1H,LONG,2026-07-14 13:00:00+00:00,2026-07-21 04:00:00+00:00,8.185,8.665000000000001,7.945,8.665000000000001,195.78750000000002,2.0,1,TP,9540,2.3541666666666625,-0.7750000000000028,0.07067024977747806,100.0,13.858027262601196,72.19634713913179,0.09924755295518833,0.12878758509172064,3.7062105299033163,-0.2321319486866234,5.21917984316751,3.9979036420383953,3.5916764408098603,5.559860597603798,0.0,12,1,NewYork,Ranging,2,0,1,5,True
Donchian.20,LINK-USDT-SWAP,1H,LONG,2026-07-21 05:00:00+00:00,2026-07-21 17:00:00+00:00,8.712,8.6164143,8.619,8.898,-116.74026729032073,-1.0278032258064422,0,SL,720,0.46236559139786076,-1.4086021505376374,0.07388215456841553,90.0,28.33220335320438,70.5868718539776,0.3972976678193377,0.8373433698426734,5.175942554824974,-0.4361799816345301,4.95121069750632,4.291382691017837,3.553125254196108,2.3426174178482237,0.0,4,1,Asia,Trending,0,2,1,5,False
Donchian.20,LINK-USDT-SWAP,1H,LONG,2026-07-26 05:00:00+00:00,2026-07-26 06:00:00+00:00,8.453,8.4084767,8.411,8.536999999999999,-136.10353814285733,-1.0600785714285719,0,SL,60,0.0,-1.3333333333333193,0.03350458385093632,6.0,20.927574036141998,65.85899684970212,-0.01998851051193433,0.013184042749047102,0.4570451784669044,-0.24843250916835205,2.2622792160658047,1.8723759850494532,1.0944530297469708,1.7372809533277358,0.0,4,6,Asia,Weak,0,1,1,5,False
Donchian.20,LINK-USDT-SWAP,1H,LONG,2026-07-26 16:00:00+00:00,2026-07-26 23:00:00+00:00,8.594,8.815999999999997,8.483,8.815999999999997,190.58918918918909,2.0,1,TP,420,2.2072072072072384,-0.333333333333328,0.04176734572519661,33.0,29.410416832299212,79.45437625926473,0.04178448644533254,0.21850669333614398,2.087346810157864,-0.034908075401444194,2.8975095785440503,2.313381374037143,1.5977077789736647,3.2445228255124343,0.0,15,6,NewYork,Trending,2,2,1,5,True
Donchian.20,LINK-USDT-SWAP,1H,LONG,2026-07-27 00:00:00+00:00,2026-07-27 01:00:00+00:00,8.825,8.7713678,8.774,8.927,-131.02396211764295,-1.051611764705862,0,SL,60,0.0,-1.6078431372548767,0.057181961312546034,70.0,46.76855082145422,80.85235993906855,0.24402421798477308,0.9039398227101043,4.595327372997556,-0.16999093381686953,5.085149458139807,5.655473283374805,2.798160363636019,3.380291179171667,0.0,23,6,Dead,Trending,3,2,1,5,False
Donchian.20,LINK-USDT-SWAP,1H,LONG,2026-07-27 06:00:00+00:00,2026-07-27 09:00:00+00:00,8.851,8.762370500000001,8.765,9.023000000000001,-118.4035143023241,-1.0305755813953417,0,SL,180,0.023255813953475403,-1.0930232558139636,0.06201503578720503,93.0,52.669390510164526,72.64506882546142,0.36595057128804653,1.2068496278672736,4.667047081532064,-0.2711558016043287,5.343965722447056,6.406687092781592,3.1015773010911842,2.0923500451651362,0.0,5,0,Asia,Trending,0,2,1,5,False
Donchian.20,LINK-USDT-SWAP,1H,LONG,2026-07-29 01:00:00+00:00,2026-07-29 02:00:00+00:00,8.469,8.4394674,8.442,8.522999999999998,-156.334372000004,-1.0938000000000148,0,SL,60,0.0,-3.925925925926031,0.06802686248787253,82.0,29.74980191308794,56.27282022883465,-0.08210985560503051,-0.27907139129491704,0.1310237054109842,-0.49592631951824084,3.457121915465423,2.749294023819102,2.873297986197158,1.7872584534948253,0.0,0,2,Asia,Trending,0,2,1,5,False
EMA.Pullback,LINK-USDT-SWAP,1H,LONG,2026-06-07 23:00:00+00:00,2026-06-09 16:00:00+00:00,7.846,7.6537032,7.656,8.226,-107.31232732631564,-1.0120884210526309,0,SL,2460,1.4421052631578872,-1.0473684210526286,0.11544579645412507,25.0,24.763933846042782,64.68254666777366,-0.5490916221470122,0.6038074922800057,-3.5511293454107404,-2.370332611188977,4.279069767441861,3.537591230887803,4.07082267805244,3.7812073429725825,0.0,22,6,Dead,Weak,3,1,3,5,False
EMA.Pullback,LINK-USDT-SWAP,1H,LONG,2026-06-13 17:00:00+00:00,2026-06-14 04:00:00+00:00,7.988,7.9376180000000005,7.94,8.084,-129.8320224999995,-1.0496249999999976,0,SL,660,1.3541666666666736,-1.7708333333333495,0.054804439962258165,3.0,24.464416302936847,58.740049648360426,0.07574528563380857,0.56092859704469,0.8109218478316536,-0.6133433471022703,2.2657450076804864,2.8752511202966313,1.517886171748799,2.8252798360252305,0.0,16,5,NewYork,Weak,2,1,3,5,False
EMA.Pullback,LINK-USDT-SWAP,1H,LONG,2026-06-14 22:00:00+00:00,2026-06-15 13:00:00+00:00,8.066,8.508000000000003,7.845,8.508000000000003,195.5002714932127,2.0,1,TP,900,2.0407239819004377,0.0,0.06588551852047217,42.0,22.347252419887827,69.36788156565231,-0.08211216102937431,-0.2417763052603526,1.8110908061273066,-0.9174311926605484,3.7027513499614444,3.135466361585642,3.378665922884594,4.669949117615617,0.0,21,6,Dead,Weak,3,1,3,5,True
EMA.Pullback,LINK-USDT-SWAP,1H,LONG,2026-06-16 08:00:00+00:00,2026-06-16 09:00:00+00:00,8.279,8.358999999999998,8.239,8.358999999999998,175.04299999999947,2.0,1,TP,60,3.225000000000058,0.0,0.0784395266306911,76.0,27.122425997521287,51.864484635694346,0.2840000339675661,0.3106014527201817,3.1413596032109186,-4.08261867375288,1.645181092694909,5.5558905569814945,3.416539369406374,0.533654802431862,0.0,7,1,London,Trending,1,2,3,5,True
EMA.Pullback,LINK-USDT-SWAP,1H,LONG,2026-06-16 10:00:00+00:00,2026-06-16 11:00:00+00:00,8.345,8.3235022,8.326,8.383000000000001,-178.9300069473725,-1.131463157894759,0,SL,60,0.9473684210525676,-2.6842105263157796,0.08363918367646322,81.0,27.482132164755352,55.57535395544916,0.3011270184547906,0.3731061626225867,3.8751893716646966,-3.2594367884961084,2.455494168201364,5.430560083233422,3.449505008442112,0.7427839999639595,0.0,9,1,London,Trending,1,2,3,5,False
EMA.Pullback,LINK-USDT-SWAP,1H,LONG,2026-06-16 12:00:00+00:00,2026-06-16 13:00:00+00:00,8.329,8.2915118,8.294,8.399000000000001,-142.71059165714362,-1.071091428571433,0,SL,60,1.8571428571428354,-2.4571428571428555,0.08009705123123605,74.0,27.223214441582336,54.06444658226007,0.3117864678051761,0.4081643076386857,3.5869095180109034,-3.061959654178684,2.2467771639042335,4.7076283646572845,3.0833534458137635,0.8018359281175622,0.0,11,1,London,Trending,1,2,3,5,False
EMA.Pullback,LINK-USDT-SWAP,1H,LONG,2026-06-16 19:00:00+00:00,2026-06-16 20:00:00+00:00,8.3,8.2445259,8.247,8.406000000000002,-128.0658783773603,-1.046681132075482,0,SL,60,0.6603773584905585,-1.188679245283012,0.09306763161798595,96.0,21.016604168275656,52.585474590683326,0.28478541983193106,0.27579990590288017,3.0742130664812684,-2.1081797373810467,2.6843146956952073,3.364465862325162,3.8258591134954805,1.3670772635313375,0.0,18,1,NewYork,Weak,2,1,3,5,False
EMA.Pullback,LINK-USDT-SWAP,1H,LONG,2026-06-17 04:00:00+00:00,2026-06-17 05:00:00+00:00,8.349,8.313505200000002,8.316,8.415,-145.41546399999547,-1.0755999999999748,0,SL,60,0.6363636363636168,-1.5454545454545747,0.08247487419771601,69.0,20.21979012088237,55.19909265439224,0.30921268084532844,0.3864559441498417,3.370218835986727,-1.5333013895543857,3.265710044532424,3.208350272411535,3.645634672060834,0.43467599201544904,0.0,3,2,Asia,Weak,0,1,3,5,False
EMA.Pullback,LINK-USDT-SWAP,1H,LONG,2026-06-17 06:00:00+00:00,2026-06-17 07:00:00+00:00,8.331,8.2955106,8.298,8.396999999999998,-145.31729200000058,-1.0754363636363642,0,SL,60,0.8787878787878902,-2.2121212121212595,0.08056762111945913,62.0,21.235868159952044,53.41148029871867,0.318304028202057,0.41528170765187666,3.093073910750065,-1.7404873364542235,3.055418109846609,3.0388241935555107,3.200551889535924,0.43847919798922547,0.0,5,2,Asia,Weak,0,1,3,5,False
EMA.Pullback,LINK-USDT-SWAP,1H,LONG,2026-07-01 05:00:00+00:00,2026-07-01 06:00:00+00:00,7.312,7.2758166,7.278,7.380000000000002,-138.58673517646884,-1.0642176470588174,0,SL,60,0.0,-3.970588235294056,0.065417347384526,59.0,25.03611001376105,60.34937111749873,-0.26714476984740076,-0.26167026689592865,-1.3224891599904618,-0.28723840787853794,3.4966024915062275,2.7344037888904897,3.012704938433631,0.8594764395233474,0.0,4,2,Asia,Trending,0,2,3,5,False
EMA.Pullback,LINK-USDT-SWAP,1H,LONG,2026-07-01 14:00:00+00:00,2026-07-02 03:00:00+00:00,7.305,7.540999999999999,7.187,7.540999999999999,192.45118644067793,2.0,1,TP,780,2.025423728813568,-0.025423728813560406,0.06302406943097937,55.00000000000001,22.027534105198992,58.18469683949577,-0.21647460286812578,-0.0882438977383512,-1.189179333991818,-0.35587188612099374,3.4258210645526614,2.2678595562948924,2.623005346020993,3.103195861930473,0.0,13,2,NewYork,Weak,2,1,3,5,True
EMA.Pullback,LINK-USDT-SWAP,1H,LONG,2026-07-02 04:00:00+00:00,2026-07-02 13:00:00+00:00,7.536,7.797999999999998,7.405,7.797999999999998,192.97679389312972,2.0,1,TP,540,2.832061068702308,-0.8473282442748117,0.07486582156487934,93.0,24.549125360555383,65.86444592299026,0.02549027580096012,0.6465890861360457,1.889294308843684,-0.11944260119441875,5.090655509065554,4.844965339330743,3.637092109091844,1.5298187813158322,0.0,3,3,Asia,Weak,0,1,3,5,True
EMA.Pullback,LINK-USDT-SWAP,1H,LONG,2026-07-04 07:00:00+00:00,2026-07-04 08:00:00+00:00,7.902,7.934,7.886,7.934,140.61500000000007,2.0,1,TP,60,2.437499999999979,0.0,0.05760365032999189,9.0,48.23345339972936,54.062270533421355,0.5285350303563023,0.9843841311159908,4.555802366655934,-1.6829052258635964,1.242633871380983,2.419877849686809,1.9743689283980201,0.534367136567363,0.0,6,5,Asia,Trending,0,2,3,5,True
EMA.Pullback,LINK-USDT-SWAP,1H,LONG,2026-07-04 09:00:00+00:00,2026-07-04 10:00:00+00:00,7.927,7.907627000000001,7.91,7.9609999999999985,-183.8045658823499,-1.1395882352940936,0,SL,60,0.0,-2.882352941176532,0.054204167886574624,2.0,46.508476239802704,56.83687199322416,0.5063095613393982,0.86445101200271,4.760363811885215,-1.3878374968458167,1.537279016141431,2.1857537174055484,1.8676980738192623,0.46298253650187604,0.0,8,5,London,Trending,1,2,3,5,False
EMA.Pullback,LINK-USDT-SWAP,1H,LONG,2026-07-04 12:00:00+00:00,2026-07-04 13:00:00+00:00,7.907,7.933,7.894,7.933,104.31263437460353,2.0,1,TP,60,6.153846153846207,0.0,0.050266237917931646,1.0,41.76361570349408,53.65870234334344,0.4735378012474651,0.702104142403468,4.373913659661544,-1.6314657898064948,1.2031230001279958,1.785933342920431,1.915235603486656,0.49548322942653206,0.0,11,5,London,Trending,1,2,3,5,True
EMA.Pullback,LINK-USDT-SWAP,1H,LONG,2026-07-04 14:00:00+00:00,2026-07-04 15:00:00+00:00,7.936,7.974,7.917,7.974,149.75789473684247,2.0,1,TP,60,8.473684210526237,0.0,0.05159180718433907,3.0,41.29991949768793,56.69141856283657,0.47142820349475406,0.6760318833769076,4.655966137608654,-1.2600806451612858,0.7618080243778518,1.540757039813454,1.979907963733512,1.0953775646085873,0.0,13,5,NewYork,Trending,2,2,3,5,True
EMA.Pullback,LINK-USDT-SWAP,1H,LONG,2026-07-05 00:00:00+00:00,2026-07-05 01:00:00+00:00,8.001,7.9646099,7.967,8.068999999999999,-142.23401747058557,-1.0702970588235152,0,SL,60,0.0,-2.705882352941181,0.057188250888515355,14.000000000000002,44.27816911490951,53.403777161895825,0.5949155705324212,1.0161944930754192,4.889151466385051,-2.1372328458942778,1.5871000507871904,3.791790553148792,2.3059640024180026,0.8875898037699856,0.0,23,5,Dead,Trending,3,2,3,5,False
EMA.Pullback,LINK-USDT-SWAP,1H,LONG,2026-07-05 14:00:00+00:00,2026-07-05 15:00:00+00:00,7.935,8.003,7.901,8.003,171.87411764706127,2.000000000000026,1,TP,60,2.0588235294118107,0.0,0.052974549369507025,7.000000000000001,21.861088830258318,51.11465929036547,0.3218072595920584,0.0052018366568926675,3.5491568523805315,-2.9737903225806535,1.3020168496298228,3.561442719633501,1.7218980970929247,0.6213008633361496,0.0,13,6,NewYork,Weak,2,1,3,5,True
EMA.Pullback,LINK-USDT-SWAP,1H,LONG,2026-07-05 16:00:00+00:00,2026-07-05 17:00:00+00:00,7.962,7.997999999999999,7.944,7.997999999999999,146.79999999999941,2.0,1,TP,60,2.4444444444444993,-0.0555555555555254,0.05295254511962605,8.0,20.652357967552774,54.30848644858439,0.33596942922707007,0.08288138945536815,3.7947737714732788,-1.5575932671774972,1.6211386264998808,2.806094023342516,1.7239281216939142,1.1627585675216117,0.0,15,6,NewYork,Weak,2,1,3,5,True
EMA.Pullback,LINK-USDT-SWAP,1H,LONG,2026-07-09 19:00:00+00:00,2026-07-09 22:00:00+00:00,7.776,7.7456756,7.748,7.831999999999999,-149.86359057142937,-1.083014285714287,0,SL,180,0.21428571428572563,-1.142857142857161,0.06190133766369353,28.999999999999996,23.468639537929977,59.543731744364074,-0.027998750775496996,0.0076992528219812,0.34616616719460397,-0.43724279835390706,2.7619928637504905,2.9798112828388645,1.9617209483463567,1.44196524741357,0.0,18,3,NewYork,Weak,2,1,3,5,False
EMA.Pullback,LINK-USDT-SWAP,1H,LONG,2026-07-10 02:00:00+00:00,2026-07-14 12:00:00+00:00,7.872,8.171999999999999,7.722,8.171999999999999,193.58239999999998,2.0,1,TP,6360,2.2133333333333463,-0.620000000000002,0.06256204996006025,31.0,24.909103483393213,68.20344227718222,0.0147266237868356,0.1590180974144061,1.5796596853465166,-0.5588720945001854,2.660059981744695,1.9055742345812972,2.4106701792115603,3.8472786935350682,0.0,1,4,Asia,Weak,0,1,3,5,True
EMA.Pullback,LINK-USDT-SWAP,1H,LONG,2026-07-16 02:00:00+00:00,2026-07-16 08:00:00+00:00,8.512,8.4414668,8.444,8.648,-122.40952952941257,-1.0372529411764742,0,SL,360,0.7647058823529397,-1.7500000000000064,0.07255276846130321,82.0,34.430084842458854,58.64568446595484,0.6074671471032408,1.132416205182505,5.71229294907224,-1.3864410762542632,2.4927745664739756,3.710551488222835,3.2233280783944074,0.7170522253480934,0.0,1,3,Asia,Trending,0,2,3,5,False
EMA.Pullback,LINK-USDT-SWAP,1H,LONG,2026-07-18 02:00:00+00:00,2026-07-18 05:00:00+00:00,8.253,8.2315298,8.234,8.291,-178.05851515788814,-1.1300105263157583,0,SL,180,1.9473684210525677,-1.1052631578947714,0.057883763513463096,4.0,26.09382756971468,50.68198180806576,0.12054750335535036,-0.2091113458339169,1.2847020474952664,-0.3998545983278744,3.1753969246155824,2.221440829042511,1.5372264141768253,0.37759491566749925,0.0,1,5,Asia,Trending,0,2,3,5,False
EMA.Pullback,LINK-USDT-SWAP,1H,LONG,2026-07-19 11:00:00+00:00,2026-07-19 12:00:00+00:00,8.364,8.313505200000002,8.316,8.46,-131.24188149999637,-1.051974999999982,0,SL,60,0.0,-1.0416666666666805,0.04108043489193911,5.0,30.683380239918066,57.76553925229749,0.19955359242115017,0.23662196691706805,2.0858247637693483,-0.35863717872085304,1.332525741974554,1.2887596967780899,1.3443635198070318,0.9137241641673587,0.0,10,6,London,Trending,1,2,3,5,False
EMA.Pullback,LINK-USDT-SWAP,1H,LONG,2026-07-19 13:00:00+00:00,2026-07-19 17:00:00+00:00,8.345,8.3115058,8.314,8.407000000000002,-148.33001122580055,-1.0804580645161026,0,SL,240,1.3870967741934985,-1.6451612903225548,0.040564252534376066,6.0,28.372295303601792,53.53947503251331,0.19622072539335692,0.2206682033794362,1.8036400489364743,-0.5991611743558889,0.9313014029995156,0.8686887300089599,1.1955674719948701,1.3162528701251133,0.0,12,6,NewYork,Trending,2,2,3,5,False
EMA.Pullback,LINK-USDT-SWAP,1H,LONG,2026-07-19 21:00:00+00:00,2026-07-19 22:00:00+00:00,8.363,8.327501,8.33,8.428999999999998,-145.49182000000226,-1.0757272727272815,0,SL,60,1.3636363636363833,-1.4242424242424112,0.04251599728470454,14.000000000000002,20.51723895439801,56.24167523775745,0.17267832572620956,0.12930325864890138,1.885482769843861,-0.38263780939854153,1.014615291701892,0.7440294608864467,1.2611726890979773,0.8211121728690022,0.0,20,6,Dead,Weak,3,1,3,5,False
EMA.Pullback,LINK-USDT-SWAP,1H,LONG,2026-07-19 23:00:00+00:00,2026-07-20 01:00:00+00:00,8.369,8.474999999999998,8.316,8.474999999999998,180.93132075471664,2.0,1,TP,120,3.0754716981132675,-0.18867924528301824,0.047342875209770735,33.0,20.33045271783236,56.21242819225119,0.1694650512311136,0.12066800606726923,1.9236995841415978,-0.46600549647508305,1.0870878125377443,0.7462132130950552,1.2998641801180453,2.8871641348532338,0.0,22,6,Dead,Weak,3,1,3,5,True
EMA.Pullback,LINK-USDT-SWAP,1H,LONG,2026-07-20 02:00:00+00:00,2026-07-20 03:00:00+00:00,8.416,8.458000000000002,8.395,8.458000000000002,151.78857142857325,2.0,1,TP,60,3.1428571428569736,0.0,0.05790535598974725,49.0,24.909036475867893,63.210806347052824,0.18144538852447067,0.17170500195843919,2.426025252687734,-1.3783269961977145,1.6547892257519081,1.2071650919459924,1.295543675642444,3.5879923564306804,0.0,1,0,Asia,Weak,0,1,3,5,True
EMA.Pullback,LINK-USDT-SWAP,1H,LONG,2026-07-20 10:00:00+00:00,2026-07-20 14:00:00+00:00,8.399,8.316504300000002,8.319,8.558999999999996,-118.77587822499788,-1.031196249999988,0,SL,240,1.4375000000000333,-1.2250000000000134,0.0669727070209947,76.0,23.261396346934884,54.57216145275629,0.20090447501504485,0.23122294427220172,2.0507977547059384,-1.595618004286739,1.4373716632443503,2.1276698977630777,2.1804907177966038,0.8313127586644214,0.0,9,0,London,Weak,1,1,3,5,False
EMA.Pullback,LINK-USDT-SWAP,1H,LONG,2026-07-20 16:00:00+00:00,2026-07-24 13:00:00+00:00,8.55,8.3544929,8.357,8.936000000000003,-107.85331385492115,-1.012990155440409,0,SL,5580,1.0829015544041354,-1.373056994818646,0.08359977002610802,100.0,22.538741621022357,62.877831489595884,0.2050344057277565,0.244237571295594,3.7459054483165213,-0.16374269005847186,3.2234697573343145,2.9135577176071,3.7972329211990794,1.8070399158682713,0.0,15,0,NewYork,Weak,2,1,3,5,False
EMA.Pullback,LINK-USDT-SWAP,1H,LONG,2026-07-26 07:00:00+00:00,2026-07-26 15:00:00+00:00,8.441,8.529000000000002,8.397,8.529000000000002,176.85909090909118,2.0,1,TP,480,3.5454545454544792,-0.93181818181818,0.034230993218409375,9.0,22.139316198386382,62.21158740742853,-0.007696978376401697,0.05864834094586058,0.3204240418972135,-0.37905709547500627,1.7598842815814946,1.5735985272352795,1.1210592965637993,0.8541546074563312,0.0,6,6,Asia,Weak,0,1,3,5,True
EMA.Pullback,LINK-USDT-SWAP,1H,LONG,2026-07-27 13:00:00+00:00,2026-07-27 14:00:00+00:00,8.751,8.7023885,8.705,8.842999999999998,-134.11963717391538,-1.056771739130445,0,SL,60,0.5434782608695803,-4.956521739130497,0.05976958023659914,79.0,49.71582836346091,58.10929492436584,0.39070722720922707,1.0706460478410016,3.197049550489105,-1.874285714285711,2.2554633633282646,4.133375958584469,3.012733067737311,1.4707901404623593,0.0,12,0,NewYork,Trending,2,2,3,5,False
FVG+EMA200+Slope,XRP-USDT-SWAP,1H,LONG,2026-06-15 01:00:00+00:00,2026-06-15 02:00:00+00:00,1.184,1.1786463,1.179,1.1939999999999997,-142.4997556000014,-1.070740000000004,0,SL,60,1.8000000000000622,-1.0,0.010297395696246702,49.0,32.455548548351075,76.12719212476394,0.029709584599681642,0.34070032509471215,3.021082224005353,-0.4226542688081059,5.15555555555556,5.726131893128135,3.3335430491504328,1.3660919280733392,0.0,0,0,Asia,Trending,0,2,4,8,False
FVG+EMA200+Slope,XRP-USDT-SWAP,1H,LONG,2026-06-15 12:00:00+00:00,2026-06-17 08:00:00+00:00,1.231,1.1936418,1.194,1.3050000000000004,-105.86806778378362,-1.0096810810810803,0,SL,2640,1.6486486486486407,-1.0,0.012007383848893834,89.0,46.7330327634761,86.2267814736123,0.3350461281774238,1.2425084072085117,6.899680941483914,-0.08116883116884024,9.123117803365808,8.62261675725838,4.291365072525095,4.280855576595253,0.0,11,0,London,Trending,1,2,4,8,False
FVG+EMA200+Slope,XRP-USDT-SWAP,1H,LONG,2026-06-17 17:00:00+00:00,2026-06-17 18:00:00+00:00,1.212,1.209637,1.21,1.216,-172.40025577556867,-1.1814999999999454,0,SL,60,3.5000000000000555,-10.0,0.012023163595194414,62.0,16.409767916413266,50.713325385541985,0.1617217315259353,-0.3892676608915534,2.4596188675043953,-1.3212221304706866,2.0219039595619224,3.341901279835509,2.707586230306162,1.438591201889299,0.0,16,2,NewYork,Ranging,2,0,4,8,False
FVG+EMA200+Slope,XRP-USDT-SWAP,1H,LONG,2026-07-02 13:00:00+00:00,2026-07-02 20:00:00+00:00,1.0924,1.08237519,1.0827,1.1118000000000001,-120.14933107216392,-1.0334855670103043,0,SL,420,1.5257731958762744,-1.2268041237113372,0.009640441395087606,81.0,25.441341907839785,72.07460514652269,0.05388514544230402,0.6536195189156662,2.611857617886537,-0.411937019406806,4.595940252776718,4.00106285799882,2.687384827607155,2.9449151113621115,0.0,12,3,NewYork,Trending,2,2,4,8,False
FVG+EMA200+Slope,XRP-USDT-SWAP,1H,LONG,2026-07-03 07:00:00+00:00,2026-07-03 08:00:00+00:00,1.1005,1.09847036,1.0988,1.1039,-167.13594802361894,-1.1939058823528836,0,SL,60,3.764705882352841,-1.176470588235271,0.008412551094827038,23.0,39.37965154744109,65.84327651358845,0.21127731483812826,0.7670492834656288,2.954704713044171,-1.054162122864418,2.2201579191825394,2.2091904638008346,2.48653176745227,0.7718708360589551,0.0,6,4,Asia,Trending,0,2,4,8,False
FVG+EMA200+Slope,XRP-USDT-SWAP,1H,LONG,2026-07-03 12:00:00+00:00,2026-07-03 14:00:00+00:00,1.1097,1.1056682000000002,1.106,1.1170999999999995,-153.8600248648612,-1.0896756756756483,0,SL,120,1.4054054054055012,-1.2432432432432887,0.008387374928697157,25.0,44.506338251982314,70.23719464558397,0.2854938101783239,0.9400263740440149,3.657434040877984,-0.24330900243310327,2.9215358931552458,3.0780372220767274,1.8087525643633386,1.8274464296258706,0.0,11,4,London,Trending,1,2,4,8,False
FVG+EMA200+Slope,XRP-USDT-SWAP,1H,LONG,2026-07-03 20:00:00+00:00,2026-07-04 00:00:00+00:00,1.1312,1.1426,1.1255,1.1426,176.0652631578949,2.0,1,TP,240,2.0175438596491206,-0.789473684210512,0.009509678665677451,80.0,49.762964098745364,76.02121127001482,0.41601213539279064,1.2253723312614493,5.314120442985012,-1.2021568107487013,4.55637707948243,4.572374840668628,1.963229435855621,2.551941285347028,0.0,19,4,NewYork,Trending,2,2,4,8,True
FVG+EMA200+Slope,XRP-USDT-SWAP,1H,LONG,2026-07-04 14:00:00+00:00,2026-07-04 15:00:00+00:00,1.1522,1.1627999999999996,1.1469,1.1627999999999996,173.79245283018798,2.0,1,TP,60,5.283018867924672,0.0,0.010247567673168525,94.0,58.93326306918678,68.13509994212977,0.5570532536023007,1.184699857356975,6.201986739385373,-0.7377191459816156,2.8749999999999805,2.1404216922490193,2.3261150250855387,2.2165154493718604,0.0,13,5,NewYork,Trending,2,2,4,8,True
FVG+EMA200+Slope,XRP-USDT-SWAP,1H,LONG,2026-07-04 16:00:00+00:00,2026-07-04 17:00:00+00:00,1.1718,1.1821999999999997,1.1666,1.1821999999999997,172.83846153846085,2.0,1,TP,60,2.307692307692367,-0.8846153846153945,0.011273157840640197,100.0,60.98981779452293,75.23806663145166,0.5990351532777197,1.294460417560579,7.836495686086671,-0.7168458781361976,4.002840152658198,3.9548005503938874,2.9502926421318616,2.1149220403758093,0.0,15,5,NewYork,Trending,2,2,4,8,True
FVG+EMA200+Slope,XRP-USDT-SWAP,1H,LONG,2026-07-05 23:00:00+00:00,2026-07-06 03:00:00+00:00,1.1573,1.14145746,1.1418,1.1883000000000001,-113.31828694193402,-1.0220993548387025,0,SL,240,0.23870967741935614,-1.0709677419354757,0.008432011415444682,17.0,21.603800218804185,67.27289783132983,0.3492548937595593,0.13484911051655682,5.02227699007958,-0.362882322446862,2.9348986125933756,2.072336708159444,1.910674454708032,2.656438533587231,0.0,22,6,Dead,Weak,3,1,4,8,False
FVG+EMA200+Slope,XRP-USDT-SWAP,1H,LONG,2026-07-06 16:00:00+00:00,2026-07-07 04:00:00+00:00,1.1442,1.1226631,1.123,1.1866000000000003,-109.59395216981102,-1.015891509433961,0,SL,720,0.9528301886792403,-1.0283018867924496,0.011161503859171423,93.0,15.76434258997201,53.84130769347789,0.24123880339140158,-0.17863436420355144,3.26730825477883,-2.185123678000187,3.1836219336219234,4.111930671374509,3.7206097280333537,1.5196591636871255,0.0,15,0,NewYork,Ranging,2,0,4,8,False
FVG+EMA200+Slope,XRP-USDT-SWAP,1H,LONG,2026-07-10 10:00:00+00:00,2026-07-10 11:00:00+00:00,1.1152,1.10886724,1.1092,1.1272,-133.3326724000014,-1.0554600000000072,0,SL,60,0.0,-1.1166666666666538,0.007021220023280253,8.0,24.581230835718078,67.89534520681555,0.010471516777289436,0.2780734484053468,0.8763082457507577,-0.24213075060532013,2.7079303675048236,2.8137999174827266,1.9361104165548908,1.0774863844801128,0.0,9,4,London,Weak,1,1,4,8,False
FVG+EMA200+Slope,XRP-USDT-SWAP,1H,LONG,2026-07-14 20:00:00+00:00,2026-07-14 21:00:00+00:00,1.1148,1.1100668800000002,1.1104,1.1236,-145.48091199999376,-1.0757090909090583,0,SL,60,0.0,-1.9318181818181888,0.008235790271352359,100.0,30.772983993562104,80.61884886484674,0.02862059335679153,0.6635996574364286,1.865834598649327,-0.49331778634855683,5.169323648712382,6.677838004727418,2.0907337562257484,1.8812280276936113,0.0,19,1,NewYork,Trending,2,2,4,8,False
FVG+EMA200+Slope,XRP-USDT-SWAP,1H,LONG,2026-07-15 14:00:00+00:00,2026-07-15 16:00:00+00:00,1.1213,1.11686484,1.1172,1.1295,-149.10290009755573,-1.0817463414633879,0,SL,120,1.6341463414634,-3.487804878048782,0.007365886979885288,78.0,32.51622627789796,71.85623259374748,0.12130078841658891,0.5953472869499745,2.2502787461967966,-0.6509719992866135,2.084660901228941,1.9570929219296054,1.9427551200234154,3.486381643792317,0.0,13,2,NewYork,Trending,2,2,4,8,False
FVG+EMA200+Slope,XRP-USDT-SWAP,1H,LONG,2026-07-15 23:00:00+00:00,2026-07-16 00:00:00+00:00,1.1154,1.1136658000000002,1.114,1.1181999999999996,-152.67345705575346,-1.2387142857142772,0,SL,60,0.2857142857142857,-5.428571428572063,0.007810663092382763,84.0,27.56452434483566,57.28141310588028,0.17261568565887622,0.6155930351884149,1.5509067204880678,-1.2820512820512802,1.5015015015014979,2.4636288961251935,2.1234896564750754,0.6191386034375356,0.0,22,2,Dead,Trending,3,2,4,8,False
FVG+EMA200+Slope,XRP-USDT-SWAP,1H,LONG,2026-07-19 16:00:00+00:00,2026-07-19 17:00:00+00:00,1.0973,1.09587114,1.0962,1.0994999999999997,-140.05389064065668,-1.298963636363657,0,SL,60,0.0,-8.27272727272808,0.00451849104271073,12.0,27.84036778208735,57.21705800449103,0.006583880060099738,0.13213452568307854,0.17757942451587194,-0.3554178437984156,0.651256650155924,0.6338896924036778,0.8437440750154941,0.9526218072097421,0.0,15,6,NewYork,Trending,2,2,4,8,False
FVG+EMA200+Slope,XRP-USDT-SWAP,1H,LONG,2026-07-20 17:00:00+00:00,2026-07-20 22:00:00+00:00,1.1138,1.10936709,1.1097,1.1219999999999999,-148.77366473170835,-1.0811975609756146,0,SL,300,1.5853658536585815,-2.121951219512182,0.008247852586649746,96.0,19.221179235368332,64.10657504382365,0.01993232754410147,0.13507383005286275,1.6858118765857684,-0.08079719903044465,2.9197080291970665,2.759416519128936,2.9795338962028364,1.458465061886187,0.0,16,0,NewYork,Ranging,2,0,4,8,False
FVG+EMA200+Slope,XRP-USDT-SWAP,1H,LONG,2026-07-21 05:00:00+00:00,2026-07-21 06:00:00+00:00,1.1259,1.1356999999999997,1.121,1.1356999999999997,172.30693877550968,2.0,1,TP,60,2.0816326530613076,0.0,0.007413702120551883,75.0,22.606152030507637,67.98100961316742,0.17877855545907964,0.6044135239078265,2.571795169202152,-0.15985790408525968,3.7214443625644797,3.8141210717620146,2.7880299795828583,0.680910434818025,0.0,4,1,Asia,Weak,0,1,4,8,True
FVG+EMA200+Slope,XRP-USDT-SWAP,1H,LONG,2026-07-21 07:00:00+00:00,2026-07-21 13:00:00+00:00,1.1335,1.1434999999999997,1.1285,1.1434999999999997,172.67599999999942,2.0,1,TP,360,2.2000000000000712,-0.8800000000000107,0.007784263563128918,92.0,25.467136298943835,72.40753357257685,0.20545658210392415,0.6748607496955827,3.200184918096042,-0.38814396612561397,4.4215180545320605,3.807489242295331,2.8000756576624286,0.6828947122356254,0.0,6,1,Asia,Trending,0,2,4,8,True
FVG+EMA200+Slope,XRP-USDT-SWAP,1H,LONG,2026-07-21 14:00:00+00:00,2026-07-21 15:00:00+00:00,1.1404,1.1456000000000004,1.1378,1.1456000000000004,147.24615384615706,2.0,1,TP,60,6.076923076922637,0.0,0.00717008947376871,71.0,32.25837935567046,70.79325297050833,0.31819983928607126,0.9629632387866408,3.580812084760348,-0.35952297439494846,3.1942810605375174,3.667973162864685,1.4494144641892037,1.485648037991726,0.0,13,1,NewYork,Trending,2,2,4,8,True
FVG+EMA200+Slope,XRP-USDT-SWAP,1H,LONG,2026-07-22 12:00:00+00:00,2026-07-22 13:00:00+00:00,1.1383,1.13615905,1.1365,1.1419000000000001,-168.96140867961157,-1.1894166666666677,0,SL,60,2.8333333333332305,-1.9444444444444513,0.006299241030237025,46.0,22.642117507405583,51.97945851250725,0.2550319586185379,0.2747266880024355,2.608897950070354,-2.266736953083801,0.9042553191489549,2.836783085796253,1.6590062790971905,0.7876173819952611,0.0,11,2,London,Weak,1,1,4,8,False
Liq.Sweep.Rev,XRP-USDT-SWAP,1H,LONG,2026-06-17 02:00:00+00:00,2026-06-17 07:00:00+00:00,1.221,1.2066379,1.207,1.249,-115.57701957142902,-1.025864285714288,0,SL,300,0.0714285714285635,-1.2142857142857222,0.012150046300276125,64.0,17.58801695784681,48.36257344879696,0.3635772220103581,0.1716403815982711,3.547038081456342,-2.868852459016387,1.328903654485051,3.6371134150375726,3.189334414087623,0.6733903972952157,0.0,1,2,Asia,Ranging,0,0,5,8,False
Liq.Sweep.Rev,XRP-USDT-SWAP,1H,LONG,2026-06-17 10:00:00+00:00,2026-06-17 11:00:00+00:00,1.197,1.1926421,1.193,1.205,-153.73963150000105,-1.0894750000000055,0,SL,60,0.0,-2.5,0.011360883807575575,54.0,14.63881258814545,35.26934230631851,0.2713811777081543,-0.10658837654173603,1.387419104421962,-2.756892230576434,0.33528918692372195,2.497195672287011,2.479746475340961,0.7956633520530789,0.0,9,2,London,Ranging,1,0,5,8,False
Liq.Sweep.Rev,XRP-USDT-SWAP,1H,LONG,2026-06-17 23:00:00+00:00,2026-06-18 04:00:00+00:00,1.184,1.169649,1.17,1.212,-115.1013528571427,-1.0250714285714277,0,SL,300,0.5714285714285714,-1.2857142857142858,0.014682011647166135,84.0,19.615435326427637,39.14627827241888,0.130978092968815,-0.3898154721637579,0.037015189481288124,-3.465765004226536,1.1111111111111218,4.05329473533629,3.9987241887305567,0.8868001022253122,0.0,22,2,Dead,Ranging,3,0,5,8,False
Liq.Sweep.Rev,XRP-USDT-SWAP,1H,LONG,2026-07-02 23:00:00+00:00,2026-07-03 01:00:00+00:00,1.0831,1.0928999999999998,1.0782,1.0928999999999998,173.3551020408158,2.0,1,TP,120,2.469387755102089,-0.224489795918347,0.008949712139242299,46.0,34.79046998096222,56.602564238795544,0.21393470405840875,0.9711432768389937,1.5210965562319994,-2.668267011356306,2.663507109004741,4.93085637594009,2.68509911543244,0.30450551372395573,0.0,22,3,Dead,Trending,3,2,5,8,True
Liq.Sweep.Rev,XRP-USDT-SWAP,1H,LONG,2026-07-05 11:00:00+00:00,2026-07-05 15:00:00+00:00,1.1289,1.1379,1.1244,1.1379,169.77599999999967,2.0,1,TP,240,2.6888888888889197,-0.2000000000000296,0.008817034713992578,36.0,32.51530358169684,37.78486561285283,0.37330197087897005,0.07092665044615097,2.8602599379703766,-4.863141110815834,0.4002134471718204,5.744041990364095,1.9394138661504787,0.9490425007513966,0.0,10,6,London,Trending,1,2,5,8,True
Liq.Sweep.Rev,XRP-USDT-SWAP,1H,LONG,2026-07-06 08:00:00+00:00,2026-07-06 09:00:00+00:00,1.1456,1.13535929,1.1357,1.1654,-120.70702599999814,-1.0344151515151425,0,SL,60,0.0,-1.2222222222222197,0.008733359386579863,32.0,17.697478740115013,52.32900445979707,0.4045474873536975,0.37410599398714145,3.5759507398641226,-2.06023570493235,1.5514184397163184,2.7686556267307862,1.925778120004298,1.0778531153414102,0.0,7,0,London,Ranging,1,0,5,8,False
Liq.Sweep.Rev,XRP-USDT-SWAP,1H,LONG,2026-07-06 14:00:00+00:00,2026-07-06 15:00:00+00:00,1.1155,1.1288999999999998,1.1088,1.1288999999999998,179.90089552238786,2.0,1,TP,60,4.3731343283582715,0.0,0.010100324002352647,75.0,16.221832183047795,32.867424222966164,0.2630820647692277,-0.1277962865720601,0.742271747892861,-4.7956256722839825,0.6132756132756059,3.917334419177374,2.977086222054969,2.448779491737119,0.0,13,0,NewYork,Ranging,2,0,5,8,True
Liq.Sweep.Rev,XRP-USDT-SWAP,1H,LONG,2026-07-07 06:00:00+00:00,2026-07-07 11:00:00+00:00,1.1269,1.11996391,1.1203,1.1401,-130.6105810000006,-1.0509227272727295,0,SL,300,1.1515151515151698,-1.1515151515151698,0.010050255218517545,63.0,14.063960573558353,41.540642755061846,0.24917563628367984,-0.02654502084933209,1.3058793708192022,-3.336883209087689,1.623376623376625,4.1560922643605895,3.7926458479670417,0.7236683991166986,0.0,5,1,Asia,Ranging,0,0,5,8,False
Liq.Sweep.Rev,XRP-USDT-SWAP,1H,LONG,2026-07-07 12:00:00+00:00,2026-07-07 13:00:00+00:00,1.1246,1.11896421,1.1193,1.1352000000000002,-138.07016086792612,-1.0633566037735949,0,SL,60,0.45283018867923025,-1.2075471698112947,0.0087895309539708,27.0,10.647310095618526,42.0173857722617,0.1283483217947852,-0.3993930123278539,1.0353180849762105,-3.5390361017250624,0.473510229607798,3.8052529079673763,2.2844831459157273,0.8813243913095,0.0,11,1,London,Ranging,1,0,5,8,False
Liq.Sweep.Rev,XRP-USDT-SWAP,1H,LONG,2026-07-07 15:00:00+00:00,2026-07-07 22:00:00+00:00,1.1246,1.1072677199999998,1.1076,1.1586000000000003,-111.78635665882432,-1.0195458823529453,0,SL,420,0.5999999999999948,-1.0588235294117578,0.00935539340593069,44.0,10.539524235490747,43.53162975679799,0.11311147650365262,-0.3967962606274849,0.9981259178825338,-3.548243663850604,1.525821596244144,3.6547739847300016,2.1255289777492097,2.830971918676884,0.0,14,1,NewYork,Ranging,2,0,5,8,False
Liq.Sweep.Rev,XRP-USDT-SWAP,1H,LONG,2026-07-07 23:00:00+00:00,2026-07-08 01:00:00+00:00,1.1149,1.1062680200000001,1.1066,1.1315,-124.05615436144342,-1.0399975903614336,0,SL,120,0.12048192771083048,-2.144578313253023,0.009615743839042592,44.0,14.007019454251907,39.71357434685101,0.07653348648153994,-0.39402057363384413,0.08458380781829138,-1.7757847533632323,0.7590818724019486,1.7981424051138715,2.038599653127378,1.0749915184345156,0.0,22,1,Dead,Ranging,3,0,5,8,False
Liq.Sweep.Rev,XRP-USDT-SWAP,1H,LONG,2026-07-16 02:00:00+00:00,2026-07-16 07:00:00+00:00,1.1134,1.10496841,1.1053,1.1296,-124.61976600000122,-1.040937037037043,0,SL,300,0.5185185185185165,-1.3086419753086356,0.007735068080891027,83.0,23.264741097430555,54.46800114419616,0.1350360385506508,0.4203751897871818,1.331362482252188,-1.463984192563318,1.1078823102070459,2.173261017273894,2.124212686020922,0.5042870310680283,0.0,1,3,Asia,Weak,0,1,5,8,False
Liq.Sweep.Rev,XRP-USDT-SWAP,1H,LONG,2026-07-16 09:00:00+00:00,2026-07-16 17:00:00+00:00,1.1063,1.09877027,1.0991,1.1207000000000003,-127.53475225000041,-1.0457958333333366,0,SL,480,1.6111111111110665,-2.4583333333333077,0.007512745761396443,71.0,17.879066892240093,45.006586116991606,0.1172185246280954,0.2815517700303985,0.6044757373359398,-2.115158636897755,0.6550814302611314,1.8297567420325611,1.865625682580667,2.073198230218977,0.0,8,3,London,Ranging,1,0,5,8,False
Liq.Sweep.Rev,XRP-USDT-SWAP,1H,LONG,2026-07-19 11:00:00+00:00,2026-07-19 12:00:00+00:00,1.0972,1.09287204,1.0932,1.1052,-149.2490805999952,-1.0819899999999762,0,SL,60,0.0,-1.7499999999999722,0.00429965452231759,4.0,32.244395399061816,59.21774418783854,0.002701438691482403,0.14309806924552554,0.1719937575648769,-0.191396281443674,1.1244239631336397,1.0018123558993257,0.9437150103564496,0.5244963197001451,0.0,10,6,London,Trending,1,2,5,8,False
Liq.Sweep.Rev,XRP-USDT-SWAP,1H,LONG,2026-07-22 00:00:00+00:00,2026-07-22 05:00:00+00:00,1.1433,1.13725872,1.1376,1.1547,-135.9806181052629,-1.0598736842105259,0,SL,300,0.4736842105262994,-1.8421052631578743,0.008192580448063199,92.0,40.407481612092944,57.07528864602365,0.42614950065214463,1.0987380711348658,3.3945166455023226,-1.8194541637508685,1.980374665477252,3.3413484734355388,1.8626742223059756,0.7243787124507862,0.0,23,1,Dead,Trending,3,2,5,8,False
Liq.Sweep.Rev,XRP-USDT-SWAP,1H,LONG,2026-07-22 21:00:00+00:00,2026-07-23 02:00:00+00:00,1.1376,1.13305998,1.1334,1.146,-148.62942828570903,-1.0809571428571159,0,SL,300,1.6428571428571805,-1.0476190476190426,0.007653601121148528,78.0,19.24705073062613,47.81953968958733,0.2875017219346844,0.38203494066437765,2.287626179921379,-1.6965541490858032,0.8510638297872387,2.045743912490771,1.839118642631218,0.8130747050856468,0.0,20,2,Dead,Ranging,3,0,5,8,False
Liq.Sweep.Rev,XRP-USDT-SWAP,1H,LONG,2026-07-23 05:00:00+00:00,2026-07-23 07:00:00+00:00,1.1355,1.13156043,1.1319,1.1427,-156.64934049999678,-1.0943249999999864,0,SL,120,0.30555555555557956,-1.7499999999999691,0.0065750335390757485,39.0,13.986773032921421,45.05045138501928,0.22958307506253722,0.14388456164175073,1.9021401808878193,-1.8936057776994957,0.30921459492888587,1.7447940053980506,1.6563986209404489,0.6353671678922621,0.0,4,3,Asia,Ranging,0,0,5,8,False
Liq.Sweep.Rev,XRP-USDT-SWAP,1H,LONG,2026-07-27 10:00:00+00:00,2026-07-27 12:00:00+00:00,1.1072,1.10296901,1.1033,1.115,-150.976446307688,-1.0848692307692098,0,SL,120,0.5897435897435795,-2.256410256410227,0.004544521020826936,48.0,26.000169426915406,55.24769040287856,0.008164478748593662,0.18611638499553093,0.07109066999175016,-0.7947259098708698,1.0955902492467826,1.340013283091026,1.33989489020576,1.0355509424824005,0.0,9,0,London,Trending,1,2,5,8,False
Break.of.Structure,XRP-USDT-SWAP,1H,LONG,2026-06-15 11:00:00+00:00,2026-06-15 12:00:00+00:00,1.198,1.2279999999999998,1.183,1.2279999999999998,190.29599999999994,2.0,1,TP,60,3.333333333333358,0.0,0.009931028760347195,51.0,44.28709807884245,77.6826704318366,0.29387296216493514,1.1130523655542415,4.021659696737643,-0.0834724540901596,6.111603188662529,7.761962654620549,3.3019066616324255,1.4684864170436231,0.0,10,0,London,Trending,1,2,0,8,True
Break.of.Structure,XRP-USDT-SWAP,1H,LONG,2026-06-15 13:00:00+00:00,2026-06-15 15:00:00+00:00,1.238,1.2639999999999998,1.225,1.2639999999999998,188.45230769230758,2.0,1,TP,120,2.4615384615384825,-0.38461538461537936,0.012792570716829982,94.0,49.2546050068519,87.01413762289643,0.3792474607911648,1.3802065961946217,7.255262435445821,-0.8892481810832578,9.565987599645712,9.344730111440072,4.287736976460309,2.8197417375137235,0.0,12,0,NewYork,Trending,2,2,0,8,True
Break.of.Structure,XRP-USDT-SWAP,1H,LONG,2026-06-15 16:00:00+00:00,2026-06-15 22:00:00+00:00,1.268,1.2426271000000002,1.243,1.3179999999999998,-109.0087050399992,-1.014915999999996,0,SL,360,0.9199999999999996,-1.2800000000000056,0.014146602720435669,100.0,56.130086639372806,90.95442875993893,0.5384660037726333,1.8752412133208747,9.672100112494823,-0.15772870662460584,12.113174182139701,10.333977960324512,4.467787567602686,2.2725696925689225,0.0,15,0,NewYork,Trending,2,2,0,8,False
Break.of.Structure,XRP-USDT-SWAP,1H,LONG,2026-07-02 12:00:00+00:00,2026-07-02 13:00:00+00:00,1.0835,1.0974999999999997,1.0765,1.0974999999999997,181.30571428571403,2.0,1,TP,60,4.07142857142866,0.0,0.009289706117786654,73.0,23.22309142536263,68.19874481214256,0.023160938579683828,0.551834136595266,1.8025814115125869,-0.1938163359483148,3.74377633090769,3.2054297943573817,2.625470573973263,1.6915122550488002,0.0,11,3,London,Weak,1,1,0,8,True
Break.of.Structure,XRP-USDT-SWAP,1H,LONG,2026-07-02 14:00:00+00:00,2026-07-02 15:00:00+00:00,1.1035,1.09087264,1.0912,1.1280999999999999,-116.02718360975611,-1.0266146341463414,0,SL,60,0.0,-1.439024390243891,0.010437552724009931,90.0,28.12087612621332,76.00287043187248,0.08719892393650432,0.7626900096005604,3.6168298489126642,-0.7702763932940802,5.658751436231323,5.122791443528656,2.830505413950041,3.186636684817946,0.0,13,3,NewYork,Trending,2,2,0,8,False
Break.of.Structure,XRP-USDT-SWAP,1H,LONG,2026-07-03 11:00:00+00:00,2026-07-03 18:00:00+00:00,1.1088,1.1288,1.0988,1.1288,186.57440000000003,2.0,1,TP,420,2.0299999999999967,-0.6,0.008571019153981552,33.0,43.30702835874218,69.66177874834608,0.2730836078195019,0.9170251039286257,3.602105917010736,-0.33372418147380145,2.828788721943978,2.736068120028719,1.81141631515274,1.884984877919107,0.0,10,4,London,Trending,1,2,0,8,True
Break.of.Structure,XRP-USDT-SWAP,1H,LONG,2026-07-03 19:00:00+00:00,2026-07-03 20:00:00+00:00,1.1263,1.1389,1.12,1.1389,178.4266666666666,2.0,1,TP,60,2.698412698412695,0.0,0.008748884716883402,54.0,48.07552008797603,73.82526159020532,0.3915587964342471,1.1604699917765688,4.914006094356719,-0.2397017045454478,4.142011834319543,4.275572843413551,1.9579085747134004,1.1519711065235876,0.0,18,4,NewYork,Trending,2,2,0,8,True
Break.of.Structure,XRP-USDT-SWAP,1H,LONG,2026-07-04 05:00:00+00:00,2026-07-04 06:00:00+00:00,1.1473,1.1356591999999999,1.136,1.1699000000000002,-118.15376566371721,-1.0301592920354006,0,SL,60,0.0,-1.2477876106194594,0.00998594085876053,89.0,59.90002080491202,71.7450487567068,0.5536366839863452,1.4445575641548527,6.2815531239583375,-0.1655917727035047,4.518127163417732,4.629940962666796,2.2464334874882126,0.9719628759541704,0.0,4,5,Asia,Trending,0,2,0,8,False
Break.of.Structure,XRP-USDT-SWAP,1H,LONG,2026-07-04 15:00:00+00:00,2026-07-05 00:00:00+00:00,1.173,1.1516544,1.152,1.2150000000000003,-109.93329828571372,-1.0164571428571403,0,SL,540,0.5142857142857074,-1.2666666666666568,0.011094169982227918,100.0,59.90342777500145,76.34779824618884,0.5746649280535046,1.2269794676572665,8.022802098004075,-0.10231051240513836,4.211461572634394,3.2536983240379977,2.9460077257394066,3.223854449968658,0.0,14,5,NewYork,Trending,2,2,0,8,False
Break.of.Structure,XRP-USDT-SWAP,1H,LONG,2026-07-05 23:00:00+00:00,2026-07-06 03:00:00+00:00,1.1573,1.14145746,1.1418,1.1883000000000001,-113.31828694193402,-1.0220993548387025,0,SL,240,0.23870967741935614,-1.0709677419354757,0.008432011415444682,17.0,21.603800218804185,67.27289783132983,0.3492548937595593,0.13484911051655682,5.02227699007958,-0.362882322446862,2.9348986125933756,2.072336708159444,1.910674454708032,2.656438533587231,0.0,22,6,Dead,Weak,3,1,0,8,False
Break.of.Structure,XRP-USDT-SWAP,1H,LONG,2026-07-10 10:00:00+00:00,2026-07-10 11:00:00+00:00,1.1152,1.10886724,1.1092,1.1272,-133.3326724000014,-1.0554600000000072,0,SL,60,0.0,-1.1166666666666538,0.007021220023280253,8.0,24.581230835718078,67.89534520681555,0.010471516777289436,0.2780734484053468,0.8763082457507577,-0.24213075060532013,2.7079303675048236,2.8137999174827266,1.9361104165548908,1.0774863844801128,0.0,9,4,London,Weak,1,1,0,8,False
Break.of.Structure,XRP-USDT-SWAP,1H,LONG,2026-07-11 15:00:00+00:00,2026-07-11 22:00:00+00:00,1.1131,1.10776757,1.1081,1.1230999999999998,-139.94761084000288,-1.0664860000000114,0,SL,420,1.1600000000000301,-1.1800000000000284,0.004626048721356861,3.0,12.878437609197615,63.446102011585694,0.022973217765300064,0.1573900788905115,0.6707120709444492,-0.18867924528301805,1.3845873565312332,0.8422162720964241,0.9698632369234622,1.8616709690197721,0.0,14,5,NewYork,Ranging,2,0,0,8,False
Break.of.Structure,XRP-USDT-SWAP,1H,LONG,2026-07-14 20:00:00+00:00,2026-07-14 21:00:00+00:00,1.1148,1.1100668800000002,1.1104,1.1236,-145.48091199999376,-1.0757090909090583,0,SL,60,0.0,-1.9318181818181888,0.008235790271352359,100.0,30.772983993562104,80.61884886484674,0.02862059335679153,0.6635996574364286,1.865834598649327,-0.49331778634855683,5.169323648712382,6.677838004727418,2.0907337562257484,1.8812280276936113,0.0,19,1,NewYork,Trending,2,2,0,8,False
Break.of.Structure,XRP-USDT-SWAP,1H,LONG,2026-07-15 14:00:00+00:00,2026-07-15 16:00:00+00:00,1.1213,1.11686484,1.1172,1.1295,-149.10290009755573,-1.0817463414633879,0,SL,120,1.6341463414634,-3.487804878048782,0.007365886979885288,78.0,32.51622627789796,71.85623259374748,0.12130078841658891,0.5953472869499745,2.2502787461967966,-0.6509719992866135,2.084660901228941,1.9570929219296054,1.9427551200234154,3.486381643792317,0.0,13,2,NewYork,Trending,2,2,0,8,False
Break.of.Structure,XRP-USDT-SWAP,1H,LONG,2026-07-20 17:00:00+00:00,2026-07-20 22:00:00+00:00,1.1138,1.10936709,1.1097,1.1219999999999999,-148.77366473170835,-1.0811975609756146,0,SL,300,1.5853658536585815,-2.121951219512182,0.008247852586649746,96.0,19.221179235368332,64.10657504382365,0.01993232754410147,0.13507383005286275,1.6858118765857684,-0.08079719903044465,2.9197080291970665,2.759416519128936,2.9795338962028364,1.458465061886187,0.0,16,0,NewYork,Ranging,2,0,0,8,False
Break.of.Structure,XRP-USDT-SWAP,1H,LONG,2026-07-21 04:00:00+00:00,2026-07-21 05:00:00+00:00,1.1237,1.1342999999999996,1.1184,1.1342999999999996,174.43773584905594,2.0,1,TP,60,2.698113207547237,0.0,0.007460909975978957,80.0,22.02588955187806,66.5159721940716,0.1695977742899333,0.584797088105281,2.3887436796364048,-0.14238675803150716,3.528653031140594,3.929460833068331,2.8163755616336252,0.7745036148233801,0.0,3,1,Asia,Weak,0,1,0,8,True
Break.of.Structure,XRP-USDT-SWAP,1H,LONG,2026-07-21 06:00:00+00:00,2026-07-21 13:00:00+00:00,1.1306,1.1414000000000002,1.1252,1.1414000000000002,174.7555555555559,2.0,1,TP,420,2.574074074074044,-0.2777777777777846,0.007798437683369601,92.0,24.089625354881964,70.73854804830887,0.18985816296225175,0.6310452504330235,2.960186957263767,-0.6545197240403194,4.145173176123817,3.7812882310327285,2.799792175977508,2.2254694193887463,0.0,5,1,Asia,Weak,0,1,0,8,True
Break.of.Structure,XRP-USDT-SWAP,1H,LONG,2026-07-21 15:00:00+00:00,2026-07-21 23:00:00+00:00,1.1481,1.13875827,1.1391,1.1660999999999997,-122.83972179999869,-1.0379699999999925,0,SL,480,1.7666666666666897,-1.166666666666675,0.0075365116542138,90.0,34.00980148335705,75.04569135428403,0.3349838507708033,1.0029781514018437,4.235798519039396,-0.28743140841390824,3.8910505836575813,3.978079098382207,1.5548935314699734,1.9202312460870523,0.0,14,1,NewYork,Trending,2,2,0,8,False
VWAP.Pullback,XRP-USDT-SWAP,1H,LONG,2026-06-13 22:00:00+00:00,2026-06-14 05:00:00+00:00,1.152,1.1426571,1.143,1.1699999999999997,-122.91771399999858,-1.038099999999992,0,SL,420,0.4444444444444499,-1.0,0.007817951663406868,5.0,34.469294681864135,58.68055332580713,0.006214819621549559,0.4404905820711737,0.21232832123857945,-0.7819287576020761,2.0390070921985934,2.5783960260086496,1.6375043005148897,1.3363464292773148,0.0,21,5,Dead,Trending,3,2,7,8,False
VWAP.Pullback,XRP-USDT-SWAP,1H,LONG,2026-06-15 23:00:00+00:00,2026-06-16 00:00:00+00:00,1.239,1.2356292,1.236,1.2450000000000003,-174.21258399999746,-1.1235999999999968,0,SL,60,0.999999999999926,-2.333333333333284,0.01665689138172945,100.0,60.22138007120295,59.42823575953346,0.8959781851102646,2.7737520232674013,6.56062037847919,-4.193548387096778,5.263157894736848,12.598523019350068,4.532763543070016,0.8604381493552105,0.0,22,0,Dead,Trending,3,2,7,8,False
VWAP.Pullback,XRP-USDT-SWAP,1H,LONG,2026-06-17 18:00:00+00:00,2026-06-17 19:00:00+00:00,1.216,1.2066379,1.207,1.2339999999999998,-124.197586000001,-1.0402333333333373,0,SL,60,0.0,-4.5555555555556,0.01195008048125195,60.0,15.59792893429465,54.4285904767132,0.16681760934291084,-0.3482376925806166,2.936871430164698,-0.821692686935087,2.527379949452403,3.326878941801449,2.748636067518011,0.9781384171014692,0.0,17,2,NewYork,Ranging,2,0,7,8,False
VWAP.Pullback,XRP-USDT-SWAP,1H,LONG,2026-07-02 22:00:00+00:00,2026-07-02 23:00:00+00:00,1.0809,1.0856999999999999,1.0785,1.0856999999999999,145.83499999999907,2.0,1,TP,60,2.750000000000023,0.0,0.009184305380722475,56.99999999999999,35.21288874883336,54.98828409876047,0.22492346374545558,1.0481330581720543,1.3303770052019988,-2.87723193634935,2.5424532776776334,5.177339056091505,2.6867712543211986,0.31319590684259185,0.0,21,3,Dead,Trending,3,2,7,8,True
VWAP.Pullback,XRP-USDT-SWAP,1H,LONG,2026-07-03 00:00:00+00:00,2026-07-03 05:00:00+00:00,1.0873,1.0987,1.0816,1.0987,176.98947368421068,2.0,1,TP,300,2.4035087719298165,-0.789473684210512,0.008731875557867851,40.0,34.733606825378835,59.64864827457913,0.1966865866216274,0.8718151547758303,1.9046336592561501,-2.2622769909876936,3.0710900473933633,4.859026285303597,2.604797759730905,0.42654365140290146,0.0,23,3,Dead,Trending,3,2,7,8,True
VWAP.Pullback,XRP-USDT-SWAP,1H,LONG,2026-07-05 00:00:00+00:00,2026-07-05 01:00:00+00:00,1.1567,1.15315395,1.1535,1.1631000000000002,-164.93788656249035,-1.1081406249999581,0,SL,60,0.0,-4.593749999999917,0.010692950457136472,88.0,53.39620274971118,55.05592514049045,0.7331740723368855,1.545967746538296,5.840769162296298,-2.3428719633439874,2.127847430690448,5.0574062958059605,2.98348449367889,0.8412724205291516,0.0,23,5,Dead,Trending,3,2,7,8,False
VWAP.Pullback,XRP-USDT-SWAP,1H,LONG,2026-07-06 04:00:00+00:00,2026-07-06 05:00:00+00:00,1.1469,1.1403577900000001,1.1407,1.1593,-133.17378506451294,-1.0551951612903063,0,SL,60,0.0,-1.774193548387121,0.00914916964373976,45.0,21.825245738774967,53.606591603245874,0.4050674681683711,0.3726742189702062,3.832179280090753,-1.9445413324032077,1.9921736036997488,3.1894043184217824,2.006225297308859,1.0738752002767575,0.0,3,0,Asia,Weak,0,1,7,8,False
VWAP.Pullback,XRP-USDT-SWAP,1H,LONG,2026-07-11 07:00:00+00:00,2026-07-11 13:00:00+00:00,1.1069,1.1113,1.1047,1.1113,138.63402294696715,2.0,1,TP,360,2.045454545454541,-0.8181818181818366,0.0054482332097937885,1.0,13.544551989871898,54.62214086190542,-0.002688812821306406,0.0893113027663963,0.14891323261759556,-0.7407407407407394,1.049748973071663,1.0685916350439801,1.4871989406205572,0.4898656687367948,0.0,6,5,Asia,Ranging,0,0,7,8,True
VWAP.Pullback,XRP-USDT-SWAP,1H,LONG,2026-07-15 06:00:00+00:00,2026-07-15 12:00:00+00:00,1.1062,1.1204000000000003,1.0991,1.1204000000000003,181.18366197183127,2.0,1,TP,360,2.1126760563379827,-0.7042253521126818,0.007078953991788653,69.0,32.729286034529075,61.258227041981684,0.09992723718941607,0.6601309976229977,0.9609115006853942,-1.2928306663050337,3.703356459778745,4.200573594245533,2.3782101229219856,0.3391439211495122,0.0,5,2,Asia,Trending,0,2,7,8,True
VWAP.Pullback,XRP-USDT-SWAP,1H,LONG,2026-07-15 13:00:00+00:00,2026-07-16 07:00:00+00:00,1.1205,1.1046685,1.105,1.1515000000000002,-112.8909748387087,-1.021387096774189,0,SL,1080,0.5935483870967635,-1.1419354838709659,0.007047878286030305,66.0,31.103474124223442,71.22383458606241,0.10628819593771635,0.5536560247765376,2.18220722247821,-0.07140307033201641,2.0679602805866963,1.6722802733349849,1.946785760452319,1.5432948009986354,0.0,12,2,NewYork,Trending,2,2,7,8,False
VWAP.Pullback,XRP-USDT-SWAP,1H,LONG,2026-07-16 16:00:00+00:00,2026-07-16 17:00:00+00:00,1.1142,1.10526832,1.1056,1.1314000000000004,-123.19815106976573,-1.038567441860458,0,SL,60,0.0,-2.976744186046463,0.007805642214736192,83.0,17.2499824761111,55.166841664066084,0.07724506466332684,0.09972278983268788,1.260613328672443,-0.3590341980073605,1.3647529797106837,1.444915092233859,1.7219190769833952,1.967922093613231,0.0,15,3,NewYork,Ranging,2,0,7,8,False
VWAP.Pullback,XRP-USDT-SWAP,1H,LONG,2026-07-19 15:00:00+00:00,2026-07-19 17:00:00+00:00,1.0981,1.09157243,1.0919,1.1105,-131.75715254838894,-1.052833870967751,0,SL,120,0.0,-1.5967741935483946,0.004658374969073099,15.0,27.995371463082705,59.407286900855304,0.005365448198322019,0.13231424875327577,0.26153396216886693,-0.2731742851939439,0.7615377557574065,0.6267967550024739,0.8701343466477199,2.3802290000191233,0.0,14,6,NewYork,Trending,2,2,7,8,False
VWAP.Pullback,XRP-USDT-SWAP,1H,LONG,2026-07-20 00:00:00+00:00,2026-07-20 01:00:00+00:00,1.0972,1.1056,1.093,1.1056,168.53142857142842,2.0,1,TP,60,2.571428571428617,-0.7619047619047342,0.004984808957481865,36.0,19.342840118440552,55.36228711249788,-0.0009464685355544414,0.073624021043656,0.17381885884499162,-0.36456434560699996,0.8270538503951385,0.6311029955824671,1.0931183701621672,0.8229217923048197,0.0,23,6,Dead,Ranging,3,0,7,8,True
VWAP.Pullback,XRP-USDT-SWAP,1H,LONG,2026-07-20 02:00:00+00:00,2026-07-20 03:00:00+00:00,1.0961,1.1003,1.094,1.1003,131.47340571115686,2.0,1,TP,60,2.5714285714285112,0.0,0.006193534254155287,49.0,21.319150485397437,53.1036645776613,-0.004356120740159089,0.05467252050136162,0.07238516220724271,-1.0856673661162322,0.7259694909024093,0.631293356807549,1.0976536331904363,2.1423700666826804,0.0,1,0,Asia,Weak,0,1,7,8,True
VWAP.Pullback,XRP-USDT-SWAP,1H,LONG,2026-07-21 23:00:00+00:00,2026-07-22 00:00:00+00:00,1.1417,1.1466999999999998,1.1392,1.1466999999999998,145.07839999999885,2.0,1,TP,60,2.2800000000000638,0.0,0.008376625097914212,95.0,42.1398196088974,55.816750442826546,0.4280304724150353,1.1344593915666785,3.2940915908603055,-1.9532276429885247,2.083333333333322,3.6289048459075017,1.9101147601143125,0.7922440271021509,0.0,22,1,Dead,Trending,3,2,7,8,True
VWAP.Pullback,XRP-USDT-SWAP,1H,LONG,2026-07-22 02:00:00+00:00,2026-07-22 03:00:00+00:00,1.1438,1.14125752,1.1416,1.1481999999999999,-186.0462717258283,-1.155672727272744,0,SL,60,0.0,-2.7727272727272956,0.007756357631238166,83.0,38.28457570834669,57.00125207027767,0.4054393285561198,0.9655532415735796,3.376711763999186,-1.7660430145130264,1.3557820115197048,2.9066859116931987,1.8384805166475597,0.4384585348013996,0.0,1,2,Asia,Trending,0,2,7,8,False
VWAP.Pullback,XRP-USDT-SWAP,1H,LONG,2026-07-22 23:00:00+00:00,2026-07-23 01:00:00+00:00,1.1419,1.1376586,1.138,1.1497,-152.57782461538113,-1.087538461538445,0,SL,120,0.6666666666667046,-1.1538461538461364,0.0072186662728270555,57.99999999999999,17.710429723598452,52.36849545456886,0.29015338421537096,0.38493772970308565,2.628815163246084,-1.3047285464098193,1.2411347517730509,2.033201234372535,1.8668324312955544,0.4975317026948231,0.0,22,2,Dead,Ranging,3,0,7,8,False
VWAP.Pullback,XRP-USDT-SWAP,1H,LONG,2026-07-27 02:00:00+00:00,2026-07-27 12:00:00+00:00,1.1075,1.10136949,1.1017,1.1191,-134.24727058620502,-1.056984482758612,0,SL,600,1.1896551724138096,-1.5689655172413524,0.004595641642382514,44.0,30.484613961871055,59.56537708381827,-0.011336939230924867,0.1720913791788893,0.09478412393931525,-0.7765237020316175,1.1600292290829315,1.5840345884019862,1.2206109078592746,1.2968131076589862,0.0,1,0,Asia,Trending,0,2,7,8,False
ORB,XRP-USDT-SWAP,1H,LONG,2026-06-13 13:00:00+00:00,2026-06-13 16:00:00+00:00,1.153,1.1446565,1.145,1.169,-125.81992375000127,-1.0429375000000065,0,SL,180,0.8749999999999861,-1.25,0.008033888718463724,3.0,32.23262882008247,66.49392741292958,-0.0744787160733401,0.2745975300926424,0.38877541609205757,-0.1734605377276671,2.3978685612788753,2.3394821651915727,1.2949436084255443,1.2692045261924483,0.0,12,5,NewYork,Trending,2,2,6,8,False
ORB,XRP-USDT-SWAP,1H,LONG,2026-06-14 22:00:00+00:00,2026-06-15 11:00:00+00:00,1.168,1.232,1.136,1.232,195.5,2.0,1,TP,780,2.0312500000000036,-0.03124999999999653,0.009170711784479271,43.0,27.69720511686627,71.42746324621523,-0.09153659863198459,-0.13214755981449544,1.7133173466375158,-0.6855184233076269,3.7333333333333365,3.075607711925839,3.1745860919538655,4.902614956718453,0.0,21,6,Dead,Trending,3,2,6,8,True
ORB,XRP-USDT-SWAP,1H,LONG,2026-06-16 09:00:00+00:00,2026-06-16 13:00:00+00:00,1.246,1.2306307,1.231,1.2759999999999998,-114.83052280000031,-1.0246200000000012,0,SL,240,0.5999999999999971,-1.5333333333333372,0.014197250179764812,87.0,35.858014820861946,61.0277824262593,0.5447067587964519,0.9439105327065507,6.49614458611812,-3.691813804173358,2.720527617477322,6.59954012980459,3.7277251791920674,0.6908353084699486,0.0,8,1,London,Trending,1,2,6,8,False
ORB,XRP-USDT-SWAP,1H,LONG,2026-06-22 13:00:00+00:00,2026-06-22 14:00:00+00:00,1.1569,1.1452563199999999,1.1456,1.1795000000000002,-118.30667072566477,-1.0304141592920413,0,SL,60,0.5486725663716757,-1.5486725663716756,0.009046353152457352,53.0,15.32418365105849,63.44078449129712,-0.17231110760973162,-0.15453054827260476,0.026815922269585336,-0.13831258644537048,3.2857142857142807,2.567383513106298,2.837680001169125,1.0400302983366922,0.0,12,0,NewYork,Ranging,2,0,6,8,False
ORB,XRP-USDT-SWAP,1H,LONG,2026-07-01 22:00:00+00:00,2026-07-01 23:00:00+00:00,1.0659,1.05698281,1.0573,1.0831000000000004,-122.18732193022879,-1.0368825581395176,0,SL,60,0.0,-1.6860465116278958,0.008610762159555538,60.0,18.351356287922414,64.92181781297842,-0.08259604529345586,0.36587719712593125,0.14430856237439565,-0.24390243902438422,3.1147223834397373,3.1783116734818893,2.366386821528583,0.8782060880918898,0.0,21,2,Dead,Ranging,3,0,6,8,False
ORB,XRP-USDT-SWAP,1H,LONG,2026-07-02 10:00:00+00:00,2026-07-02 12:00:00+00:00,1.0729,1.0956999999999997,1.0615,1.0956999999999997,188.58631578947353,2.0,1,TP,120,2.1052631578947656,0.0,0.009273860349622395,72.0,19.952909184736892,62.85431220656805,-0.033571041638773516,0.359159198456355,0.8502797026137223,-0.7548928238583408,2.7384144006127884,2.1151100315389257,2.649111114294007,2.438118615006711,0.0,9,3,London,Ranging,1,0,6,8,True
ORB,XRP-USDT-SWAP,1H,LONG,2026-07-03 06:00:00+00:00,2026-07-03 15:00:00+00:00,1.0994,1.1161999999999999,1.091,1.1161999999999999,184.17428571428565,2.0,1,TP,540,2.8571428571428723,-0.2738095238095213,0.008490439640582957,26.0,37.99471457029217,65.24465104720925,0.19675190927114097,0.7310509785442615,2.891697778766736,-1.1460796798253745,2.5464042533345657,2.1412019025356366,2.5847413450470373,0.6813702969820938,0.0,5,4,Asia,Trending,0,2,6,8,True
ORB,XRP-USDT-SWAP,1H,LONG,2026-07-04 05:00:00+00:00,2026-07-04 06:00:00+00:00,1.1473,1.1356591999999999,1.136,1.1699000000000002,-118.15376566371721,-1.0301592920354006,0,SL,60,0.0,-1.2477876106194594,0.00998594085876053,89.0,59.90002080491202,71.7450487567068,0.5536366839863452,1.4445575641548527,6.2815531239583375,-0.1655917727035047,4.518127163417732,4.629940962666796,2.2464334874882126,0.9719628759541704,0.0,4,5,Asia,Trending,0,2,6,8,False
ORB,XRP-USDT-SWAP,1H,LONG,2026-07-05 23:00:00+00:00,2026-07-06 03:00:00+00:00,1.1573,1.14145746,1.1418,1.1883000000000001,-113.31828694193402,-1.0220993548387025,0,SL,240,0.23870967741935614,-1.0709677419354757,0.008432011415444682,17.0,21.603800218804185,67.27289783132983,0.3492548937595593,0.13484911051655682,5.02227699007958,-0.362882322446862,2.9348986125933756,2.072336708159444,1.910674454708032,2.656438533587231,0.0,22,6,Dead,Weak,3,1,6,8,False
ORB,XRP-USDT-SWAP,1H,LONG,2026-07-10 09:00:00+00:00,2026-07-10 14:00:00+00:00,1.1114,1.10386874,1.1042,1.1257999999999997,-127.66223950000203,-1.0460083333333419,0,SL,300,0.8333333333333488,-2.2083333333333757,0.006899775409686431,7.000000000000001,23.3414360323559,64.93061009902853,-0.009789998053667003,0.2060886709408583,0.559494556026683,-0.3148897885740044,2.3763470571981045,2.5278477143404188,1.9651793617002133,1.450638246316953,0.0,8,4,London,Weak,1,1,6,8,False
ORB,XRP-USDT-SWAP,1H,LONG,2026-07-11 15:00:00+00:00,2026-07-11 22:00:00+00:00,1.1131,1.10776757,1.1081,1.1230999999999998,-139.94761084000288,-1.0664860000000114,0,SL,420,1.1600000000000301,-1.1800000000000284,0.004626048721356861,3.0,12.878437609197615,63.446102011585694,0.022973217765300064,0.1573900788905115,0.6707120709444492,-0.18867924528301805,1.3845873565312332,0.8422162720964241,0.9698632369234622,1.8616709690197721,0.0,14,5,NewYork,Ranging,2,0,6,8,False
ORB,XRP-USDT-SWAP,1H,LONG,2026-07-14 14:00:00+00:00,2026-07-15 13:00:00+00:00,1.0985,1.1259000000000001,1.0848,1.1259000000000001,190.25810218978106,2.0,1,TP,1380,2.2043795620437887,-0.058394160583951187,0.00782012995264516,100.0,18.03577424462273,73.65167395535268,-0.186316767029889,-0.1290693584284711,0.42924090463573333,-0.5644573925710108,4.361045130641336,3.4110955922006463,2.3327979424099166,3.294000680286595,0.0,13,1,NewYork,Ranging,2,0,6,8,True
ORB,XRP-USDT-SWAP,1H,LONG,2026-07-20 16:00:00+00:00,2026-07-21 14:00:00+00:00,1.1121,1.1511000000000002,1.0926,1.1511000000000002,193.03630769230773,2.0,1,TP,1320,2.0153846153846025,-0.35897435897436364,0.008489995093315102,98.0,18.238780395621475,63.16187943270942,-0.00657036924771675,0.0319699978289474,1.5478271894321975,-0.11688545225677546,2.7626351288921778,2.3186811607836786,2.981500357334178,2.586412707722444,0.0,15,0,NewYork,Ranging,2,0,6,8,True
ORB,XRP-USDT-SWAP,1H,LONG,2026-07-22 16:00:00+00:00,2026-07-22 18:00:00+00:00,1.1509,1.14135749,1.1417,1.1693000000000002,-122.39537493477914,-1.0372293478260703,0,SL,120,0.26086956521738397,-1.3804347826086738,0.007409517468362138,69.0,21.474249313943673,64.13435110693327,0.25999445792359593,0.2933452117430811,3.6308348744643446,-0.5473976887653117,2.030141843971644,1.915766497878732,1.852707573320368,1.9539324734413228,0.0,15,2,NewYork,Weak,2,1,6,8,False
ORB,XRP-USDT-SWAP,1H,LONG,2026-07-26 23:00:00+00:00,2026-07-27 01:00:00+00:00,1.1121,1.10296901,1.1033,1.1297000000000004,-122.62524324999782,-1.0376124999999903,0,SL,120,0.07954545454544451,-1.181818181818184,0.004044442724942004,26.0,27.352661637037627,70.72584385101551,-0.037068042403818786,0.08846657545268877,0.5096014341388326,-0.10791366906473632,1.571063207891862,1.1297785135350507,1.151860228300732,3.038104905711561,0.0,22,6,Dead,Trending,3,2,6,8,False
Volatility.Comp,XRP-USDT-SWAP,1H,LONG,2026-06-13 13:00:00+00:00,2026-06-13 16:00:00+00:00,1.153,1.1446565,1.145,1.169,-125.81992375000127,-1.0429375000000065,0,SL,180,0.8749999999999861,-1.25,0.008033888718463724,3.0,32.23262882008247,66.49392741292958,-0.0744787160733401,0.2745975300926424,0.38877541609205757,-0.1734605377276671,2.3978685612788753,2.3394821651915727,1.2949436084255443,1.2692045261924483,0.0,12,5,NewYork,Trending,2,2,8,8,False
Volatility.Comp,XRP-USDT-SWAP,1H,LONG,2026-07-03 06:00:00+00:00,2026-07-03 15:00:00+00:00,1.0994,1.1161999999999999,1.091,1.1161999999999999,184.17428571428565,2.0,1,TP,540,2.8571428571428723,-0.2738095238095213,0.008490439640582957,26.0,37.99471457029217,65.24465104720925,0.19675190927114097,0.7310509785442615,2.891697778766736,-1.1460796798253745,2.5464042533345657,2.1412019025356366,2.5847413450470373,0.6813702969820938,0.0,5,4,Asia,Trending,0,2,8,8,True
Volatility.Comp,XRP-USDT-SWAP,1H,LONG,2026-07-05 22:00:00+00:00,2026-07-05 23:00:00+00:00,1.1438,1.1625999999999996,1.1344,1.1625999999999996,185.27829787234018,2.0,1,TP,60,2.6914893617021804,0.0,0.00755755075509427,3.0,20.378582960977006,56.105469769895144,0.33246952264703655,0.06011084250514509,3.840629037269278,-0.33222591362126475,1.725364638918522,1.2242926887624266,1.6456218678005212,1.0496109123905364,0.0,21,6,Dead,Weak,3,1,8,8,True
Volatility.Comp,XRP-USDT-SWAP,1H,LONG,2026-07-10 10:00:00+00:00,2026-07-10 11:00:00+00:00,1.1152,1.10886724,1.1092,1.1272,-133.3326724000014,-1.0554600000000072,0,SL,60,0.0,-1.1166666666666538,0.007021220023280253,8.0,24.581230835718078,67.89534520681555,0.010471516777289436,0.2780734484053468,0.8763082457507577,-0.24213075060532013,2.7079303675048236,2.8137999174827266,1.9361104165548908,1.0774863844801128,0.0,9,4,London,Weak,1,1,8,8,False
Volatility.Comp,XRP-USDT-SWAP,1H,LONG,2026-07-11 15:00:00+00:00,2026-07-11 22:00:00+00:00,1.1131,1.10776757,1.1081,1.1230999999999998,-139.94761084000288,-1.0664860000000114,0,SL,420,1.1600000000000301,-1.1800000000000284,0.004626048721356861,3.0,12.878437609197615,63.446102011585694,0.022973217765300064,0.1573900788905115,0.6707120709444492,-0.18867924528301805,1.3845873565312332,0.8422162720964241,0.9698632369234622,1.8616709690197721,0.0,14,5,NewYork,Ranging,2,0,8,8,False
Volatility.Comp,XRP-USDT-SWAP,1H,LONG,2026-07-22 14:00:00+00:00,2026-07-22 20:00:00+00:00,1.1422,1.13445956,1.1348,1.1570000000000003,-127.66048291891859,-1.0460054054054047,0,SL,360,1.9864864864864582,-1.1891891891891966,0.006403937418928864,47.0,20.486285131214352,56.419533300714384,0.24888619463771053,0.2501901211086343,2.923386088832848,-1.8996760920948812,1.2677304964539187,2.524661582054589,1.5913323370851686,1.5164304515582276,0.0,13,2,NewYork,Weak,2,1,8,8,False
EMA.Crossover.ADX,XRP-USDT-SWAP,1H,LONG,2026-06-08 00:00:00+00:00,2026-06-08 01:00:00+00:00,1.155,1.1486553000000002,1.149,1.167,-134.52655299999546,-1.0574499999999774,0,SL,60,1.4999999999999816,-2.3333333333333335,0.01613178364604375,23.0,24.28957552046559,62.981874350748306,-0.45166090020329125,0.6044315959575894,-2.8702405111689555,-1.3852813852813866,4.147880973850319,3.7963570004169305,4.383490217594764,0.7054080823832111,0.0,23,6,Dead,Weak,3,1,2,8,False
EMA.Crossover.ADX,XRP-USDT-SWAP,1H,LONG,2026-06-12 02:00:00+00:00,2026-06-12 04:00:00+00:00,1.139,1.1490000000000002,1.134,1.1490000000000002,172.5440000000006,2.0,1,TP,120,2.199999999999929,0.0,0.011618945247935485,15.0,26.572796875117383,59.81039636553545,-0.15123612753249363,0.5124809024705007,-1.2373172142404891,-0.9657594381035908,3.263825929283774,4.48648770721098,3.528284496958172,0.45933331210760764,0.0,1,4,Asia,Trending,0,2,2,8,True
EMA.Crossover.ADX,XRP-USDT-SWAP,1H,LONG,2026-07-14 20:00:00+00:00,2026-07-14 21:00:00+00:00,1.1148,1.1100668800000002,1.1104,1.1236,-145.48091199999376,-1.0757090909090583,0,SL,60,0.0,-1.9318181818181888,0.008235790271352359,100.0,30.772983993562104,80.61884886484674,0.02862059335679153,0.6635996574364286,1.865834598649327,-0.49331778634855683,5.169323648712382,6.677838004727418,2.0907337562257484,1.8812280276936113,0.0,19,1,NewYork,Trending,2,2,2,8,False
Donchian.20,XRP-USDT-SWAP,1H,LONG,2026-06-13 13:00:00+00:00,2026-06-13 16:00:00+00:00,1.153,1.1446565,1.145,1.169,-125.81992375000127,-1.0429375000000065,0,SL,180,0.8749999999999861,-1.25,0.008033888718463724,3.0,32.23262882008247,66.49392741292958,-0.0744787160733401,0.2745975300926424,0.38877541609205757,-0.1734605377276671,2.3978685612788753,2.3394821651915727,1.2949436084255443,1.2692045261924483,0.0,12,5,NewYork,Trending,2,2,1,8,False
Donchian.20,XRP-USDT-SWAP,1H,LONG,2026-06-14 22:00:00+00:00,2026-06-15 11:00:00+00:00,1.168,1.232,1.136,1.232,195.5,2.0,1,TP,780,2.0312500000000036,-0.03124999999999653,0.009170711784479271,43.0,27.69720511686627,71.42746324621523,-0.09153659863198459,-0.13214755981449544,1.7133173466375158,-0.6855184233076269,3.7333333333333365,3.075607711925839,3.1745860919538655,4.902614956718453,0.0,21,6,Dead,Trending,3,2,1,8,True
Donchian.20,XRP-USDT-SWAP,1H,LONG,2026-06-15 12:00:00+00:00,2026-06-17 08:00:00+00:00,1.231,1.1936418,1.194,1.3050000000000004,-105.86806778378362,-1.0096810810810803,0,SL,2640,1.6486486486486407,-1.0,0.012007383848893834,89.0,46.7330327634761,86.2267814736123,0.3350461281774238,1.2425084072085117,6.899680941483914,-0.08116883116884024,9.123117803365808,8.62261675725838,4.291365072525095,4.280855576595253,0.0,11,0,London,Trending,1,2,1,8,False
Donchian.20,XRP-USDT-SWAP,1H,LONG,2026-06-22 13:00:00+00:00,2026-06-22 14:00:00+00:00,1.1569,1.1452563199999999,1.1456,1.1795000000000002,-118.30667072566477,-1.0304141592920413,0,SL,60,0.5486725663716757,-1.5486725663716756,0.009046353152457352,53.0,15.32418365105849,63.44078449129712,-0.17231110760973162,-0.15453054827260476,0.026815922269585336,-0.13831258644537048,3.2857142857142807,2.567383513106298,2.837680001169125,1.0400302983366922,0.0,12,0,NewYork,Ranging,2,0,1,8,False
Donchian.20,XRP-USDT-SWAP,1H,LONG,2026-07-01 22:00:00+00:00,2026-07-01 23:00:00+00:00,1.0659,1.05698281,1.0573,1.0831000000000004,-122.18732193022879,-1.0368825581395176,0,SL,60,0.0,-1.6860465116278958,0.008610762159555538,60.0,18.351356287922414,64.92181781297842,-0.08259604529345586,0.36587719712593125,0.14430856237439565,-0.24390243902438422,3.1147223834397373,3.1783116734818893,2.366386821528583,0.8782060880918898,0.0,21,2,Dead,Ranging,3,0,1,8,False
Donchian.20,XRP-USDT-SWAP,1H,LONG,2026-07-02 12:00:00+00:00,2026-07-02 13:00:00+00:00,1.0835,1.0974999999999997,1.0765,1.0974999999999997,181.30571428571403,2.0,1,TP,60,4.07142857142866,0.0,0.009289706117786654,73.0,23.22309142536263,68.19874481214256,0.023160938579683828,0.551834136595266,1.8025814115125869,-0.1938163359483148,3.74377633090769,3.2054297943573817,2.625470573973263,1.6915122550488002,0.0,11,3,London,Weak,1,1,1,8,True
Donchian.20,XRP-USDT-SWAP,1H,LONG,2026-07-02 14:00:00+00:00,2026-07-02 15:00:00+00:00,1.1035,1.09087264,1.0912,1.1280999999999999,-116.02718360975611,-1.0266146341463414,0,SL,60,0.0,-1.439024390243891,0.010437552724009931,90.0,28.12087612621332,76.00287043187248,0.08719892393650432,0.7626900096005604,3.6168298489126642,-0.7702763932940802,5.658751436231323,5.122791443528656,2.830505413950041,3.186636684817946,0.0,13,3,NewYork,Trending,2,2,1,8,False
Donchian.20,XRP-USDT-SWAP,1H,LONG,2026-07-03 11:00:00+00:00,2026-07-03 18:00:00+00:00,1.1088,1.1288,1.0988,1.1288,186.57440000000003,2.0,1,TP,420,2.0299999999999967,-0.6,0.008571019153981552,33.0,43.30702835874218,69.66177874834608,0.2730836078195019,0.9170251039286257,3.602105917010736,-0.33372418147380145,2.828788721943978,2.736068120028719,1.81141631515274,1.884984877919107,0.0,10,4,London,Trending,1,2,1,8,True
Donchian.20,XRP-USDT-SWAP,1H,LONG,2026-07-03 19:00:00+00:00,2026-07-03 20:00:00+00:00,1.1263,1.1389,1.12,1.1389,178.4266666666666,2.0,1,TP,60,2.698412698412695,0.0,0.008748884716883402,54.0,48.07552008797603,73.82526159020532,0.3915587964342471,1.1604699917765688,4.914006094356719,-0.2397017045454478,4.142011834319543,4.275572843413551,1.9579085747134004,1.1519711065235876,0.0,18,4,NewYork,Trending,2,2,1,8,True
Donchian.20,XRP-USDT-SWAP,1H,LONG,2026-07-04 05:00:00+00:00,2026-07-04 06:00:00+00:00,1.1473,1.1356591999999999,1.136,1.1699000000000002,-118.15376566371721,-1.0301592920354006,0,SL,60,0.0,-1.2477876106194594,0.00998594085876053,89.0,59.90002080491202,71.7450487567068,0.5536366839863452,1.4445575641548527,6.2815531239583375,-0.1655917727035047,4.518127163417732,4.629940962666796,2.2464334874882126,0.9719628759541704,0.0,4,5,Asia,Trending,0,2,1,8,False
Donchian.20,XRP-USDT-SWAP,1H,LONG,2026-07-04 15:00:00+00:00,2026-07-05 00:00:00+00:00,1.173,1.1516544,1.152,1.2150000000000003,-109.93329828571372,-1.0164571428571403,0,SL,540,0.5142857142857074,-1.2666666666666568,0.011094169982227918,100.0,59.90342777500145,76.34779824618884,0.5746649280535046,1.2269794676572665,8.022802098004075,-0.10231051240513836,4.211461572634394,3.2536983240379977,2.9460077257394066,3.223854449968658,0.0,14,5,NewYork,Trending,2,2,1,8,False
Donchian.20,XRP-USDT-SWAP,1H,LONG,2026-07-05 23:00:00+00:00,2026-07-06 03:00:00+00:00,1.1573,1.14145746,1.1418,1.1883000000000001,-113.31828694193402,-1.0220993548387025,0,SL,240,0.23870967741935614,-1.0709677419354757,0.008432011415444682,17.0,21.603800218804185,67.27289783132983,0.3492548937595593,0.13484911051655682,5.02227699007958,-0.362882322446862,2.9348986125933756,2.072336708159444,1.910674454708032,2.656438533587231,0.0,22,6,Dead,Weak,3,1,1,8,False
Donchian.20,XRP-USDT-SWAP,1H,LONG,2026-07-10 10:00:00+00:00,2026-07-10 11:00:00+00:00,1.1152,1.10886724,1.1092,1.1272,-133.3326724000014,-1.0554600000000072,0,SL,60,0.0,-1.1166666666666538,0.007021220023280253,8.0,24.581230835718078,67.89534520681555,0.010471516777289436,0.2780734484053468,0.8763082457507577,-0.24213075060532013,2.7079303675048236,2.8137999174827266,1.9361104165548908,1.0774863844801128,0.0,9,4,London,Weak,1,1,1,8,False
Donchian.20,XRP-USDT-SWAP,1H,LONG,2026-07-11 15:00:00+00:00,2026-07-11 22:00:00+00:00,1.1131,1.10776757,1.1081,1.1230999999999998,-139.94761084000288,-1.0664860000000114,0,SL,420,1.1600000000000301,-1.1800000000000284,0.004626048721356861,3.0,12.878437609197615,63.446102011585694,0.022973217765300064,0.1573900788905115,0.6707120709444492,-0.18867924528301805,1.3845873565312332,0.8422162720964241,0.9698632369234622,1.8616709690197721,0.0,14,5,NewYork,Ranging,2,0,1,8,False
Donchian.20,XRP-USDT-SWAP,1H,LONG,2026-07-14 14:00:00+00:00,2026-07-15 13:00:00+00:00,1.0985,1.1259000000000001,1.0848,1.1259000000000001,190.25810218978106,2.0,1,TP,1380,2.2043795620437887,-0.058394160583951187,0.00782012995264516,100.0,18.03577424462273,73.65167395535268,-0.186316767029889,-0.1290693584284711,0.42924090463573333,-0.5644573925710108,4.361045130641336,3.4110955922006463,2.3327979424099166,3.294000680286595,0.0,13,1,NewYork,Ranging,2,0,1,8,True
Donchian.20,XRP-USDT-SWAP,1H,LONG,2026-07-15 14:00:00+00:00,2026-07-15 16:00:00+00:00,1.1213,1.11686484,1.1172,1.1295,-149.10290009755573,-1.0817463414633879,0,SL,120,1.6341463414634,-3.487804878048782,0.007365886979885288,78.0,32.51622627789796,71.85623259374748,0.12130078841658891,0.5953472869499745,2.2502787461967966,-0.6509719992866135,2.084660901228941,1.9570929219296054,1.9427551200234154,3.486381643792317,0.0,13,2,NewYork,Trending,2,2,1,8,False
Donchian.20,XRP-USDT-SWAP,1H,LONG,2026-07-20 16:00:00+00:00,2026-07-21 14:00:00+00:00,1.1121,1.1511000000000002,1.0926,1.1511000000000002,193.03630769230773,2.0,1,TP,1320,2.0153846153846025,-0.35897435897436364,0.008489995093315102,98.0,18.238780395621475,63.16187943270942,-0.00657036924771675,0.0319699978289474,1.5478271894321975,-0.11688545225677546,2.7626351288921778,2.3186811607836786,2.981500357334178,2.586412707722444,0.0,15,0,NewYork,Ranging,2,0,1,8,True
Donchian.20,XRP-USDT-SWAP,1H,LONG,2026-07-21 15:00:00+00:00,2026-07-21 23:00:00+00:00,1.1481,1.13875827,1.1391,1.1660999999999997,-122.83972179999869,-1.0379699999999925,0,SL,480,1.7666666666666897,-1.166666666666675,0.0075365116542138,90.0,34.00980148335705,75.04569135428403,0.3349838507708033,1.0029781514018437,4.235798519039396,-0.28743140841390824,3.8910505836575813,3.978079098382207,1.5548935314699734,1.9202312460870523,0.0,14,1,NewYork,Trending,2,2,1,8,False
Donchian.20,XRP-USDT-SWAP,1H,LONG,2026-07-26 23:00:00+00:00,2026-07-27 01:00:00+00:00,1.1121,1.10296901,1.1033,1.1297000000000004,-122.62524324999782,-1.0376124999999903,0,SL,120,0.07954545454544451,-1.181818181818184,0.004044442724942004,26.0,27.352661637037627,70.72584385101551,-0.037068042403818786,0.08846657545268877,0.5096014341388326,-0.10791366906473632,1.571063207891862,1.1297785135350507,1.151860228300732,3.038104905711561,0.0,22,6,Dead,Trending,3,2,1,8,False
EMA.Pullback,XRP-USDT-SWAP,1H,LONG,2026-06-07 23:00:00+00:00,2026-06-09 15:00:00+00:00,1.152,1.1266619,1.127,1.2019999999999997,-108.17358856000008,-1.0135240000000003,0,SL,2400,1.360000000000006,-1.0400000000000047,0.016603459311124037,27.0,23.322206641410716,61.96987901345486,-0.48450668178004563,0.5050064642093021,-3.1504634362612074,-1.6493055555555667,3.8773669972948537,3.65010867160019,4.39810143711628,3.1915188447555076,0.0,22,6,Dead,Weak,3,1,3,8,False
EMA.Pullback,XRP-USDT-SWAP,1H,LONG,2026-06-11 20:00:00+00:00,2026-06-12 06:00:00+00:00,1.143,1.1326601,1.133,1.163,-120.45196059999896,-1.0339899999999949,0,SL,600,0.6999999999999889,-1.700000000000011,0.013433722885318059,50.0,20.30496012701075,65.25071163963418,-0.28974639715588435,0.05903368553837673,-0.9617278200789818,-0.6124234470691072,4.383561643835621,3.626796958585745,3.8279427181678116,1.0168963984496047,0.0,19,3,NewYork,Weak,2,1,3,8,False
EMA.Pullback,XRP-USDT-SWAP,1H,LONG,2026-06-12 09:00:00+00:00,2026-06-12 13:00:00+00:00,1.142,1.1316604,1.132,1.162,-120.43396239999988,-1.0339599999999995,0,SL,240,0.6,-1.6999999999999889,0.011069403407860808,4.0,26.76901593780177,56.89918345076835,-0.11649014415079331,0.4638826217954995,-0.9814925307981516,-0.7887817703768533,3.445149592021762,4.137065878181988,3.7419796351463255,0.9902752805320949,0.0,8,4,London,Trending,1,2,3,8,False
EMA.Pullback,XRP-USDT-SWAP,1H,LONG,2026-06-12 15:00:00+00:00,2026-06-12 16:00:00+00:00,1.148,1.1276616,1.128,1.188,-110.2109847999996,-1.016919999999998,0,SL,60,0.0,-1.1499999999999944,0.01148492111515148,24.0,24.63267998987616,58.41029265317312,-0.12264126517578915,0.31266146009777684,-0.3987034342901286,-0.3487358326068007,1.9555555555555573,1.7567981765823928,2.80613997033657,2.3049153518976744,0.0,14,4,NewYork,Weak,2,1,3,8,False
EMA.Pullback,XRP-USDT-SWAP,1H,LONG,2026-06-13 02:00:00+00:00,2026-06-13 03:00:00+00:00,1.138,1.1326601,1.133,1.1479999999999997,-140.8439211999988,-1.0679799999999913,0,SL,60,0.0,-1.6000000000000356,0.009594320814207913,1.0,26.051139487647827,54.84639036383218,-0.15730846777708485,0.04127145841988576,-0.9173636248815765,-1.58033362598771,1.2444444444444456,1.991959621177914,3.2223203837811623,0.7012358893498529,0.0,1,5,Asia,Trending,0,2,3,8,False
EMA.Pullback,XRP-USDT-SWAP,1H,LONG,2026-06-13 07:00:00+00:00,2026-06-13 11:00:00+00:00,1.136,1.148,1.13,1.148,177.16000000000003,2.0,1,TP,240,2.166666666666685,0.0,0.008611016165269134,1.0,26.120014197683656,52.7345801697981,-0.1454349560946088,0.051097853562676585,-1.1089439865300945,-1.848591549295786,0.9777777777777688,1.560282492439617,2.932853604479709,0.4689385021926301,0.0,6,5,Asia,Trending,0,2,3,8,True
EMA.Pullback,XRP-USDT-SWAP,1H,LONG,2026-06-13 17:00:00+00:00,2026-06-13 18:00:00+00:00,1.147,1.1426571,1.143,1.155,-151.48985649999614,-1.085724999999981,0,SL,60,0.24999999999997224,-1.0,0.008215506447522957,7.000000000000001,36.652804131738854,55.72921645524078,-0.006822204462690845,0.48098618229218637,-0.1445597990316009,-1.1333914559720926,1.865008880994683,2.9993645830604283,1.6197588676551626,2.3602007314179327,0.0,16,5,NewYork,Trending,2,2,3,8,False
EMA.Pullback,XRP-USDT-SWAP,1H,LONG,2026-06-13 19:00:00+00:00,2026-06-13 21:00:00+00:00,1.146,1.1426571,1.143,1.1519999999999997,-168.63314199999738,-1.1142999999999788,0,SL,120,3.3333333333334565,-1.0,0.007971533620568258,5.0,35.182801034423164,54.42826284453352,-0.0006583494908065263,0.4674026145189127,-0.22533029039534017,-1.2216404886561967,1.685891748003541,2.743333239673407,1.6231250198223899,0.6757435614746303,0.0,18,5,NewYork,Trending,2,2,3,8,False
EMA.Pullback,XRP-USDT-SWAP,1H,LONG,2026-06-13 22:00:00+00:00,2026-06-14 05:00:00+00:00,1.152,1.1426571,1.143,1.1699999999999997,-122.91771399999858,-1.038099999999992,0,SL,420,0.4444444444444499,-1.0,0.007817951663406868,5.0,34.469294681864135,58.68055332580713,0.006214819621549559,0.4404905820711737,0.21232832123857945,-0.7819287576020761,2.0390070921985934,2.5783960260086496,1.6375043005148897,1.3363464292773148,0.0,21,5,Dead,Trending,3,2,3,8,False
EMA.Pullback,XRP-USDT-SWAP,1H,LONG,2026-06-14 10:00:00+00:00,2026-06-14 11:00:00+00:00,1.148,1.1396579999999998,1.14,1.164,-125.70743500000158,-1.042750000000008,0,SL,60,0.0,-1.0,0.006888757653625176,3.0,30.847092402681547,53.54921415670913,-0.005012564634555005,0.23644813352972738,-0.04375635809524869,-1.0452961672473877,0.701754385964913,1.0751651906078197,1.4157758529719509,0.8884463532764366,0.0,9,6,London,Trending,1,2,3,8,False
EMA.Pullback,XRP-USDT-SWAP,1H,LONG,2026-06-14 22:00:00+00:00,2026-06-15 11:00:00+00:00,1.168,1.232,1.136,1.232,195.5,2.0,1,TP,780,2.0312500000000036,-0.03124999999999653,0.009170711784479271,43.0,27.69720511686627,71.42746324621523,-0.09153659863198459,-0.13214755981449544,1.7133173466375158,-0.6855184233076269,3.7333333333333365,3.075607711925839,3.1745860919538655,4.902614956718453,0.0,21,6,Dead,Trending,3,2,3,8,True
EMA.Pullback,XRP-USDT-SWAP,1H,LONG,2026-06-16 00:00:00+00:00,2026-06-16 01:00:00+00:00,1.238,1.2316304,1.232,1.25,-137.01630399999897,-1.061599999999995,0,SL,60,0.0,-1.8333333333333148,0.016181399140177348,96.0,57.62937191232357,58.25495953740175,0.8864154137215481,2.6583455474119537,6.321160435530253,-4.36187399030695,5.093378607809853,12.165732810201682,4.553886309318831,0.5162059426049979,0.0,23,0,Dead,Trending,3,2,3,8,False
EMA.Pullback,XRP-USDT-SWAP,1H,LONG,2026-06-16 07:00:00+00:00,2026-06-16 12:00:00+00:00,1.234,1.254,1.224,1.254,185.072,2.0,1,TP,300,2.099999999999989,-0.2999999999999889,0.01403941440966808,85.0,37.966728585564496,55.48736623241507,0.565093107935228,1.0594116648807608,5.598193029242307,-4.700162074554299,3.3500837520938056,6.652275280093352,4.721494360298698,0.4964195078632713,0.0,6,1,Asia,Trending,0,2,3,8,True
EMA.Pullback,XRP-USDT-SWAP,1H,LONG,2026-06-16 13:00:00+00:00,2026-06-16 14:00:00+00:00,1.243,1.2346295,1.235,1.2590000000000001,-127.84472125000126,-1.0463125000000064,0,SL,60,0.0,-4.875000000000014,0.013764412286137603,82.0,34.12058445522922,58.995945057494765,0.5561627385748168,0.929288164771336,6.07892104409026,-3.7781350482315053,2.5556471558120295,5.925203161135998,2.8657902803503577,0.8926119971051616,0.0,12,1,NewYork,Trending,2,2,3,8,False
EMA.Pullback,XRP-USDT-SWAP,1H,LONG,2026-07-02 22:00:00+00:00,2026-07-02 23:00:00+00:00,1.0809,1.0856999999999999,1.0785,1.0856999999999999,145.83499999999907,2.0,1,TP,60,2.750000000000023,0.0,0.009184305380722475,56.99999999999999,35.21288874883336,54.98828409876047,0.22492346374545558,1.0481330581720543,1.3303770052019988,-2.87723193634935,2.5424532776776334,5.177339056091505,2.6867712543211986,0.31319590684259185,0.0,21,3,Dead,Trending,3,2,3,8,True
EMA.Pullback,XRP-USDT-SWAP,1H,LONG,2026-07-03 00:00:00+00:00,2026-07-03 05:00:00+00:00,1.0873,1.0987,1.0816,1.0987,176.98947368421068,2.0,1,TP,300,2.4035087719298165,-0.789473684210512,0.008731875557867851,40.0,34.733606825378835,59.64864827457913,0.1966865866216274,0.8718151547758303,1.9046336592561501,-2.2622769909876936,3.0710900473933633,4.859026285303597,2.604797759730905,0.42654365140290146,0.0,23,3,Dead,Trending,3,2,3,8,True
EMA.Pullback,XRP-USDT-SWAP,1H,LONG,2026-07-05 00:00:00+00:00,2026-07-05 01:00:00+00:00,1.1567,1.15315395,1.1535,1.1631000000000002,-164.93788656249035,-1.1081406249999581,0,SL,60,0.0,-4.593749999999917,0.010692950457136472,88.0,53.39620274971118,55.05592514049045,0.7331740723368855,1.545967746538296,5.840769162296298,-2.3428719633439874,2.127847430690448,5.0574062958059605,2.98348449367889,0.8412724205291516,0.0,23,5,Dead,Trending,3,2,3,8,False
EMA.Pullback,XRP-USDT-SWAP,1H,LONG,2026-07-05 22:00:00+00:00,2026-07-05 23:00:00+00:00,1.1438,1.1625999999999996,1.1344,1.1625999999999996,185.27829787234018,2.0,1,TP,60,2.6914893617021804,0.0,0.00755755075509427,3.0,20.378582960977006,56.105469769895144,0.33246952264703655,0.06011084250514509,3.840629037269278,-0.33222591362126475,1.725364638918522,1.2242926887624266,1.6456218678005212,1.0496109123905364,0.0,21,6,Dead,Weak,3,1,3,8,True
EMA.Pullback,XRP-USDT-SWAP,1H,LONG,2026-07-06 00:00:00+00:00,2026-07-06 01:00:00+00:00,1.1567,1.1543535900000002,1.1547,1.1607,-176.34011212932558,-1.1732049999999539,0,SL,60,2.1499999999999835,-2.55000000000005,0.008858296314341487,39.0,23.311892837621002,66.33739525479953,0.3655007864536155,0.20527164377217677,4.906997067908252,-1.0720152156998328,2.8726431874777654,2.5800154973273743,1.9176820426313987,2.0400961485492766,0.0,23,6,Dead,Weak,3,1,3,8,False
EMA.Pullback,XRP-USDT-SWAP,1H,LONG,2026-07-06 04:00:00+00:00,2026-07-06 05:00:00+00:00,1.1469,1.1403577900000001,1.1407,1.1593,-133.17378506451294,-1.0551951612903063,0,SL,60,0.0,-1.774193548387121,0.00914916964373976,45.0,21.825245738774967,53.606591603245874,0.4050674681683711,0.3726742189702062,3.832179280090753,-1.9445413324032077,1.9921736036997488,3.1894043184217824,2.006225297308859,1.0738752002767575,0.0,3,0,Asia,Weak,0,1,3,8,False
EMA.Pullback,XRP-USDT-SWAP,1H,LONG,2026-07-14 15:00:00+00:00,2026-07-14 19:00:00+00:00,1.1025,1.1195,1.094,1.1195,184.31529411764697,2.0,1,TP,240,2.1058823529411916,-0.5647058823529605,0.007997263527456219,100.0,20.49445043393033,75.57390995283632,-0.152719273841126,0.0031775796026018315,0.7960485236198365,-0.19047619047618963,4.750593824228033,4.29254233528224,2.3410706787053273,1.9474834599483188,0.0,14,1,NewYork,Weak,2,1,3,8,True
EMA.Pullback,XRP-USDT-SWAP,1H,LONG,2026-07-15 06:00:00+00:00,2026-07-15 12:00:00+00:00,1.1062,1.1204000000000003,1.0991,1.1204000000000003,181.18366197183127,2.0,1,TP,360,2.1126760563379827,-0.7042253521126818,0.007078953991788653,69.0,32.729286034529075,61.258227041981684,0.09992723718941607,0.6601309976229977,0.9609115006853942,-1.2928306663050337,3.703356459778745,4.200573594245533,2.3782101229219856,0.3391439211495122,0.0,5,2,Asia,Trending,0,2,3,8,True
EMA.Pullback,XRP-USDT-SWAP,1H,LONG,2026-07-15 17:00:00+00:00,2026-07-16 01:00:00+00:00,1.1133,1.1066679,1.107,1.1259,-131.68540857143054,-1.052714285714295,0,SL,480,1.1904761904762056,-1.2698412698412767,0.0085600778771166,100.0,33.918480416546394,56.91067806069107,0.16105981169610356,0.6921057411058145,1.4443550423410374,-1.4730979969460136,1.3472917614929378,2.6650060963283475,2.144918238437163,2.0932611518634343,0.0,16,2,NewYork,Trending,2,2,3,8,False
EMA.Pullback,XRP-USDT-SWAP,1H,LONG,2026-07-16 02:00:00+00:00,2026-07-16 07:00:00+00:00,1.1134,1.10496841,1.1053,1.1296,-124.61976600000122,-1.040937037037043,0,SL,300,0.5185185185185165,-1.3086419753086356,0.007735068080891027,83.0,23.264741097430555,54.46800114419616,0.1350360385506508,0.4203751897871818,1.331362482252188,-1.463984192563318,1.1078823102070459,2.173261017273894,2.124212686020922,0.5042870310680283,0.0,1,3,Asia,Weak,0,1,3,8,False
EMA.Pullback,XRP-USDT-SWAP,1H,LONG,2026-07-19 11:00:00+00:00,2026-07-19 12:00:00+00:00,1.0972,1.09287204,1.0932,1.1052,-149.2490805999952,-1.0819899999999762,0,SL,60,0.0,-1.7499999999999722,0.00429965452231759,4.0,32.244395399061816,59.21774418783854,0.002701438691482403,0.14309806924552554,0.1719937575648769,-0.191396281443674,1.1244239631336397,1.0018123558993257,0.9437150103564496,0.5244963197001451,0.0,10,6,London,Trending,1,2,3,8,False
EMA.Pullback,XRP-USDT-SWAP,1H,LONG,2026-07-19 13:00:00+00:00,2026-07-19 17:00:00+00:00,1.0949,1.08987294,1.0902,1.1042999999999998,-141.80816519149198,-1.069587234042564,0,SL,240,1.3404255319149088,-1.425531914893624,0.004362967419753423,7.000000000000001,30.326684712596006,53.480841024098346,0.0038926996978313126,0.1366658006469039,-0.03849795899896469,-0.4018631838524029,0.7267709291628351,0.6741779845082067,0.8755288998909914,1.317391505939412,0.0,12,6,NewYork,Trending,2,2,3,8,False
EMA.Pullback,XRP-USDT-SWAP,1H,LONG,2026-07-19 21:00:00+00:00,2026-07-19 22:00:00+00:00,1.0964,1.0938717400000002,1.0942,1.1008,-189.5765019999879,-1.1492090909090278,0,SL,60,2.1818181818181634,-2.1818181818182643,0.0045550367680155645,14.000000000000002,22.02502798791574,54.91465930494007,-0.002617536032056113,0.07530379402027766,0.10157567767215371,-0.43779642466252416,0.7535379525822444,0.5887999216481807,0.9890316976658708,0.6005648368085801,0.0,20,6,Dead,Weak,3,1,3,8,False
EMA.Pullback,XRP-USDT-SWAP,1H,LONG,2026-07-19 23:00:00+00:00,2026-07-20 05:00:00+00:00,1.0971,1.09127252,1.0916,1.1081,-135.78151839999728,-1.059541818181806,0,SL,360,1.981818181818184,-2.109090909090896,0.004991332723441998,38.0,20.119710145059386,55.04651319245549,-0.004075677055758535,0.06393200150036027,0.15730862875079443,-0.38286235186873124,0.808674875941915,0.6180303366230893,1.1157513329004074,1.6995765562202285,0.0,22,6,Dead,Weak,3,1,3,8,False
EMA.Pullback,XRP-USDT-SWAP,1H,LONG,2026-07-20 18:00:00+00:00,2026-07-20 22:00:00+00:00,1.1148,1.10996691,1.1103,1.1238,-144.4675588000021,-1.0740200000000089,0,SL,240,0.7777777777777997,-2.1555555555555896,0.008130148830460475,95.0,20.318636987687583,64.62380518024996,0.04263088295643809,0.22017137184258045,1.7500715432527816,-0.18837459634014986,3.0028642705349693,3.1171053996278886,2.9369993543275053,1.1437966358812142,0.0,17,0,NewYork,Weak,2,1,3,8,False
EMA.Pullback,XRP-USDT-SWAP,1H,LONG,2026-07-21 23:00:00+00:00,2026-07-22 00:00:00+00:00,1.1417,1.1466999999999998,1.1392,1.1466999999999998,145.07839999999885,2.0,1,TP,60,2.2800000000000638,0.0,0.008376625097914212,95.0,42.1398196088974,55.816750442826546,0.4280304724150353,1.1344593915666785,3.2940915908603055,-1.9532276429885247,2.083333333333322,3.6289048459075017,1.9101147601143125,0.7922440271021509,0.0,22,1,Dead,Trending,3,2,3,8,True
EMA.Pullback,XRP-USDT-SWAP,1H,LONG,2026-07-22 01:00:00+00:00,2026-07-22 02:00:00+00:00,1.1454,1.14135749,1.1417,1.1528,-155.5966079459374,-1.0925702702702291,0,SL,60,0.10810810810809514,-1.378378378378333,0.008014538987487259,89.0,39.31772889395289,58.923364198209306,0.41929046718531987,1.0448404359266534,3.556463610439979,-1.623886851754841,1.7952364024173477,3.0790793067917988,1.8617409168305326,0.7710022695634636,0.0,0,2,Asia,Trending,0,2,3,8,False
EMA.Pullback,XRP-USDT-SWAP,1H,LONG,2026-07-22 05:00:00+00:00,2026-07-22 06:00:00+00:00,1.1417,1.13775857,1.1381,1.1489,-156.95930949999791,-1.0948416666666587,0,SL,60,0.0,-3.527777777777713,0.007072382549500815,60.0,33.79264422151003,54.1267502550392,0.35364705006403957,0.7043453035223042,3.0843553309063685,-1.9621583742116306,1.1070764325568998,2.595206298700573,1.8491584689842928,0.5063244919010765,0.0,4,2,Asia,Trending,0,2,3,8,False
EMA.Pullback,XRP-USDT-SWAP,1H,LONG,2026-07-22 11:00:00+00:00,2026-07-22 12:00:00+00:00,1.1382,1.13335989,1.1337,1.1472000000000004,-145.4034651999985,-1.0755799999999982,0,SL,60,0.022222222222218934,-1.1777777777777514,0.0065222595710245,52.0,23.910161414725756,51.97945851250725,0.26277098685183714,0.30641875480005537,2.635809141233406,-2.266736953083801,0.9042553191489549,2.945990126969935,1.7877152050829477,0.6095346010261465,0.0,10,2,London,Weak,1,1,3,8,False
EMA.Pullback,XRP-USDT-SWAP,1H,LONG,2026-07-22 14:00:00+00:00,2026-07-22 20:00:00+00:00,1.1422,1.13445956,1.1348,1.1570000000000003,-127.66048291891859,-1.0460054054054047,0,SL,360,1.9864864864864582,-1.1891891891891966,0.006403937418928864,47.0,20.486285131214352,56.419533300714384,0.24888619463771053,0.2501901211086343,2.923386088832848,-1.8996760920948812,1.2677304964539187,2.524661582054589,1.5913323370851686,1.5164304515582276,0.0,13,2,NewYork,Weak,2,1,3,8,False
EMA.Pullback,XRP-USDT-SWAP,1H,LONG,2026-07-26 23:00:00+00:00,2026-07-27 01:00:00+00:00,1.1121,1.10296901,1.1033,1.1297000000000004,-122.62524324999782,-1.0376124999999903,0,SL,120,0.07954545454544451,-1.181818181818184,0.004044442724942004,26.0,27.352661637037627,70.72584385101551,-0.037068042403818786,0.08846657545268877,0.5096014341388326,-0.10791366906473632,1.571063207891862,1.1297785135350507,1.151860228300732,3.038104905711561,0.0,22,6,Dead,Trending,3,2,3,8,False
EMA.Pullback,XRP-USDT-SWAP,1H,LONG,2026-07-27 02:00:00+00:00,2026-07-27 12:00:00+00:00,1.1075,1.10136949,1.1017,1.1191,-134.24727058620502,-1.056984482758612,0,SL,600,1.1896551724138096,-1.5689655172413524,0.004595641642382514,44.0,30.484613961871055,59.56537708381827,-0.011336939230924867,0.1720913791788893,0.09478412393931525,-0.7765237020316175,1.1600292290829315,1.5840345884019862,1.2206109078592746,1.2968131076589862,0.0,1,0,Asia,Trending,0,2,3,8,False
EMA.Pullback,XRP-USDT-SWAP,1H,LONG,2026-07-27 14:00:00+00:00,2026-07-27 15:00:00+00:00,1.1071,1.10116955,1.1015,1.1183,-135.4618166071379,-1.059008928571405,0,SL,60,0.0,-3.9285714285713973,0.005312230968238181,62.0,21.50521082935683,54.33513833809897,0.0043234973158297624,0.14541069748467372,0.0461590297371204,-0.8220415537488805,0.7829570284049472,1.1370834830182548,1.2798798379500993,2.502895340101327,0.0,13,0,NewYork,Weak,2,1,3,8,False
FVG+EMA200+Slope,DOGE-USDT-SWAP,1H,LONG,2026-06-13 13:00:00+00:00,2026-06-13 16:00:00+00:00,0.08851,0.08767369,0.0877,0.09013000000000002,-119.54694000000028,-1.0324814814814833,0,SL,180,0.33333333333332194,-1.2839506172839414,0.0008104848639338898,38.0,34.02158945975493,63.833096568610515,0.020845472998287557,0.31211681938159636,1.9307588503945126,-0.5988023952095681,3.4720598550385784,3.2283894220977527,2.4419624395327064,1.522809614328392,0.0,12,5,NewYork,Trending,2,2,4,3,False
FVG+EMA200+Slope,DOGE-USDT-SWAP,1H,LONG,2026-06-15 12:00:00+00:00,2026-06-15 19:00:00+00:00,0.08967,0.088923315,0.08895,0.09111,-122.29527624999962,-1.037062499999998,0,SL,420,1.6944444444444466,-1.6944444444444466,0.0006817028437413502,33.0,29.954718940794614,69.93574324747699,0.1934473598205443,0.6002941670430497,2.8280509714775146,-0.4461298237787169,4.158921933085502,4.762217550670349,2.771996687622692,2.6526855376649903,0.0,11,0,London,Trending,1,2,4,3,False
FVG+EMA200+Slope,DOGE-USDT-SWAP,1H,LONG,2026-06-16 08:00:00+00:00,2026-06-16 09:00:00+00:00,0.08778,0.08856,0.08739,0.08856,172.87076923076933,2.0,1,TP,60,2.846153846153835,0.0,0.0007082607805265197,44.0,27.430362527066727,46.24015279778178,0.013031982760804329,-0.30230977077890986,0.3972786651146205,-3.5429482797903873,1.2924071082390907,5.158700694381366,2.8676332055790272,0.5239914919042151,0.0,7,1,London,Trending,1,2,4,3,True
FVG+EMA200+Slope,DOGE-USDT-SWAP,1H,LONG,2026-06-16 10:00:00+00:00,2026-06-16 11:00:00+00:00,0.08848,0.088293504,0.08832,0.08880000000000002,-180.29843037975195,-1.1655999999999977,0,SL,60,0.0,-4.3749999999998375,0.0007502350607601108,52.0,24.670686005857714,52.43018995393288,0.0259977029840152,-0.228558164668168,1.1705914055375477,-2.5542495479204317,2.1001615508885325,4.601567123042051,3.110888403804135,0.9262784845946165,0.0,9,1,London,Weak,1,1,4,3,False
FVG+EMA200+Slope,DOGE-USDT-SWAP,1H,LONG,2026-07-03 12:00:00+00:00,2026-07-03 15:00:00+00:00,0.07589,0.07719,0.07524,0.07719,185.8695384615384,2.0,1,TP,180,2.230769230769249,-0.015384615384609472,0.000618327295170787,11.0,34.00573745125198,69.03186074188844,0.05891927177310476,0.7756252103787401,1.6831987348496427,-0.26353933324549444,2.9575362908696263,2.8433544523677674,2.0184893493919143,2.085608455263844,0.0,11,4,London,Trending,1,2,4,3,True
FVG+EMA200+Slope,DOGE-USDT-SWAP,1H,LONG,2026-07-03 21:00:00+00:00,2026-07-04 01:00:00+00:00,0.07798,0.077086867,0.07711,0.07971999999999999,-116.01219772413677,-1.0265896551724079,0,SL,240,0.2413793103448309,-1.4942528735632206,0.0007010914340780111,41.0,49.22885228914355,78.45974823877988,0.26454987496748245,1.2944032445653109,4.212123775854245,-0.29498525073747334,5.478896103896101,5.184709794063071,2.3168622723648493,1.2458746462202,0.0,20,4,Dead,Trending,3,2,4,3,False
FVG+EMA200+Slope,DOGE-USDT-SWAP,1H,LONG,2026-07-04 05:00:00+00:00,2026-07-04 06:00:00+00:00,0.07777,0.07710686100000001,0.07713,0.07905000000000001,-121.75064321874727,-1.0361546874999865,0,SL,60,0.0,-1.7500000000000109,0.0006961507704983144,42.0,51.23128287583448,66.37132031938734,0.3437832177163218,1.2763619733294551,3.6521516978062865,-0.8873456790123586,4.096385542168666,4.278284894819634,2.264525557973749,1.0574100299650082,0.0,4,5,Asia,Trending,0,2,4,3,False
FVG+EMA200+Slope,DOGE-USDT-SWAP,1H,LONG,2026-07-04 16:00:00+00:00,2026-07-04 23:00:00+00:00,0.07852,0.077616708,0.07764,0.08028000000000002,-115.93932099999859,-1.0264681818181751,0,SL,420,0.9318181818181613,-1.374999999999994,0.0006270139765720046,15.0,45.987291002935955,69.67783776255351,0.2767094227913192,0.7302914829092549,4.347054807709086,-0.25471217524196615,2.573481384715871,2.4322000633429233,2.5313755267058275,2.189708784171237,0.0,15,5,NewYork,Trending,2,2,4,3,False
FVG+EMA200+Slope,DOGE-USDT-SWAP,1H,LONG,2026-07-05 14:00:00+00:00,2026-07-05 15:00:00+00:00,0.07657,0.07708999999999999,0.07631,0.07708999999999999,164.5399999999995,2.0,1,TP,60,2.9230769230769518,0.0,0.0005903956548502324,3.0,30.624418650698598,49.49766466221687,0.061500778250880836,-0.28337772479087353,1.3226601532140732,-3.617604806059808,1.7406324740898296,5.547106801267453,2.3862798197274495,0.7257803401028432,0.0,13,6,NewYork,Trending,2,2,4,3,True
FVG+EMA200+Slope,DOGE-USDT-SWAP,1H,LONG,2026-07-05 16:00:00+00:00,2026-07-05 21:00:00+00:00,0.07712,0.07785999999999998,0.07675,0.07785999999999998,174.8681081081078,2.0,1,TP,300,3.1891891891892308,-0.6756756756756848,0.0005982493146412725,7.000000000000001,27.280292028170663,55.82458028303578,0.09031684094293348,-0.14653562524442956,2.0102362566371936,-2.0228215767634934,2.4714323677916568,4.29405562925184,2.4045032413036433,1.8916336601273265,0.0,15,6,NewYork,Trending,2,2,4,3,True
FVG+EMA200+Slope,DOGE-USDT-SWAP,1H,LONG,2026-07-05 23:00:00+00:00,2026-07-06 00:00:00+00:00,0.07834,0.077686687,0.07771,0.07960000000000002,-122.26063685714172,-1.0370047619047569,0,SL,60,0.0,-2.15873015873014,0.000695886254478423,67.0,25.736295460370002,65.63263416045977,0.2224222206103096,0.38739820227476146,3.461739805862664,-0.5360561582642037,4.10576667552486,4.080970887982619,2.0148633988823375,1.6123130526201517,0.0,22,6,Dead,Trending,3,2,4,3,False
FVG+EMA200+Slope,DOGE-USDT-SWAP,1H,LONG,2026-07-06 09:00:00+00:00,2026-07-06 10:00:00+00:00,0.077,0.076766963,0.07679,0.07742,-165.8734180000028,-1.109700000000016,0,SL,60,1.380952380952362,-1.7619047619047241,0.0006460082998302962,40.0,17.939272193262344,48.43589197074089,0.19430135983083205,0.20591125157199205,1.4818744120804976,-2.3246753246753245,0.9042065260123131,2.5218248196748414,2.229486350399131,0.798869323592795,0.0,8,0,London,Ranging,1,0,4,3,False
FVG+EMA200+Slope,DOGE-USDT-SWAP,1H,LONG,2026-07-06 16:00:00+00:00,2026-07-06 21:00:00+00:00,0.07622,0.07758,0.07554,0.07758,186.4294117647059,2.0,1,TP,300,3.117647058823545,0.0,0.0007887748985560937,97.0,18.61300828174477,45.94985667530258,0.05329567072913564,-0.2987830778628305,0.4390288351927697,-3.3718184203621138,2.5565123789020436,4.690879398309101,3.627161466796257,2.0755495959719648,0.0,15,0,NewYork,Ranging,2,0,4,3,True
FVG+EMA200+Slope,DOGE-USDT-SWAP,1H,LONG,2026-07-11 15:00:00+00:00,2026-07-11 22:00:00+00:00,0.07513,0.074607611,0.07463,0.07613,-126.92411331999905,-1.0447779999999953,0,SL,420,0.7800000000000022,-1.1800000000000133,0.0004091436194677866,10.0,21.68342123676684,71.28000341508782,0.007725009914187128,0.3214312970066104,0.9677404881678737,-0.4259850905218143,1.9543973941368225,1.331686540527783,1.1300640648431959,3.5226277924013414,0.0,14,5,NewYork,Weak,2,1,4,3,False
FVG+EMA200+Slope,DOGE-USDT-SWAP,1H,LONG,2026-07-15 14:00:00+00:00,2026-07-15 15:00:00+00:00,0.07454,0.074237722,0.07426,0.07509999999999997,-147.79379757143096,-1.079564285714291,0,SL,60,1.5714285714286707,-1.0,0.0006005357902591767,97.0,21.45811013143473,59.86533545564027,0.0668024674701391,0.40776561278915,1.1488023383774935,-0.9392191064001156,1.4980253302464985,1.452364947174128,1.9612033650587408,2.993481412143536,0.0,13,2,NewYork,Weak,2,1,4,3,False
FVG+EMA200+Slope,DOGE-USDT-SWAP,1H,LONG,2026-07-21 10:00:00+00:00,2026-07-21 13:00:00+00:00,0.07346,0.073298004,0.07332,0.07374,-185.16662292403618,-1.1571142857142582,0,SL,180,1.7857142857142716,-2.714285714285629,0.0004858528687238758,55.00000000000001,15.916828209632362,63.46567039349152,0.008272997928312696,0.26590587367081964,0.8671621523202379,-0.4492240675197345,2.784385056667121,2.902428706701994,2.26463720170696,0.4652580139429404,0.0,9,1,London,Ranging,1,0,4,3,False
FVG+EMA200+Slope,DOGE-USDT-SWAP,1H,LONG,2026-07-26 03:00:00+00:00,2026-07-26 05:00:00+00:00,0.07241,0.07339000000000001,0.07192,0.07339000000000001,182.14693877551036,2.0,1,TP,120,2.836734693877531,0.0,0.0005605723304296993,79.0,37.264044408000174,66.58901835939716,0.11360075628139875,1.0792658295810775,1.1611488690437188,-1.7400911476315388,4.744683928829748,7.628606665680107,2.794271295152125,1.460573922545167,0.0,2,6,Asia,Trending,0,2,4,3,True
FVG+EMA200+Slope,DOGE-USDT-SWAP,1H,LONG,2026-07-26 06:00:00+00:00,2026-07-26 09:00:00+00:00,0.07336,0.072998094,0.07302,0.07403999999999998,-138.71378129411963,-1.0644294117647133,0,SL,180,1.8823529411765139,-1.176470588235311,0.0005936543039191148,92.0,40.05927101229882,73.68567764212497,0.1152848074757504,0.9743464642765048,2.439298814582049,-0.5860706010631046,5.918868196910649,7.026447351035106,2.80203082613442,1.703882712057312,0.0,5,6,Asia,Trending,0,2,4,3,False
FVG+EMA200+Slope,DOGE-USDT-SWAP,1H,LONG,2026-07-27 00:00:00+00:00,2026-07-27 01:00:00+00:00,0.07336,0.07306807300000001,0.07309,0.07389999999999998,-148.78179399999473,-1.0812111111110803,0,SL,60,0.0,-3.1481481481481977,0.0004933531268517054,33.0,33.43431691304508,64.6962423960473,0.15792373882042798,0.5956303901669037,2.0852338265500716,-0.8724100327153785,1.3119734843253592,1.397473891204765,1.4402608595064947,0.687383661284196,0.0,23,6,Dead,Trending,3,2,4,3,False
FVG+EMA200+Slope,DOGE-USDT-SWAP,1H,LONG,2026-07-27 18:00:00+00:00,2026-07-27 19:00:00+00:00,0.0721,0.071938412,0.07196,0.07238,-186.96189126214085,-1.1542000000000197,0,SL,60,0.21428571428572846,-2.571428571428543,0.0006046195426626086,87.0,18.84970598776243,44.68337186476766,0.04633449727298272,-0.011331015027797335,0.16725114134335517,-1.9697600221944853,1.9372171945701302,2.852897382388912,2.8534349660623315,0.5405572023232296,0.0,17,0,NewYork,Ranging,2,0,4,3,False
Liq.Sweep.Rev,DOGE-USDT-SWAP,1H,LONG,2026-06-14 06:00:00+00:00,2026-06-14 07:00:00+00:00,0.08759,0.087153846,0.08718,0.08841000000000002,-138.3303189268288,-1.063790243902439,0,SL,60,0.0,-1.6097560975609648,0.000578087118801808,2.0,32.902710122752055,50.66023606952214,0.09683577218989854,0.3540894107288622,0.701737603013908,-1.3470319634703203,0.6087056391409242,1.375071847934773,1.8239438807996313,0.9654097989130868,0.0,5,6,Asia,Trending,0,2,5,3,False
Liq.Sweep.Rev,DOGE-USDT-SWAP,1H,LONG,2026-06-14 10:00:00+00:00,2026-06-14 12:00:00+00:00,0.08741,0.08661400799999999,0.08664,0.08895000000000002,-120.31148114285762,-1.033755844155847,0,SL,120,0.0,-1.402597402597387,0.0005769118648505442,5.0,26.2592145390398,48.8098837483721,0.0682790298426255,0.20776307739093047,0.46949579321000645,-1.5673263928612242,0.8887349953832027,1.4323975151596204,1.414629143029042,1.287431994564312,0.0,9,6,London,Trending,1,2,5,3,False
Liq.Sweep.Rev,DOGE-USDT-SWAP,1H,LONG,2026-06-15 10:00:00+00:00,2026-06-15 11:00:00+00:00,0.08855,0.08953000000000001,0.08806,0.08953000000000001,178.1942857142859,2.0,1,TP,60,3.081632653061192,0.0,0.0006201997477710339,23.0,29.01599754666832,59.20672159498068,0.177868807318934,0.5699676769314753,1.6072224952271834,-0.7114624505928759,3.3858727378867477,5.049975806067051,2.7906161553232085,0.8596140054382312,0.0,9,0,London,Trending,1,2,5,3,True
Liq.Sweep.Rev,DOGE-USDT-SWAP,1H,LONG,2026-06-17 02:00:00+00:00,2026-06-17 06:00:00+00:00,0.08772,0.086913918,0.08694,0.08928000000000001,-120.12107061538369,-1.0334384615384573,0,SL,240,0.1153846153846058,-1.3717948717948687,0.0007288486179525913,49.0,18.67988818721485,50.807598486987494,-0.016653126815290686,-0.25390309077380746,0.3175072867887151,-1.4818192180553922,1.8103748404317117,2.608872713750002,2.7586778404405785,0.6142727518576536,0.0,1,2,Asia,Ranging,0,0,5,3,False
Liq.Sweep.Rev,DOGE-USDT-SWAP,1H,LONG,2026-07-04 03:00:00+00:00,2026-07-04 04:00:00+00:00,0.07697,0.07775,0.07658,0.07775,176.19692307692318,2.0,1,TP,60,3.0,0.0,0.000670624562234732,28.999999999999996,51.94991077644798,59.23048170154574,0.33386230758647883,1.315143253432221,2.6683844947484876,-1.9228270754839665,3.038821954484597,4.900142314354141,2.320053011331546,0.849390150670924,0.0,2,5,Asia,Trending,0,2,5,3,True
Liq.Sweep.Rev,DOGE-USDT-SWAP,1H,LONG,2026-07-05 11:00:00+00:00,2026-07-05 14:00:00+00:00,0.07581,0.07691000000000002,0.07526,0.07691000000000002,183.3396363636366,2.0,1,TP,180,2.4545454545454226,-0.30909090909091047,0.0006132706767906415,12.0,33.507012879779424,39.22980704668038,0.058343766620654776,-0.3425697500630975,0.3469745212411362,-4.6563777865716816,0.7307998937018455,6.401195607011605,2.724988038388604,0.685554087886289,0.0,10,6,London,Trending,1,2,5,3,True
Liq.Sweep.Rev,DOGE-USDT-SWAP,1H,LONG,2026-07-07 01:00:00+00:00,2026-07-07 02:00:00+00:00,0.07675,0.07641706799999999,0.07644,0.07737000000000001,-144.4400776774208,-1.0739741935483966,0,SL,60,0.0,-4.99999999999991,0.0007561248645467608,90.0,14.244443451013392,49.934440826171254,0.11607928661549409,0.04465939862556859,1.0377940781458161,-2.058363731109969,3.283100107642624,3.26618092189927,3.573967774701805,0.5085913225831278,0.0,0,1,Asia,Ranging,0,0,5,3,False
Liq.Sweep.Rev,DOGE-USDT-SWAP,1H,LONG,2026-07-16 02:00:00+00:00,2026-07-16 07:00:00+00:00,0.07411,0.07357792,0.0736,0.07512999999999999,-126.03387294117421,-1.043294117647047,0,SL,300,0.7254901960784543,-1.6274509803921626,0.0005710064614392802,78.0,12.904475351770696,51.93506894279652,0.038461839358343346,0.16271055128103962,0.5117439511619098,-1.511267035487802,1.160251160251146,1.7106212476371951,2.205793021569468,0.5050625795429291,0.0,1,3,Asia,Ranging,0,0,5,3,False
Liq.Sweep.Rev,DOGE-USDT-SWAP,1H,LONG,2026-07-21 16:00:00+00:00,2026-07-21 17:00:00+00:00,0.07343,0.073018088,0.07304,0.07421,-133.76739815384548,-1.0561846153846124,0,SL,60,0.0,-1.51282051282049,0.0004681859399347082,54.0,17.88287705618225,59.708827707085376,0.07910190998825554,0.46725909996177106,0.7758212955538122,-0.49026283535339676,2.484298674110244,3.2572013503042374,1.2281828795265857,0.996958813317901,0.0,15,1,NewYork,Ranging,2,0,5,3,False
Liq.Sweep.Rev,DOGE-USDT-SWAP,1H,LONG,2026-07-22 00:00:00+00:00,2026-07-22 05:00:00+00:00,0.07335,0.072918118,0.07294,0.07416999999999999,-132.0792367804887,-1.05337073170732,0,SL,300,1.1463414634146474,-2.3170731707317245,0.0004136270132599508,45.0,13.201876424733468,55.04419751963215,0.0646050144880329,0.30466928175085817,0.6144452881950004,-0.5998636673483244,1.172413793103453,1.2025569768045035,1.1195540544013505,0.7225528092005141,0.0,23,1,Dead,Ranging,3,0,5,3,False
Liq.Sweep.Rev,DOGE-USDT-SWAP,1H,LONG,2026-07-26 01:00:00+00:00,2026-07-26 02:00:00+00:00,0.07181,0.07232999999999999,0.07155,0.07232999999999999,166.7369230769226,2.0,1,TP,60,3.6538461538462297,0.0,0.0005382377323326688,71.0,36.97915492002775,61.033099736960494,0.09842989060117749,1.0983513125882556,0.3283907653336993,-2.60445682451253,3.862288442065682,7.932846923763933,2.8363165893038835,0.7382603184692367,0.0,0,6,Asia,Trending,0,2,5,3,True
Liq.Sweep.Rev,DOGE-USDT-SWAP,1H,LONG,2026-07-27 10:00:00+00:00,2026-07-27 14:00:00+00:00,0.07263,0.072108361,0.07213,0.07363,-126.0242033200015,-1.0432780000000077,0,SL,240,1.140000000000001,-3.8199999999999865,0.0004822419122611476,27.0,22.592574355264766,48.29926308833864,0.12221574635900984,0.32241972407983926,0.9460191927562009,-1.211620542475569,0.6931928462498274,1.2148040115895926,1.4400963842187628,1.3493896594161825,0.0,9,0,London,Weak,1,1,5,3,False
Break.of.Structure,DOGE-USDT-SWAP,1H,LONG,2026-06-12 15:00:00+00:00,2026-06-12 21:00:00+00:00,0.09055,0.086863933,0.08689,0.09787000000000003,-104.33285136065521,-1.0071221311475385,0,SL,360,0.0,-1.125683060109286,0.0010916283038775385,100.0,25.879694696358435,77.19291278133382,0.02162206854031203,0.709286719705761,4.332819445273546,-2.1093318608503533,6.5043519171959625,4.622513881903784,5.090731120667092,8.099543391540156,0.0,14,4,NewYork,Trending,2,2,0,3,False
Break.of.Structure,DOGE-USDT-SWAP,1H,LONG,2026-06-15 12:00:00+00:00,2026-06-15 19:00:00+00:00,0.08967,0.088923315,0.08895,0.09111,-122.29527624999962,-1.037062499999998,0,SL,420,1.6944444444444466,-1.6944444444444466,0.0006817028437413502,33.0,29.954718940794614,69.93574324747699,0.1934473598205443,0.6002941670430497,2.8280509714775146,-0.4461298237787169,4.158921933085502,4.762217550670349,2.771996687622692,2.6526855376649903,0.0,11,0,London,Trending,1,2,0,3,False
Break.of.Structure,DOGE-USDT-SWAP,1H,LONG,2026-07-03 12:00:00+00:00,2026-07-03 15:00:00+00:00,0.07589,0.07719,0.07524,0.07719,185.8695384615384,2.0,1,TP,180,2.230769230769249,-0.015384615384609472,0.000618327295170787,11.0,34.00573745125198,69.03186074188844,0.05891927177310476,0.7756252103787401,1.6831987348496427,-0.26353933324549444,2.9575362908696263,2.8433544523677674,2.0184893493919143,2.085608455263844,0.0,11,4,London,Trending,1,2,0,3,True
Break.of.Structure,DOGE-USDT-SWAP,1H,LONG,2026-07-03 21:00:00+00:00,2026-07-04 01:00:00+00:00,0.07798,0.077086867,0.07711,0.07971999999999999,-116.01219772413677,-1.0265896551724079,0,SL,240,0.2413793103448309,-1.4942528735632206,0.0007010914340780111,41.0,49.22885228914355,78.45974823877988,0.26454987496748245,1.2944032445653109,4.212123775854245,-0.29498525073747334,5.478896103896101,5.184709794063071,2.3168622723648493,1.2458746462202,0.0,20,4,Dead,Trending,3,2,0,3,False
Break.of.Structure,DOGE-USDT-SWAP,1H,LONG,2026-07-04 16:00:00+00:00,2026-07-04 23:00:00+00:00,0.07852,0.077616708,0.07764,0.08028000000000002,-115.93932099999859,-1.0264681818181751,0,SL,420,0.9318181818181613,-1.374999999999994,0.0006270139765720046,15.0,45.987291002935955,69.67783776255351,0.2767094227913192,0.7302914829092549,4.347054807709086,-0.25471217524196615,2.573481384715871,2.4322000633429233,2.5313755267058275,2.189708784171237,0.0,15,5,NewYork,Trending,2,2,0,3,False
Break.of.Structure,DOGE-USDT-SWAP,1H,LONG,2026-07-05 22:00:00+00:00,2026-07-06 05:00:00+00:00,0.07789,0.076846939,0.07687,0.07993000000000001,-113.62393758823342,-1.0226088235294026,0,SL,420,0.8823529411764626,-1.4803921568627325,0.0006678775048229166,51.0,24.69616973650035,61.78082758474125,0.19967599538310696,0.3028558729743959,2.890103350780503,-0.5263833611503321,3.4945522189742326,3.620264180855109,2.4923951693611976,1.0844344360635634,0.0,21,6,Dead,Weak,3,1,0,3,False
Break.of.Structure,DOGE-USDT-SWAP,1H,LONG,2026-07-11 15:00:00+00:00,2026-07-11 22:00:00+00:00,0.07513,0.074607611,0.07463,0.07613,-126.92411331999905,-1.0447779999999953,0,SL,420,0.7800000000000022,-1.1800000000000133,0.0004091436194677866,10.0,21.68342123676684,71.28000341508782,0.007725009914187128,0.3214312970066104,0.9677404881678737,-0.4259850905218143,1.9543973941368225,1.331686540527783,1.1300640648431959,3.5226277924013414,0.0,14,5,NewYork,Weak,2,1,0,3,False
VWAP.Pullback,DOGE-USDT-SWAP,1H,LONG,2026-06-12 15:00:00+00:00,2026-06-12 21:00:00+00:00,0.09055,0.086863933,0.08689,0.09787000000000003,-104.33285136065521,-1.0071221311475385,0,SL,360,0.0,-1.125683060109286,0.0010916283038775385,100.0,25.879694696358435,77.19291278133382,0.02162206854031203,0.709286719705761,4.332819445273546,-2.1093318608503533,6.5043519171959625,4.622513881903784,5.090731120667092,8.099543391540156,0.0,14,4,NewYork,Trending,2,2,7,3,False
VWAP.Pullback,DOGE-USDT-SWAP,1H,LONG,2026-06-17 03:00:00+00:00,2026-06-17 04:00:00+00:00,0.08774,0.087433762,0.08746,0.0883,-156.27866328571227,-1.0937071428571343,0,SL,60,0.25,-1.4642857142856789,0.000721073716670264,48.0,17.353263699592567,50.9076605601588,-0.0024951954456415206,-0.18926287022317304,0.3256583729963525,-1.4702530202872117,1.8219798073575513,2.6134212786156144,2.729164083657359,0.6895734206861325,0.0,2,2,Asia,Ranging,0,0,7,3,False
VWAP.Pullback,DOGE-USDT-SWAP,1H,LONG,2026-07-03 02:00:00+00:00,2026-07-03 13:00:00+00:00,0.07478,0.0765,0.07392,0.0765,189.44558139534882,2.0,1,TP,660,2.1976744186046555,-0.6976744186046553,0.0006438892841639859,10.0,27.51036395756684,63.25653536713386,-0.056127504834096544,0.5675161256309841,0.24156430215341632,-1.0298247960411835,3.459250034592504,3.503968211846717,2.302561286660839,0.896114832412856,0.0,1,4,Asia,Trending,0,2,7,3,True
VWAP.Pullback,DOGE-USDT-SWAP,1H,LONG,2026-07-04 09:00:00+00:00,2026-07-04 10:00:00+00:00,0.07698,0.076716978,0.07674,0.07746000000000001,-157.60924449999698,-1.095924999999988,0,SL,60,0.6249999999999784,-1.166666666666657,0.0006528439232664089,26.0,47.57232297421562,55.47314532208005,0.2909981346260658,0.9329369941002444,2.5189080917250894,-1.8963501753474516,1.4628360569319976,2.5046733192240667,2.409323123852849,0.5172741732588976,0.0,8,5,London,Trending,1,2,7,3,False
VWAP.Pullback,DOGE-USDT-SWAP,1H,LONG,2026-07-04 14:00:00+00:00,2026-07-04 15:00:00+00:00,0.07712,0.07753999999999997,0.07691,0.07753999999999997,155.81142857142603,2.0,1,TP,60,7.619047619048075,0.0,0.0005861818899888337,2.0,44.604942758039726,56.32649844336496,0.2648744055332797,0.7193543469741288,2.5784245115533384,-1.7113963438350859,0.757674722403654,1.9838622444166942,2.161522938088968,0.8840619067194737,0.0,13,5,NewYork,Trending,2,2,7,3,True
VWAP.Pullback,DOGE-USDT-SWAP,1H,LONG,2026-07-05 17:00:00+00:00,2026-07-05 18:00:00+00:00,0.077,0.07731999999999999,0.07684,0.07731999999999999,142.12999999999766,2.0,1,TP,60,4.687500000000195,0.0,0.0005998029350240384,10.0,26.16858449333622,54.26723429728427,0.10456322771907041,-0.08196655599027133,1.8458370490040437,-1.93481366056357,2.325272389051291,3.98312666473399,2.3212429190756754,1.111828944185774,0.0,16,6,NewYork,Trending,2,2,7,3,True
VWAP.Pullback,DOGE-USDT-SWAP,1H,LONG,2026-07-06 18:00:00+00:00,2026-07-06 19:00:00+00:00,0.07658,0.07695999999999999,0.07639,0.07695999999999999,151.5136842105252,2.0,1,TP,60,3.052631578947495,0.0,0.000805882438040713,98.0,16.576987812244443,49.2326479669638,0.05023974858430283,-0.28382455318711775,0.892682393654131,-2.885870984591282,3.0409041980624303,4.559079561210775,3.5105118095658057,0.7490474346390535,0.0,17,0,NewYork,Ranging,2,0,7,3,True
VWAP.Pullback,DOGE-USDT-SWAP,1H,LONG,2026-07-15 03:00:00+00:00,2026-07-15 04:00:00+00:00,0.07371,0.07391,0.07361,0.07391,75.58540225207281,2.0,1,TP,60,4.899999999999903,0.0,0.0005391386527358685,70.0,27.922790051158998,53.37522892909645,0.08202426707014422,0.6568387549737532,0.12161221710452794,-2.1975040694519947,2.48853051577923,5.162753180687036,2.379255458430141,0.6735350989981291,0.0,2,2,Asia,Trending,0,2,7,3,True
VWAP.Pullback,DOGE-USDT-SWAP,1H,LONG,2026-07-15 05:00:00+00:00,2026-07-15 06:00:00+00:00,0.07407,0.07465,0.07378,0.07465,169.23034482758607,2.0,1,TP,60,2.7931034482758936,0.0,0.0005286960832263366,63.0,26.389475094239536,58.21732162084623,0.06908984046020036,0.5610813133069653,0.5857419597140207,-1.7145943026866575,2.9751146948422122,4.292980635927089,2.36771184517479,0.5457016200132375,0.0,4,2,Asia,Trending,0,2,7,3,True
VWAP.Pullback,DOGE-USDT-SWAP,1H,LONG,2026-07-15 14:00:00+00:00,2026-07-15 15:00:00+00:00,0.07454,0.074237722,0.07426,0.07509999999999997,-147.79379757143096,-1.079564285714291,0,SL,60,1.5714285714286707,-1.0,0.0006005357902591767,97.0,21.45811013143473,59.86533545564027,0.0668024674701391,0.40776561278915,1.1488023383774935,-0.9392191064001156,1.4980253302464985,1.452364947174128,1.9612033650587408,2.993481412143536,0.0,13,2,NewYork,Weak,2,1,7,3,False
VWAP.Pullback,DOGE-USDT-SWAP,1H,LONG,2026-07-15 16:00:00+00:00,2026-07-15 17:00:00+00:00,0.0746,0.074237722,0.07426,0.07527999999999999,-139.37018623529522,-1.0655235294117678,0,SL,60,0.0,-2.4117647058824057,0.0006150027987438816,100.0,22.37086111782524,58.91865560489069,0.079007626441767,0.42836156726114677,1.2152210930048362,-0.8445040214477286,1.593354214898549,1.728427593714075,2.0338302000376096,1.3873742785101761,0.0,15,2,NewYork,Weak,2,1,7,3,False
VWAP.Pullback,DOGE-USDT-SWAP,1H,LONG,2026-07-22 17:00:00+00:00,2026-07-22 18:00:00+00:00,0.07335,0.072838142,0.07286,0.07433000000000001,-126.82222146938736,-1.0446081632653048,0,SL,60,0.0,-1.551020408163245,0.0004760844014916736,69.0,15.382797782603285,57.613315039385974,-0.02919481022432911,-0.10537663782287761,0.620468808750633,-0.6816632583503756,1.7901748542880926,2.4973254737275123,2.1044586293788026,1.2624621629925574,0.0,16,2,NewYork,Ranging,2,0,7,3,False
VWAP.Pullback,DOGE-USDT-SWAP,1H,LONG,2026-07-22 23:00:00+00:00,2026-07-23 01:00:00+00:00,0.073,0.07272817499999999,0.07275,0.0735,-152.43476200000245,-1.0873000000000124,0,SL,120,0.7600000000000378,-1.3199999999999867,0.00047773701512013745,66.0,14.171634362766554,51.82352976630603,0.0003387735896966723,0.017918438612940506,0.13270615540503233,-0.698725852856551,1.290591174021649,1.8869243741976238,2.1710578149061717,0.3390673323419352,0.0,22,2,Dead,Ranging,3,0,7,3,False
VWAP.Pullback,DOGE-USDT-SWAP,1H,LONG,2026-07-26 17:00:00+00:00,2026-07-26 18:00:00+00:00,0.07308,0.072868133,0.07289,0.07346000000000003,-169.10677884209636,-1.1150894736841777,0,SL,60,0.1052631578946907,-2.6315789473682902,0.0005495967935113874,60.0,40.009837542382336,63.26426082482479,0.2022922566359078,0.9341121845460305,1.8024274385604926,-1.2588943623426248,2.1383647798742187,3.0618894047622183,1.4951984624406065,0.7167272325663488,0.0,16,6,NewYork,Trending,2,2,7,3,False
ORB,DOGE-USDT-SWAP,1H,LONG,2026-06-12 05:00:00+00:00,2026-06-12 06:00:00+00:00,0.08696,0.086324095,0.08635,0.08818,-125.53777983606322,-1.0424672131147423,0,SL,60,0.14754098360656856,-3.1803278688524577,0.0007099137113217548,2.0,27.90599562644145,67.00113794399694,-0.056158050647575175,0.6390340585684554,0.20651737510105966,-0.14951121334100645,3.2660332541567727,3.420268594855895,2.9387913513311457,1.352585681818236,0.0,4,4,Asia,Trending,0,2,6,3,False
ORB,DOGE-USDT-SWAP,1H,LONG,2026-06-13 08:00:00+00:00,2026-06-13 12:00:00+00:00,0.087,0.08819999999999997,0.0864,0.08819999999999997,182.4799999999997,2.0,1,TP,240,2.833333333333395,-0.033333333333320996,0.0008925539976794064,62.0,31.585142886328764,53.143085105569554,-0.054333589896188916,0.0455552476867461,0.24758144204054816,-6.263647856568206,1.7184942716857599,4.887363924822006,6.632357669888305,0.6881769584637837,0.0,7,5,London,Trending,1,2,6,3,True
ORB,DOGE-USDT-SWAP,1H,LONG,2026-06-14 22:00:00+00:00,2026-06-16 14:00:00+00:00,0.08851,0.08651403800000002,0.08654,0.09245,-107.96641740101427,-1.013178680203041,0,SL,2400,1.2081218274111645,-1.1878172588832534,0.0006708227740452356,25.0,27.172411481447256,67.11870152120224,-0.046049992290054145,-0.21011428129372564,1.7798260296185722,-0.6213987120099366,3.3391710449503806,3.1292262006535045,2.8403625395244365,3.275786486442039,0.0,21,6,Dead,Trending,3,2,6,3,False
ORB,DOGE-USDT-SWAP,1H,LONG,2026-06-22 14:00:00+00:00,2026-06-22 15:00:00+00:00,0.08499,0.084284707,0.08431,0.08635,-122.37512120588107,-1.0371955882352877,0,SL,60,0.0,-2.2205882352941138,0.0005469898220967368,46.0,19.577567489213006,69.44923096321584,-0.11626553579910755,0.18637532070788404,0.2985199700325824,-0.03530242409979083,3.5457536249543025,2.9033339471724746,2.3396443421021043,1.6800568021222912,0.0,13,0,NewYork,Ranging,2,0,6,3,False
ORB,DOGE-USDT-SWAP,1H,LONG,2026-07-02 14:00:00+00:00,2026-07-02 15:00:00+00:00,0.07503,0.07417774,0.0742,0.07669,-116.14995710843289,-1.0268192771084292,0,SL,60,0.0,-1.2771084337349503,0.0007748538149242726,84.0,19.70711156208381,69.52446816328394,-0.16034205043925026,0.5069660826508607,0.5158825080969898,-0.6931484937349942,4.747277296844457,4.076776460993141,3.055936168374022,2.7885171535832045,0.0,13,3,NewYork,Ranging,2,0,6,3,False
ORB,DOGE-USDT-SWAP,1H,LONG,2026-07-03 06:00:00+00:00,2026-07-03 13:00:00+00:00,0.07502,0.07624,0.07441,0.07624,185.12196721311474,2.0,1,TP,420,2.704918032786886,-0.5245901639344281,0.0006421285882186487,12.0,30.305442449735025,63.672553829412564,-0.028791433483069746,0.5797068927298052,0.5694044436540396,-0.6931484937349942,2.276755282890259,1.7867339011694472,2.2811482564001984,1.0797874765189153,0.0,5,4,Asia,Trending,0,2,6,3,True
ORB,DOGE-USDT-SWAP,1H,LONG,2026-07-04 05:00:00+00:00,2026-07-04 06:00:00+00:00,0.07777,0.07710686100000001,0.07713,0.07905000000000001,-121.75064321874727,-1.0361546874999865,0,SL,60,0.0,-1.7500000000000109,0.0006961507704983144,42.0,51.23128287583448,66.37132031938734,0.3437832177163218,1.2763619733294551,3.6521516978062865,-0.8873456790123586,4.096385542168666,4.278284894819634,2.264525557973749,1.0574100299650082,0.0,4,5,Asia,Trending,0,2,6,3,False
ORB,DOGE-USDT-SWAP,1H,LONG,2026-07-05 22:00:00+00:00,2026-07-06 05:00:00+00:00,0.07789,0.076846939,0.07687,0.07993000000000001,-113.62393758823342,-1.0226088235294026,0,SL,420,0.8823529411764626,-1.4803921568627325,0.0006678775048229166,51.0,24.69616973650035,61.78082758474125,0.19967599538310696,0.3028558729743959,2.890103350780503,-0.5263833611503321,3.4945522189742326,3.620264180855109,2.4923951693611976,1.0844344360635634,0.0,21,6,Dead,Weak,3,1,6,3,False
ORB,DOGE-USDT-SWAP,1H,LONG,2026-07-11 06:00:00+00:00,2026-07-11 07:00:00+00:00,0.0744,0.07417774,0.0742,0.07479999999999998,-166.83332199999893,-1.1112999999999853,0,SL,60,0.0,-1.250000000000052,0.0004085199483861613,1.0,13.34890835021875,60.44626755422837,-0.029984102423576794,0.2742696061143501,0.02095482882019216,-0.32253729337453324,1.5420305676855979,0.9829429283071928,1.491571340867014,0.6365758483714145,0.0,5,5,Asia,Ranging,0,0,6,3,False
ORB,DOGE-USDT-SWAP,1H,LONG,2026-07-14 14:00:00+00:00,2026-07-16 08:00:00+00:00,0.07384,0.073028085,0.07305,0.07542,-116.70263936708795,-1.0277405063291105,0,SL,2520,1.8987341772151938,-1.5822784810126616,0.0005277615739216251,71.0,18.52606590113829,70.345077583566,-0.1537830160381011,-0.0011094122110490775,0.4110449792667104,-0.3385698808234022,4.146685472496471,3.2315562136057614,2.4349692351969616,3.4825454566381295,0.0,13,1,NewYork,Ranging,2,0,6,3,False
ORB,DOGE-USDT-SWAP,1H,LONG,2026-07-20 16:00:00+00:00,2026-07-20 19:00:00+00:00,0.07333,0.072288307,0.07231,0.07537000000000002,-112.81931217647112,-1.0212676470588264,0,SL,180,0.0,-1.8235294117646939,0.0005897992538290145,100.0,18.051673097806365,61.690503363387386,-0.0923644028422257,-0.05828793305319381,0.6436894675904654,-0.19091776898948226,3.25260490002817,2.440401691445891,2.8736456972903706,2.5778870157441984,0.0,15,0,NewYork,Ranging,2,0,6,3,False
ORB,DOGE-USDT-SWAP,1H,LONG,2026-07-21 06:00:00+00:00,2026-07-21 08:00:00+00:00,0.07295,0.07351,0.07267,0.07351,168.61571428571455,2.0,1,TP,120,2.9999999999999503,-0.03571428571427155,0.0005182761039493159,66.0,15.09263858103635,58.17497598576749,-0.06531078623888223,-0.005939992704999027,0.19626060861516292,-0.8361891706648382,2.0707989366167556,2.3461312547103543,2.6840024882760396,0.7114143302763001,0.0,5,1,Asia,Ranging,0,0,6,3,True
ORB,DOGE-USDT-SWAP,1H,LONG,2026-07-25 17:00:00+00:00,2026-07-27 14:00:00+00:00,0.07213,0.071108661,0.07113,0.07413,-112.86211965999902,-1.0213389999999951,0,SL,2700,1.869999999999995,-1.4099999999999933,0.0004989122736531204,64.0,27.886719082128998,80.78314723182343,-0.21104016698663164,0.0680663714886324,0.8844473867542563,-0.1386385692499693,4.855356883267911,4.046335190677877,2.32050379428961,5.402533027724542,0.0,16,5,NewYork,Trending,2,2,6,3,False
Volatility.Comp,DOGE-USDT-SWAP,1H,LONG,2026-07-03 02:00:00+00:00,2026-07-03 13:00:00+00:00,0.07478,0.0765,0.07392,0.0765,189.44558139534882,2.0,1,TP,660,2.1976744186046555,-0.6976744186046553,0.0006438892841639859,10.0,27.51036395756684,63.25653536713386,-0.056127504834096544,0.5675161256309841,0.24156430215341632,-1.0298247960411835,3.459250034592504,3.503968211846717,2.302561286660839,0.896114832412856,0.0,1,4,Asia,Trending,0,2,8,3,True
Volatility.Comp,DOGE-USDT-SWAP,1H,LONG,2026-07-03 14:00:00+00:00,2026-07-03 20:00:00+00:00,0.07658,0.07794,0.0759,0.07794,186.36588235294116,2.0,1,TP,360,2.3823529411764857,-0.6911764705882326,0.0006213128208360362,15.0,36.68812945391965,74.04691063329327,0.09933078333859743,0.8793390286300579,2.549484357765138,-0.13059945148230753,3.8800705467372154,3.8169601802218645,2.0734948649291587,1.7263717896215065,0.0,13,4,NewYork,Trending,2,2,8,3,True
Volatility.Comp,DOGE-USDT-SWAP,1H,LONG,2026-07-04 16:00:00+00:00,2026-07-04 23:00:00+00:00,0.07852,0.077616708,0.07764,0.08028000000000002,-115.93932099999859,-1.0264681818181751,0,SL,420,0.9318181818181613,-1.374999999999994,0.0006270139765720046,15.0,45.987291002935955,69.67783776255351,0.2767094227913192,0.7302914829092549,4.347054807709086,-0.25471217524196615,2.573481384715871,2.4322000633429233,2.5313755267058275,2.189708784171237,0.0,15,5,NewYork,Trending,2,2,8,3,False
Volatility.Comp,DOGE-USDT-SWAP,1H,LONG,2026-07-05 14:00:00+00:00,2026-07-05 15:00:00+00:00,0.07657,0.07708999999999999,0.07631,0.07708999999999999,164.5399999999995,2.0,1,TP,60,2.9230769230769518,0.0,0.0005903956548502324,3.0,30.624418650698598,49.49766466221687,0.061500778250880836,-0.28337772479087353,1.3226601532140732,-3.617604806059808,1.7406324740898296,5.547106801267453,2.3862798197274495,0.7257803401028432,0.0,13,6,NewYork,Trending,2,2,8,3,True
Volatility.Comp,DOGE-USDT-SWAP,1H,LONG,2026-07-11 15:00:00+00:00,2026-07-11 22:00:00+00:00,0.07513,0.074607611,0.07463,0.07613,-126.92411331999905,-1.0447779999999953,0,SL,420,0.7800000000000022,-1.1800000000000133,0.0004091436194677866,10.0,21.68342123676684,71.28000341508782,0.007725009914187128,0.3214312970066104,0.9677404881678737,-0.4259850905218143,1.9543973941368225,1.331686540527783,1.1300640648431959,3.5226277924013414,0.0,14,5,NewYork,Weak,2,1,8,3,False
Volatility.Comp,DOGE-USDT-SWAP,1H,LONG,2026-07-22 01:00:00+00:00,2026-07-22 03:00:00+00:00,0.0737,0.073248019,0.07327,0.07456,-130.72809567442062,-1.0511186046511727,0,SL,120,0.06976744186047037,-1.2558139534883699,0.000425510798027097,49.0,13.048049748166388,60.87933092701899,0.06983108725616108,0.31582448990628653,1.0699549082331212,-0.21712579725877795,1.4036053392046333,0.9698892362897915,1.1975647956871651,1.2795615466133923,0.0,0,2,Asia,Ranging,0,0,8,3,False
EMA.Crossover.ADX,DOGE-USDT-SWAP,1H,LONG,2026-06-04 16:00:00+00:00,2026-06-04 17:00:00+00:00,0.08949,0.08906327300000001,0.08909,0.09029,-140.14649094999538,-1.0668174999999762,0,SL,60,0.25000000000000866,-2.7750000000000163,0.0014652032786180626,87.0,51.77525217950481,44.60238405005135,-0.9126337036227684,-1.7710712962539776,-8.025025388605457,-4.168063470778855,4.532180819997658,6.481060599450786,5.778940212501517,0.5821120792251174,0.0,15,3,NewYork,Trending,2,2,2,3,False
EMA.Crossover.ADX,DOGE-USDT-SWAP,1H,LONG,2026-06-08 04:00:00+00:00,2026-06-08 05:00:00+00:00,0.08587,0.08547435,0.0855,0.08660999999999999,-141.65043513513677,-1.0693243243243307,0,SL,60,0.0,-4.297297297297374,0.0011150326444705832,15.0,23.519444978349814,60.98367023496205,-0.5158766561463034,0.5855812410219402,-4.119320900295355,-1.9683205217796378,3.5331002049921643,4.016659240462209,3.6574552965408405,0.4477819144984314,0.0,3,0,Asia,Weak,0,1,2,3,False
EMA.Crossover.ADX,DOGE-USDT-SWAP,1H,LONG,2026-06-11 18:00:00+00:00,2026-06-12 14:00:00+00:00,0.0867,0.09142,0.08434,0.09142,195.4715254237288,2.0,1,TP,1200,2.4406779661016946,-0.7118644067796611,0.0008751777608548574,40.0,21.68118241707389,68.68537785204258,-0.20131324094715283,0.3342926314152594,-0.14175096899634368,-0.1499423298731316,5.977264393105984,4.313137165160437,3.189604833400027,3.0504211902262743,0.0,17,3,NewYork,Weak,2,1,2,3,True
EMA.Crossover.ADX,DOGE-USDT-SWAP,1H,LONG,2026-07-14 18:00:00+00:00,2026-07-14 20:00:00+00:00,0.07452,0.07398779700000001,0.07401,0.07554,-126.17856435294074,-1.0435352941176443,0,SL,120,0.07843137254901694,-1.0588235294117696,0.000603909004393366,99.0,26.132413704164577,70.96719715541835,-0.01910109817934123,0.4918722181926064,1.278123040229145,-1.1003757380568993,4.692329305984841,5.949966872630318,2.50250770987035,1.0472183473283319,0.0,17,1,NewYork,Trending,2,2,2,3,False
EMA.Crossover.ADX,DOGE-USDT-SWAP,1H,LONG,2026-07-25 21:00:00+00:00,2026-07-25 22:00:00+00:00,0.07251,0.072318298,0.07234,0.07285000000000001,-176.6476345882319,-1.1276588235294,0,SL,60,0.0,-3.411764705882348,0.0005912524325230835,92.0,37.08521237152925,73.11471800655983,-0.016217499433917353,0.777094151492849,1.3416119943468177,-1.599779340780574,4.889338926659928,7.805517691378262,2.6572209363527577,0.735153163952833,0.0,20,5,Dead,Trending,3,2,2,3,False
Donchian.20,DOGE-USDT-SWAP,1H,LONG,2026-06-12 15:00:00+00:00,2026-06-12 21:00:00+00:00,0.09055,0.086863933,0.08689,0.09787000000000003,-104.33285136065521,-1.0071221311475385,0,SL,360,0.0,-1.125683060109286,0.0010916283038775385,100.0,25.879694696358435,77.19291278133382,0.02162206854031203,0.709286719705761,4.332819445273546,-2.1093318608503533,6.5043519171959625,4.622513881903784,5.090731120667092,8.099543391540156,0.0,14,4,NewYork,Trending,2,2,1,3,False
Donchian.20,DOGE-USDT-SWAP,1H,LONG,2026-06-14 22:00:00+00:00,2026-06-16 14:00:00+00:00,0.08851,0.08651403800000002,0.08654,0.09245,-107.96641740101427,-1.013178680203041,0,SL,2400,1.2081218274111645,-1.1878172588832534,0.0006708227740452356,25.0,27.172411481447256,67.11870152120224,-0.046049992290054145,-0.21011428129372564,1.7798260296185722,-0.6213987120099366,3.3391710449503806,3.1292262006535045,2.8403625395244365,3.275786486442039,0.0,21,6,Dead,Trending,3,2,1,3,False
Donchian.20,DOGE-USDT-SWAP,1H,LONG,2026-06-22 14:00:00+00:00,2026-06-22 15:00:00+00:00,0.08499,0.084284707,0.08431,0.08635,-122.37512120588107,-1.0371955882352877,0,SL,60,0.0,-2.2205882352941138,0.0005469898220967368,46.0,19.577567489213006,69.44923096321584,-0.11626553579910755,0.18637532070788404,0.2985199700325824,-0.03530242409979083,3.5457536249543025,2.9033339471724746,2.3396443421021043,1.6800568021222912,0.0,13,0,NewYork,Ranging,2,0,1,3,False
Donchian.20,DOGE-USDT-SWAP,1H,LONG,2026-07-02 14:00:00+00:00,2026-07-02 15:00:00+00:00,0.07503,0.07417774,0.0742,0.07669,-116.14995710843289,-1.0268192771084292,0,SL,60,0.0,-1.2771084337349503,0.0007748538149242726,84.0,19.70711156208381,69.52446816328394,-0.16034205043925026,0.5069660826508607,0.5158825080969898,-0.6931484937349942,4.747277296844457,4.076776460993141,3.055936168374022,2.7885171535832045,0.0,13,3,NewYork,Ranging,2,0,1,3,False
Donchian.20,DOGE-USDT-SWAP,1H,LONG,2026-07-03 12:00:00+00:00,2026-07-03 15:00:00+00:00,0.07589,0.07719,0.07524,0.07719,185.8695384615384,2.0,1,TP,180,2.230769230769249,-0.015384615384609472,0.000618327295170787,11.0,34.00573745125198,69.03186074188844,0.05891927177310476,0.7756252103787401,1.6831987348496427,-0.26353933324549444,2.9575362908696263,2.8433544523677674,2.0184893493919143,2.085608455263844,0.0,11,4,London,Trending,1,2,1,3,True
Donchian.20,DOGE-USDT-SWAP,1H,LONG,2026-07-03 21:00:00+00:00,2026-07-04 01:00:00+00:00,0.07798,0.077086867,0.07711,0.07971999999999999,-116.01219772413677,-1.0265896551724079,0,SL,240,0.2413793103448309,-1.4942528735632206,0.0007010914340780111,41.0,49.22885228914355,78.45974823877988,0.26454987496748245,1.2944032445653109,4.212123775854245,-0.29498525073747334,5.478896103896101,5.184709794063071,2.3168622723648493,1.2458746462202,0.0,20,4,Dead,Trending,3,2,1,3,False
Donchian.20,DOGE-USDT-SWAP,1H,LONG,2026-07-04 16:00:00+00:00,2026-07-04 23:00:00+00:00,0.07852,0.077616708,0.07764,0.08028000000000002,-115.93932099999859,-1.0264681818181751,0,SL,420,0.9318181818181613,-1.374999999999994,0.0006270139765720046,15.0,45.987291002935955,69.67783776255351,0.2767094227913192,0.7302914829092549,4.347054807709086,-0.25471217524196615,2.573481384715871,2.4322000633429233,2.5313755267058275,2.189708784171237,0.0,15,5,NewYork,Trending,2,2,1,3,False
Donchian.20,DOGE-USDT-SWAP,1H,LONG,2026-07-05 22:00:00+00:00,2026-07-06 05:00:00+00:00,0.07789,0.076846939,0.07687,0.07993000000000001,-113.62393758823342,-1.0226088235294026,0,SL,420,0.8823529411764626,-1.4803921568627325,0.0006678775048229166,51.0,24.69616973650035,61.78082758474125,0.19967599538310696,0.3028558729743959,2.890103350780503,-0.5263833611503321,3.4945522189742326,3.620264180855109,2.4923951693611976,1.0844344360635634,0.0,21,6,Dead,Weak,3,1,1,3,False
Donchian.20,DOGE-USDT-SWAP,1H,LONG,2026-07-11 15:00:00+00:00,2026-07-11 22:00:00+00:00,0.07513,0.074607611,0.07463,0.07613,-126.92411331999905,-1.0447779999999953,0,SL,420,0.7800000000000022,-1.1800000000000133,0.0004091436194677866,10.0,21.68342123676684,71.28000341508782,0.007725009914187128,0.3214312970066104,0.9677404881678737,-0.4259850905218143,1.9543973941368225,1.331686540527783,1.1300640648431959,3.5226277924013414,0.0,14,5,NewYork,Weak,2,1,1,3,False
Donchian.20,DOGE-USDT-SWAP,1H,LONG,2026-07-14 14:00:00+00:00,2026-07-16 08:00:00+00:00,0.07384,0.073028085,0.07305,0.07542,-116.70263936708795,-1.0277405063291105,0,SL,2520,1.8987341772151938,-1.5822784810126616,0.0005277615739216251,71.0,18.52606590113829,70.345077583566,-0.1537830160381011,-0.0011094122110490775,0.4110449792667104,-0.3385698808234022,4.146685472496471,3.2315562136057614,2.4349692351969616,3.4825454566381295,0.0,13,1,NewYork,Ranging,2,0,1,3,False
Donchian.20,DOGE-USDT-SWAP,1H,LONG,2026-07-20 16:00:00+00:00,2026-07-20 19:00:00+00:00,0.07333,0.072288307,0.07231,0.07537000000000002,-112.81931217647112,-1.0212676470588264,0,SL,180,0.0,-1.8235294117646939,0.0005897992538290145,100.0,18.051673097806365,61.690503363387386,-0.0923644028422257,-0.05828793305319381,0.6436894675904654,-0.19091776898948226,3.25260490002817,2.440401691445891,2.8736456972903706,2.5778870157441984,0.0,15,0,NewYork,Ranging,2,0,1,3,False
Donchian.20,DOGE-USDT-SWAP,1H,LONG,2026-07-25 17:00:00+00:00,2026-07-27 14:00:00+00:00,0.07213,0.071108661,0.07113,0.07413,-112.86211965999902,-1.0213389999999951,0,SL,2700,1.869999999999995,-1.4099999999999933,0.0004989122736531204,64.0,27.886719082128998,80.78314723182343,-0.21104016698663164,0.0680663714886324,0.8844473867542563,-0.1386385692499693,4.855356883267911,4.046335190677877,2.32050379428961,5.402533027724542,0.0,16,5,NewYork,Trending,2,2,1,3,False
EMA.Pullback,DOGE-USDT-SWAP,1H,LONG,2026-06-08 00:00:00+00:00,2026-06-08 01:00:00+00:00,0.08623,0.085394374,0.08542,0.08785000000000001,-119.04032400000007,-1.0316370370370378,0,SL,60,0.3086419753086403,-1.8024691358024614,0.0011543735888092828,18.0,22.513964188158898,65.28538625943348,-0.5926085944561389,0.42859906833051953,-3.876125464514545,-1.5425655300394314,3.992280786394895,3.213744549344681,3.625378038210781,0.9445837609354085,0.0,23,6,Dead,Weak,3,1,3,3,False
EMA.Pullback,DOGE-USDT-SWAP,1H,LONG,2026-06-09 00:00:00+00:00,2026-06-09 01:00:00+00:00,0.08627,0.086034182,0.08606,0.08669,-173.8183377142821,-1.1229428571428413,0,SL,60,0.0,-7.476190476190419,0.0008662818123903483,2.0,24.98686069375905,53.01683381905839,-0.2625300488974893,0.7832250751221863,-3.008462246536515,-1.4025733163324476,2.361177028951122,3.321479847765902,2.7322962257770698,0.9551107215184972,0.0,23,0,Dead,Weak,3,1,3,3,False
EMA.Pullback,DOGE-USDT-SWAP,1H,LONG,2026-06-09 05:00:00+00:00,2026-06-09 14:00:00+00:00,0.08612,0.084984497,0.08501,0.08834,-113.84402686486419,-1.0229756756756723,0,SL,540,0.5225225225225201,-1.684684684684682,0.0009189317006452846,9.0,20.712498591832407,53.01799473229309,-0.3259969236558663,0.3464859537883714,-2.9841009812385013,-1.5791918253599628,1.9050999881670811,3.096862301874241,3.1486117608199873,1.396664087338078,0.0,4,1,Asia,Weak,0,1,3,3,False
EMA.Pullback,DOGE-USDT-SWAP,1H,LONG,2026-06-11 14:00:00+00:00,2026-06-11 17:00:00+00:00,0.08496,0.084444659,0.08447,0.08593999999999997,-131.08669293877537,-1.0517163265306095,0,SL,180,3.816326530612341,-1.2653061224489952,0.0007759699891810574,6.0,20.699546406496005,55.67531025610422,-0.23087149179469865,0.29335181409999933,-2.215084545046661,-0.6826741996233653,3.8757794351387607,4.814906312119939,2.624812966139823,1.1130744748356525,0.0,13,3,NewYork,Weak,2,1,3,3,False
EMA.Pullback,DOGE-USDT-SWAP,1H,LONG,2026-06-11 18:00:00+00:00,2026-06-12 14:00:00+00:00,0.0867,0.09142,0.08434,0.09142,195.4715254237288,2.0,1,TP,1200,2.4406779661016946,-0.7118644067796611,0.0008751777608548574,40.0,21.68118241707389,68.68537785204258,-0.20131324094715283,0.3342926314152594,-0.14175096899634368,-0.1499423298731316,5.977264393105984,4.313137165160437,3.189604833400027,3.0504211902262743,0.0,17,3,NewYork,Weak,2,1,3,3,True
EMA.Pullback,DOGE-USDT-SWAP,1H,LONG,2026-06-13 08:00:00+00:00,2026-06-13 12:00:00+00:00,0.087,0.08819999999999997,0.0864,0.08819999999999997,182.4799999999997,2.0,1,TP,240,2.833333333333395,-0.033333333333320996,0.0008925539976794064,62.0,31.585142886328764,53.143085105569554,-0.054333589896188916,0.0455552476867461,0.24758144204054816,-6.263647856568206,1.7184942716857599,4.887363924822006,6.632357669888305,0.6881769584637837,0.0,7,5,London,Trending,1,2,3,3,True
EMA.Pullback,DOGE-USDT-SWAP,1H,LONG,2026-06-13 18:00:00+00:00,2026-06-13 21:00:00+00:00,0.08756,0.088,0.08734,0.088,152.11999999999955,2.0,1,TP,180,4.590909090909119,-0.45454545454547174,0.0007454930917634874,6.0,36.413450499008825,52.94587156875337,0.1109115303299847,0.5914477381321828,0.7694926973164276,-1.3933302878026483,2.3614683189151204,3.8586540739060364,2.0800603171385825,1.0025232886385078,0.0,17,5,NewYork,Trending,2,2,3,3,True
EMA.Pullback,DOGE-USDT-SWAP,1H,LONG,2026-06-13 22:00:00+00:00,2026-06-14 00:00:00+00:00,0.08812,0.087543729,0.08757,0.08922000000000002,-128.7164067999975,-1.0477654545454436,0,SL,120,0.0,-1.0545454545454325,0.0006840550342007755,2.0,34.926983630367296,58.3229601931381,0.12420086147055184,0.5692590215869471,1.3754100094095394,-0.7489786654561892,2.7998133457769474,3.445139236672887,1.8598244545144729,0.8437475278566406,0.0,21,5,Dead,Trending,3,2,3,3,False
EMA.Pullback,DOGE-USDT-SWAP,1H,LONG,2026-06-14 01:00:00+00:00,2026-06-14 02:00:00+00:00,0.08765,0.08787,0.08754,0.08787,65.4238448374204,2.0,1,TP,60,3.9090909090909434,0.0,0.0006179879410127934,1.0,35.30553599983918,52.39299456244722,0.1023268645979314,0.43410519502960776,0.8059747595940729,-1.2892184826012458,2.251516565562297,2.66208494486419,1.831530598135796,0.4866953608568116,0.0,0,6,Asia,Trending,0,2,3,3,True
EMA.Pullback,DOGE-USDT-SWAP,1H,LONG,2026-06-14 03:00:00+00:00,2026-06-14 04:00:00+00:00,0.08789,0.087703681,0.08773,0.08820999999999998,-180.90465843667496,-1.1644937499999872,0,SL,60,1.2500000000000868,-3.12500000000013,0.0005863773573018475,1.0,35.239673004317936,55.273828313919545,0.09472020883704045,0.3789885518208994,1.0728733731176994,-1.0011376564277494,1.7361111111111125,1.8430927703575541,1.7634021732631167,0.6210214408986068,0.0,2,6,Asia,Trending,0,2,3,3,False
EMA.Pullback,DOGE-USDT-SWAP,1H,LONG,2026-06-14 22:00:00+00:00,2026-06-16 14:00:00+00:00,0.08851,0.08651403800000002,0.08654,0.09245,-107.96641740101427,-1.013178680203041,0,SL,2400,1.2081218274111645,-1.1878172588832534,0.0006708227740452356,25.0,27.172411481447256,67.11870152120224,-0.046049992290054145,-0.21011428129372564,1.7798260296185722,-0.6213987120099366,3.3391710449503806,3.1292262006535045,2.8403625395244365,3.275786486442039,0.0,21,6,Dead,Trending,3,2,3,3,False
EMA.Pullback,DOGE-USDT-SWAP,1H,LONG,2026-06-17 18:00:00+00:00,2026-06-17 19:00:00+00:00,0.08755,0.086863933,0.08689,0.08887000000000002,-123.7549029999969,-1.03949545454544,0,SL,60,0.0,-4.075757575757525,0.0007319701095871017,63.0,20.60283100587445,56.09969757183837,-0.11319891682669617,-0.4621491745149506,0.22362530419895357,-0.6168608636052076,2.493853178784694,3.053447561276261,2.3924804799704247,0.805341091178774,0.0,17,2,NewYork,Weak,2,1,3,3,False
EMA.Pullback,DOGE-USDT-SWAP,1H,LONG,2026-07-01 16:00:00+00:00,2026-07-01 20:00:00+00:00,0.07333,0.072588217,0.07261,0.07477000000000003,-118.21068474999898,-1.0302541666666627,0,SL,240,0.3611111111110999,-1.1944444444444235,0.0007371038419586421,68.0,24.723124469382697,64.59322078310763,-0.4538390094547745,-0.27655530103102965,-2.2369498119943385,-0.3136933987997927,4.088586030664386,3.14879598492501,2.659852934355306,1.9251535141401819,0.0,15,2,NewYork,Weak,2,1,3,3,False
EMA.Pullback,DOGE-USDT-SWAP,1H,LONG,2026-07-02 23:00:00+00:00,2026-07-03 01:00:00+00:00,0.07394,0.07440000000000002,0.07371,0.07440000000000002,161.30260869565353,2.0,1,TP,120,4.347826086956375,-0.17391304347830808,0.0006433237122193784,10.0,26.369918952223024,54.79171572355154,-0.04289793126045191,0.7039373845458596,-0.870099669161585,-2.150101419878288,2.3246160232461612,3.7721496078319596,2.3667828771841437,0.44403918579566404,0.0,22,3,Dead,Trending,3,2,3,3,True
EMA.Pullback,DOGE-USDT-SWAP,1H,LONG,2026-07-03 02:00:00+00:00,2026-07-03 13:00:00+00:00,0.07478,0.0765,0.07392,0.0765,189.44558139534882,2.0,1,TP,660,2.1976744186046555,-0.6976744186046553,0.0006438892841639859,10.0,27.51036395756684,63.25653536713386,-0.056127504834096544,0.5675161256309841,0.24156430215341632,-1.0298247960411835,3.459250034592504,3.503968211846717,2.302561286660839,0.896114832412856,0.0,1,4,Asia,Trending,0,2,3,3,True
EMA.Pullback,DOGE-USDT-SWAP,1H,LONG,2026-07-04 03:00:00+00:00,2026-07-04 04:00:00+00:00,0.07697,0.07775,0.07658,0.07775,176.19692307692318,2.0,1,TP,60,3.0,0.0,0.000670624562234732,28.999999999999996,51.94991077644798,59.23048170154574,0.33386230758647883,1.315143253432221,2.6683844947484876,-1.9228270754839665,3.038821954484597,4.900142314354141,2.320053011331546,0.849390150670924,0.0,2,5,Asia,Trending,0,2,3,3,True
EMA.Pullback,DOGE-USDT-SWAP,1H,LONG,2026-07-04 05:00:00+00:00,2026-07-04 06:00:00+00:00,0.07777,0.07710686100000001,0.07713,0.07905000000000001,-121.75064321874727,-1.0361546874999865,0,SL,60,0.0,-1.7500000000000109,0.0006961507704983144,42.0,51.23128287583448,66.37132031938734,0.3437832177163218,1.2763619733294551,3.6521516978062865,-0.8873456790123586,4.096385542168666,4.278284894819634,2.264525557973749,1.0574100299650082,0.0,4,5,Asia,Trending,0,2,3,3,False
EMA.Pullback,DOGE-USDT-SWAP,1H,LONG,2026-07-04 07:00:00+00:00,2026-07-04 09:00:00+00:00,0.07704,0.076627005,0.07665,0.07782,-135.43338538461418,-1.0589615384615327,0,SL,120,0.4102564102564276,-1.2564102564102273,0.0007078544908888533,50.0,49.74147059346751,56.172027584677565,0.3240932869284847,1.1247936299567083,2.6231560989646843,-1.843437621705835,2.3790536948431686,3.119557530944988,2.493672636608461,0.9166054907765502,0.0,6,5,Asia,Trending,0,2,3,3,False
EMA.Pullback,DOGE-USDT-SWAP,1H,LONG,2026-07-04 11:00:00+00:00,2026-07-04 15:00:00+00:00,0.07707,0.07780999999999999,0.0767,0.07780999999999999,174.884324324324,2.0,1,TP,240,4.459459459459512,-0.7027027027027017,0.0006367378726123626,18.0,46.200902591569836,56.17183919373675,0.2726548914428865,0.8115349167900261,2.5887805735160336,-1.7773741567203036,1.2744711601629204,2.3937497208665484,2.313107343017963,0.47184462808243355,0.0,10,5,London,Trending,1,2,3,3,True
EMA.Pullback,DOGE-USDT-SWAP,1H,LONG,2026-07-04 16:00:00+00:00,2026-07-04 23:00:00+00:00,0.07852,0.077616708,0.07764,0.08028000000000002,-115.93932099999859,-1.0264681818181751,0,SL,420,0.9318181818181613,-1.374999999999994,0.0006270139765720046,15.0,45.987291002935955,69.67783776255351,0.2767094227913192,0.7302914829092549,4.347054807709086,-0.25471217524196615,2.573481384715871,2.4322000633429233,2.5313755267058275,2.189708784171237,0.0,15,5,NewYork,Trending,2,2,3,3,False
EMA.Pullback,DOGE-USDT-SWAP,1H,LONG,2026-07-05 14:00:00+00:00,2026-07-05 15:00:00+00:00,0.07657,0.07708999999999999,0.07631,0.07708999999999999,164.5399999999995,2.0,1,TP,60,2.9230769230769518,0.0,0.0005903956548502324,3.0,30.624418650698598,49.49766466221687,0.061500778250880836,-0.28337772479087353,1.3226601532140732,-3.617604806059808,1.7406324740898296,5.547106801267453,2.3862798197274495,0.7257803401028432,0.0,13,6,NewYork,Trending,2,2,3,3,True
EMA.Pullback,DOGE-USDT-SWAP,1H,LONG,2026-07-05 16:00:00+00:00,2026-07-05 21:00:00+00:00,0.07712,0.07785999999999998,0.07675,0.07785999999999998,174.8681081081078,2.0,1,TP,300,3.1891891891892308,-0.6756756756756848,0.0005982493146412725,7.000000000000001,27.280292028170663,55.82458028303578,0.09031684094293348,-0.14653562524442956,2.0102362566371936,-2.0228215767634934,2.4714323677916568,4.29405562925184,2.4045032413036433,1.8916336601273265,0.0,15,6,NewYork,Trending,2,2,3,3,True
EMA.Pullback,DOGE-USDT-SWAP,1H,LONG,2026-07-05 22:00:00+00:00,2026-07-06 05:00:00+00:00,0.07789,0.076846939,0.07687,0.07993000000000001,-113.62393758823342,-1.0226088235294026,0,SL,420,0.8823529411764626,-1.4803921568627325,0.0006678775048229166,51.0,24.69616973650035,61.78082758474125,0.19967599538310696,0.3028558729743959,2.890103350780503,-0.5263833611503321,3.4945522189742326,3.620264180855109,2.4923951693611976,1.0844344360635634,0.0,21,6,Dead,Weak,3,1,3,3,False
EMA.Pullback,DOGE-USDT-SWAP,1H,LONG,2026-07-10 16:00:00+00:00,2026-07-10 18:00:00+00:00,0.074,0.07366789300000001,0.07369,0.07461999999999998,-142.84346316128733,-1.0713129032257873,0,SL,120,1.1290322580645595,-1.225806451612912,0.0005382277205822782,25.0,23.65671701012991,56.016474665442665,-0.04732574731953233,0.3981718115574964,-0.5702473693970986,-0.864748007026061,1.9281090758848813,2.570567482199592,2.10462640654811,0.800674351036514,0.0,15,4,NewYork,Weak,2,1,3,3,False
EMA.Pullback,DOGE-USDT-SWAP,1H,LONG,2026-07-14 15:00:00+00:00,2026-07-15 02:00:00+00:00,0.0745,0.073587917,0.07361,0.07628,-114.94592698876225,-1.024812359550553,0,SL,660,0.9438202247191074,-1.0,0.0005650643186415097,93.0,20.561305983554213,74.82549167803671,-0.11877420806222991,0.13311330795910112,1.295354492653004,-0.21476510067115082,4.9739326475975645,4.184640591099772,2.5234919384249683,2.165573649359487,0.0,14,1,NewYork,Weak,2,1,3,3,False
EMA.Pullback,DOGE-USDT-SWAP,1H,LONG,2026-07-15 03:00:00+00:00,2026-07-15 04:00:00+00:00,0.07371,0.07391,0.07361,0.07391,75.58540225207281,2.0,1,TP,60,4.899999999999903,0.0,0.0005391386527358685,70.0,27.922790051158998,53.37522892909645,0.08202426707014422,0.6568387549737532,0.12161221710452794,-2.1975040694519947,2.48853051577923,5.162753180687036,2.379255458430141,0.6735350989981291,0.0,2,2,Asia,Trending,0,2,3,3,True
EMA.Pullback,DOGE-USDT-SWAP,1H,LONG,2026-07-15 05:00:00+00:00,2026-07-15 06:00:00+00:00,0.07407,0.07465,0.07378,0.07465,169.23034482758607,2.0,1,TP,60,2.7931034482758936,0.0,0.0005286960832263366,63.0,26.389475094239536,58.21732162084623,0.06908984046020036,0.5610813133069653,0.5857419597140207,-1.7145943026866575,2.9751146948422122,4.292980635927089,2.36771184517479,0.5457016200132375,0.0,4,2,Asia,Trending,0,2,3,3,True
EMA.Pullback,DOGE-USDT-SWAP,1H,LONG,2026-07-15 08:00:00+00:00,2026-07-15 09:00:00+00:00,0.07397,0.073817848,0.07384,0.07422999999999998,-177.75902987696787,-1.1703999999999923,0,SL,60,4.076923076923372,-4.153846153846425,0.0005410478479767719,70.0,26.026791490004033,54.215330539312156,0.06937376382591805,0.5048602083645637,0.42536020372689676,-1.8521022035960664,2.607851296989864,1.8044106730658465,2.507791113874478,0.8564267439230496,0.0,7,2,London,Trending,1,2,3,3,False
EMA.Pullback,DOGE-USDT-SWAP,1H,LONG,2026-07-15 13:00:00+00:00,2026-07-15 16:00:00+00:00,0.07467,0.073627905,0.07365,0.07671000000000001,-113.05575911764693,-1.0216617647058819,0,SL,180,0.4607843137254853,-1.3823529411764557,0.0005721154664329595,91.0,20.665667298454167,62.28806274025479,0.06051611298927078,0.39616086558475344,1.3505057920648387,-0.28123744475693296,1.6886830995505993,1.4486561386952774,1.9495729283160366,1.9735447501907581,0.0,12,2,NewYork,Weak,2,1,3,3,False
EMA.Pullback,DOGE-USDT-SWAP,1H,LONG,2026-07-20 12:00:00+00:00,2026-07-20 13:00:00+00:00,0.07286,0.072088367,0.07211,0.07436,-117.36466935999816,-1.0288439999999908,0,SL,60,0.0,-1.2933333333333303,0.0005093641026257989,64.0,20.233085339931062,59.56383368865455,-0.1085610573912989,-0.12740850592321287,-0.019014653513085712,-0.3431237990667036,2.590819487468311,1.9787624853997605,2.2555840359408457,1.9949571153398185,0.0,11,0,London,Weak,1,1,3,3,False
EMA.Pullback,DOGE-USDT-SWAP,1H,LONG,2026-07-26 22:00:00+00:00,2026-07-26 23:00:00+00:00,0.07276,0.07332000000000001,0.07248,0.07332000000000001,168.69714285714312,2.0,1,TP,60,2.6785714285714075,0.0,0.0004912261116149951,32.0,33.83366885964702,54.91518960485525,0.15650591663969401,0.6267573217150217,1.2772005096487025,-1.7182130584192454,1.1540600667408196,1.6246644954802671,1.3647917583791134,0.3939905502209963,0.0,21,6,Dead,Trending,3,2,3,3,True
EMA.Pullback,DOGE-USDT-SWAP,1H,LONG,2026-07-27 00:00:00+00:00,2026-07-27 01:00:00+00:00,0.07336,0.07306807300000001,0.07309,0.07389999999999998,-148.78179399999473,-1.0812111111110803,0,SL,60,0.0,-3.1481481481481977,0.0004933531268517054,33.0,33.43431691304508,64.6962423960473,0.15792373882042798,0.5956303901669037,2.0852338265500716,-0.8724100327153785,1.3119734843253592,1.397473891204765,1.4402608595064947,0.687383661284196,0.0,23,6,Dead,Trending,3,2,3,3,False
EMA.Pullback,DOGE-USDT-SWAP,1H,LONG,2026-07-27 04:00:00+00:00,2026-07-27 08:00:00+00:00,0.07284,0.07247825,0.0725,0.07352000000000002,-138.4385147058821,-1.0639705882352957,0,SL,240,1.9411764705881778,-1.6764705882352628,0.0004796657292797683,27.0,27.906220730949045,52.88400607489027,0.138309372629937,0.45512835271553426,1.2958768096006708,-1.2769463133324181,0.5800303825438526,1.395175501839372,1.406084644824245,0.5838260324921807,0.0,3,0,Asia,Trending,0,2,3,3,False
FVG+EMA200+Slope,LTC-USDT-SWAP,1H,LONG,2026-06-13 22:00:00+00:00,2026-06-14 07:00:00+00:00,44.2,43.846842,43.86,44.88000000000001,-123.27767799999806,-1.038699999999991,0,SL,540,1.2941176470588038,-1.0,0.28214978004457436,9.0,29.465557460027725,67.02858553475536,0.04859492534457877,0.6671926565498245,1.249141914963881,-0.3619909502262366,2.7429102742910265,2.5815445034291575,1.7137996098700776,1.5494560898416303,0.0,21,5,Dead,Trending,3,2,4,6,False
FVG+EMA200+Slope,LTC-USDT-SWAP,1H,LONG,2026-06-14 21:00:00+00:00,2026-06-14 22:00:00+00:00,44.4,44.919999999999995,44.14,44.919999999999995,179.38769230769216,2.0,1,TP,60,2.8461538461538756,0.0,0.2502739194226031,3.0,18.709425186544856,64.42181733381582,0.06927164505516215,0.3002067496800261,1.4771266700269408,-0.5405405405405451,1.6483516483516456,1.4202395143013729,1.3203246853921904,0.7459491053608781,0.0,20,6,Dead,Ranging,3,0,4,6,True
FVG+EMA200+Slope,LTC-USDT-SWAP,1H,LONG,2026-06-14 23:00:00+00:00,2026-06-15 10:00:00+00:00,45.11,45.870000000000005,44.73,45.870000000000005,185.63473684210538,2.0,1,TP,660,2.6842105263157796,-0.9473684210526238,0.2895218999103061,36.0,22.60518314853825,76.71747972123286,0.11163112241399714,0.4474886939227699,3.0207164695147144,-0.08869179600886729,3.2509157509157545,2.695227441123402,1.7739665165786522,2.307350061977171,0.0,22,6,Dead,Weak,3,1,4,6,True
FVG+EMA200+Slope,LTC-USDT-SWAP,1H,LONG,2026-06-15 12:00:00+00:00,2026-06-15 15:00:00+00:00,45.78,45.396377,45.41,46.52000000000001,-122.1491422162135,-1.0368189189189063,0,SL,180,1.3513513513513347,-1.3513513513513347,0.3892876045338175,95.0,33.063001324812014,67.30057733153858,0.3189243479243387,0.9522040334353398,4.1177104283375145,-0.7865414026655001,4.3547651618787135,4.775433769656749,2.7923790766726073,2.599653709406679,0.0,11,0,London,Trending,1,2,4,6,False
FVG+EMA200+Slope,LTC-USDT-SWAP,1H,LONG,2026-06-16 09:00:00+00:00,2026-06-16 10:00:00+00:00,46.24,45.726278,45.74,47.24,-116.52475336000055,-1.0274440000000027,0,SL,60,0.0,-1.5600000000000023,0.3879619709358035,84.0,18.980573935852593,63.472024309604826,0.33368497916574064,0.571041323873759,4.398279721692666,-0.10810810810810198,2.232537577365159,1.8887155411728171,2.406007772740106,1.3958169912691858,0.0,8,1,London,Ranging,1,0,4,6,False
FVG+EMA200+Slope,LTC-USDT-SWAP,1H,LONG,2026-06-16 19:00:00+00:00,2026-06-16 20:00:00+00:00,45.62,45.38638,45.4,46.059999999999995,-137.20173999999653,-1.061909090909073,0,SL,60,0.5,-1.2272727272727155,0.4083386085688244,90.0,16.580037572367434,53.74666772347606,0.20990142026224437,0.061265593285467115,2.7605100872337185,-1.5782551512494654,2.6321709786276593,2.9859443674074404,3.2538286693910434,0.7197635916179851,0.0,18,1,NewYork,Ranging,2,0,4,6,False
FVG+EMA200+Slope,LTC-USDT-SWAP,1H,LONG,2026-06-17 17:00:00+00:00,2026-06-17 18:00:00+00:00,45.54,45.476353,45.49,45.63999999999999,-144.82192775581345,-1.2729399999999926,0,SL,60,5.000000000000284,-12.600000000000767,0.38626993457000003,67.0,10.64655036082835,52.28598564595972,0.1657723414397561,-0.05025801331657036,2.0578635978692006,-1.120140566659341,1.5161649944258633,2.1053704242884796,1.8925611582669841,1.1039736324347955,0.0,16,2,NewYork,Ranging,2,0,4,6,False
FVG+EMA200+Slope,LTC-USDT-SWAP,1H,LONG,2026-06-21 08:00:00+00:00,2026-06-21 10:00:00+00:00,44.8,45.16,44.62,45.16,170.01333333333326,2.0,1,TP,120,3.0000000000000395,-0.38888888888889106,0.24271942555841633,7.000000000000001,20.88746741574774,68.59398471727607,0.051271574637507714,0.33430957141073586,1.0380980006761504,-0.22326412145568525,2.447392497712718,1.9761066778340441,1.3598724050015651,1.029358512368224,0.0,7,6,London,Weak,1,1,4,6,True
FVG+EMA200+Slope,LTC-USDT-SWAP,1H,LONG,2026-06-21 11:00:00+00:00,2026-06-21 12:00:00+00:00,45.07,44.916521,44.93,45.35,-157.82136614285216,-1.0962785714285475,0,SL,60,0.2857142857142785,-1.5,0.2542254292827417,14.000000000000002,26.83745590011209,74.83137104351825,0.07825538030379155,0.40624335666683214,1.6064506598509232,-0.6213936972925014,2.759407069555304,2.526297577753599,1.2782223776365451,2.2023501374662526,0.0,10,6,London,Trending,1,2,4,6,False
FVG+EMA200+Slope,LTC-USDT-SWAP,1H,LONG,2026-06-21 16:00:00+00:00,2026-06-21 17:00:00+00:00,45.89,45.28641,45.3,47.07000000000001,-113.8789569491527,-1.0230338983050857,0,SL,60,0.0,-1.3728813559321993,0.2918253784038592,38.0,37.05029936543347,84.18721903863091,0.16165412076868058,0.6630451471764585,3.3947541338866905,-0.326797385620912,4.270786006360734,3.565023728637281,1.606402705624037,3.690404592334361,0.0,15,6,NewYork,Trending,2,2,4,6,False
FVG+EMA200+Slope,LTC-USDT-SWAP,1H,LONG,2026-06-22 02:00:00+00:00,2026-06-22 06:00:00+00:00,45.17,44.776563,44.79,45.93000000000001,-121.27419415789255,-1.035360526315779,0,SL,240,0.0,-1.0526315789473577,0.37767487722821297,87.0,34.16417333068827,56.4118496301172,0.12861457168708432,0.35413353350148236,1.64214902304932,-1.925630810092956,1.8944519621109521,2.6206551699732747,2.8868558206559225,1.3733753424353052,0.0,1,0,Asia,Trending,0,2,4,6,False
FVG+EMA200+Slope,LTC-USDT-SWAP,1H,LONG,2026-06-22 13:00:00+00:00,2026-06-22 14:00:00+00:00,45.5,45.146452,45.16,46.18000000000001,-123.96584447058808,-1.0398470588235293,0,SL,60,0.5588235294117524,-1.323529411764701,0.324107791694846,70.0,29.452334834595998,62.740903670934756,0.11001035514934389,0.22594310189832673,2.237215883178232,-0.13186813186813687,2.6161479476770335,1.9680824115961602,2.4013004052311198,1.5334699964248277,0.0,12,0,NewYork,Trending,2,2,4,6,False
FVG+EMA200+Slope,LTC-USDT-SWAP,1H,LONG,2026-07-02 05:00:00+00:00,2026-07-02 06:00:00+00:00,43.11,42.967106,42.98,43.370000000000005,-159.56481815383844,-1.0991846153845808,0,SL,60,0.0,-3.9999999999998908,0.4372146291826031,87.0,19.266516789824564,59.12789288167299,0.07686761138825571,0.4705012602302063,1.3564685351237404,-1.298701298701304,4.9659201557935715,4.926005035342047,4.0612926591678,0.8417891104169262,0.0,4,3,Asia,Ranging,0,0,4,6,False
FVG+EMA200+Slope,LTC-USDT-SWAP,1H,LONG,2026-07-02 10:00:00+00:00,2026-07-03 18:00:00+00:00,43.23,44.12999999999999,42.78,44.12999999999999,188.3519999999999,2.0,1,TP,1920,2.044444444444468,-0.9333333333333301,0.41631216032214224,73.0,17.683884464717476,59.48187763171909,0.07886633184051574,0.4064375016117599,1.578091833981643,-1.0409437890353987,3.6939313984168844,3.156746683168063,3.5450478201176963,1.4545845882276287,0.0,9,3,London,Ranging,1,0,4,6,True
FVG+EMA200+Slope,LTC-USDT-SWAP,1H,LONG,2026-07-03 19:00:00+00:00,2026-07-03 20:00:00+00:00,44.1,44.52,43.89,44.52,174.68000000000012,2.0,1,TP,60,5.714285714285671,0.0,0.31298323083968843,14.000000000000002,22.98338241908951,69.2281051148214,0.21313580746702573,0.5112131792869843,3.0226837096263925,-0.09068238494672216,2.3909006499535774,2.3750593831806794,1.5696081404430633,0.7403163625904332,0.0,18,4,NewYork,Weak,2,1,4,6,True
FVG+EMA200+Slope,LTC-USDT-SWAP,1H,LONG,2026-07-03 21:00:00+00:00,2026-07-04 01:00:00+00:00,45.18,44.156749000000005,44.17,47.199999999999996,-107.93109399999938,-1.0131198019801948,0,SL,240,0.09900990099010061,-1.0990099009901007,0.37180696944850655,60.0,27.103075333745473,81.88395420971598,0.2684640519674727,0.7022754251897719,5.428560024757182,-0.265604249667989,4.874651810584962,4.301795111493908,2.661849845435188,3.7709349942243473,0.0,20,4,Dead,Trending,3,2,4,6,False
FVG+EMA200+Slope,LTC-USDT-SWAP,1H,LONG,2026-07-04 16:00:00+00:00,2026-07-04 23:00:00+00:00,45.14,44.756569000000006,44.77,45.879999999999995,-121.83782199999858,-1.0362999999999924,0,SL,420,1.486486486486489,-1.3783783783783825,0.3612949084574368,53.0,22.986308445662996,66.93984471819618,0.3229599897500127,0.5670245181068398,4.631597044465972,-0.3987594151528572,2.730996813837057,2.955237535615755,3.307391927915429,2.1077819963719855,0.0,15,5,NewYork,Weak,2,1,4,6,False
FVG+EMA200+Slope,LTC-USDT-SWAP,1H,LONG,2026-07-05 09:00:00+00:00,2026-07-05 10:00:00+00:00,44.45,44.356688999999996,44.37,44.610000000000014,-179.87178110237195,-1.166387500000009,0,SL,60,2.7499999999998,-3.9999999999997335,0.28850727349608146,1.0,19.225385726194038,48.45729512369988,0.23600071371703996,0.05446009284832834,2.4347838626110887,-2.8127812781278125,0.8853575482406371,3.944167371770603,2.3048582402101103,0.40852948314420295,0.0,8,6,London,Ranging,1,0,4,6,False
FVG+EMA200+Slope,LTC-USDT-SWAP,1H,LONG,2026-07-05 12:00:00+00:00,2026-07-05 14:00:00+00:00,44.74,45.1,44.56,45.1,170.05333333333328,2.0,1,TP,120,2.5555555555555642,-0.5555555555555644,0.31075819237277413,13.0,17.495673149997227,55.59570951287929,0.228155214902035,0.04835551595624882,3.0696509286264995,-2.1005586592178718,1.7507958162801347,3.924649900176188,2.2262002816999495,0.596720343487996,0.0,11,6,London,Ranging,1,0,4,6,True
FVG+EMA200+Slope,LTC-USDT-SWAP,1H,LONG,2026-07-05 16:00:00+00:00,2026-07-05 17:00:00+00:00,45.41,45.046482000000005,45.06,46.109999999999985,-123.23139691428477,-1.0386228571428513,0,SL,60,0.14285714285715737,-1.057142857142867,0.3263591923250419,25.0,16.921677742182403,66.73948472507809,0.29303122213810584,0.3175999307547751,4.413690427935917,-0.41850220264318244,3.2287403365166027,3.318109461862425,2.215919570947693,2.291275362635913,0.0,15,6,NewYork,Ranging,2,0,4,6,False
FVG+EMA200+Slope,LTC-USDT-SWAP,1H,LONG,2026-07-05 20:00:00+00:00,2026-07-05 21:00:00+00:00,45.64,45.526338,45.54,45.84,-182.02380279999184,-1.136619999999963,0,SL,60,1.3999999999999857,-3.5999999999999432,0.38516620397739343,68.0,24.130753132738306,64.6378088594405,0.38638241477202667,0.661731107790031,4.7769911292694225,-0.9202453987730098,3.7744429286039196,4.554764612405866,2.5853933262840476,1.1312428987157517,0.0,19,6,NewYork,Weak,2,1,4,6,False
FVG+EMA200+Slope,LTC-USDT-SWAP,1H,LONG,2026-07-06 17:00:00+00:00,2026-07-06 23:00:00+00:00,45.15,44.79655700000001,44.81,45.82999999999999,-123.7805688823504,-1.039538235294104,0,SL,360,1.41176470588238,-1.0588235294117745,0.425394392954839,98.0,23.794924266356848,55.07996461449809,0.18324730321358554,-0.203297091041672,2.981191071445158,-2.171023482498885,3.3424908424908444,4.750397557726826,2.8273111386818233,0.8174905895282533,0.0,16,0,NewYork,Weak,2,1,4,6,False
FVG+EMA200+Slope,LTC-USDT-SWAP,1H,LONG,2026-07-07 16:00:00+00:00,2026-07-07 18:00:00+00:00,44.65,44.08677,44.1,45.74999999999999,-114.4912840000001,-1.0240545454545458,0,SL,120,0.16363636363637069,-1.145454545454543,0.360050514783945,42.0,19.987472987390433,54.55978770929722,0.035022589216542305,-0.46646101631231524,1.5706669699591411,-2.194848824188139,2.057142857142854,4.168027290936351,2.762861200917072,1.786083193613987,0.0,15,1,NewYork,Ranging,2,0,4,6,False
FVG+EMA200+Slope,LTC-USDT-SWAP,1H,LONG,2026-07-10 03:00:00+00:00,2026-07-10 14:00:00+00:00,44.36,44.106764,44.12,44.84,-133.146690999999,-1.055149999999996,0,SL,660,1.4999999999999851,-1.4583333333333273,0.30380778741295245,15.0,21.59151864378407,61.88438184102728,0.020324010834112748,0.07295942762609482,1.0974632226250105,0.0,1.8595041322313939,1.4101528830956511,2.0697695435804464,1.0368008463276404,0.0,2,4,Asia,Weak,0,1,4,6,False
FVG+EMA200+Slope,LTC-USDT-SWAP,1H,LONG,2026-07-11 07:00:00+00:00,2026-07-11 08:00:00+00:00,44.93,45.029999999999994,44.88,45.029999999999994,51.21744936567364,2.0,1,TP,60,2.600000000000199,0.0,0.21298191929429225,1.0,16.91062203872717,66.53008935079947,0.16698546135027142,0.4096001098134567,1.9708889859144036,-0.3115958157133331,2.090433992274487,1.2360435506533831,1.4283852142877689,0.7074214564278936,0.0,6,5,Asia,Ranging,0,0,4,6,True
FVG+EMA200+Slope,LTC-USDT-SWAP,1H,LONG,2026-07-11 20:00:00+00:00,2026-07-11 22:00:00+00:00,45.37,45.186440000000005,45.2,45.70999999999999,-147.91403764705828,-1.0797647058823452,0,SL,120,0.8823529411765321,-1.8235294117647354,0.20236405265560953,9.0,23.475501283660943,70.60038274941809,0.22252044282296385,0.4902802114135042,2.6764767853930693,-0.11020498126516258,1.817773788150797,1.60256648473114,0.9538103224434259,0.6195230939576082,0.0,19,5,NewYork,Weak,2,1,4,6,False
FVG+EMA200+Slope,LTC-USDT-SWAP,1H,LONG,2026-07-12 13:00:00+00:00,2026-07-12 14:00:00+00:00,44.74,44.58662,44.6,45.02,-157.39712285713966,-1.0955714285714135,0,SL,60,0.6428571428571138,-1.571428571428557,0.20848438053172066,16.0,23.219013180034334,49.97230930725913,0.0757992067601923,-0.10447425808572874,1.042829242172939,-1.7661524703778366,0.9934522465567798,2.8639955496669827,1.8632552344700384,0.5859136801460114,0.0,12,6,NewYork,Weak,2,1,4,6,False
FVG+EMA200+Slope,LTC-USDT-SWAP,1H,LONG,2026-07-14 20:00:00+00:00,2026-07-14 23:00:00+00:00,44.94,45.41999999999999,44.7,45.41999999999999,177.40999999999954,2.0,1,TP,180,2.208333333333385,-0.16666666666666666,0.30147180659314543,98.0,27.561116725548565,71.56814372298484,0.08823825639265966,0.520240493233411,1.8325984195930738,-0.1335410638771473,3.5253456221198185,4.532668514397482,2.4424942261567812,0.8180978082826192,0.0,19,1,NewYork,Trending,2,2,4,6,True
FVG+EMA200+Slope,LTC-USDT-SWAP,1H,LONG,2026-07-15 00:00:00+00:00,2026-07-15 01:00:00+00:00,45.37,45.096467000000004,45.11,45.88999999999999,-131.28687699999665,-1.0520499999999826,0,SL,60,0.0,-1.769230769230786,0.29225000697904036,95.0,32.74128113263146,77.57231233397638,0.17277361099762356,0.773119638916812,2.714749892930386,-0.24250440917107458,4.22794117647058,5.372869186099856,2.3212297491900356,1.2786205272643292,0.0,23,1,Dead,Trending,3,2,4,6,False
FVG+EMA200+Slope,LTC-USDT-SWAP,1H,LONG,2026-07-15 10:00:00+00:00,2026-07-15 16:00:00+00:00,45.76,45.276413,45.29,46.699999999999996,-117.40337187234093,-1.0289085106383002,0,SL,360,0.3191489361702105,-1.9574468085106316,0.34064638986990825,100.0,32.67405627973911,73.06170230899038,0.19744877851007106,0.6536245193330564,3.416329422285761,-0.655594405594415,3.412429378531069,2.5027951383575258,1.869809352798757,4.757739154371069,0.0,9,2,London,Trending,1,2,4,6,False
FVG+EMA200+Slope,LTC-USDT-SWAP,1H,LONG,2026-07-16 15:00:00+00:00,2026-07-17 03:00:00+00:00,44.93,45.38999999999999,44.7,45.38999999999999,176.43826086956489,2.0,1,TP,720,4.217391304347879,-0.7826086956521833,0.28768397814408625,56.00000000000001,21.793141260815112,49.980399518605516,0.07920607117850668,-0.07796452294819262,1.0476743446256072,-1.046304541406943,1.3537906137184148,2.1555743651186186,1.4753155491038399,0.6220947428920983,0.0,14,3,NewYork,Weak,2,1,4,6,True
FVG+EMA200+Slope,LTC-USDT-SWAP,1H,LONG,2026-07-17 05:00:00+00:00,2026-07-17 06:00:00+00:00,45.47,45.206434,45.22,45.97,-132.61514415999784,-1.0542639999999892,0,SL,60,0.0,-2.6399999999999864,0.35760759920842566,93.0,15.142037965813264,58.396512609512754,0.14581865304867858,0.2017371717148943,2.0930877013406164,-0.9234828496042254,2.617328519855588,2.555636260675098,2.3607218307088207,1.2114504109018296,0.0,4,4,Asia,Ranging,0,0,4,6,False
FVG+EMA200+Slope,LTC-USDT-SWAP,1H,LONG,2026-07-17 18:00:00+00:00,2026-07-17 19:00:00+00:00,44.91,44.826548,44.84,45.04999999999998,-167.83113872188267,-1.1921714285714602,0,SL,60,2.714285714286048,-1.2857142857143582,0.38373436860237714,90.0,11.359538903574299,51.8590753429865,0.0030714754186229763,-0.2870035879756951,0.7643221276812634,-2.2271714922048997,1.9759255053372642,3.0594014424324674,2.783175349499164,0.5553942439181608,0.0,17,4,NewYork,Ranging,2,0,4,6,False
FVG+EMA200+Slope,LTC-USDT-SWAP,1H,LONG,2026-07-18 03:00:00+00:00,2026-07-18 05:00:00+00:00,45.54,45.316401,45.33,45.96,-138.91040028571342,-1.064757142857139,0,SL,120,0.04761904761903795,-1.0,0.3097631898200177,55.00000000000001,14.479914009108304,64.87894700730307,0.11946035961567834,0.2074879157320151,2.0865048211797053,-0.06587615283267707,3.429479900068131,2.961307477225958,1.9083969857908896,1.6060932122311538,0.0,2,5,Asia,Ranging,0,0,4,6,False
FVG+EMA200+Slope,LTC-USDT-SWAP,1H,LONG,2026-07-18 14:00:00+00:00,2026-07-18 15:00:00+00:00,45.76,46.01999999999999,45.63,46.01999999999999,157.6399999999985,2.0,1,TP,60,6.923076923077154,0.0,0.24388229151205745,4.0,25.207016085118962,67.59444845676,0.1853283954424361,0.39016791233111614,2.368665742114755,-0.19667832167832916,2.097278000892454,2.0266815050787623,1.0506250662191352,1.7782071861662871,0.0,13,5,NewYork,Trending,2,2,4,6,True
FVG+EMA200+Slope,LTC-USDT-SWAP,1H,LONG,2026-07-18 16:00:00+00:00,2026-07-18 17:00:00+00:00,46.22,46.379999999999995,46.14,46.379999999999995,112.98139333621441,2.0,1,TP,60,20.500000000000444,0.0,0.3091127921711105,52.0,30.550752129539106,73.16212231819698,0.2188569136127549,0.5033880116343163,3.326154213795178,-0.9519688446559881,2.779630865021125,3.0003858397264453,1.6369812702198479,4.660471718409843,0.0,15,5,NewYork,Trending,2,2,4,6,True
FVG+EMA200+Slope,LTC-USDT-SWAP,1H,LONG,2026-07-18 18:00:00+00:00,2026-07-18 19:00:00+00:00,47.45,47.005894000000005,47.02,48.31,-119.74082241860381,-1.0328046511627864,0,SL,60,0.0,-1.8604651162790808,0.407449295290396,100.0,36.84082170654206,84.37307459421599,0.29695949878553524,0.782330855623636,5.955146233333535,-0.8640674394098978,5.5147876362019215,5.456472834419533,2.6145004207497586,3.8458147228929978,0.0,17,5,NewYork,Trending,2,2,4,6,False
FVG+EMA200+Slope,LTC-USDT-SWAP,1H,LONG,2026-07-20 12:00:00+00:00,2026-07-20 13:00:00+00:00,47.39,46.975903,46.99,48.19,-121.20338544999987,-1.0352424999999992,0,SL,60,0.0,-2.2500000000000044,0.47264359554461305,98.0,27.861109035312218,57.12476597206701,0.3223466088590705,0.20606126956960383,4.022338607895552,-0.9704641350210989,2.287440656020706,2.5877449381368107,2.5796580825705697,1.7001091755871052,0.0,11,0,London,Trending,1,2,4,6,False
FVG+EMA200+Slope,LTC-USDT-SWAP,1H,LONG,2026-07-20 17:00:00+00:00,2026-07-20 18:00:00+00:00,47.35,47.105864,47.12,47.81000000000001,-136.9328340869564,-1.061460869565219,0,SL,60,0.608695652173905,-1.7391304347825725,0.4945919641379822,99.0,23.261362572774022,55.24387192085026,0.30561912575950023,0.17315492160228033,3.753332212907181,-1.0770855332629314,2.1795425118687914,2.5691922520954558,3.3653508376371537,0.9218111874179217,0.0,16,0,NewYork,Weak,2,1,4,6,False
FVG+EMA200+Slope,LTC-USDT-SWAP,1H,LONG,2026-07-20 22:00:00+00:00,2026-07-20 23:00:00+00:00,47.51,47.345792,47.36,47.809999999999995,-156.88631679999577,-1.0947199999999773,0,SL,60,0.0,-1.866666666666692,0.46499985895141155,85.0,22.17242375680565,57.20736172560622,0.3258899979786321,0.2692088443572002,3.925059285911101,-0.39991580719849473,2.52481657315493,2.462545016266219,3.2534102576844317,0.36037544302887836,0.0,21,0,Dead,Weak,3,1,4,6,False
FVG+EMA200+Slope,LTC-USDT-SWAP,1H,LONG,2026-07-21 15:00:00+00:00,2026-07-21 16:00:00+00:00,47.78,47.68569,47.7,47.94,-173.60759104227913,-1.1788750000000265,0,SL,60,0.7500000000000444,-3.875000000000111,0.36061519971421396,39.0,24.063828545372502,60.062636087807704,0.35750469395784695,0.3964647346647533,3.9019267349435935,-0.7325240686479728,1.8980592876946054,1.599422625860944,1.7140046823774044,3.548541724727065,0.0,14,1,NewYork,Weak,2,1,4,6,False
FVG+EMA200+Slope,LTC-USDT-SWAP,1H,LONG,2026-07-22 14:00:00+00:00,2026-07-22 20:00:00+00:00,46.84,47.20000000000002,46.66,47.20000000000002,168.6533333333345,2.0,1,TP,360,2.4444444444443394,-0.5555555555555424,0.245666810707481,3.0,21.887006797489157,50.687834109139935,0.08806682798362137,-0.3854278156631043,1.487626787143917,-1.2809564474807733,1.1444612394731184,2.193102260355169,1.3576969764699074,2.0813262704728746,0.0,13,2,NewYork,Weak,2,1,4,6,True
FVG+EMA200+Slope,LTC-USDT-SWAP,1H,LONG,2026-07-22 22:00:00+00:00,2026-07-22 23:00:00+00:00,47.5,47.22582800000001,47.24,48.019999999999996,-132.76134492307332,-1.0545076923076733,0,SL,60,0.0,-2.5000000000000138,0.26483976575456014,13.0,25.566608061852982,69.74163840853404,0.18118694999614812,0.07745969499755913,2.7376195125099994,-0.23162771109707186,2.5480457784495782,2.657634780599071,1.2212279855949169,1.5512946380675352,0.0,21,2,Dead,Trending,3,2,4,6,False
FVG+EMA200+Slope,LTC-USDT-SWAP,1H,LONG,2026-07-23 20:00:00+00:00,2026-07-23 21:00:00+00:00,46.89,47.129999999999995,46.77,47.129999999999995,152.989999999999,2.0,1,TP,60,5.833333333333481,0.0,0.2920681593593801,35.0,18.14383080206347,51.21857983404688,0.0731380132904865,-0.2422404566375374,1.1640836876061802,-1.0447761194029892,1.5591165006496293,2.3803486953025867,1.8785676336207278,0.5286879865699725,0.0,19,3,NewYork,Ranging,2,0,4,6,True
FVG+EMA200+Slope,LTC-USDT-SWAP,1H,LONG,2026-07-24 08:00:00+00:00,2026-07-24 09:00:00+00:00,46.97,46.835945,46.85,47.209999999999994,-170.3279724999999,-1.1171249999999946,0,SL,60,0.0,-3.7500000000000444,0.3242021367730606,53.0,14.412352635066982,51.79307408108791,0.10301081359218611,-0.04333779336178568,1.1510745736463661,-1.34156729131176,1.6890428757037703,2.1868818201847584,2.23175820669455,2.1256174224066693,0.0,7,4,London,Ranging,1,0,4,6,False
FVG+EMA200+Slope,LTC-USDT-SWAP,1H,LONG,2026-07-26 09:00:00+00:00,2026-07-26 14:00:00+00:00,47.07,46.895927,46.91,47.39000000000001,-152.82847262499408,-1.0879562499999744,0,SL,300,1.62499999999995,-2.874999999999939,0.19217931156374102,5.0,32.637885846362174,79.837553571629,0.08088085631745527,0.28869248881031206,1.4288658402355519,-0.04249893752655338,2.795980777632156,2.6706628316029937,0.6503705763024937,1.9840688157958752,0.0,8,6,London,Trending,1,2,4,6,False
FVG+EMA200+Slope,LTC-USDT-SWAP,1H,LONG,2026-07-26 17:00:00+00:00,2026-07-27 00:00:00+00:00,47.97,47.515741000000006,47.53,48.849999999999994,-119.50214649999809,-1.0324068181818082,0,SL,420,0.5681818181818211,-1.363636363636374,0.2872721067143982,70.0,38.806594109016395,80.9466878762892,0.17986927356058183,0.5882354850328891,3.2101588586909937,-0.47956630525437216,3.3843500754472955,3.2624897690145844,1.7934754218468962,3.4696760495682173,0.0,16,6,NewYork,Trending,2,2,4,6,False
Liq.Sweep.Rev,LTC-USDT-SWAP,1H,LONG,2026-06-15 09:00:00+00:00,2026-06-15 10:00:00+00:00,45.12,45.016491,45.03,45.29999999999999,-189.60537965424925,-1.1500999999999961,0,SL,60,11.22222222222274,-3.1111111111111724,0.29261956615420737,38.0,33.34588014258767,59.95790297878234,0.3131577532300928,1.0080571029792642,2.7674205171442194,-0.9084865942831742,3.319597069597076,5.140533701037883,2.1742877760394173,0.47426924241670915,0.0,8,0,London,Trending,1,2,5,6,False
Liq.Sweep.Rev,LTC-USDT-SWAP,1H,LONG,2026-06-17 13:00:00+00:00,2026-06-17 19:00:00+00:00,45.3,44.836545,44.85,46.19999999999999,-117.99820600000035,-1.0299000000000011,0,SL,360,1.311111111111131,-1.6666666666666825,0.34984369617454364,52.0,11.366345130706065,46.15529795331465,0.1951934115697196,0.032060424048479405,1.635611196354974,-1.6111233723239833,1.0256410256410275,1.871623982077903,1.8744829423681835,0.9984981378008995,0.0,12,2,NewYork,Ranging,2,0,5,6,False
Liq.Sweep.Rev,LTC-USDT-SWAP,1H,LONG,2026-06-17 23:00:00+00:00,2026-06-18 04:00:00+00:00,44.8,44.346692000000004,44.36,45.67999999999999,-118.20545799999783,-1.0302454545454434,0,SL,300,0.5000000000000161,-1.568181818181821,0.458271012531435,98.0,15.565131314499919,40.81337103432463,0.13301059083315525,-0.1279493121827881,0.3581348042475001,-2.433035714285722,0.9918845807033313,2.78909271723484,2.8297142842469745,0.8939108862461878,0.0,22,2,Dead,Ranging,3,0,5,6,False
Liq.Sweep.Rev,LTC-USDT-SWAP,1H,LONG,2026-06-22 22:00:00+00:00,2026-06-23 00:00:00+00:00,44.66,44.396677,44.41,45.16,-132.0320024799998,-1.053291999999999,0,SL,120,0.040000000000020464,-1.2399999999999807,0.32578454809148155,74.0,22.047408873646514,43.96007378738087,0.10368649829299573,0.1508603796584908,0.24591164146140887,-2.575587905935047,0.5404188245890611,2.449011497379617,2.173399079477076,0.6496485696628153,0.0,21,0,Dead,Weak,3,1,5,6,False
Liq.Sweep.Rev,LTC-USDT-SWAP,1H,LONG,2026-06-30 00:00:00+00:00,2026-06-30 01:00:00+00:00,43.15,42.997097,43.01,43.43,-155.3530415714304,-1.0921642857142957,0,SL,60,0.0,-4.571428571428557,0.3699924009905965,36.0,14.857712759329148,58.87322269201722,0.08511599491930508,0.421695307960739,1.1185957804963702,-0.5329008341056626,2.590919895412399,3.4883114924242093,2.139615044822034,0.384224788095962,0.0,23,0,Dead,Ranging,3,0,5,6,False
Liq.Sweep.Rev,LTC-USDT-SWAP,1H,LONG,2026-07-02 08:00:00+00:00,2026-07-02 09:00:00+00:00,42.68,43.059999999999995,42.49,43.059999999999995,172.92421052631545,2.0,1,TP,60,3.6315789473684523,0.0,0.41164013859846116,68.0,17.428997744799773,51.475079991573196,0.0685193658862766,0.3902680829002008,0.286882148978476,-2.367002577923595,3.870496592015588,4.469208207721101,4.060563942826259,0.6243441746013046,0.0,7,3,London,Ranging,1,0,5,6,True
Liq.Sweep.Rev,LTC-USDT-SWAP,1H,LONG,2026-07-06 14:00:00+00:00,2026-07-06 21:00:00+00:00,44.23,45.32999999999999,43.68,45.32999999999999,190.22981818181813,2.0,1,TP,420,2.545454545454569,0.0,0.41468466739557563,93.0,24.61460305916442,36.600447141513534,0.20384194627119176,-0.17171652910570653,0.949867698289468,-4.29669832654907,1.2362637362637343,4.883884283652604,2.2968766451084184,2.75520881943048,0.0,13,0,NewYork,Weak,2,1,5,6,True
Liq.Sweep.Rev,LTC-USDT-SWAP,1H,LONG,2026-07-07 01:00:00+00:00,2026-07-07 02:00:00+00:00,44.93,44.666596,44.68,45.43,-132.22638304000105,-1.0536160000000052,0,SL,60,0.0,-2.5999999999999943,0.3928651314001938,81.0,15.710699872321069,49.65956351437912,0.27665859995761777,0.23422196466208073,2.299442354775265,-1.535380507343135,2.8846153846153797,3.129542457101802,2.9259034073177648,0.692313481230035,0.0,0,1,Asia,Ranging,0,0,5,6,False
Liq.Sweep.Rev,LTC-USDT-SWAP,1H,LONG,2026-07-07 06:00:00+00:00,2026-07-07 11:00:00+00:00,44.06,43.78686,43.8,44.58000000000001,-130.38004461538398,-1.0505384615384603,0,SL,300,0.6153846153845901,-1.11538461538459,0.37451613024515906,59.0,18.783344844847726,37.576112537074444,0.16542014503778765,-0.16738719665698643,0.26362640235549334,-3.5633227417158424,0.8699633699633759,4.016673297816724,3.076537233154332,0.48835745092577143,0.0,5,1,Asia,Ranging,0,0,5,6,False
Liq.Sweep.Rev,LTC-USDT-SWAP,1H,LONG,2026-07-07 12:00:00+00:00,2026-07-07 14:00:00+00:00,44.13,43.756869,43.77,44.85,-121.94281150000079,-1.0364750000000038,0,SL,120,0.5,-1.0555555555555642,0.32912224977907056,27.0,22.05529865442231,42.28325298160637,0.02865038811260736,-0.5832901003872454,0.40998808163109357,-3.399048266485384,0.8224811514736107,4.651682855574153,2.3285251077067,0.832412735620905,0.0,11,1,London,Weak,1,1,5,6,False
Liq.Sweep.Rev,LTC-USDT-SWAP,1H,LONG,2026-07-07 15:00:00+00:00,2026-07-07 19:00:00+00:00,44.29,43.736875000000005,43.75,45.37,-114.64187499999822,-1.0243055555555467,0,SL,240,1.0555555555555578,-1.1481481481481453,0.34236209284424873,30.0,20.891606057565465,47.67702183313312,0.021881554339260628,-0.5389777842444338,0.7448871339693359,-3.048780487804881,1.211428571428574,4.4082508911622105,2.5677081580391694,1.7165762197733536,0.0,14,1,NewYork,Weak,2,1,5,6,False
Liq.Sweep.Rev,LTC-USDT-SWAP,1H,LONG,2026-07-15 04:00:00+00:00,2026-07-15 09:00:00+00:00,44.9,45.48,44.61,45.48,181.3006896551724,2.0,1,TP,300,4.000000000000025,-0.9310344827586097,0.308339297410672,100.0,33.315934472223994,60.05724656267109,0.19514311107810378,0.7663825598336265,1.621554009377107,-1.3137385882876942,3.193933823529396,4.688353029747218,2.488770109786175,3.358200123030848,0.0,3,2,Asia,Trending,0,2,5,6,True
Liq.Sweep.Rev,LTC-USDT-SWAP,1H,LONG,2026-07-17 14:00:00+00:00,2026-07-18 12:00:00+00:00,44.59,45.71000000000001,44.03,45.71000000000001,190.32500000000005,2.0,1,TP,1320,2.089285714285696,-0.4642857142857215,0.39025312503865167,98.0,14.120682657082265,44.964657307201605,0.03047400567245054,-0.22758118577093311,0.06333842780970592,-2.9609690444145365,1.2491483079718309,3.2160994905909677,2.7961650365574835,1.3293241367205924,0.0,13,4,NewYork,Ranging,2,0,5,6,True
Liq.Sweep.Rev,LTC-USDT-SWAP,1H,LONG,2026-07-20 01:00:00+00:00,2026-07-20 05:00:00+00:00,47.38,46.795957,46.81,48.52,-114.84062705263189,-1.0246368421052647,0,SL,240,0.0,-1.2105263157894817,0.4164661311618028,97.0,42.68897964697988,56.697588280064124,0.45929407975538133,0.7760529823193794,4.330368377344815,-1.0344099641123117,1.543408360128615,2.288978923118635,1.9445192747902074,2.425672825477565,0.0,0,0,Asia,Trending,0,2,5,6,False
Liq.Sweep.Rev,LTC-USDT-SWAP,1H,LONG,2026-07-21 03:00:00+00:00,2026-07-21 08:00:00+00:00,47.29,47.669999999999995,47.1,47.669999999999995,170.012631578947,2.0,1,TP,300,2.4210526315789807,-0.36842105263158487,0.3929281375127298,61.0,20.070123511042706,52.83410510856009,0.34098546489231263,0.33002168759706646,3.269725444033124,-0.8669909071685423,1.9840414060815221,2.5404224934605772,3.2480317467145534,0.24958805778171983,0.0,2,1,Asia,Weak,0,1,5,6,True
Liq.Sweep.Rev,LTC-USDT-SWAP,1H,LONG,2026-07-21 12:00:00+00:00,2026-07-21 13:00:00+00:00,47.36,47.58,47.25,47.58,148.21454545454517,2.0,1,TP,60,5.090909090909138,0.0,0.35369508785425735,30.0,21.721916146335545,51.874038757338454,0.34006602949024634,0.32935950216036863,3.1059573372526827,-0.8234797297297308,1.0023459159735526,1.3021640135042158,1.6550970958266464,0.8310626933331379,0.0,11,1,London,Weak,1,1,5,6,True
Liq.Sweep.Rev,LTC-USDT-SWAP,1H,LONG,2026-07-21 22:00:00+00:00,2026-07-21 23:00:00+00:00,46.91,46.795957,46.81,47.109999999999985,-184.30957420000664,-1.1404300000000172,0,SL,60,0.0,-2.400000000000085,0.34902163028112326,28.000000000000004,20.15156368856258,40.59573000733793,0.3058403078695996,0.19630314485350023,1.8148856174508086,-2.6007247921552037,0.2136295663319682,2.217359533239132,1.9662734492811578,0.7678087061408858,0.0,21,1,Dead,Weak,3,1,5,6,False
Liq.Sweep.Rev,LTC-USDT-SWAP,1H,LONG,2026-07-22 07:00:00+00:00,2026-07-22 12:00:00+00:00,46.43,46.669999999999995,46.31,46.669999999999995,153.44999999999902,2.0,1,TP,300,2.5000000000000298,-0.5833333333333481,0.28734419497404706,10.0,23.044994048076706,33.32789095509871,0.12660627067909808,-0.3795713866679632,0.6640165335449488,-3.661425802283013,0.25912329950334145,3.9324974206943337,1.8404173606689882,0.7015104648319993,0.0,6,2,Asia,Weak,0,1,5,6,True
Liq.Sweep.Rev,LTC-USDT-SWAP,1H,LONG,2026-07-23 00:00:00+00:00,2026-07-23 07:00:00+00:00,47.12,46.835945,46.85,47.65999999999999,-131.29020999999975,-1.0520555555555529,0,SL,420,1.0000000000000264,-1.2962962962962943,0.2768771449618402,16.0,25.364526983296347,54.50493551431152,0.1916965483000193,0.1254103404753328,1.8773369830736977,-1.0401188707280875,1.7274886633556406,2.736390612655882,1.470436414728307,1.0931516003931037,0.0,23,2,Dead,Trending,3,2,5,6,False
Liq.Sweep.Rev,LTC-USDT-SWAP,1H,LONG,2026-07-23 12:00:00+00:00,2026-07-23 13:00:00+00:00,46.9,46.705984,46.72,47.26,-146.7753279999979,-1.0778666666666559,0,SL,60,0.16666666666667324,-1.5555555555555642,0.277922568946177,23.0,17.653987024448885,47.09279949711624,0.16335483853752672,0.03525077233902008,1.237421170007448,-1.4709017267107332,0.4066780821917759,1.3613828039778146,1.867178335411334,1.18128164181946,0.0,11,3,London,Ranging,1,0,5,6,False
Liq.Sweep.Rev,LTC-USDT-SWAP,1H,LONG,2026-07-26 15:00:00+00:00,2026-07-26 16:00:00+00:00,47.05,47.92999999999999,46.61,47.92999999999999,187.04818181818177,2.0,1,TP,60,2.5909090909091055,0.0,0.22080078648533782,28.999999999999996,37.72946981659591,64.1645199794185,0.13865702563502588,0.45261282753367776,1.3122765121162239,-0.5951115834218941,1.7517301038062176,2.283333632608027,1.0217845637841743,2.958760252875787,0.0,14,6,NewYork,Trending,2,2,5,6,True
Break.of.Structure,LTC-USDT-SWAP,1H,LONG,2026-06-13 22:00:00+00:00,2026-06-14 07:00:00+00:00,44.2,43.846842,43.86,44.88000000000001,-123.27767799999806,-1.038699999999991,0,SL,540,1.2941176470588038,-1.0,0.28214978004457436,9.0,29.465557460027725,67.02858553475536,0.04859492534457877,0.6671926565498245,1.249141914963881,-0.3619909502262366,2.7429102742910265,2.5815445034291575,1.7137996098700776,1.5494560898416303,0.0,21,5,Dead,Trending,3,2,0,6,False
Break.of.Structure,LTC-USDT-SWAP,1H,LONG,2026-06-14 22:00:00+00:00,2026-06-15 10:00:00+00:00,44.83,45.849999999999994,44.32,45.849999999999994,189.3317647058823,2.0,1,TP,720,2.5490196078431557,-0.1568627450980365,0.28025435374956015,30.0,20.574399388135777,72.7871876537768,0.08632681403828399,0.35838109486002406,2.4122112853682016,-0.3792949576082144,2.6098901098901113,1.9322422636140542,1.6729952494583125,2.9257649130337193,0.0,21,6,Dead,Weak,3,1,0,6,True
Break.of.Structure,LTC-USDT-SWAP,1H,LONG,2026-06-15 11:00:00+00:00,2026-06-16 14:00:00+00:00,45.64,44.826548,44.84,47.239999999999995,-110.14799110000025,-1.0168150000000011,0,SL,1620,0.8750000000000067,-1.4875000000000025,0.37230972795949524,87.0,32.372743041701,65.74148628601876,0.3063928302207697,0.9280065642031713,3.8649696076991495,-1.073619631901845,4.058367533059738,4.806683992555438,2.7912635674596165,5.994640951081027,0.0,10,0,London,Trending,1,2,0,6,False
Break.of.Structure,LTC-USDT-SWAP,1H,LONG,2026-06-21 10:00:00+00:00,2026-06-21 15:00:00+00:00,44.94,45.36,44.73,45.36,174.2000000000001,2.0,1,TP,300,5.285714285714262,-0.3809523809523713,0.2422427699967985,7.000000000000001,24.256059110421564,72.28380099806921,0.0670246646480543,0.3739576381494131,1.3522244636391167,-0.0222518914107813,2.7904849039341237,2.2930226130549465,1.2678143848960544,0.9230145907862248,0.0,9,6,London,Weak,1,1,0,6,True
Break.of.Structure,LTC-USDT-SWAP,1H,LONG,2026-06-21 16:00:00+00:00,2026-06-21 17:00:00+00:00,45.89,45.28641,45.3,47.07000000000001,-113.8789569491527,-1.0230338983050857,0,SL,60,0.0,-1.3728813559321993,0.2918253784038592,38.0,37.05029936543347,84.18721903863091,0.16165412076868058,0.6630451471764585,3.3947541338866905,-0.326797385620912,4.270786006360734,3.565023728637281,1.606402705624037,3.690404592334361,0.0,15,6,NewYork,Trending,2,2,0,6,False
Break.of.Structure,LTC-USDT-SWAP,1H,LONG,2026-06-22 14:00:00+00:00,2026-06-22 15:00:00+00:00,45.68,45.336395,45.35,46.339999999999996,-124.7938899999991,-1.0412272727272678,0,SL,60,0.0,-1.8484848484848564,0.333100092288071,79.0,30.639807960953434,65.37211661755022,0.12613771707958393,0.28461841033208823,2.5924637428530386,-0.2846507554193025,2.999548940009017,2.376259883455292,2.38075223097833,1.4388816215777722,0.0,13,0,NewYork,Trending,2,2,0,6,False
Break.of.Structure,LTC-USDT-SWAP,1H,LONG,2026-06-29 20:00:00+00:00,2026-06-29 21:00:00+00:00,43.37,43.167046,43.18,43.74999999999999,-140.96327768421162,-1.068178947368425,0,SL,60,0.10526315789475456,-1.1052631578947545,0.42950030028552,54.0,14.79534716049818,65.19241531957051,0.009119893966441354,0.15835598304463036,1.6415057621440212,-0.06918819188192143,3.066318041359637,3.0344713552077645,2.399480020294568,0.7536823151060528,0.0,19,0,NewYork,Ranging,2,0,0,6,False
Break.of.Structure,LTC-USDT-SWAP,1H,LONG,2026-07-03 18:00:00+00:00,2026-07-03 20:00:00+00:00,44.05,44.769999999999996,43.69,44.769999999999996,185.19666666666663,2.0,1,TP,120,3.4722222222222276,0.0,0.3170588639812031,15.0,22.11614888328354,68.32695281493422,0.19436482427336133,0.44774081766574086,2.937175433713076,0.0,2.2748375116063233,2.0123950996226156,1.5696627697754606,1.4581211617026009,0.0,17,4,NewYork,Weak,2,1,0,6,True
Break.of.Structure,LTC-USDT-SWAP,1H,LONG,2026-07-03 21:00:00+00:00,2026-07-04 01:00:00+00:00,45.18,44.156749000000005,44.17,47.199999999999996,-107.93109399999938,-1.0131198019801948,0,SL,240,0.09900990099010061,-1.0990099009901007,0.37180696944850655,60.0,27.103075333745473,81.88395420971598,0.2684640519674727,0.7022754251897719,5.428560024757182,-0.265604249667989,4.874651810584962,4.301795111493908,2.661849845435188,3.7709349942243473,0.0,20,4,Dead,Trending,3,2,0,6,False
Break.of.Structure,LTC-USDT-SWAP,1H,LONG,2026-07-04 18:00:00+00:00,2026-07-04 19:00:00+00:00,45.56,45.096467000000004,45.11,46.46000000000001,-118.10219559999783,-1.0300733333333227,0,SL,60,0.0,-1.0666666666666689,0.37550428331279,63.0,26.752809075659382,71.9485973162715,0.3734847039151465,0.7412715771643428,5.493823701387375,-0.2853380158033263,3.686845698680029,3.404524759963775,2.537942614889719,2.127415980360975,0.0,17,5,NewYork,Trending,2,2,0,6,False
Break.of.Structure,LTC-USDT-SWAP,1H,LONG,2026-07-05 16:00:00+00:00,2026-07-05 17:00:00+00:00,45.41,45.046482000000005,45.06,46.109999999999985,-123.23139691428477,-1.0386228571428513,0,SL,60,0.14285714285715737,-1.057142857142867,0.3263591923250419,25.0,16.921677742182403,66.73948472507809,0.29303122213810584,0.3175999307547751,4.413690427935917,-0.41850220264318244,3.2287403365166027,3.318109461862425,2.215919570947693,2.291275362635913,0.0,15,6,NewYork,Ranging,2,0,0,6,False
Break.of.Structure,LTC-USDT-SWAP,1H,LONG,2026-07-10 03:00:00+00:00,2026-07-10 14:00:00+00:00,44.36,44.106764,44.12,44.84,-133.146690999999,-1.055149999999996,0,SL,660,1.4999999999999851,-1.4583333333333273,0.30380778741295245,15.0,21.59151864378407,61.88438184102728,0.020324010834112748,0.07295942762609482,1.0974632226250105,0.0,1.8595041322313939,1.4101528830956511,2.0697695435804464,1.0368008463276404,0.0,2,4,Asia,Weak,0,1,0,6,False
Break.of.Structure,LTC-USDT-SWAP,1H,LONG,2026-07-11 06:00:00+00:00,2026-07-11 19:00:00+00:00,44.92,45.30000000000001,44.73,45.30000000000001,171.50947368421123,2.0,1,TP,780,2.631578947368354,-0.3684210526315711,0.21474975924000722,1.0,16.044378455849447,66.53008935079947,0.15931553517267286,0.38858036512112426,1.9910913093840719,0.0,2.090433992274487,1.1142036571716605,1.4285777506373019,0.6337832851195098,0.0,5,5,Asia,Ranging,0,0,0,6,True
Break.of.Structure,LTC-USDT-SWAP,1H,LONG,2026-07-11 20:00:00+00:00,2026-07-11 22:00:00+00:00,45.37,45.186440000000005,45.2,45.70999999999999,-147.91403764705828,-1.0797647058823452,0,SL,120,0.8823529411765321,-1.8235294117647354,0.20236405265560953,9.0,23.475501283660943,70.60038274941809,0.22252044282296385,0.4902802114135042,2.6764767853930693,-0.11020498126516258,1.817773788150797,1.60256648473114,0.9538103224434259,0.6195230939576082,0.0,19,5,NewYork,Weak,2,1,0,6,False
Break.of.Structure,LTC-USDT-SWAP,1H,LONG,2026-07-14 22:00:00+00:00,2026-07-14 23:00:00+00:00,45.07,45.410000000000004,44.9,45.410000000000004,168.06588235294151,2.0,1,TP,60,2.3529411764705563,0.0,0.28065681282776295,91.0,29.601818183777752,73.48356659268688,0.14627272218182966,0.713966290224824,2.0860620594284214,0.0,3.824884792626737,5.020737825243931,2.3264419169892316,0.5500817308181102,0.0,21,1,Dead,Trending,3,2,0,6,True
Break.of.Structure,LTC-USDT-SWAP,1H,LONG,2026-07-15 00:00:00+00:00,2026-07-15 01:00:00+00:00,45.37,45.096467000000004,45.11,45.88999999999999,-131.28687699999665,-1.0520499999999826,0,SL,60,0.0,-1.769230769230786,0.29225000697904036,95.0,32.74128113263146,77.57231233397638,0.17277361099762356,0.773119638916812,2.714749892930386,-0.24250440917107458,4.22794117647058,5.372869186099856,2.3212297491900356,1.2786205272643292,0.0,23,1,Dead,Trending,3,2,0,6,False
Break.of.Structure,LTC-USDT-SWAP,1H,LONG,2026-07-15 10:00:00+00:00,2026-07-15 16:00:00+00:00,45.76,45.276413,45.29,46.699999999999996,-117.40337187234093,-1.0289085106383002,0,SL,360,0.3191489361702105,-1.9574468085106316,0.34064638986990825,100.0,32.67405627973911,73.06170230899038,0.19744877851007106,0.6536245193330564,3.416329422285761,-0.655594405594415,3.412429378531069,2.5027951383575258,1.869809352798757,4.757739154371069,0.0,9,2,London,Trending,1,2,0,6,False
Break.of.Structure,LTC-USDT-SWAP,1H,LONG,2026-07-17 04:00:00+00:00,2026-07-17 06:00:00+00:00,45.52,44.966505999999995,44.98,46.600000000000016,-115.05183400000037,-1.0249888888888914,0,SL,120,0.12962962962962865,-1.3148148148148011,0.34896202991676617,88.0,13.719722536730542,59.34231270619958,0.1414333884569554,0.18638924327701004,2.204379106954804,-0.8347978910368968,2.7075812274368296,2.4277772870358567,2.3894639406777074,2.965683297516392,0.0,3,4,Asia,Ranging,0,0,0,6,False
Break.of.Structure,LTC-USDT-SWAP,1H,LONG,2026-07-18 03:00:00+00:00,2026-07-18 05:00:00+00:00,45.54,45.316401,45.33,45.96,-138.91040028571342,-1.064757142857139,0,SL,120,0.04761904761903795,-1.0,0.3097631898200177,55.00000000000001,14.479914009108304,64.87894700730307,0.11946035961567834,0.2074879157320151,2.0865048211797053,-0.06587615283267707,3.429479900068131,2.961307477225958,1.9083969857908896,1.6060932122311538,0.0,2,5,Asia,Ranging,0,0,0,6,False
Break.of.Structure,LTC-USDT-SWAP,1H,LONG,2026-07-18 13:00:00+00:00,2026-07-18 14:00:00+00:00,45.66,45.999999999999986,45.49,45.999999999999986,167.64941176470484,2.0,1,TP,60,5.2352941176472285,-0.2352941176470613,0.24571939085913888,5.0,23.790004793762442,65.5015361678758,0.18227335785925153,0.38632441004024026,2.1916561930473177,-0.19706590759797746,1.8964747880410562,1.9927352190237608,1.0442958841369572,2.11263342729986,0.0,12,5,NewYork,Weak,2,1,0,6,True
Break.of.Structure,LTC-USDT-SWAP,1H,LONG,2026-07-18 15:00:00+00:00,2026-07-18 17:00:00+00:00,46.32,47.720000000000006,45.62,47.720000000000006,191.93942857142858,2.0,1,TP,120,2.19999999999999,-0.4428571428571443,0.2928906992611962,28.999999999999996,27.902617764420306,76.84094130191397,0.2024019693805969,0.4488077727330983,3.5619712369909218,-0.5182465990066829,3.3244087460954974,2.6466447464219165,1.599348886325897,6.72748777708196,0.0,14,5,NewYork,Trending,2,2,0,6,True
Break.of.Structure,LTC-USDT-SWAP,1H,LONG,2026-07-18 18:00:00+00:00,2026-07-18 19:00:00+00:00,47.45,47.005894000000005,47.02,48.31,-119.74082241860381,-1.0328046511627864,0,SL,60,0.0,-1.8604651162790808,0.407449295290396,100.0,36.84082170654206,84.37307459421599,0.29695949878553524,0.782330855623636,5.955146233333535,-0.8640674394098978,5.5147876362019215,5.456472834419533,2.6145004207497586,3.8458147228929978,0.0,17,5,NewYork,Trending,2,2,0,6,False
Break.of.Structure,LTC-USDT-SWAP,1H,LONG,2026-07-19 20:00:00+00:00,2026-07-19 23:00:00+00:00,47.63,47.295807,47.31,48.27,-126.66921381249921,-1.0443531249999962,0,SL,180,0.7187499999999896,-2.031250000000016,0.3707264627288027,70.0,44.22063701452187,67.24668476837405,0.4540692847935375,0.8308654111525624,5.138601982767054,0.0,2.100750267952849,2.103163865609388,1.9927573821010778,0.9285011153433882,0.0,19,6,NewYork,Trending,2,2,0,6,False
Break.of.Structure,LTC-USDT-SWAP,1H,LONG,2026-07-21 14:00:00+00:00,2026-07-21 17:00:00+00:00,47.87,47.405774,47.42,48.76999999999999,-119.02610320000052,-1.0316133333333353,0,SL,180,0.044444444444451815,-1.7333333333333365,0.3552779073845381,33.0,22.561368509143968,62.351800427025715,0.349802722457627,0.36756211997704014,4.116723694059537,-0.12536564981195628,2.0686713584986114,1.6145722842525627,1.8701467152511222,3.7227156447224115,0.0,13,1,NewYork,Weak,2,1,0,6,False
Break.of.Structure,LTC-USDT-SWAP,1H,LONG,2026-07-22 21:00:00+00:00,2026-07-22 23:00:00+00:00,47.26,47.025888,47.04,47.699999999999996,-138.54342399999769,-1.0641454545454423,0,SL,120,1.0909090909091055,-1.8636363636363578,0.2575197477356802,6.0,23.63004694056505,64.13686160439683,0.16211129508536007,-0.002873890244158612,2.2681862198766263,-0.042319085907751006,2.0513927877348213,2.241616430925787,1.1313261244738728,0.8286438277714405,0.0,20,2,Dead,Weak,3,1,0,6,False
Break.of.Structure,LTC-USDT-SWAP,1H,LONG,2026-07-26 07:00:00+00:00,2026-07-26 14:00:00+00:00,46.86,46.596017,46.61,47.36,-133.61584407999686,-1.0559319999999843,0,SL,420,1.8799999999999955,-1.0,0.19187659802658658,4.0,30.28708019474864,74.96140260222876,0.061589658195002124,0.226346293603242,1.045897625723772,-0.021335609131651626,2.380952380952373,2.6171806377331377,0.6563765802364553,1.3545481093422294,0.0,6,6,Asia,Trending,0,2,0,6,False
Break.of.Structure,LTC-USDT-SWAP,1H,LONG,2026-07-26 16:00:00+00:00,2026-07-27 08:00:00+00:00,47.72,46.9859,47.0,49.16,-111.80882499999979,-1.0195833333333322,0,SL,960,0.6944444444444455,-1.2222222222222179,0.25860073030781366,43.0,37.861691823525135,78.09040518057432,0.1580764895994394,0.5166607255958486,2.7268203179008212,-0.06286672254820021,2.8891763691246144,2.7173133929057856,1.7494340658336487,3.3495649686782554,0.0,15,6,NewYork,Trending,2,2,0,6,False
VWAP.Pullback,LTC-USDT-SWAP,1H,LONG,2026-06-14 06:00:00+00:00,2026-06-14 07:00:00+00:00,44.12,43.936815,43.95,44.45999999999999,-146.59064058823677,-1.0775588235294142,0,SL,60,0.0,-1.5294117647059193,0.27303132567460403,10.0,35.70477629210667,57.76068241697428,0.13062135289646243,0.7918010621144432,0.9516168034162628,-1.1786038077969245,1.401976557113306,2.421982581270527,1.6541511415740613,0.8190326746105687,0.0,5,6,Asia,Trending,0,2,7,6,False
VWAP.Pullback,LTC-USDT-SWAP,1H,LONG,2026-06-14 10:00:00+00:00,2026-06-14 11:00:00+00:00,44.2,43.966806,43.98,44.640000000000015,-136.04003799999776,-1.0599727272727193,0,SL,60,0.0,-1.2727272727272434,0.2628029386868074,2.0,31.100021469745503,59.67938920981423,0.12083260866508981,0.6536696518254739,1.1199978624066633,-0.9726306265550775,1.608825557343146,2.228195171141868,1.5833152121305445,0.6534083757738631,0.0,9,6,London,Trending,1,2,7,6,False
VWAP.Pullback,LTC-USDT-SWAP,1H,LONG,2026-06-14 21:00:00+00:00,2026-06-14 22:00:00+00:00,44.4,44.919999999999995,44.14,44.919999999999995,179.38769230769216,2.0,1,TP,60,2.8461538461538756,0.0,0.2502739194226031,3.0,18.709425186544856,64.42181733381582,0.06927164505516215,0.3002067496800261,1.4771266700269408,-0.5405405405405451,1.6483516483516456,1.4202395143013729,1.3203246853921904,0.7459491053608781,0.0,20,6,Dead,Ranging,3,0,7,6,True
VWAP.Pullback,LTC-USDT-SWAP,1H,LONG,2026-06-15 10:00:00+00:00,2026-06-15 11:00:00+00:00,44.9,45.199999999999996,44.75,45.199999999999996,163.95999999999967,2.0,1,TP,60,7.466666666666768,0.0,0.30171816857176414,44.0,31.629387967581447,54.40621690503442,0.2999337642839067,0.9279735419544669,2.243391609406513,-1.4028056112224507,2.8159340659340586,4.884028217460424,2.2739248204095968,1.5902753967278442,0.0,9,0,London,Trending,1,2,7,6,True
VWAP.Pullback,LTC-USDT-SWAP,1H,LONG,2026-06-15 16:00:00+00:00,2026-06-16 02:00:00+00:00,46.06,45.266416,45.28,47.620000000000005,-110.50818584615423,-1.0174153846153866,0,SL,600,0.038461538461539865,-1.0512820512820502,0.4258700352220527,100.0,34.331368955856796,66.96352074786937,0.3658694909398975,1.031690069564844,4.5926269636685575,-0.4776378636560982,4.3497961033076615,3.6950936197930355,2.958756460631338,1.778311215256144,0.0,15,0,NewYork,Trending,2,2,7,6,False
VWAP.Pullback,LTC-USDT-SWAP,1H,LONG,2026-06-17 02:00:00+00:00,2026-06-17 08:00:00+00:00,45.75,45.356389,45.37,46.510000000000005,-121.54890352631425,-1.0358184210526244,0,SL,360,0.3421052631578992,-1.3947368421052568,0.38771516220101376,68.0,12.080974442702491,54.82107264161301,0.26131362144855963,0.29070191089064107,2.851145422011599,-1.2896174863388052,2.9246344206974064,3.0509656695569523,3.041210857646812,0.9121592919576798,0.0,1,2,Asia,Ranging,0,0,7,6,False
VWAP.Pullback,LTC-USDT-SWAP,1H,LONG,2026-06-17 17:00:00+00:00,2026-06-17 18:00:00+00:00,45.54,45.476353,45.49,45.63999999999999,-144.82192775581345,-1.2729399999999926,0,SL,60,5.000000000000284,-12.600000000000767,0.38626993457000003,67.0,10.64655036082835,52.28598564595972,0.1657723414397561,-0.05025801331657036,2.0578635978692006,-1.120140566659341,1.5161649944258633,2.1053704242884796,1.8925611582669841,1.1039736324347955,0.0,16,2,NewYork,Ranging,2,0,7,6,False
VWAP.Pullback,LTC-USDT-SWAP,1H,LONG,2026-06-17 19:00:00+00:00,2026-06-17 20:00:00+00:00,45.54,44.896527,44.91,46.800000000000004,-112.8901454285706,-1.0213857142857103,0,SL,60,0.0,-1.3650793650793587,0.4204572395016838,95.0,10.632774991751264,51.736049886059874,0.17241971231255426,-0.00835846867723911,2.033292091572661,-0.9222661396574479,1.5384615384615334,1.9675242164602382,2.008679392378256,3.0695176643801685,0.0,18,2,NewYork,Ranging,2,0,7,6,False
VWAP.Pullback,LTC-USDT-SWAP,1H,LONG,2026-06-21 19:00:00+00:00,2026-06-21 20:00:00+00:00,45.1,44.956509,44.97,45.36000000000001,-162.319927230771,-1.1037769230769359,0,SL,60,1.307692307692295,-1.3846153846153553,0.31502564007043715,49.0,40.81817073992518,56.76260420355147,0.18520214506012697,0.6951319163625986,1.5163276696536958,-2.129075182967384,1.576931741383201,3.3284537843424085,2.294748270793318,1.879137759716203,0.0,18,6,NewYork,Trending,2,2,7,6,False
VWAP.Pullback,LTC-USDT-SWAP,1H,LONG,2026-06-21 21:00:00+00:00,2026-06-21 22:00:00+00:00,45.03,44.906524000000005,44.92,45.25,-173.5581039999952,-1.1225090909090656,0,SL,60,0.0,-3.8181818181818534,0.3171904753668568,55.00000000000001,41.494029801429285,54.142994023017266,0.1874718938852895,0.6637149727698083,1.3488027028035956,-2.2651565622917964,1.4417661635503505,3.2007514114283366,2.3893065589391016,0.7267767605320347,0.0,20,6,Dead,Trending,3,2,7,6,False
VWAP.Pullback,LTC-USDT-SWAP,1H,LONG,2026-06-28 18:00:00+00:00,2026-06-28 19:00:00+00:00,42.78,42.527238000000004,42.54,43.260000000000005,-131.9618094999956,-1.0531749999999789,0,SL,60,0.0,-1.8749999999999962,0.34621732760958696,18.0,20.783171752656937,53.92370790509353,0.06876307983559506,0.6222658947662856,0.2888881176282387,-1.3090229079008935,2.2222222222222214,3.519645913436108,2.0412162905505067,0.8278214376253138,0.0,17,6,NewYork,Weak,2,1,7,6,False
VWAP.Pullback,LTC-USDT-SWAP,1H,LONG,2026-06-29 02:00:00+00:00,2026-06-29 08:00:00+00:00,42.86,42.557229,42.57,43.44,-126.48011634482819,-1.0440379310344854,0,SL,360,1.3448275862069026,-2.06896551724139,0.4161522277569057,51.0,16.658646336862923,55.85312628112979,-0.01611015804175361,0.16691902684515442,0.5003806096093381,-1.1199253383107886,2.1205623064093415,2.83654697879923,2.825487216042983,0.7727368004165401,0.0,1,0,Asia,Ranging,0,0,7,6,False
VWAP.Pullback,LTC-USDT-SWAP,1H,LONG,2026-07-03 15:00:00+00:00,2026-07-03 19:00:00+00:00,43.6,44.36000000000001,43.22,44.36000000000001,186.1115789473685,2.0,1,TP,240,2.0789473684210362,-0.4473684210526331,0.30316773908257644,7.000000000000001,21.588115550062334,57.8370535539366,0.16124420821323338,0.3408930320949138,1.9108150342112944,-0.550584996558832,1.1838440111420732,1.4510037897590946,1.5056249382145117,1.5529364178485845,0.0,14,4,NewYork,Weak,2,1,7,6,True
VWAP.Pullback,LTC-USDT-SWAP,1H,LONG,2026-07-04 04:00:00+00:00,2026-07-04 06:00:00+00:00,44.32,44.066776,44.08,44.800000000000004,-133.1166940000006,-1.0551000000000037,0,SL,120,0.8333333333333383,-1.2083333333333197,0.3704540257304999,59.0,30.629877006221978,56.52711795468842,0.39815128190223426,1.0442914957492353,3.1572532661311534,-2.233250620347399,2.687051192958065,5.394722071344181,2.9511760479395943,0.5544139501039757,0.0,3,5,Asia,Trending,0,2,7,6,False
VWAP.Pullback,LTC-USDT-SWAP,1H,LONG,2026-07-04 07:00:00+00:00,2026-07-04 12:00:00+00:00,44.2,44.540000000000006,44.03,44.540000000000006,168.68000000000032,2.0,1,TP,300,2.0588235294117108,-0.29411764705884563,0.3690333434875758,57.99999999999999,27.27343314416911,52.23464744541206,0.3761847520169682,0.8825790632328374,2.755158444496973,-2.5339366515837045,2.267468764460907,4.647819563365186,3.036916187642502,1.0412359245470664,0.0,6,5,Asia,Trending,0,2,7,6,True
VWAP.Pullback,LTC-USDT-SWAP,1H,LONG,2026-07-04 13:00:00+00:00,2026-07-04 14:00:00+00:00,44.51,44.336695000000006,44.35,44.82999999999999,-149.9487606249954,-1.0831562499999734,0,SL,60,1.6875000000000555,-1.1250000000000222,0.3362554523473857,28.000000000000004,20.856861022998707,57.92079275658194,0.3098129473048693,0.5425314134105921,3.2889924144049787,-1.8198157717366936,1.8768596932936605,2.904552799193899,3.1064379410708063,0.6032201808527506,0.0,12,5,NewYork,Weak,2,1,7,6,False
VWAP.Pullback,LTC-USDT-SWAP,1H,LONG,2026-07-05 00:00:00+00:00,2026-07-05 01:00:00+00:00,44.82,44.616611000000006,44.63,45.199999999999996,-142.33682452631265,-1.0704684210526143,0,SL,60,0.0,-3.3684210526316223,0.34764235993196974,33.0,27.02687166228447,53.09092464277142,0.44488433331539934,0.9152636794601949,3.5178904168644825,-1.9410977242302487,2.002730996813843,3.7644982176706745,2.3003239084657814,0.7886230160184876,0.0,23,5,Dead,Trending,3,2,7,6,False
VWAP.Pullback,LTC-USDT-SWAP,1H,LONG,2026-07-05 15:00:00+00:00,2026-07-05 18:00:00+00:00,45.15,45.88999999999999,44.78,45.88999999999999,185.23675675675665,2.0,1,TP,180,2.4594594594594863,-0.48648648648648907,0.3106945148115835,15.0,15.804446095691048,63.0859353551673,0.26728063735224056,0.216267309627956,3.907815936530718,-0.4650132860938903,2.6830377444292854,3.1054368531967373,2.1886522322505075,0.6931171946975321,0.0,14,6,NewYork,Ranging,2,0,7,6,True
VWAP.Pullback,LTC-USDT-SWAP,1H,LONG,2026-07-06 03:00:00+00:00,2026-07-06 04:00:00+00:00,45.3,45.07647300000001,45.09,45.719999999999985,-138.7047065714262,-1.06441428571427,0,SL,60,0.0,-1.1428571428571526,0.42435845883750345,90.0,27.764538846928836,52.567374809631296,0.4668934315568281,0.869052238088759,3.6851985973828647,-1.787684837784143,3.024101864483869,4.632905599747257,2.781929748879194,1.0649940966523703,0.0,2,0,Asia,Trending,0,2,7,6,False
VWAP.Pullback,LTC-USDT-SWAP,1H,LONG,2026-07-07 01:00:00+00:00,2026-07-07 02:00:00+00:00,44.93,44.666596,44.68,45.43,-132.22638304000105,-1.0536160000000052,0,SL,60,0.0,-2.5999999999999943,0.3928651314001938,81.0,15.710699872321069,49.65956351437912,0.27665859995761777,0.23422196466208073,2.299442354775265,-1.535380507343135,2.8846153846153797,3.129542457101802,2.9259034073177648,0.692313481230035,0.0,0,1,Asia,Ranging,0,0,7,6,False
VWAP.Pullback,LTC-USDT-SWAP,1H,LONG,2026-07-07 17:00:00+00:00,2026-07-07 18:00:00+00:00,44.69,44.406674,44.42,45.22999999999999,-129.6703719999999,-1.0493555555555536,0,SL,60,0.0,-2.481481481481498,0.3657611922993773,47.0,19.621010751421117,55.245201903760034,0.04689910844063337,-0.40105504587110696,1.6448538421296492,-2.103378831953468,2.1485714285714232,4.03510622308541,2.7414731940755637,1.2636093282608132,0.0,16,1,NewYork,Ranging,2,0,7,6,False
VWAP.Pullback,LTC-USDT-SWAP,1H,LONG,2026-07-09 17:00:00+00:00,2026-07-09 18:00:00+00:00,43.87,44.089999999999996,43.76,44.089999999999996,152.02181818181793,2.0,1,TP,60,3.636363636363707,0.0,0.30429410597182527,9.0,20.624313009745926,51.37171146578332,0.009918341412307574,0.045138234977950574,0.0013137519564855953,-0.9799453053783038,1.4566473988439366,2.0359297907537504,1.8962743984426031,0.5648103838637721,0.0,16,3,NewYork,Weak,2,1,7,6,True
VWAP.Pullback,LTC-USDT-SWAP,1H,LONG,2026-07-09 21:00:00+00:00,2026-07-09 23:00:00+00:00,43.91,43.836845000000004,43.85,44.02999999999999,-158.23059325892774,-1.2192499999999775,0,SL,120,1.6666666666668246,-4.166666666667002,0.29080081113758105,5.0,23.06948401598628,51.23975952026319,0.016280729574891094,0.06447722488153859,0.06027881592349307,-0.9109542245502293,1.1751152073732674,1.6602746661096452,1.910928628792389,0.6343404773671378,0.0,20,3,Dead,Weak,3,1,7,6,False
VWAP.Pullback,LTC-USDT-SWAP,1H,LONG,2026-07-10 15:00:00+00:00,2026-07-11 09:00:00+00:00,44.38,45.12000000000001,44.01,45.12000000000001,185.48648648648668,2.0,1,TP,1080,2.0540540540540233,-0.10810810810810448,0.27916415793430027,14.000000000000002,30.937286181416702,54.70243621309496,0.1221368565979412,0.39056241702573063,0.9528779062645432,-0.7888212756366947,1.8595041322313939,2.5770377938509794,1.7512799056280208,2.343817775452504,0.0,14,4,NewYork,Trending,2,2,7,6,True
VWAP.Pullback,LTC-USDT-SWAP,1H,LONG,2026-07-12 17:00:00+00:00,2026-07-12 18:00:00+00:00,44.77,44.676593,44.69,44.930000000000014,-179.22934532053503,-1.1675874999999991,0,SL,60,0.0,-3.6249999999998335,0.2037755724793437,14.000000000000002,18.134591582589636,51.773483458745176,0.08491258870077434,-0.04224700021764798,1.1141478789261872,-1.652523447967847,1.1063445473018785,1.8920620203404483,1.8856606829009959,0.8338707647780538,0.0,16,6,NewYork,Ranging,2,0,7,6,False
VWAP.Pullback,LTC-USDT-SWAP,1H,LONG,2026-07-15 04:00:00+00:00,2026-07-15 09:00:00+00:00,44.9,45.48,44.61,45.48,181.3006896551724,2.0,1,TP,300,4.000000000000025,-0.9310344827586097,0.308339297410672,100.0,33.315934472223994,60.05724656267109,0.19514311107810378,0.7663825598336265,1.621554009377107,-1.3137385882876942,3.193933823529396,4.688353029747218,2.488770109786175,3.358200123030848,0.0,3,2,Asia,Trending,0,2,7,6,True
VWAP.Pullback,LTC-USDT-SWAP,1H,LONG,2026-07-17 00:00:00+00:00,2026-07-17 01:00:00+00:00,44.91,45.22999999999999,44.75,45.22999999999999,166.1974999999993,2.0,1,TP,60,2.6875000000001,0.0,0.2884382669123098,51.0,14.028243789213407,47.22198516257095,0.1405970053916852,0.1901674795418586,0.8939638785789261,-1.0688042752171099,1.3312274368230963,2.24759886338491,1.7676978441941023,0.7631585449916454,0.0,23,3,Dead,Ranging,3,0,7,6,True
VWAP.Pullback,LTC-USDT-SWAP,1H,LONG,2026-07-17 03:00:00+00:00,2026-07-17 04:00:00+00:00,44.98,45.399999999999984,44.77,45.399999999999984,174.1771428571421,2.0,1,TP,60,3.3809523809524857,0.0,0.30503603221805575,69.0,12.18799822848761,48.984631048145054,0.13270384467974225,0.1531009938293605,1.0143162810359985,-0.8448199199644344,1.489169675090245,2.168634804743364,2.1197065391887517,0.6374600681139949,0.0,2,4,Asia,Ranging,0,0,7,6,True
VWAP.Pullback,LTC-USDT-SWAP,1H,LONG,2026-07-17 19:00:00+00:00,2026-07-17 21:00:00+00:00,44.98,45.199999999999996,44.87,45.199999999999996,150.81090909090884,2.0,1,TP,120,3.181818181818211,-0.09090909090907329,0.3727533422736362,87.0,11.06577048808029,53.49189007407916,0.018227028171301497,-0.21658761872328483,0.9343782963855084,-2.0453534904401995,2.1576198046786184,3.0503881933209716,2.737820990562562,0.38595412026628545,0.0,18,4,NewYork,Ranging,2,0,7,6,True
VWAP.Pullback,LTC-USDT-SWAP,1H,LONG,2026-07-18 17:00:00+00:00,2026-07-24 14:00:00+00:00,47.17,45.996197,46.01,49.49000000000001,-107.19876881034408,-1.011899137931031,0,SL,8460,0.8275862068965498,-1.086206896551725,0.37417616415888827,87.0,33.59570596853302,82.55581648961123,0.2554238936208465,0.6350533160406584,5.370645620307616,-0.14843087362171392,4.869913275517006,4.311058214950008,2.6066058366174354,5.686648456189333,0.0,16,5,NewYork,Trending,2,2,7,6,False
VWAP.Pullback,LTC-USDT-SWAP,1H,LONG,2026-07-26 15:00:00+00:00,2026-07-26 16:00:00+00:00,47.05,47.92999999999999,46.61,47.92999999999999,187.04818181818177,2.0,1,TP,60,2.5909090909091055,0.0,0.22080078648533782,28.999999999999996,37.72946981659591,64.1645199794185,0.13865702563502588,0.45261282753367776,1.3122765121162239,-0.5951115834218941,1.7517301038062176,2.283333632608027,1.0217845637841743,2.958760252875787,0.0,14,6,NewYork,Trending,2,2,7,6,True
ORB,LTC-USDT-SWAP,1H,LONG,2026-06-13 09:00:00+00:00,2026-06-13 15:00:00+00:00,43.62,44.07999999999999,43.39,44.07999999999999,177.1217391304345,2.0,1,TP,360,2.043478260869619,-0.34782608695651906,0.31159085402157505,5.0,18.226248293526123,63.65061579358636,-0.07719044751814377,0.4840809248386663,0.017518999949644357,-0.412465627864344,2.273259901570187,2.2110901568571095,2.824653804778612,1.2648373541377174,0.0,8,5,London,Ranging,1,0,6,6,True
ORB,LTC-USDT-SWAP,1H,LONG,2026-06-14 22:00:00+00:00,2026-06-15 10:00:00+00:00,44.83,45.849999999999994,44.32,45.849999999999994,189.3317647058823,2.0,1,TP,720,2.5490196078431557,-0.1568627450980365,0.28025435374956015,30.0,20.574399388135777,72.7871876537768,0.08632681403828399,0.35838109486002406,2.4122112853682016,-0.3792949576082144,2.6098901098901113,1.9322422636140542,1.6729952494583125,2.9257649130337193,0.0,21,6,Dead,Weak,3,1,6,6,True
ORB,LTC-USDT-SWAP,1H,LONG,2026-06-16 09:00:00+00:00,2026-06-16 10:00:00+00:00,46.24,45.726278,45.74,47.24,-116.52475336000055,-1.0274440000000027,0,SL,60,0.0,-1.5600000000000023,0.3879619709358035,84.0,18.980573935852593,63.472024309604826,0.33368497916574064,0.571041323873759,4.398279721692666,-0.10810810810810198,2.232537577365159,1.8887155411728171,2.406007772740106,1.3958169912691858,0.0,8,1,London,Ranging,1,0,6,6,False
ORB,LTC-USDT-SWAP,1H,LONG,2026-06-19 16:00:00+00:00,2026-06-19 18:00:00+00:00,44.41,44.016791000000005,44.03,45.16999999999999,-120.914230157893,-1.03476052631578,0,SL,120,0.0,-1.131578947368434,0.3227879902116362,11.0,32.26735398120976,63.85476988744883,-0.16350096165943898,-0.4101879233989631,0.042120116973310494,-0.06756756756757012,2.873030583873962,2.5447393955246875,1.9217537371079927,1.8249960744403093,0.0,15,4,NewYork,Trending,2,2,6,6,False
ORB,LTC-USDT-SWAP,1H,LONG,2026-06-20 07:00:00+00:00,2026-06-20 08:00:00+00:00,44.34,44.126758,44.14,44.74000000000001,-139.78202739999765,-1.06620999999999,0,SL,60,0.0,-1.7499999999999822,0.27099701959519595,2.0,19.530917737503483,60.48988312564454,-0.08573908323987985,-0.08022253549594818,0.0018161507473811519,-0.5188360027069795,2.355114292311235,1.959826957052488,1.9500064368693053,0.9546093129512941,0.0,6,5,Asia,Ranging,0,0,6,6,False
ORB,LTC-USDT-SWAP,1H,LONG,2026-06-21 07:00:00+00:00,2026-06-21 10:00:00+00:00,44.72,45.28,44.44,45.28,180.7142857142858,2.0,1,TP,180,2.2142857142857215,-0.35714285714286076,0.2406209198321404,5.0,19.13417059529876,66.54589062153983,0.04112590016934421,0.30451950158746244,0.8681562649505304,-0.24602997092372944,2.2644098810613036,1.772180342442382,1.360421600209657,1.4720132888138744,0.0,6,6,Asia,Ranging,0,0,6,6,True
ORB,LTC-USDT-SWAP,1H,LONG,2026-06-22 14:00:00+00:00,2026-06-22 15:00:00+00:00,45.68,45.336395,45.35,46.339999999999996,-124.7938899999991,-1.0412272727272678,0,SL,60,0.0,-1.8484848484848564,0.333100092288071,79.0,30.639807960953434,65.37211661755022,0.12613771707958393,0.28461841033208823,2.5924637428530386,-0.2846507554193025,2.999548940009017,2.376259883455292,2.38075223097833,1.4388816215777722,0.0,13,0,NewYork,Trending,2,2,6,6,False
ORB,LTC-USDT-SWAP,1H,LONG,2026-06-27 09:00:00+00:00,2026-06-27 19:00:00+00:00,42.67,42.297307,42.31,43.39,-121.21288449999933,-1.0352583333333298,0,SL,600,1.6666666666666732,-1.4722222222222276,0.3836810815015988,34.0,16.077165647267236,67.03453108957373,-0.11068600995573158,0.6552373174936621,0.011086787122609942,-0.02343566908834781,6.382448267265027,3.849131364247223,2.83610312389556,1.3668812684501574,0.0,8,5,London,Ranging,1,0,6,6,False
ORB,LTC-USDT-SWAP,1H,LONG,2026-06-28 09:00:00+00:00,2026-06-28 19:00:00+00:00,42.91,42.417271,42.43,43.86999999999999,-115.96965887500019,-1.0265187500000006,0,SL,600,0.8958333333333534,-1.2083333333333377,0.32572190886517594,14.000000000000002,21.745035490066822,63.89314270253087,-0.07960752251663003,0.1814926587640419,0.6561791226701424,-0.8389652761594186,2.532855436081231,3.241165555022286,2.3087209810059575,1.7345306743221278,0.0,8,6,London,Weak,1,1,6,6,False
ORB,LTC-USDT-SWAP,1H,LONG,2026-06-29 19:00:00+00:00,2026-06-29 23:00:00+00:00,43.27,43.017091,43.03,43.75000000000001,-132.32927275000014,-1.0537875000000017,0,SL,240,0.4999999999999852,-1.0833333333333457,0.44638493876902147,64.0,14.25016278275385,63.61596311055592,-0.012228593904731267,0.07746461179315403,1.4238251368952335,-0.04623208506704375,2.828618968386018,2.764820367129013,2.551578578330118,0.5957559602935579,0.0,18,0,NewYork,Ranging,2,0,6,6,False
ORB,LTC-USDT-SWAP,1H,LONG,2026-07-01 22:00:00+00:00,2026-07-02 00:00:00+00:00,43.4,42.537234999999995,42.55,45.1,-109.06968717647096,-1.0150176470588255,0,SL,120,0.0,-1.2117647058823522,0.43863265791921163,94.0,17.47139844649375,67.49671826705406,-0.04566723134494041,0.057704045425094545,2.0960045197227375,-0.6219765031098897,5.671859785783832,4.226603339083235,3.8853982016913933,2.288368720609412,0.0,21,2,Dead,Ranging,3,0,6,6,False
ORB,LTC-USDT-SWAP,1H,LONG,2026-07-02 14:00:00+00:00,2026-07-02 16:00:00+00:00,43.6,43.177043,43.19,44.42000000000001,-119.01956726829256,-1.0316024390243903,0,SL,120,0.0,-1.0487804878048679,0.42524889657852755,77.0,17.65948383029285,62.814174914521395,0.11574272589367851,0.4957360257888769,2.356735052977078,-0.43587978894241275,3.0496453900709373,3.112792141005964,3.5415605167531465,2.2875449652308597,0.0,13,3,NewYork,Ranging,2,0,6,6,False
ORB,LTC-USDT-SWAP,1H,LONG,2026-07-03 18:00:00+00:00,2026-07-03 20:00:00+00:00,44.05,44.769999999999996,43.69,44.769999999999996,185.19666666666663,2.0,1,TP,120,3.4722222222222276,0.0,0.3170588639812031,15.0,22.11614888328354,68.32695281493422,0.19436482427336133,0.44774081766574086,2.937175433713076,0.0,2.2748375116063233,2.0123950996226156,1.5696627697754606,1.4581211617026009,0.0,17,4,NewYork,Weak,2,1,6,6,True
ORB,LTC-USDT-SWAP,1H,LONG,2026-07-04 16:00:00+00:00,2026-07-04 23:00:00+00:00,45.14,44.756569000000006,44.77,45.879999999999995,-121.83782199999858,-1.0362999999999924,0,SL,420,1.486486486486489,-1.3783783783783825,0.3612949084574368,53.0,22.986308445662996,66.93984471819618,0.3229599897500127,0.5670245181068398,4.631597044465972,-0.3987594151528572,2.730996813837057,2.955237535615755,3.307391927915429,2.1077819963719855,0.0,15,5,NewYork,Weak,2,1,6,6,False
ORB,LTC-USDT-SWAP,1H,LONG,2026-07-05 14:00:00+00:00,2026-07-05 15:00:00+00:00,44.88,45.36000000000001,44.64,45.36000000000001,177.4400000000002,2.0,1,TP,60,2.958333333333312,0.0,0.30228640056632056,7.000000000000001,15.624917250207066,57.896688439462224,0.24868709238021267,0.1403167820831016,3.281123431931586,-1.6269222197459416,2.023647112323785,3.2413050979768756,2.109815981762576,0.6119441494601533,0.0,13,6,NewYork,Ranging,2,0,6,6,True
ORB,LTC-USDT-SWAP,1H,LONG,2026-07-09 06:00:00+00:00,2026-07-09 09:00:00+00:00,44.16,43.896826999999995,43.91,44.66,-131.6720384800015,-1.0526920000000075,0,SL,180,0.6000000000000227,-1.4399999999999977,0.31950977765426924,14.000000000000002,18.674539925298102,61.67540883289844,-0.052743979847882295,-0.19865977758367595,0.6341060000290518,-0.06795016987542726,2.3649431949918758,1.8138494925519624,1.8385588534435295,1.3944821666673708,0.0,5,3,Asia,Ranging,0,0,6,6,False
ORB,LTC-USDT-SWAP,1H,LONG,2026-07-10 09:00:00+00:00,2026-07-10 14:00:00+00:00,44.48,44.236725,44.25,44.93999999999999,-134.68697173913102,-1.0577173913043492,0,SL,300,1.043478260869588,-2.043478260869588,0.2708113677330084,3.0,26.525931553518216,62.94666950936479,0.07146873676009521,0.2505609688336372,1.2630277286202303,-0.4497413986957564,2.0890725436179904,2.1020755183717688,1.992443489655545,0.9093851618787935,0.0,8,4,London,Trending,1,2,6,6,False
ORB,LTC-USDT-SWAP,1H,LONG,2026-07-11 06:00:00+00:00,2026-07-11 19:00:00+00:00,44.92,45.30000000000001,44.73,45.30000000000001,171.50947368421123,2.0,1,TP,780,2.631578947368354,-0.3684210526315711,0.21474975924000722,1.0,16.044378455849447,66.53008935079947,0.15931553517267286,0.38858036512112426,1.9910913093840719,0.0,2.090433992274487,1.1142036571716605,1.4285777506373019,0.6337832851195098,0.0,5,5,Asia,Ranging,0,0,6,6,True
ORB,LTC-USDT-SWAP,1H,LONG,2026-07-14 13:00:00+00:00,2026-07-18 14:00:00+00:00,44.52,46.38,43.59,46.38,194.13548387096776,2.0,1,TP,5820,2.1827956989247252,-0.5268817204301098,0.2776427686760112,94.0,16.855674100758204,68.70702733715859,-0.0740441167098429,-0.07144729096884238,1.0000428624453996,-0.11230907457321912,3.800419678246683,3.0047339330570026,2.640144587265396,4.788696585089369,0.0,12,1,NewYork,Ranging,2,0,6,6,True
ORB,LTC-USDT-SWAP,1H,LONG,2026-07-19 14:00:00+00:00,2026-07-19 17:00:00+00:00,47.31,46.945912,46.96,48.010000000000005,-124.2084420571433,-1.0402514285714313,0,SL,180,0.571428571428557,-1.1714285714285773,0.35107297331822734,56.00000000000001,42.36486160689328,63.93683315120268,0.41474479233955225,0.7621476660650778,4.725322642455277,-0.612978228704289,1.414790996784574,1.2619422107276885,2.2246110085574378,1.891288151388634,0.0,13,6,NewYork,Trending,2,2,6,6,False
ORB,LTC-USDT-SWAP,1H,LONG,2026-07-21 07:00:00+00:00,2026-07-21 10:00:00+00:00,47.53,47.275813,47.29,48.010000000000005,-135.52395324999947,-1.0591124999999983,0,SL,180,0.9166666666666543,-1.041666666666658,0.3772688602535683,49.0,20.72348848309455,57.961551128360405,0.3433432634775145,0.3411118790756452,3.675756881359026,-0.3365586874211268,2.2585502258550165,2.0985261367948076,2.8671327948811562,0.5834877977772857,0.0,6,1,Asia,Weak,0,1,6,6,False
ORB,LTC-USDT-SWAP,1H,LONG,2026-07-22 18:00:00+00:00,2026-07-22 21:00:00+00:00,47.03,47.39,46.85,47.39,168.5266666666666,2.0,1,TP,180,3.166666666666673,-0.5000000000000198,0.26265097304811386,8.0,21.501105091432883,56.889661575275326,0.12152081856280789,-0.19057202114519298,1.8133846728401033,-0.29774564015311245,1.5331461887281383,1.6418746597681506,1.1039048294470473,1.0162961643569022,0.0,17,2,NewYork,Weak,2,1,6,6,True
ORB,LTC-USDT-SWAP,1H,LONG,2026-07-25 20:00:00+00:00,2026-07-26 06:00:00+00:00,46.45,46.870000000000005,46.24,46.870000000000005,173.33714285714296,2.0,1,TP,600,2.047619047619038,-0.28571428571429536,0.20685344014688728,2.0,20.137382748025708,60.88885684166828,-0.060626355436838884,-0.25498159092565903,0.2050103233545745,-0.10764262648008,1.5300546448087493,1.508458554342696,1.0335485974996683,1.969221859141324,0.0,19,5,NewYork,Weak,2,1,6,6,True
ORB,LTC-USDT-SWAP,1H,LONG,2026-07-26 07:00:00+00:00,2026-07-26 14:00:00+00:00,46.86,46.596017,46.61,47.36,-133.61584407999686,-1.0559319999999843,0,SL,420,1.8799999999999955,-1.0,0.19187659802658658,4.0,30.28708019474864,74.96140260222876,0.061589658195002124,0.226346293603242,1.045897625723772,-0.021335609131651626,2.380952380952373,2.6171806377331377,0.6563765802364553,1.3545481093422294,0.0,6,6,Asia,Trending,0,2,6,6,False
ORB,LTC-USDT-SWAP,1H,LONG,2026-07-28 13:00:00+00:00,2026-07-28 14:00:00+00:00,46.65,46.496047,46.51,46.93,-159.8525915714294,-1.0996642857142909,0,SL,60,0.0,-4.999999999999949,0.26086812570175266,40.0,19.084211238726596,53.77438327569879,-0.04209271327359636,-0.252811022004555,0.13750528676339543,-0.23579849946409312,1.7670157068062722,1.7655781416342151,1.7728731301561644,0.9019150959078576,0.0,12,1,NewYork,Ranging,2,0,6,6,False
Volatility.Comp,LTC-USDT-SWAP,1H,LONG,2026-06-13 09:00:00+00:00,2026-06-13 15:00:00+00:00,43.62,44.07999999999999,43.39,44.07999999999999,177.1217391304345,2.0,1,TP,360,2.043478260869619,-0.34782608695651906,0.31159085402157505,5.0,18.226248293526123,63.65061579358636,-0.07719044751814377,0.4840809248386663,0.017518999949644357,-0.412465627864344,2.273259901570187,2.2110901568571095,2.824653804778612,1.2648373541377174,0.0,8,5,London,Ranging,1,0,8,6,True
Volatility.Comp,LTC-USDT-SWAP,1H,LONG,2026-06-13 22:00:00+00:00,2026-06-14 07:00:00+00:00,44.2,43.846842,43.86,44.88000000000001,-123.27767799999806,-1.038699999999991,0,SL,540,1.2941176470588038,-1.0,0.28214978004457436,9.0,29.465557460027725,67.02858553475536,0.04859492534457877,0.6671926565498245,1.249141914963881,-0.3619909502262366,2.7429102742910265,2.5815445034291575,1.7137996098700776,1.5494560898416303,0.0,21,5,Dead,Trending,3,2,8,6,False
Volatility.Comp,LTC-USDT-SWAP,1H,LONG,2026-06-14 21:00:00+00:00,2026-06-14 22:00:00+00:00,44.4,44.919999999999995,44.14,44.919999999999995,179.38769230769216,2.0,1,TP,60,2.8461538461538756,0.0,0.2502739194226031,3.0,18.709425186544856,64.42181733381582,0.06927164505516215,0.3002067496800261,1.4771266700269408,-0.5405405405405451,1.6483516483516456,1.4202395143013729,1.3203246853921904,0.7459491053608781,0.0,20,6,Dead,Ranging,3,0,8,6,True
Volatility.Comp,LTC-USDT-SWAP,1H,LONG,2026-06-19 16:00:00+00:00,2026-06-19 18:00:00+00:00,44.41,44.016791000000005,44.03,45.16999999999999,-120.914230157893,-1.03476052631578,0,SL,120,0.0,-1.131578947368434,0.3227879902116362,11.0,32.26735398120976,63.85476988744883,-0.16350096165943898,-0.4101879233989631,0.042120116973310494,-0.06756756756757012,2.873030583873962,2.5447393955246875,1.9217537371079927,1.8249960744403093,0.0,15,4,NewYork,Trending,2,2,8,6,False
Volatility.Comp,LTC-USDT-SWAP,1H,LONG,2026-06-20 07:00:00+00:00,2026-06-20 08:00:00+00:00,44.34,44.126758,44.14,44.74000000000001,-139.78202739999765,-1.06620999999999,0,SL,60,0.0,-1.7499999999999822,0.27099701959519595,2.0,19.530917737503483,60.48988312564454,-0.08573908323987985,-0.08022253549594818,0.0018161507473811519,-0.5188360027069795,2.355114292311235,1.959826957052488,1.9500064368693053,0.9546093129512941,0.0,6,5,Asia,Ranging,0,0,8,6,False
Volatility.Comp,LTC-USDT-SWAP,1H,LONG,2026-06-20 23:00:00+00:00,2026-06-21 09:00:00+00:00,44.48,44.919999999999995,44.26,44.919999999999995,175.61818181818168,2.0,1,TP,600,2.1363636363636744,-0.4090909090908944,0.2677740580925424,9.0,16.922669935636264,61.491046209657085,-0.028687106347309393,0.08361122092432252,0.3863416498237344,-0.2922661870503655,1.7383348581884677,1.2675017209722057,1.5375247818954296,0.7784936143240423,0.0,22,5,Dead,Ranging,3,0,8,6,True
Volatility.Comp,LTC-USDT-SWAP,1H,LONG,2026-06-21 10:00:00+00:00,2026-06-21 15:00:00+00:00,44.94,45.36,44.73,45.36,174.2000000000001,2.0,1,TP,300,5.285714285714262,-0.3809523809523713,0.2422427699967985,7.000000000000001,24.256059110421564,72.28380099806921,0.0670246646480543,0.3739576381494131,1.3522244636391167,-0.0222518914107813,2.7904849039341237,2.2930226130549465,1.2678143848960544,0.9230145907862248,0.0,9,6,London,Weak,1,1,8,6,True
Volatility.Comp,LTC-USDT-SWAP,1H,LONG,2026-06-27 09:00:00+00:00,2026-06-27 19:00:00+00:00,42.67,42.297307,42.31,43.39,-121.21288449999933,-1.0352583333333298,0,SL,600,1.6666666666666732,-1.4722222222222276,0.3836810815015988,34.0,16.077165647267236,67.03453108957373,-0.11068600995573158,0.6552373174936621,0.011086787122609942,-0.02343566908834781,6.382448267265027,3.849131364247223,2.83610312389556,1.3668812684501574,0.0,8,5,London,Ranging,1,0,8,6,False
Volatility.Comp,LTC-USDT-SWAP,1H,LONG,2026-06-28 09:00:00+00:00,2026-06-28 19:00:00+00:00,42.91,42.417271,42.43,43.86999999999999,-115.96965887500019,-1.0265187500000006,0,SL,600,0.8958333333333534,-1.2083333333333377,0.32572190886517594,14.000000000000002,21.745035490066822,63.89314270253087,-0.07960752251663003,0.1814926587640419,0.6561791226701424,-0.8389652761594186,2.532855436081231,3.241165555022286,2.3087209810059575,1.7345306743221278,0.0,8,6,London,Weak,1,1,8,6,False
Volatility.Comp,LTC-USDT-SWAP,1H,LONG,2026-07-03 18:00:00+00:00,2026-07-03 20:00:00+00:00,44.05,44.769999999999996,43.69,44.769999999999996,185.19666666666663,2.0,1,TP,120,3.4722222222222276,0.0,0.3170588639812031,15.0,22.11614888328354,68.32695281493422,0.19436482427336133,0.44774081766574086,2.937175433713076,0.0,2.2748375116063233,2.0123950996226156,1.5696627697754606,1.4581211617026009,0.0,17,4,NewYork,Weak,2,1,8,6,True
Volatility.Comp,LTC-USDT-SWAP,1H,LONG,2026-07-05 12:00:00+00:00,2026-07-05 14:00:00+00:00,44.74,45.1,44.56,45.1,170.05333333333328,2.0,1,TP,120,2.5555555555555642,-0.5555555555555644,0.31075819237277413,13.0,17.495673149997227,55.59570951287929,0.228155214902035,0.04835551595624882,3.0696509286264995,-2.1005586592178718,1.7507958162801347,3.924649900176188,2.2262002816999495,0.596720343487996,0.0,11,6,London,Ranging,1,0,8,6,True
Volatility.Comp,LTC-USDT-SWAP,1H,LONG,2026-07-05 15:00:00+00:00,2026-07-05 18:00:00+00:00,45.15,45.88999999999999,44.78,45.88999999999999,185.23675675675665,2.0,1,TP,180,2.4594594594594863,-0.48648648648648907,0.3106945148115835,15.0,15.804446095691048,63.0859353551673,0.26728063735224056,0.216267309627956,3.907815936530718,-0.4650132860938903,2.6830377444292854,3.1054368531967373,2.1886522322505075,0.6931171946975321,0.0,14,6,NewYork,Ranging,2,0,8,6,True
Volatility.Comp,LTC-USDT-SWAP,1H,LONG,2026-07-07 16:00:00+00:00,2026-07-07 18:00:00+00:00,44.65,44.08677,44.1,45.74999999999999,-114.4912840000001,-1.0240545454545458,0,SL,120,0.16363636363637069,-1.145454545454543,0.360050514783945,42.0,19.987472987390433,54.55978770929722,0.035022589216542305,-0.46646101631231524,1.5706669699591411,-2.194848824188139,2.057142857142854,4.168027290936351,2.762861200917072,1.786083193613987,0.0,15,1,NewYork,Ranging,2,0,8,6,False
Volatility.Comp,LTC-USDT-SWAP,1H,LONG,2026-07-09 06:00:00+00:00,2026-07-09 09:00:00+00:00,44.16,43.896826999999995,43.91,44.66,-131.6720384800015,-1.0526920000000075,0,SL,180,0.6000000000000227,-1.4399999999999977,0.31950977765426924,14.000000000000002,18.674539925298102,61.67540883289844,-0.052743979847882295,-0.19865977758367595,0.6341060000290518,-0.06795016987542726,2.3649431949918758,1.8138494925519624,1.8385588534435295,1.3944821666673708,0.0,5,3,Asia,Ranging,0,0,8,6,False
Volatility.Comp,LTC-USDT-SWAP,1H,LONG,2026-07-10 03:00:00+00:00,2026-07-10 14:00:00+00:00,44.36,44.106764,44.12,44.84,-133.146690999999,-1.055149999999996,0,SL,660,1.4999999999999851,-1.4583333333333273,0.30380778741295245,15.0,21.59151864378407,61.88438184102728,0.020324010834112748,0.07295942762609482,1.0974632226250105,0.0,1.8595041322313939,1.4101528830956511,2.0697695435804464,1.0368008463276404,0.0,2,4,Asia,Weak,0,1,8,6,False
Volatility.Comp,LTC-USDT-SWAP,1H,LONG,2026-07-11 06:00:00+00:00,2026-07-11 19:00:00+00:00,44.92,45.30000000000001,44.73,45.30000000000001,171.50947368421123,2.0,1,TP,780,2.631578947368354,-0.3684210526315711,0.21474975924000722,1.0,16.044378455849447,66.53008935079947,0.15931553517267286,0.38858036512112426,1.9910913093840719,0.0,2.090433992274487,1.1142036571716605,1.4285777506373019,0.6337832851195098,0.0,5,5,Asia,Ranging,0,0,8,6,True
Volatility.Comp,LTC-USDT-SWAP,1H,LONG,2026-07-11 20:00:00+00:00,2026-07-11 22:00:00+00:00,45.37,45.186440000000005,45.2,45.70999999999999,-147.91403764705828,-1.0797647058823452,0,SL,120,0.8823529411765321,-1.8235294117647354,0.20236405265560953,9.0,23.475501283660943,70.60038274941809,0.22252044282296385,0.4902802114135042,2.6764767853930693,-0.11020498126516258,1.817773788150797,1.60256648473114,0.9538103224434259,0.6195230939576082,0.0,19,5,NewYork,Weak,2,1,8,6,False
Volatility.Comp,LTC-USDT-SWAP,1H,LONG,2026-07-18 13:00:00+00:00,2026-07-18 14:00:00+00:00,45.66,45.999999999999986,45.49,45.999999999999986,167.64941176470484,2.0,1,TP,60,5.2352941176472285,-0.2352941176470613,0.24571939085913888,5.0,23.790004793762442,65.5015361678758,0.18227335785925153,0.38632441004024026,2.1916561930473177,-0.19706590759797746,1.8964747880410562,1.9927352190237608,1.0442958841369572,2.11263342729986,0.0,12,5,NewYork,Weak,2,1,8,6,True
Volatility.Comp,LTC-USDT-SWAP,1H,LONG,2026-07-21 14:00:00+00:00,2026-07-21 17:00:00+00:00,47.87,47.405774,47.42,48.76999999999999,-119.02610320000052,-1.0316133333333353,0,SL,180,0.044444444444451815,-1.7333333333333365,0.3552779073845381,33.0,22.561368509143968,62.351800427025715,0.349802722457627,0.36756211997704014,4.116723694059537,-0.12536564981195628,2.0686713584986114,1.6145722842525627,1.8701467152511222,3.7227156447224115,0.0,13,1,NewYork,Weak,2,1,8,6,False
Volatility.Comp,LTC-USDT-SWAP,1H,LONG,2026-07-22 14:00:00+00:00,2026-07-22 20:00:00+00:00,46.84,47.20000000000002,46.66,47.20000000000002,168.6533333333345,2.0,1,TP,360,2.4444444444443394,-0.5555555555555424,0.245666810707481,3.0,21.887006797489157,50.687834109139935,0.08806682798362137,-0.3854278156631043,1.487626787143917,-1.2809564474807733,1.1444612394731184,2.193102260355169,1.3576969764699074,2.0813262704728746,0.0,13,2,NewYork,Weak,2,1,8,6,True
Volatility.Comp,LTC-USDT-SWAP,1H,LONG,2026-07-22 21:00:00+00:00,2026-07-22 23:00:00+00:00,47.26,47.025888,47.04,47.699999999999996,-138.54342399999769,-1.0641454545454423,0,SL,120,1.0909090909091055,-1.8636363636363578,0.2575197477356802,6.0,23.63004694056505,64.13686160439683,0.16211129508536007,-0.002873890244158612,2.2681862198766263,-0.042319085907751006,2.0513927877348213,2.241616430925787,1.1313261244738728,0.8286438277714405,0.0,20,2,Dead,Weak,3,1,8,6,False
Volatility.Comp,LTC-USDT-SWAP,1H,LONG,2026-07-25 20:00:00+00:00,2026-07-26 06:00:00+00:00,46.45,46.870000000000005,46.24,46.870000000000005,173.33714285714296,2.0,1,TP,600,2.047619047619038,-0.28571428571429536,0.20685344014688728,2.0,20.137382748025708,60.88885684166828,-0.060626355436838884,-0.25498159092565903,0.2050103233545745,-0.10764262648008,1.5300546448087493,1.508458554342696,1.0335485974996683,1.969221859141324,0.0,19,5,NewYork,Weak,2,1,8,6,True
Volatility.Comp,LTC-USDT-SWAP,1H,LONG,2026-07-26 07:00:00+00:00,2026-07-26 14:00:00+00:00,46.86,46.596017,46.61,47.36,-133.61584407999686,-1.0559319999999843,0,SL,420,1.8799999999999955,-1.0,0.19187659802658658,4.0,30.28708019474864,74.96140260222876,0.061589658195002124,0.226346293603242,1.045897625723772,-0.021335609131651626,2.380952380952373,2.6171806377331377,0.6563765802364553,1.3545481093422294,0.0,6,6,Asia,Trending,0,2,8,6,False
Volatility.Comp,LTC-USDT-SWAP,1H,LONG,2026-07-28 13:00:00+00:00,2026-07-28 14:00:00+00:00,46.65,46.496047,46.51,46.93,-159.8525915714294,-1.0996642857142909,0,SL,60,0.0,-4.999999999999949,0.26086812570175266,40.0,19.084211238726596,53.77438327569879,-0.04209271327359636,-0.252811022004555,0.13750528676339543,-0.23579849946409312,1.7670157068062722,1.7655781416342151,1.7728731301561644,0.9019150959078576,0.0,12,1,NewYork,Ranging,2,0,8,6,False
EMA.Crossover.ADX,LTC-USDT-SWAP,1H,LONG,2026-07-10 05:00:00+00:00,2026-07-10 06:00:00+00:00,44.37,44.276713,44.29,44.529999999999994,-180.03383795356643,-1.166087499999982,0,SL,60,0.5,-1.1249999999999778,0.28716079628973945,7.000000000000001,22.66842638530481,61.572116988656724,0.034577606169584184,0.12414545247237359,1.0761785779844122,-0.1126887536623941,1.8595041322313939,1.7974336030857776,1.9946146400653926,0.41251125647492626,0.0,4,4,Asia,Weak,0,1,2,6,False
EMA.Crossover.ADX,LTC-USDT-SWAP,1H,LONG,2026-07-14 19:00:00+00:00,2026-07-14 22:00:00+00:00,44.7,45.140000000000015,44.48,45.140000000000015,175.49818181818247,2.0,1,TP,180,2.6818181818180924,0.0,0.3023542532541567,99.0,26.520772785083963,68.11206131596823,0.06130543379193752,0.42780853447781186,1.3526417286121195,-0.5591590248266607,3.4235484617164103,4.301126659977031,2.4588370805010897,0.5886106452505272,0.0,18,1,NewYork,Trending,2,2,2,6,True
EMA.Crossover.ADX,LTC-USDT-SWAP,1H,LONG,2026-07-26 08:00:00+00:00,2026-07-26 14:00:00+00:00,46.94,46.715981,46.73,47.36,-140.1102802857118,-1.066757142857131,0,SL,360,1.8571428571428523,-1.571428571428557,0.1938854124532594,5.0,31.26230787431325,76.92235492557072,0.06998954577789318,0.25296984799624095,1.1847592958705202,-0.021303792075000248,2.5338575797291316,2.6011590680037457,0.6413560954373734,1.833124945115143,0.0,7,6,London,Trending,1,2,2,6,False
Donchian.20,LTC-USDT-SWAP,1H,LONG,2026-06-13 09:00:00+00:00,2026-06-13 15:00:00+00:00,43.62,44.07999999999999,43.39,44.07999999999999,177.1217391304345,2.0,1,TP,360,2.043478260869619,-0.34782608695651906,0.31159085402157505,5.0,18.226248293526123,63.65061579358636,-0.07719044751814377,0.4840809248386663,0.017518999949644357,-0.412465627864344,2.273259901570187,2.2110901568571095,2.824653804778612,1.2648373541377174,0.0,8,5,London,Ranging,1,0,1,6,True
Donchian.20,LTC-USDT-SWAP,1H,LONG,2026-06-13 22:00:00+00:00,2026-06-14 07:00:00+00:00,44.2,43.846842,43.86,44.88000000000001,-123.27767799999806,-1.038699999999991,0,SL,540,1.2941176470588038,-1.0,0.28214978004457436,9.0,29.465557460027725,67.02858553475536,0.04859492534457877,0.6671926565498245,1.249141914963881,-0.3619909502262366,2.7429102742910265,2.5815445034291575,1.7137996098700776,1.5494560898416303,0.0,21,5,Dead,Trending,3,2,1,6,False
Donchian.20,LTC-USDT-SWAP,1H,LONG,2026-06-14 22:00:00+00:00,2026-06-15 10:00:00+00:00,44.83,45.849999999999994,44.32,45.849999999999994,189.3317647058823,2.0,1,TP,720,2.5490196078431557,-0.1568627450980365,0.28025435374956015,30.0,20.574399388135777,72.7871876537768,0.08632681403828399,0.35838109486002406,2.4122112853682016,-0.3792949576082144,2.6098901098901113,1.9322422636140542,1.6729952494583125,2.9257649130337193,0.0,21,6,Dead,Weak,3,1,1,6,True
Donchian.20,LTC-USDT-SWAP,1H,LONG,2026-06-15 11:00:00+00:00,2026-06-16 14:00:00+00:00,45.64,44.826548,44.84,47.239999999999995,-110.14799110000025,-1.0168150000000011,0,SL,1620,0.8750000000000067,-1.4875000000000025,0.37230972795949524,87.0,32.372743041701,65.74148628601876,0.3063928302207697,0.9280065642031713,3.8649696076991495,-1.073619631901845,4.058367533059738,4.806683992555438,2.7912635674596165,5.994640951081027,0.0,10,0,London,Trending,1,2,1,6,False
Donchian.20,LTC-USDT-SWAP,1H,LONG,2026-06-19 16:00:00+00:00,2026-06-19 18:00:00+00:00,44.41,44.016791000000005,44.03,45.16999999999999,-120.914230157893,-1.03476052631578,0,SL,120,0.0,-1.131578947368434,0.3227879902116362,11.0,32.26735398120976,63.85476988744883,-0.16350096165943898,-0.4101879233989631,0.042120116973310494,-0.06756756756757012,2.873030583873962,2.5447393955246875,1.9217537371079927,1.8249960744403093,0.0,15,4,NewYork,Trending,2,2,1,6,False
Donchian.20,LTC-USDT-SWAP,1H,LONG,2026-06-20 23:00:00+00:00,2026-06-21 09:00:00+00:00,44.48,44.919999999999995,44.26,44.919999999999995,175.61818181818168,2.0,1,TP,600,2.1363636363636744,-0.4090909090908944,0.2677740580925424,9.0,16.922669935636264,61.491046209657085,-0.028687106347309393,0.08361122092432252,0.3863416498237344,-0.2922661870503655,1.7383348581884677,1.2675017209722057,1.5375247818954296,0.7784936143240423,0.0,22,5,Dead,Ranging,3,0,1,6,True
Donchian.20,LTC-USDT-SWAP,1H,LONG,2026-06-21 10:00:00+00:00,2026-06-21 15:00:00+00:00,44.94,45.36,44.73,45.36,174.2000000000001,2.0,1,TP,300,5.285714285714262,-0.3809523809523713,0.2422427699967985,7.000000000000001,24.256059110421564,72.28380099806921,0.0670246646480543,0.3739576381494131,1.3522244636391167,-0.0222518914107813,2.7904849039341237,2.2930226130549465,1.2678143848960544,0.9230145907862248,0.0,9,6,London,Weak,1,1,1,6,True
Donchian.20,LTC-USDT-SWAP,1H,LONG,2026-06-21 16:00:00+00:00,2026-06-21 17:00:00+00:00,45.89,45.28641,45.3,47.07000000000001,-113.8789569491527,-1.0230338983050857,0,SL,60,0.0,-1.3728813559321993,0.2918253784038592,38.0,37.05029936543347,84.18721903863091,0.16165412076868058,0.6630451471764585,3.3947541338866905,-0.326797385620912,4.270786006360734,3.565023728637281,1.606402705624037,3.690404592334361,0.0,15,6,NewYork,Trending,2,2,1,6,False
Donchian.20,LTC-USDT-SWAP,1H,LONG,2026-06-22 14:00:00+00:00,2026-06-22 15:00:00+00:00,45.68,45.336395,45.35,46.339999999999996,-124.7938899999991,-1.0412272727272678,0,SL,60,0.0,-1.8484848484848564,0.333100092288071,79.0,30.639807960953434,65.37211661755022,0.12613771707958393,0.28461841033208823,2.5924637428530386,-0.2846507554193025,2.999548940009017,2.376259883455292,2.38075223097833,1.4388816215777722,0.0,13,0,NewYork,Trending,2,2,1,6,False
Donchian.20,LTC-USDT-SWAP,1H,LONG,2026-06-27 09:00:00+00:00,2026-06-27 19:00:00+00:00,42.67,42.297307,42.31,43.39,-121.21288449999933,-1.0352583333333298,0,SL,600,1.6666666666666732,-1.4722222222222276,0.3836810815015988,34.0,16.077165647267236,67.03453108957373,-0.11068600995573158,0.6552373174936621,0.011086787122609942,-0.02343566908834781,6.382448267265027,3.849131364247223,2.83610312389556,1.3668812684501574,0.0,8,5,London,Ranging,1,0,1,6,False
Donchian.20,LTC-USDT-SWAP,1H,LONG,2026-06-28 12:00:00+00:00,2026-06-28 15:00:00+00:00,43.28,42.807154000000004,42.82,44.2,-116.81397660869395,-1.0279260869565132,0,SL,180,0.0,-1.1304347826087005,0.34135970618687744,18.0,22.22830451832625,68.07978200279561,-0.022647734842740127,0.37413247211608414,1.5249310210715332,0.0,3.4408602150537577,3.2647587366109247,2.4580439567778245,1.3706155236666013,0.0,11,6,London,Weak,1,1,1,6,False
Donchian.20,LTC-USDT-SWAP,1H,LONG,2026-06-29 19:00:00+00:00,2026-06-29 23:00:00+00:00,43.27,43.017091,43.03,43.75000000000001,-132.32927275000014,-1.0537875000000017,0,SL,240,0.4999999999999852,-1.0833333333333457,0.44638493876902147,64.0,14.25016278275385,63.61596311055592,-0.012228593904731267,0.07746461179315403,1.4238251368952335,-0.04623208506704375,2.828618968386018,2.764820367129013,2.551578578330118,0.5957559602935579,0.0,18,0,NewYork,Ranging,2,0,1,6,False
Donchian.20,LTC-USDT-SWAP,1H,LONG,2026-07-01 22:00:00+00:00,2026-07-02 00:00:00+00:00,43.4,42.537234999999995,42.55,45.1,-109.06968717647096,-1.0150176470588255,0,SL,120,0.0,-1.2117647058823522,0.43863265791921163,94.0,17.47139844649375,67.49671826705406,-0.04566723134494041,0.057704045425094545,2.0960045197227375,-0.6219765031098897,5.671859785783832,4.226603339083235,3.8853982016913933,2.288368720609412,0.0,21,2,Dead,Ranging,3,0,1,6,False
Donchian.20,LTC-USDT-SWAP,1H,LONG,2026-07-03 18:00:00+00:00,2026-07-03 20:00:00+00:00,44.05,44.769999999999996,43.69,44.769999999999996,185.19666666666663,2.0,1,TP,120,3.4722222222222276,0.0,0.3170588639812031,15.0,22.11614888328354,68.32695281493422,0.19436482427336133,0.44774081766574086,2.937175433713076,0.0,2.2748375116063233,2.0123950996226156,1.5696627697754606,1.4581211617026009,0.0,17,4,NewYork,Weak,2,1,1,6,True
Donchian.20,LTC-USDT-SWAP,1H,LONG,2026-07-03 21:00:00+00:00,2026-07-04 01:00:00+00:00,45.18,44.156749000000005,44.17,47.199999999999996,-107.93109399999938,-1.0131198019801948,0,SL,240,0.09900990099010061,-1.0990099009901007,0.37180696944850655,60.0,27.103075333745473,81.88395420971598,0.2684640519674727,0.7022754251897719,5.428560024757182,-0.265604249667989,4.874651810584962,4.301795111493908,2.661849845435188,3.7709349942243473,0.0,20,4,Dead,Trending,3,2,1,6,False
Donchian.20,LTC-USDT-SWAP,1H,LONG,2026-07-04 18:00:00+00:00,2026-07-04 19:00:00+00:00,45.56,45.096467000000004,45.11,46.46000000000001,-118.10219559999783,-1.0300733333333227,0,SL,60,0.0,-1.0666666666666689,0.37550428331279,63.0,26.752809075659382,71.9485973162715,0.3734847039151465,0.7412715771643428,5.493823701387375,-0.2853380158033263,3.686845698680029,3.404524759963775,2.537942614889719,2.127415980360975,0.0,17,5,NewYork,Trending,2,2,1,6,False
Donchian.20,LTC-USDT-SWAP,1H,LONG,2026-07-05 16:00:00+00:00,2026-07-05 17:00:00+00:00,45.41,45.046482000000005,45.06,46.109999999999985,-123.23139691428477,-1.0386228571428513,0,SL,60,0.14285714285715737,-1.057142857142867,0.3263591923250419,25.0,16.921677742182403,66.73948472507809,0.29303122213810584,0.3175999307547751,4.413690427935917,-0.41850220264318244,3.2287403365166027,3.318109461862425,2.215919570947693,2.291275362635913,0.0,15,6,NewYork,Ranging,2,0,1,6,False
Donchian.20,LTC-USDT-SWAP,1H,LONG,2026-07-09 06:00:00+00:00,2026-07-09 09:00:00+00:00,44.16,43.896826999999995,43.91,44.66,-131.6720384800015,-1.0526920000000075,0,SL,180,0.6000000000000227,-1.4399999999999977,0.31950977765426924,14.000000000000002,18.674539925298102,61.67540883289844,-0.052743979847882295,-0.19865977758367595,0.6341060000290518,-0.06795016987542726,2.3649431949918758,1.8138494925519624,1.8385588534435295,1.3944821666673708,0.0,5,3,Asia,Ranging,0,0,1,6,False
Donchian.20,LTC-USDT-SWAP,1H,LONG,2026-07-10 03:00:00+00:00,2026-07-10 14:00:00+00:00,44.36,44.106764,44.12,44.84,-133.146690999999,-1.055149999999996,0,SL,660,1.4999999999999851,-1.4583333333333273,0.30380778741295245,15.0,21.59151864378407,61.88438184102728,0.020324010834112748,0.07295942762609482,1.0974632226250105,0.0,1.8595041322313939,1.4101528830956511,2.0697695435804464,1.0368008463276404,0.0,2,4,Asia,Weak,0,1,1,6,False
Donchian.20,LTC-USDT-SWAP,1H,LONG,2026-07-11 06:00:00+00:00,2026-07-11 19:00:00+00:00,44.92,45.30000000000001,44.73,45.30000000000001,171.50947368421123,2.0,1,TP,780,2.631578947368354,-0.3684210526315711,0.21474975924000722,1.0,16.044378455849447,66.53008935079947,0.15931553517267286,0.38858036512112426,1.9910913093840719,0.0,2.090433992274487,1.1142036571716605,1.4285777506373019,0.6337832851195098,0.0,5,5,Asia,Ranging,0,0,1,6,True
Donchian.20,LTC-USDT-SWAP,1H,LONG,2026-07-11 20:00:00+00:00,2026-07-11 22:00:00+00:00,45.37,45.186440000000005,45.2,45.70999999999999,-147.91403764705828,-1.0797647058823452,0,SL,120,0.8823529411765321,-1.8235294117647354,0.20236405265560953,9.0,23.475501283660943,70.60038274941809,0.22252044282296385,0.4902802114135042,2.6764767853930693,-0.11020498126516258,1.817773788150797,1.60256648473114,0.9538103224434259,0.6195230939576082,0.0,19,5,NewYork,Weak,2,1,1,6,False
Donchian.20,LTC-USDT-SWAP,1H,LONG,2026-07-14 13:00:00+00:00,2026-07-18 14:00:00+00:00,44.52,46.38,43.59,46.38,194.13548387096776,2.0,1,TP,5820,2.1827956989247252,-0.5268817204301098,0.2776427686760112,94.0,16.855674100758204,68.70702733715859,-0.0740441167098429,-0.07144729096884238,1.0000428624453996,-0.11230907457321912,3.800419678246683,3.0047339330570026,2.640144587265396,4.788696585089369,0.0,12,1,NewYork,Ranging,2,0,1,6,True
Donchian.20,LTC-USDT-SWAP,1H,LONG,2026-07-18 15:00:00+00:00,2026-07-18 17:00:00+00:00,46.32,47.720000000000006,45.62,47.720000000000006,191.93942857142858,2.0,1,TP,120,2.19999999999999,-0.4428571428571443,0.2928906992611962,28.999999999999996,27.902617764420306,76.84094130191397,0.2024019693805969,0.4488077727330983,3.5619712369909218,-0.5182465990066829,3.3244087460954974,2.6466447464219165,1.599348886325897,6.72748777708196,0.0,14,5,NewYork,Trending,2,2,1,6,True
Donchian.20,LTC-USDT-SWAP,1H,LONG,2026-07-18 18:00:00+00:00,2026-07-18 19:00:00+00:00,47.45,47.005894000000005,47.02,48.31,-119.74082241860381,-1.0328046511627864,0,SL,60,0.0,-1.8604651162790808,0.407449295290396,100.0,36.84082170654206,84.37307459421599,0.29695949878553524,0.782330855623636,5.955146233333535,-0.8640674394098978,5.5147876362019215,5.456472834419533,2.6145004207497586,3.8458147228929978,0.0,17,5,NewYork,Trending,2,2,1,6,False
Donchian.20,LTC-USDT-SWAP,1H,LONG,2026-07-19 20:00:00+00:00,2026-07-19 23:00:00+00:00,47.63,47.295807,47.31,48.27,-126.66921381249921,-1.0443531249999962,0,SL,180,0.7187499999999896,-2.031250000000016,0.3707264627288027,70.0,44.22063701452187,67.24668476837405,0.4540692847935375,0.8308654111525624,5.138601982767054,0.0,2.100750267952849,2.103163865609388,1.9927573821010778,0.9285011153433882,0.0,19,6,NewYork,Trending,2,2,1,6,False
Donchian.20,LTC-USDT-SWAP,1H,LONG,2026-07-21 14:00:00+00:00,2026-07-21 17:00:00+00:00,47.87,47.405774,47.42,48.76999999999999,-119.02610320000052,-1.0316133333333353,0,SL,180,0.044444444444451815,-1.7333333333333365,0.3552779073845381,33.0,22.561368509143968,62.351800427025715,0.349802722457627,0.36756211997704014,4.116723694059537,-0.12536564981195628,2.0686713584986114,1.6145722842525627,1.8701467152511222,3.7227156447224115,0.0,13,1,NewYork,Weak,2,1,1,6,False
Donchian.20,LTC-USDT-SWAP,1H,LONG,2026-07-22 21:00:00+00:00,2026-07-22 23:00:00+00:00,47.26,47.025888,47.04,47.699999999999996,-138.54342399999769,-1.0641454545454423,0,SL,120,1.0909090909091055,-1.8636363636363578,0.2575197477356802,6.0,23.63004694056505,64.13686160439683,0.16211129508536007,-0.002873890244158612,2.2681862198766263,-0.042319085907751006,2.0513927877348213,2.241616430925787,1.1313261244738728,0.8286438277714405,0.0,20,2,Dead,Weak,3,1,1,6,False
Donchian.20,LTC-USDT-SWAP,1H,LONG,2026-07-25 20:00:00+00:00,2026-07-26 06:00:00+00:00,46.45,46.870000000000005,46.24,46.870000000000005,173.33714285714296,2.0,1,TP,600,2.047619047619038,-0.28571428571429536,0.20685344014688728,2.0,20.137382748025708,60.88885684166828,-0.060626355436838884,-0.25498159092565903,0.2050103233545745,-0.10764262648008,1.5300546448087493,1.508458554342696,1.0335485974996683,1.969221859141324,0.0,19,5,NewYork,Weak,2,1,1,6,True
Donchian.20,LTC-USDT-SWAP,1H,LONG,2026-07-26 07:00:00+00:00,2026-07-26 14:00:00+00:00,46.86,46.596017,46.61,47.36,-133.61584407999686,-1.0559319999999843,0,SL,420,1.8799999999999955,-1.0,0.19187659802658658,4.0,30.28708019474864,74.96140260222876,0.061589658195002124,0.226346293603242,1.045897625723772,-0.021335609131651626,2.380952380952373,2.6171806377331377,0.6563765802364553,1.3545481093422294,0.0,6,6,Asia,Trending,0,2,1,6,False
Donchian.20,LTC-USDT-SWAP,1H,LONG,2026-07-26 16:00:00+00:00,2026-07-27 08:00:00+00:00,47.72,46.9859,47.0,49.16,-111.80882499999979,-1.0195833333333322,0,SL,960,0.6944444444444455,-1.2222222222222179,0.25860073030781366,43.0,37.861691823525135,78.09040518057432,0.1580764895994394,0.5166607255958486,2.7268203179008212,-0.06286672254820021,2.8891763691246144,2.7173133929057856,1.7494340658336487,3.3495649686782554,0.0,15,6,NewYork,Trending,2,2,1,6,False
EMA.Pullback,LTC-USDT-SWAP,1H,LONG,2026-06-13 18:00:00+00:00,2026-06-13 19:00:00+00:00,43.59,43.750000000000014,43.51,43.750000000000014,123.41821518698187,2.0,1,TP,60,2.9999999999997335,0.0,0.28130443437528097,5.0,28.863186000219148,54.60500000387499,0.031024887063751956,0.6985860603657194,-0.10497246559048588,-1.1238532110091788,1.7502917152858808,2.811872274405962,1.6288016260512381,0.612005943907668,0.0,17,5,NewYork,Trending,2,2,3,6,True
EMA.Pullback,LTC-USDT-SWAP,1H,LONG,2026-06-13 20:00:00+00:00,2026-06-13 21:00:00+00:00,43.76,44.01999999999999,43.63,44.01999999999999,159.4861538461524,2.0,1,TP,60,4.615384615384788,0.0,0.26811453780317523,1.0,28.03638674498168,58.322841307687604,0.03565171784092923,0.6649736132981748,0.2586839538848397,-0.7541133455210361,1.9571295433364313,2.3656093537176863,1.626168085402258,0.5880005576768773,0.0,19,5,NewYork,Trending,2,2,3,6,True
EMA.Pullback,LTC-USDT-SWAP,1H,LONG,2026-06-14 06:00:00+00:00,2026-06-14 07:00:00+00:00,44.12,43.936815,43.95,44.45999999999999,-146.59064058823677,-1.0775588235294142,0,SL,60,0.0,-1.5294117647059193,0.27303132567460403,10.0,35.70477629210667,57.76068241697428,0.13062135289646243,0.7918010621144432,0.9516168034162628,-1.1786038077969245,1.401976557113306,2.421982581270527,1.6541511415740613,0.8190326746105687,0.0,5,6,Asia,Trending,0,2,3,6,False
EMA.Pullback,LTC-USDT-SWAP,1H,LONG,2026-06-14 08:00:00+00:00,2026-06-14 12:00:00+00:00,44.03,43.846842,43.86,44.370000000000005,-146.49535599999615,-1.0773999999999824,0,SL,240,1.4705882352941029,-1.0588235294117525,0.26455252060718426,1.0,33.30284738202656,54.41705215309003,0.12977931564037898,0.7362103804712886,0.7289967357527825,-1.3854190324778546,1.1951275568834823,2.25798542316398,1.6319722247293476,1.1058497937852414,0.0,7,6,London,Trending,1,2,3,6,False
EMA.Pullback,LTC-USDT-SWAP,1H,LONG,2026-06-14 22:00:00+00:00,2026-06-15 10:00:00+00:00,44.83,45.849999999999994,44.32,45.849999999999994,189.3317647058823,2.0,1,TP,720,2.5490196078431557,-0.1568627450980365,0.28025435374956015,30.0,20.574399388135777,72.7871876537768,0.08632681403828399,0.35838109486002406,2.4122112853682016,-0.3792949576082144,2.6098901098901113,1.9322422636140542,1.6729952494583125,2.9257649130337193,0.0,21,6,Dead,Weak,3,1,3,6,True
EMA.Pullback,LTC-USDT-SWAP,1H,LONG,2026-06-15 11:00:00+00:00,2026-06-16 14:00:00+00:00,45.64,44.826548,44.84,47.239999999999995,-110.14799110000025,-1.0168150000000011,0,SL,1620,0.8750000000000067,-1.4875000000000025,0.37230972795949524,87.0,32.372743041701,65.74148628601876,0.3063928302207697,0.9280065642031713,3.8649696076991495,-1.073619631901845,4.058367533059738,4.806683992555438,2.7912635674596165,5.994640951081027,0.0,10,0,London,Trending,1,2,3,6,False
EMA.Pullback,LTC-USDT-SWAP,1H,LONG,2026-06-19 16:00:00+00:00,2026-06-19 18:00:00+00:00,44.41,44.016791000000005,44.03,45.16999999999999,-120.914230157893,-1.03476052631578,0,SL,120,0.0,-1.131578947368434,0.3227879902116362,11.0,32.26735398120976,63.85476988744883,-0.16350096165943898,-0.4101879233989631,0.042120116973310494,-0.06756756756757012,2.873030583873962,2.5447393955246875,1.9217537371079927,1.8249960744403093,0.0,15,4,NewYork,Trending,2,2,3,6,False
EMA.Pullback,LTC-USDT-SWAP,1H,LONG,2026-06-21 21:00:00+00:00,2026-06-21 22:00:00+00:00,45.03,44.906524000000005,44.92,45.25,-173.5581039999952,-1.1225090909090656,0,SL,60,0.0,-3.8181818181818534,0.3171904753668568,55.00000000000001,41.494029801429285,54.142994023017266,0.1874718938852895,0.6637149727698083,1.3488027028035956,-2.2651565622917964,1.4417661635503505,3.2007514114283366,2.3893065589391016,0.7267767605320347,0.0,20,6,Dead,Trending,3,2,3,6,False
EMA.Pullback,LTC-USDT-SWAP,1H,LONG,2026-06-22 02:00:00+00:00,2026-06-22 06:00:00+00:00,45.17,44.776563,44.79,45.93000000000001,-121.27419415789255,-1.035360526315779,0,SL,240,0.0,-1.0526315789473577,0.37767487722821297,87.0,34.16417333068827,56.4118496301172,0.12861457168708432,0.35413353350148236,1.64214902304932,-1.925630810092956,1.8944519621109521,2.6206551699732747,2.8868558206559225,1.3733753424353052,0.0,1,0,Asia,Trending,0,2,3,6,False
EMA.Pullback,LTC-USDT-SWAP,1H,LONG,2026-06-22 08:00:00+00:00,2026-06-22 09:00:00+00:00,44.97,44.78656,44.8,45.31,-147.49055058822972,-1.0790588235293856,0,SL,60,0.0,-1.823529411764701,0.3220082494431313,61.0,30.89501303570144,52.06346684230574,0.09458436329174408,0.18382891991854058,1.085236131988696,-2.4243772241992803,1.3982859720342748,2.510665267622963,2.868244595353958,0.538866334763927,0.0,7,0,London,Trending,1,2,3,6,False
EMA.Pullback,LTC-USDT-SWAP,1H,LONG,2026-06-22 12:00:00+00:00,2026-06-22 17:00:00+00:00,45.21,44.726578,44.74,46.15,-117.19275463829726,-1.0285574468085075,0,SL,300,1.2553191489361655,-1.0,0.31826992951752603,60.0,28.64560587216507,57.841545892362554,0.09959821161624287,0.18862350742598696,1.6309150716084717,-1.5479876160990775,1.9846639603067102,1.806320089905062,2.669366016189771,1.6678535661153637,0.0,11,0,London,Trending,1,2,3,6,False
EMA.Pullback,LTC-USDT-SWAP,1H,LONG,2026-06-28 07:00:00+00:00,2026-06-28 08:00:00+00:00,42.34,42.94000000000001,42.04,42.94000000000001,182.94400000000024,2.0,1,TP,60,2.29999999999996,0.0,0.31113310140576556,6.0,23.004991012110295,51.6085437258698,-0.10254784229827213,0.10683791374999196,-0.6778017407716058,-2.196504487482285,1.1708482676224659,3.1696888093331466,2.2070314986802133,0.8052356932098942,0.0,6,6,Asia,Weak,0,1,3,6,True
EMA.Pullback,LTC-USDT-SWAP,1H,LONG,2026-06-28 09:00:00+00:00,2026-06-28 19:00:00+00:00,42.91,42.417271,42.43,43.86999999999999,-115.96965887500019,-1.0265187500000006,0,SL,600,0.8958333333333534,-1.2083333333333377,0.32572190886517594,14.000000000000002,21.745035490066822,63.89314270253087,-0.07960752251663003,0.1814926587640419,0.6561791226701424,-0.8389652761594186,2.532855436081231,3.241165555022286,2.3087209810059575,1.7345306743221278,0.0,8,6,London,Weak,1,1,3,6,False
EMA.Pullback,LTC-USDT-SWAP,1H,LONG,2026-07-01 03:00:00+00:00,2026-07-01 08:00:00+00:00,42.59,42.047382000000006,42.06,43.650000000000006,-114.34309984905516,-1.0238075471698043,0,SL,300,0.6037735849056463,-1.1320754716981134,0.3591233969894543,49.0,24.358830563126034,60.01439246665292,-0.15581623907277928,-0.418595868282886,0.04787643288089708,-0.5401596993893941,3.1492248062015435,2.8804938397945934,2.532939815290071,1.0249319608335425,0.0,2,2,Asia,Weak,0,1,3,6,False
EMA.Pullback,LTC-USDT-SWAP,1H,LONG,2026-07-01 16:00:00+00:00,2026-07-01 21:00:00+00:00,42.48,43.35999999999999,42.04,43.35999999999999,188.29454545454539,2.0,1,TP,300,2.727272727272748,-0.6363636363636261,0.4298359492945314,89.0,22.766878741667046,55.83839967806812,-0.12201132506366309,-0.2665344944659566,-0.05550098929231048,-1.0120028241939272,3.432327166504391,3.785341683937343,3.30493826510416,1.7767982118702828,0.0,15,2,NewYork,Weak,2,1,3,6,True
EMA.Pullback,LTC-USDT-SWAP,1H,LONG,2026-07-03 12:00:00+00:00,2026-07-03 14:00:00+00:00,43.62,43.406974000000005,43.42,44.01999999999999,-139.13409219999727,-1.0651299999999835,0,SL,120,0.7000000000000177,-2.0000000000000355,0.2976114137654032,1.0,20.29004461112835,60.31597838866297,0.144004556389935,0.2909857868697492,2.017442433127904,-0.5044714515019465,1.2302692664809682,1.3697719949090696,1.586062013597974,0.9215711318680097,0.0,11,4,London,Weak,1,1,3,6,False
EMA.Pullback,LTC-USDT-SWAP,1H,LONG,2026-07-03 15:00:00+00:00,2026-07-03 19:00:00+00:00,43.6,44.36000000000001,43.22,44.36000000000001,186.1115789473685,2.0,1,TP,240,2.0789473684210362,-0.4473684210526331,0.30316773908257644,7.000000000000001,21.588115550062334,57.8370535539366,0.16124420821323338,0.3408930320949138,1.9108150342112944,-0.550584996558832,1.1838440111420732,1.4510037897590946,1.5056249382145117,1.5529364178485845,0.0,14,4,NewYork,Weak,2,1,3,6,True
EMA.Pullback,LTC-USDT-SWAP,1H,LONG,2026-07-04 02:00:00+00:00,2026-07-04 04:00:00+00:00,44.22,44.519999999999996,44.07,44.519999999999996,164.50399999999968,2.0,1,TP,120,2.1333333333333555,-0.933333333333346,0.3885147280661415,70.0,33.13074736356689,54.77319142648928,0.3868416876607854,1.0532324792459604,2.9892746634369107,-2.4643906850554003,2.455408848737538,5.828278677730918,2.9698906324381262,1.2601734468786339,0.0,1,5,Asia,Trending,0,2,3,6,True
EMA.Pullback,LTC-USDT-SWAP,1H,LONG,2026-07-04 05:00:00+00:00,2026-07-04 06:00:00+00:00,44.49,44.166746,44.18,45.11000000000001,-125.7103379354813,-1.0427548387096652,0,SL,60,0.09677419354839005,-1.4838709677419273,0.36970730960689274,59.0,29.772347090198217,59.52914548323642,0.4031332945762854,1.0378869312164651,3.5162536355077196,-1.8426966292134837,3.0808431781329584,5.1235614879949685,2.9622447601184176,0.9775619935413918,0.0,4,5,Asia,Trending,0,2,3,6,False
EMA.Pullback,LTC-USDT-SWAP,1H,LONG,2026-07-04 09:00:00+00:00,2026-07-04 15:00:00+00:00,44.48,45.13999999999999,44.15,45.13999999999999,183.70545454545447,2.0,1,TP,360,2.2121212121212355,-0.9696969696969756,0.3683501788234713,56.00000000000001,24.14329787750971,57.70893331214368,0.3347364983174654,0.6843520656030845,3.3200277729738277,-1.9114009444569404,2.892179546506247,4.18191850506574,3.0746185919286564,0.4578557269671636,0.0,8,5,London,Weak,1,1,3,6,True
EMA.Pullback,LTC-USDT-SWAP,1H,LONG,2026-07-04 16:00:00+00:00,2026-07-04 23:00:00+00:00,45.14,44.756569000000006,44.77,45.879999999999995,-121.83782199999858,-1.0362999999999924,0,SL,420,1.486486486486489,-1.3783783783783825,0.3612949084574368,53.0,22.986308445662996,66.93984471819618,0.3229599897500127,0.5670245181068398,4.631597044465972,-0.3987594151528572,2.730996813837057,2.955237535615755,3.307391927915429,2.1077819963719855,0.0,15,5,NewYork,Weak,2,1,3,6,False
EMA.Pullback,LTC-USDT-SWAP,1H,LONG,2026-07-05 00:00:00+00:00,2026-07-05 01:00:00+00:00,44.82,44.616611000000006,44.63,45.199999999999996,-142.33682452631265,-1.0704684210526143,0,SL,60,0.0,-3.3684210526316223,0.34764235993196974,33.0,27.02687166228447,53.09092464277142,0.44488433331539934,0.9152636794601949,3.5178904168644825,-1.9410977242302487,2.002730996813843,3.7644982176706745,2.3003239084657814,0.7886230160184876,0.0,23,5,Dead,Trending,3,2,3,6,False
EMA.Pullback,LTC-USDT-SWAP,1H,LONG,2026-07-06 03:00:00+00:00,2026-07-06 04:00:00+00:00,45.3,45.07647300000001,45.09,45.719999999999985,-138.7047065714262,-1.06441428571427,0,SL,60,0.0,-1.1428571428571526,0.42435845883750345,90.0,27.764538846928836,52.567374809631296,0.4668934315568281,0.869052238088759,3.6851985973828647,-1.787684837784143,3.024101864483869,4.632905599747257,2.781929748879194,1.0649940966523703,0.0,2,0,Asia,Trending,0,2,3,6,False
EMA.Pullback,LTC-USDT-SWAP,1H,LONG,2026-07-06 16:00:00+00:00,2026-07-07 02:00:00+00:00,44.96,44.276713,44.29,46.300000000000004,-111.95761608955168,-1.0198313432835795,0,SL,600,1.0,-1.0149253731343253,0.4288862693359808,99.0,25.257444469166025,52.17287611558796,0.18054413049950602,-0.22979950390925244,2.601284985227975,-2.5800711743772164,2.9304029304029333,4.842145424779224,2.7918766442012437,0.9926524684623818,0.0,15,0,NewYork,Trending,2,2,3,6,False
EMA.Pullback,LTC-USDT-SWAP,1H,LONG,2026-07-09 19:00:00+00:00,2026-07-09 20:00:00+00:00,44.09,43.926818,43.94,44.390000000000015,-152.78272719999865,-1.0878799999999997,0,SL,60,0.0,-1.5999999999999526,0.29921277504713567,8.0,22.00712257015439,56.18332310654939,0.012222808105596405,0.05159743420385317,0.45027125322578454,-0.5217785843920236,1.5668202764976953,1.800738286145699,1.895282714637266,1.7965945138492978,0.0,18,3,NewYork,Weak,2,1,3,6,False
EMA.Pullback,LTC-USDT-SWAP,1H,LONG,2026-07-10 02:00:00+00:00,2026-07-11 19:00:00+00:00,44.17,45.370000000000005,43.57,45.370000000000005,191.046,2.0,1,TP,2460,2.0833333333333286,-0.2666666666666722,0.30794684798317956,19.0,21.08698596373038,57.623897777068386,0.009305192774174149,0.0303585253959941,0.6300755202903341,-0.45289855072464413,1.377410468319546,1.2273512347768853,2.006265951308654,2.927427479223792,0.0,1,4,Asia,Weak,0,1,3,6,True
EMA.Pullback,LTC-USDT-SWAP,1H,LONG,2026-07-11 23:00:00+00:00,2026-07-12 00:00:00+00:00,45.14,45.046482000000005,45.06,45.3,-178.4978834736306,-1.1689749999999748,0,SL,60,0.0,-10.625000000000245,0.20899920688206042,16.0,25.340780150364846,56.44746943338839,0.22956509731771216,0.4854171641399441,2.058579108084453,-0.8641701750498572,1.0750279955207256,1.5465336648718806,1.11154408236174,0.8609446954449052,0.0,22,5,Dead,Trending,3,2,3,6,False
EMA.Pullback,LTC-USDT-SWAP,1H,LONG,2026-07-12 13:00:00+00:00,2026-07-12 14:00:00+00:00,44.74,44.58662,44.6,45.02,-157.39712285713966,-1.0955714285714135,0,SL,60,0.6428571428571138,-1.571428571428557,0.20848438053172066,16.0,23.219013180034334,49.97230930725913,0.0757992067601923,-0.10447425808572874,1.042829242172939,-1.7661524703778366,0.9934522465567798,2.8639955496669827,1.8632552344700384,0.5859136801460114,0.0,12,6,NewYork,Weak,2,1,3,6,False
EMA.Pullback,LTC-USDT-SWAP,1H,LONG,2026-07-12 15:00:00+00:00,2026-07-12 17:00:00+00:00,44.81,44.506644,44.52,45.39,-127.69034013793231,-1.0460551724137992,0,SL,120,0.1379310344827561,-1.1379310344827807,0.213846226070718,23.0,20.600954120803372,52.46442606826881,0.07589200277801691,-0.08979908472182128,1.1816224708239207,-1.6071428571428705,1.1515014675999051,2.661748977998769,1.929820546815153,0.7851016158258144,0.0,14,6,NewYork,Weak,2,1,3,6,False
EMA.Pullback,LTC-USDT-SWAP,1H,LONG,2026-07-14 15:00:00+00:00,2026-07-14 17:00:00+00:00,44.65,44.446662,44.46,45.029999999999994,-142.1757879999978,-1.0701999999999872,0,SL,120,1.2105263157895092,-2.1052631578947545,0.2852123872767649,98.0,21.192567992144305,70.6130412703521,-0.02836868252752143,0.10669257503125468,1.291224666344593,-0.4030452306314528,3.7639405204460905,3.8069316633390637,2.449457546379423,2.107961740620417,0.0,14,1,NewYork,Weak,2,1,3,6,False
EMA.Pullback,LTC-USDT-SWAP,1H,LONG,2026-07-15 04:00:00+00:00,2026-07-15 09:00:00+00:00,44.9,45.48,44.61,45.48,181.3006896551724,2.0,1,TP,300,4.000000000000025,-0.9310344827586097,0.308339297410672,100.0,33.315934472223994,60.05724656267109,0.19514311107810378,0.7663825598336265,1.621554009377107,-1.3137385882876942,3.193933823529396,4.688353029747218,2.488770109786175,3.358200123030848,0.0,3,2,Asia,Trending,0,2,3,6,True
EMA.Pullback,LTC-USDT-SWAP,1H,LONG,2026-07-15 18:00:00+00:00,2026-07-15 19:00:00+00:00,45.23,45.036485,45.05,45.589999999999996,-145.10549499999806,-1.0750833333333232,0,SL,60,0.0,-2.0555555555555447,0.38553515426301377,99.0,36.68793341477772,53.36907011168188,0.2661158772755735,0.7679611149634933,2.0067568341476867,-1.8350652221976687,1.3898229096615051,2.5959606720846984,2.5836653822828453,0.3365992144163956,0.0,17,2,NewYork,Trending,2,2,3,6,False
EMA.Pullback,LTC-USDT-SWAP,1H,LONG,2026-07-16 00:00:00+00:00,2026-07-16 01:00:00+00:00,45.12,45.006494,45.02,45.319999999999986,-181.08789640000376,-1.1350600000000035,0,SL,60,1.3000000000000995,-1.9000000000000852,0.33678094937232583,86.0,28.073355528735245,51.64638502551652,0.1873956512930118,0.3736082983161625,1.6675621451819487,-2.083333333333344,1.1432414256893029,2.5289807536122093,2.4818399981286645,0.3343361054622119,0.0,23,2,Dead,Trending,3,2,3,6,False
EMA.Pullback,LTC-USDT-SWAP,1H,LONG,2026-07-16 02:00:00+00:00,2026-07-16 07:00:00+00:00,45.2,44.916521,44.93,45.74000000000001,-130.0103379999972,-1.0499222222222093,0,SL,300,0.7037037037036872,-1.703703703703687,0.33645908389756674,84.0,25.343155346695216,53.410996977183984,0.1610157092384906,0.2574933155476314,1.8139604186751164,-1.9026548672566357,0.8703414416424917,2.269299683968127,2.4521298375129104,0.23708785872891722,0.0,1,3,Asia,Trending,0,2,3,6,False
EMA.Pullback,LTC-USDT-SWAP,1H,LONG,2026-07-16 15:00:00+00:00,2026-07-17 03:00:00+00:00,44.93,45.38999999999999,44.7,45.38999999999999,176.43826086956489,2.0,1,TP,720,4.217391304347879,-0.7826086956521833,0.28768397814408625,56.00000000000001,21.793141260815112,49.980399518605516,0.07920607117850668,-0.07796452294819262,1.0476743446256072,-1.046304541406943,1.3537906137184148,2.1555743651186186,1.4753155491038399,0.6220947428920983,0.0,14,3,NewYork,Weak,2,1,3,6,True
EMA.Pullback,LTC-USDT-SWAP,1H,LONG,2026-07-19 10:00:00+00:00,2026-07-19 11:00:00+00:00,46.78,47.040000000000006,46.65,47.040000000000006,156.6984615384624,2.0,1,TP,60,3.23076923076918,0.0,0.3443237051571381,51.0,41.37821887392154,55.59852485059623,0.4200762581465732,0.845103316147153,3.731191914787462,-2.3086789226164988,2.5427444103463475,2.288847763755211,3.359701040118975,0.3951072669194369,0.0,9,6,London,Trending,1,2,3,6,True
EMA.Pullback,LTC-USDT-SWAP,1H,LONG,2026-07-19 12:00:00+00:00,2026-07-19 13:00:00+00:00,46.94,47.11999999999999,46.85,47.11999999999999,131.61908819769133,2.0,1,TP,60,5.7777777777780495,0.0,0.3411260518956956,50.0,41.549037620632305,57.604038517270084,0.41625816323207887,0.7972187970048799,3.978091064267476,-1.9816748348604296,1.9995653118887236,1.4582512259747509,3.158166821214197,0.8714304278159719,0.0,11,6,London,Trending,1,2,3,6,True
EMA.Pullback,LTC-USDT-SWAP,1H,LONG,2026-07-19 18:00:00+00:00,2026-07-20 00:00:00+00:00,47.46,46.88593,46.9,48.580000000000005,-115.13349249999877,-1.025124999999994,0,SL,360,0.7142857142857089,-1.1607142857142785,0.3642153058866589,66.0,43.49313483081614,64.8923367629051,0.43196322724753544,0.773179582258844,4.867550923068801,-0.10535187526337371,1.7363344051446996,1.6316196893211763,1.991039365686556,1.1659698241747325,0.0,17,6,NewYork,Trending,2,2,3,6,False
EMA.Pullback,LTC-USDT-SWAP,1H,LONG,2026-07-20 01:00:00+00:00,2026-07-20 05:00:00+00:00,47.38,46.795957,46.81,48.52,-114.84062705263189,-1.0246368421052647,0,SL,240,0.0,-1.2105263157894817,0.4164661311618028,97.0,42.68897964697988,56.697588280064124,0.45929407975538133,0.7760529823193794,4.330368377344815,-1.0344099641123117,1.543408360128615,2.288978923118635,1.9445192747902074,2.425672825477565,0.0,0,0,Asia,Trending,0,2,3,6,False
EMA.Pullback,LTC-USDT-SWAP,1H,LONG,2026-07-20 11:00:00+00:00,2026-07-20 13:00:00+00:00,47.01,46.596017,46.61,47.809999999999995,-121.03240254999811,-1.0349574999999904,0,SL,120,0.9500000000000097,-1.2999999999999947,0.4705392567403525,97.0,28.305639132137504,50.609905005024785,0.3190667249636892,0.18830406283042744,3.2081810440043026,-1.8081259306530557,1.445835131635724,2.547886150842216,2.422716780905672,0.48128446654019086,0.0,10,0,London,Trending,1,2,3,6,False
EMA.Pullback,LTC-USDT-SWAP,1H,LONG,2026-07-20 16:00:00+00:00,2026-07-21 22:00:00+00:00,47.45,46.626008,46.64,49.07000000000001,-110.4234080000004,-1.0172740740740762,0,SL,1800,0.8395061728395035,-1.0,0.504175961379365,100.0,23.426370250478804,56.89031972650177,0.2957403593835152,0.12868903270598336,4.011687456493913,-0.8640674394098978,2.395338800172636,2.6696083497979264,3.363870570479395,1.4104158898107577,0.0,15,0,NewYork,Weak,2,1,3,6,False
EMA.Pullback,LTC-USDT-SWAP,1H,LONG,2026-07-22 14:00:00+00:00,2026-07-22 20:00:00+00:00,46.84,47.20000000000002,46.66,47.20000000000002,168.6533333333345,2.0,1,TP,360,2.4444444444443394,-0.5555555555555424,0.245666810707481,3.0,21.887006797489157,50.687834109139935,0.08806682798362137,-0.3854278156631043,1.487626787143917,-1.2809564474807733,1.1444612394731184,2.193102260355169,1.3576969764699074,2.0813262704728746,0.0,13,2,NewYork,Weak,2,1,3,6,True
EMA.Pullback,LTC-USDT-SWAP,1H,LONG,2026-07-23 00:00:00+00:00,2026-07-23 07:00:00+00:00,47.12,46.835945,46.85,47.65999999999999,-131.29020999999975,-1.0520555555555529,0,SL,420,1.0000000000000264,-1.2962962962962943,0.2768771449618402,16.0,25.364526983296347,54.50493551431152,0.1916965483000193,0.1254103404753328,1.8773369830736977,-1.0401188707280875,1.7274886633556406,2.736390612655882,1.470436414728307,1.0931516003931037,0.0,23,2,Dead,Trending,3,2,3,6,False
EMA.Pullback,LTC-USDT-SWAP,1H,LONG,2026-07-26 15:00:00+00:00,2026-07-26 16:00:00+00:00,47.05,47.92999999999999,46.61,47.92999999999999,187.04818181818177,2.0,1,TP,60,2.5909090909091055,0.0,0.22080078648533782,28.999999999999996,37.72946981659591,64.1645199794185,0.13865702563502588,0.45261282753367776,1.3122765121162239,-0.5951115834218941,1.7517301038062176,2.283333632608027,1.0217845637841743,2.958760252875787,0.0,14,6,NewYork,Trending,2,2,3,6,True
EMA.Pullback,LTC-USDT-SWAP,1H,LONG,2026-07-26 17:00:00+00:00,2026-07-27 00:00:00+00:00,47.97,47.515741000000006,47.53,48.849999999999994,-119.50214649999809,-1.0324068181818082,0,SL,420,0.5681818181818211,-1.363636363636374,0.2872721067143982,70.0,38.806594109016395,80.9466878762892,0.17986927356058183,0.5882354850328891,3.2101588586909937,-0.47956630525437216,3.3843500754472955,3.2624897690145844,1.7934754218468962,3.4696760495682173,0.0,16,6,NewYork,Trending,2,2,3,6,False
EMA.Pullback,LTC-USDT-SWAP,1H,LONG,2026-07-27 01:00:00+00:00,2026-07-27 02:00:00+00:00,47.44,47.355789,47.37,47.58,-163.67988343169503,-1.2030142857142274,0,SL,60,0.0,-3.428571428571342,0.31507423618089614,84.0,39.293017229056204,53.518974443884765,0.27227051351303766,0.7993312629581748,1.853210308101446,-1.6656124815517586,1.7592791246513628,3.3247713306226974,2.4320662788312597,0.8328205136711363,0.0,0,0,Asia,Trending,0,2,3,6,False
EMA.Pullback,LTC-USDT-SWAP,1H,LONG,2026-07-27 05:00:00+00:00,2026-07-27 06:00:00+00:00,47.44,47.295807,47.31,47.69999999999999,-165.55960323076965,-1.1091769230769175,0,SL,60,1.076923076923119,-1.076923076923119,0.28679834599027876,57.99999999999999,32.11955488242187,53.57042710812538,0.22248323972452558,0.5330817379585903,1.783933835040204,-1.6656124815517586,1.7592791246513628,2.5738443620638027,2.423878529128793,0.34937292667349173,0.0,4,0,Asia,Trending,0,2,3,6,False
FVG+EMA200+Slope,AVAX-USDT-SWAP,1H,LONG,2026-06-15 17:00:00+00:00,2026-06-15 18:00:00+00:00,7.029,7.0048979,7.007,7.073,-157.38426700000036,-1.0955500000000038,0,SL,60,0.0,-2.8181818181817997,0.07620584858956338,88.0,36.17425122005635,74.19335153890282,0.12210860685848932,1.2428882120422278,3.132664159435857,-0.6402048655569772,8.942963422194667,6.0783165068584735,4.840899168827228,1.0745051748653605,0.0,16,0,NewYork,Trending,2,2,4,0,False
FVG+EMA200+Slope,AVAX-USDT-SWAP,1H,LONG,2026-06-16 08:00:00+00:00,2026-06-16 13:00:00+00:00,6.918,6.8459456,6.848,7.058000000000001,-117.66738194285584,-1.029348571428565,0,SL,300,1.6714285714285646,-1.2428571428571342,0.07114408388875339,70.0,20.724904577011355,58.29976932700688,0.005983261138329635,0.2803936384669434,1.419171007344412,-2.254986990459666,2.717149220489975,4.724928851964238,3.415606381452928,0.6893532029902333,0.0,7,1,London,Weak,1,1,4,0,False
FVG+EMA200+Slope,AVAX-USDT-SWAP,1H,LONG,2026-06-16 19:00:00+00:00,2026-06-16 20:00:00+00:00,6.874,6.8409471,6.843,6.935999999999999,-139.7895750322572,-1.0662225806451555,0,SL,60,2.4838709677419586,-1.03225806451614,0.07848018735638321,94.0,19.21425482006539,51.82267793852146,0.05994111978927704,0.3144710048869814,0.6685868191588572,-2.5316455696202453,2.5055928411633133,4.477954394504564,4.316824640961571,1.0963942659617154,0.0,18,1,NewYork,Ranging,2,0,4,0,False
FVG+EMA200+Slope,AVAX-USDT-SWAP,1H,LONG,2026-06-17 03:00:00+00:00,2026-06-17 04:00:00+00:00,6.979,6.9389177,6.941,7.055000000000001,-132.93513321052424,-1.054797368421043,0,SL,60,0.10526315789472454,-1.1842105263157796,0.07414298508894601,77.0,16.871954755486396,59.80848463699175,0.1072000170336129,0.4411403519531956,2.1212850729048176,-0.9743516263074884,4.086502609992544,4.105271268506472,4.061122281209743,1.3568792849266993,0.0,2,2,Asia,Ranging,0,0,4,0,False
FVG+EMA200+Slope,AVAX-USDT-SWAP,1H,LONG,2026-06-25 06:00:00+00:00,2026-06-25 10:00:00+00:00,6.544,6.4770563,6.479,6.673999999999999,-118.00005196923088,-1.029903076923077,0,SL,240,0.6307692307692413,-1.9384615384615447,0.09812887638739233,95.0,19.639504813272463,64.19181454609986,0.06886037702459896,0.6651230266168922,2.5399266902130417,-1.3598166539343073,9.228971962616821,8.706649309582707,5.985401167817264,1.9019284850902252,0.0,5,3,Asia,Ranging,0,0,4,0,False
FVG+EMA200+Slope,AVAX-USDT-SWAP,1H,LONG,2026-06-27 00:00:00+00:00,2026-06-27 02:00:00+00:00,6.629,6.5200434000000005,6.522,6.842999999999998,-111.03049162616784,-1.018285981308409,0,SL,120,0.3551401869158925,-1.2616822429906602,0.11807071316724402,91.0,21.014265723110565,66.916756506185,0.10961801989965898,0.947453016487861,4.497903489453132,0.0,9.82438701126574,9.436297568055586,6.5254666007025435,1.6529757580515787,0.0,23,4,Dead,Weak,3,1,4,0,False
FVG+EMA200+Slope,AVAX-USDT-SWAP,1H,LONG,2026-06-27 16:00:00+00:00,2026-06-27 17:00:00+00:00,6.632,6.5990197,6.601,6.693999999999999,-138.3845542580623,-1.0638806451612781,0,SL,60,0.0,-3.3870967741935667,0.08850092063310519,30.0,32.59839873107437,61.34857478788422,0.3164075407140423,1.116545278590435,3.9983861159602,-0.5579010856453547,5.036426987646494,4.623856809385743,4.971153977719504,0.8251063055953018,0.0,15,5,NewYork,Trending,2,2,4,0,False
FVG+EMA200+Slope,AVAX-USDT-SWAP,1H,LONG,2026-06-29 17:00:00+00:00,2026-06-30 00:00:00+00:00,6.683,6.6180140000000005,6.62,6.808999999999999,-118.97239428571308,-1.0315238095238033,0,SL,420,1.2698412698412767,-1.222222222222227,0.10303123706070215,56.00000000000001,34.51289211681466,68.07070420523263,0.29490199106575943,0.8520127206378009,4.306346266757044,-0.35912015561873445,6.214240305149397,5.379928050951188,3.795262690238437,1.012860667174523,0.0,16,0,NewYork,Trending,2,2,4,0,False
FVG+EMA200+Slope,AVAX-USDT-SWAP,1H,LONG,2026-07-01 04:00:00+00:00,2026-07-01 06:00:00+00:00,6.703,6.59802,6.6,6.909000000000002,-111.59282718446528,-1.0192233009708702,0,SL,120,0.0,-1.0,0.07904265496697871,46.0,17.131375240415952,64.25516873397333,0.17355866090397393,0.13010530991755775,3.730424163536898,-0.3133393017009834,5.0799623706491035,4.168192040697739,4.145776410607997,1.3287055238438072,0.0,3,2,Asia,Ranging,0,0,4,0,False
FVG+EMA200+Slope,AVAX-USDT-SWAP,1H,LONG,2026-07-01 16:00:00+00:00,2026-07-01 17:00:00+00:00,6.724,6.658002000000001,6.66,6.852,-118.78937687499844,-1.031218749999992,0,SL,60,0.40624999999999656,-1.0,0.07252776889443827,35.0,12.170385892646177,61.84904821345173,0.27991848869858554,0.47051472945836653,3.708921439251938,-0.2825698988697223,4.718891138451953,3.7395900037522196,2.754579740075698,1.9155886302993745,0.0,15,2,NewYork,Ranging,2,0,4,0,False
FVG+EMA200+Slope,AVAX-USDT-SWAP,1H,LONG,2026-07-01 23:00:00+00:00,2026-07-02 00:00:00+00:00,6.725,6.7129855,6.715,6.744999999999999,-164.25123643121907,-1.2014499999999628,0,SL,60,0.0,-12.000000000000178,0.07243290872339021,39.0,10.963834852809768,56.752425677596186,0.33738762952082196,0.632221901579787,3.469570081357317,-1.263940520446096,2.5777913361805918,2.404254435146516,3.1618941308840514,1.2400087973194487,0.0,22,2,Dead,Ranging,3,0,4,0,False
FVG+EMA200+Slope,AVAX-USDT-SWAP,1H,LONG,2026-07-02 10:00:00+00:00,2026-07-03 10:00:00+00:00,6.759,6.897,6.69,6.897,188.12521739130435,2.0,1,TP,1440,2.1739130434782545,-0.6811594202898642,0.06219722579566492,9.0,8.742593290562587,58.89212326535499,0.2777462036722529,0.3300593708073703,3.663836337817375,-0.7694584196507784,2.3164269492808414,2.0397073865361364,3.0114154550438097,1.859195206547469,0.0,9,3,London,Ranging,1,0,4,0,True
FVG+EMA200+Slope,AVAX-USDT-SWAP,1H,LONG,2026-07-03 12:00:00+00:00,2026-07-03 13:00:00+00:00,6.895,6.868938700000001,6.871,6.942999999999998,-151.5873467499967,-1.0858874999999772,0,SL,60,0.0,-2.6250000000000835,0.05213152033521712,3.0,31.984807467709818,66.43589680173005,0.4230266491771375,0.6828333866235319,4.7123122724958835,-0.20301624129930737,2.7413587604290846,2.688653354211047,1.714000983473582,1.1995210593136225,0.0,11,4,London,Trending,1,2,4,0,False
FVG+EMA200+Slope,AVAX-USDT-SWAP,1H,LONG,2026-07-03 19:00:00+00:00,2026-07-03 20:00:00+00:00,6.869,6.902999999999999,6.852,6.902999999999999,151.39294117646904,2.0,1,TP,60,8.058823529412047,0.0,0.05290034456107457,4.0,28.999482745051697,58.84490589450299,0.4011191943499727,0.5419354973773118,4.037166731304028,-0.7132459970887844,1.327433628318582,1.5108612766288492,1.8701009282561396,0.7303734446834379,0.0,18,4,NewYork,Trending,2,2,4,0,True
FVG+EMA200+Slope,AVAX-USDT-SWAP,1H,LONG,2026-07-03 21:00:00+00:00,2026-07-04 01:00:00+00:00,6.987,6.904927900000001,6.907,7.147,-115.59919592499867,-1.0259012499999933,0,SL,240,0.18749999999999584,-1.6125000000000043,0.05745999097357962,22.0,31.11424580420782,71.60394037773213,0.4208455947990877,0.6058780226314793,5.684411781890674,-0.2862868594331586,2.977594339622641,2.190745813553052,2.207316318579433,2.208636032004971,0.0,20,4,Dead,Trending,3,2,4,0,False
FVG+EMA200+Slope,AVAX-USDT-SWAP,1H,LONG,2026-07-04 13:00:00+00:00,2026-07-04 14:00:00+00:00,6.88,6.938,6.851,6.938,171.41103448275854,2.0,1,TP,60,2.241379310344848,-0.03448275862070127,0.04900290223354636,1.0,19.863647604973085,52.09613419019568,0.3462433388858247,0.22560651920836783,3.4456290571133272,-2.2235140241243943,1.0277492291880823,2.727670377409398,2.3893085201171678,0.49103744800986576,0.0,12,5,NewYork,Ranging,2,0,4,0,True
FVG+EMA200+Slope,AVAX-USDT-SWAP,1H,LONG,2026-07-04 16:00:00+00:00,2026-07-04 17:00:00+00:00,6.986,7.083999999999999,6.937,7.083999999999999,182.7714285714284,2.0,1,TP,60,2.571428571428605,-0.9591836734693918,0.05185655109588242,7.000000000000001,21.03480681344951,65.2305837453599,0.34425393842522595,0.23437304668910344,4.8776067599714334,-0.7015032211882533,2.539635936582502,2.921280301477359,2.4846052093256166,2.3940993454977098,0.0,15,5,NewYork,Weak,2,1,4,0,True
FVG+EMA200+Slope,AVAX-USDT-SWAP,1H,LONG,2026-07-04 19:00:00+00:00,2026-07-04 20:00:00+00:00,7.046,7.0228925,7.025,7.088,-160.268264285716,-1.1003571428571506,0,SL,60,0.0,-3.5714285714285956,0.06013951995541318,47.0,26.528594605404074,66.36755951204312,0.41289991479485055,0.5034485843947047,5.632069373256188,-0.9223783170143379,3.449794480328823,3.9029251554717628,2.6973992692209303,1.0624202787134438,0.0,18,5,NewYork,Trending,2,2,4,0,False
FVG+EMA200+Slope,AVAX-USDT-SWAP,1H,LONG,2026-07-05 09:00:00+00:00,2026-07-05 10:00:00+00:00,6.813,6.79796,6.8,6.8389999999999995,-185.28237193600458,-1.1569230769230814,0,SL,60,4.615384615384689,-3.5384615384615175,0.05569560415019589,33.0,23.708836717077833,40.69046241273328,0.21221914567390163,-0.2830229891318403,1.7267981809840613,-4.373348987378926,1.0080047435517285,5.601903253837993,3.0405416780530707,0.5773993946671222,0.0,8,6,London,Weak,1,1,4,0,False
FVG+EMA200+Slope,AVAX-USDT-SWAP,1H,LONG,2026-07-05 12:00:00+00:00,2026-07-05 17:00:00+00:00,6.876,6.95,6.839,6.95,177.5794594594594,2.0,1,TP,300,2.6486486486486505,-0.40540540540542164,0.05864403874561966,50.0,21.43218203928936,50.82546158395819,0.1673929243718572,-0.3906706981101264,2.5905493507796873,-3.432228039557879,1.9270678920841964,5.781987825015182,3.036991349812849,0.6330009475410574,0.0,11,6,London,Weak,1,1,4,0,True
FVG+EMA200+Slope,AVAX-USDT-SWAP,1H,LONG,2026-07-05 23:00:00+00:00,2026-07-06 00:00:00+00:00,6.948,6.925921600000001,6.928,6.988000000000001,-162.40576479999228,-1.103919999999966,0,SL,60,0.0,-5.199999999999885,0.05516237493244135,35.0,19.605412376227882,58.755733036883974,0.30922618655603296,0.27322220231578154,3.3034164993787885,-0.8636821649632878,2.9795434331455617,3.4785331072610717,1.6439500583300695,1.6464524218697176,0.0,22,6,Dead,Ranging,3,0,4,0,False
FVG+EMA200+Slope,AVAX-USDT-SWAP,1H,LONG,2026-07-06 17:00:00+00:00,2026-07-06 18:00:00+00:00,6.952,6.9009291,6.903,7.050000000000001,-125.41542338775349,-1.042263265306115,0,SL,60,0.530612244897951,-1.061224489795902,0.07155333203788705,100.0,14.321110208111294,57.948061898457276,0.15463257156913118,-0.1930174801526466,2.997410652360156,-0.8056394763343411,3.637990159534811,3.3919803479079773,3.3461334024549436,1.2336734133999387,0.0,16,0,NewYork,Ranging,2,0,4,0,False
FVG+EMA200+Slope,AVAX-USDT-SWAP,1H,LONG,2026-07-06 23:00:00+00:00,2026-07-07 00:00:00+00:00,6.994,6.9839042,6.986,7.01,-147.11425879325432,-1.2619750000000252,0,SL,60,0.0,-13.87499999999996,0.07316582709219555,99.0,16.058123594414756,58.82503114884874,0.2468757288289752,0.22518465701972917,3.451321892661706,-1.344009150700605,4.2791113761741455,4.0156356956447326,3.768367692807378,0.4183823968027998,0.0,22,0,Dead,Ranging,3,0,4,0,False
FVG+EMA200+Slope,AVAX-USDT-SWAP,1H,LONG,2026-07-10 03:00:00+00:00,2026-07-10 05:00:00+00:00,6.785,6.817,6.769,6.817,148.99250000000004,2.0,1,TP,120,2.8750000000000138,-0.8750000000000139,0.05771931689611389,5.0,28.610828328072927,63.6838268657503,0.05480158095601171,0.5267607631580095,1.4438985831694562,-0.4126750184229857,1.8615823449932525,1.7578232072376738,2.5169922246388388,1.0141153311151458,0.0,2,4,Asia,Trending,0,2,4,0,True
FVG+EMA200+Slope,AVAX-USDT-SWAP,1H,LONG,2026-07-21 02:00:00+00:00,2026-07-21 03:00:00+00:00,6.614,6.6499999999999995,6.596,6.6499999999999995,155.78666666666618,2.0,1,TP,60,2.7222222222222743,0.0,0.056921519271372435,61.0,22.133755990210528,57.130293563657894,0.023133079674566202,0.27787375935572556,0.700271058411519,-0.2872694284850337,2.7656929770043495,2.3582888403085787,3.1913286242318697,0.31258121840745084,0.0,1,1,Asia,Weak,0,1,4,0,True
FVG+EMA200+Slope,AVAX-USDT-SWAP,1H,LONG,2026-07-22 22:00:00+00:00,2026-07-22 23:00:00+00:00,6.642,6.6260116,6.628,6.670000000000001,-185.26862114285734,-1.1420285714285772,0,SL,60,0.0,-4.8571428571428115,0.04546160084123399,42.0,21.507461141231232,61.50079026927165,0.03794464069558511,0.1860267553065982,1.0102503416018473,-0.3312255344775572,2.8332559219693563,3.164949667867218,2.2081186275298776,0.527534237939552,0.0,21,2,Dead,Weak,3,1,4,0,False
FVG+EMA200+Slope,AVAX-USDT-SWAP,1H,LONG,2026-07-25 22:00:00+00:00,2026-07-26 01:00:00+00:00,6.754,6.811999999999999,6.725,6.811999999999999,171.93241379310336,2.0,1,TP,180,2.103448275862104,-0.9310344827585975,0.06678806837334546,100.0,47.68045410367791,88.3382481404323,0.23250997414171623,1.6768096418385403,4.301136535588446,-0.7700281356434118,8.464503694185675,12.489343531196157,3.2299651512774634,1.7989127455511407,0.0,21,5,Dead,Trending,3,2,4,0,True
FVG+EMA200+Slope,AVAX-USDT-SWAP,1H,LONG,2026-07-27 00:00:00+00:00,2026-07-27 01:00:00+00:00,6.744,6.7099864,6.712,6.808,-137.81122449999825,-1.0629249999999915,0,SL,60,0.0,-1.9687499999999896,0.043648789652372746,14.000000000000002,30.82075952317245,64.90028344004523,0.2505368296307797,0.5863312030140172,3.2426424370367655,-1.3493475682087812,1.5815634884771734,2.498710714645357,1.4478570694559636,0.7266525308320355,0.0,23,6,Dead,Trending,3,2,4,0,False
FVG+EMA200+Slope,AVAX-USDT-SWAP,1H,LONG,2026-07-27 12:00:00+00:00,2026-07-27 13:00:00+00:00,6.663,6.6340092,6.636,6.7170000000000005,-144.29557599999782,-1.0737333333333232,0,SL,60,0.6666666666666557,-2.1851851851851802,0.04447248514288139,30.0,20.437830636406545,48.07356138337888,0.19187299220983225,0.23452713576770948,1.7482813674193687,-1.3657511631397163,1.0617321401486468,1.882175492581455,1.6945674274759557,0.7847751628240854,0.0,11,0,London,Weak,1,1,4,0,False
Liq.Sweep.Rev,AVAX-USDT-SWAP,1H,LONG,2026-06-16 00:00:00+00:00,2026-06-16 02:00:00+00:00,6.834,6.7919618,6.794,6.914,-130.62994269999714,-1.0509549999999859,0,SL,120,0.8750000000000028,-2.4749999999999805,0.0737797445735382,81.0,29.00837456628958,50.04084468175962,0.16278209296081395,1.081633850914507,0.19145850544586393,-3.511852502194911,1.53023324914574,5.464777111141321,3.0493403088935884,0.600104763871543,0.0,23,0,Dead,Trending,3,2,5,0,False
Liq.Sweep.Rev,AVAX-USDT-SWAP,1H,LONG,2026-06-17 13:00:00+00:00,2026-06-17 16:00:00+00:00,6.844,7.014,6.759,7.014,190.21788235294116,2.0,1,TP,180,2.0470588235294067,-0.6823529411764793,0.07051214898825146,46.0,15.897307767183694,47.01467759813234,0.05043386003668591,0.0998097940781044,0.1100202275312869,-2.5566106647187703,1.2723775706465366,3.045598068383763,2.8459795767704894,1.4044073123400098,0.0,12,2,NewYork,Ranging,2,0,5,0,True
Liq.Sweep.Rev,AVAX-USDT-SWAP,1H,LONG,2026-06-24 05:00:00+00:00,2026-06-24 07:00:00+00:00,6.423,6.357092300000001,6.359,6.551,-117.94289903124813,-1.0298078124999905,0,SL,120,0.4843749999999948,-1.140625000000005,0.0783500149743025,50.0,21.252644859491845,57.92137273541656,0.07197441263112456,0.9381095708521139,0.4931931982518046,-1.8371477502724634,4.96813204772022,5.809685288082575,3.080937146720362,0.5231617850153355,0.0,4,2,Asia,Weak,0,1,5,0,False
Liq.Sweep.Rev,AVAX-USDT-SWAP,1H,LONG,2026-06-25 05:00:00+00:00,2026-06-25 11:00:00+00:00,6.479,6.3820848,6.384,6.669,-112.15479040000005,-1.0201600000000002,0,SL,360,1.442105263157894,-1.1263157894736893,0.09375417457103787,91.0,18.16786759843504,60.38457406527464,0.005579023792853274,0.42883530102332984,1.5474994629332088,-0.3240740740740726,8.144192256341796,8.250391313212978,5.896768313139781,0.536528374514369,0.0,4,3,Asia,Ranging,0,0,5,0,False
Liq.Sweep.Rev,AVAX-USDT-SWAP,1H,LONG,2026-06-26 23:00:00+00:00,2026-06-28 06:00:00+00:00,6.529,6.3121058,6.314,6.959,-105.34561092092999,-1.0088102325581383,0,SL,1860,0.6511627906976734,-1.074418604651163,0.1189223064878013,94.0,19.471964488148505,63.25601106111304,0.05060208917882349,0.7381578222406027,2.9838460782836873,-0.2603369065849841,9.692591970435073,8.292451133184484,6.778516546283988,1.840272260483867,0.0,22,4,Dead,Ranging,3,0,5,0,False
Liq.Sweep.Rev,AVAX-USDT-SWAP,1H,LONG,2026-06-29 15:00:00+00:00,2026-06-29 17:00:00+00:00,6.562,6.8020000000000005,6.442,6.8020000000000005,193.318,2.0,1,TP,120,2.141666666666662,0.0,0.09908356487513381,56.00000000000001,33.575147847333774,57.98514217464175,0.27025903238424254,0.797361291322098,2.486540275322153,-2.2252705380277384,4.275270184361095,5.608307769018198,3.725870648364965,1.77881820278584,0.0,14,0,NewYork,Trending,2,2,5,0,True
Liq.Sweep.Rev,AVAX-USDT-SWAP,1H,LONG,2026-06-30 05:00:00+00:00,2026-06-30 06:00:00+00:00,6.629,6.5940212,6.596,6.6949999999999985,-136.0345839999996,-1.0599636363636324,0,SL,60,0.0,-1.8181818181818352,0.07382992606450121,21.0,30.283848168180178,52.68529673761837,0.37447930881208175,0.8435211647621609,2.957183758401369,-2.881713940856968,2.887302080099347,3.381687758006715,2.8882317857520623,0.3884120869369773,0.0,4,1,Asia,Trending,0,2,5,0,False
Liq.Sweep.Rev,AVAX-USDT-SWAP,1H,LONG,2026-06-30 09:00:00+00:00,2026-06-30 11:00:00+00:00,6.635,6.5560326,6.558,6.789,-115.38885657142818,-1.0255506493506472,0,SL,120,0.012987012987017332,-1.493506493506497,0.070034660514583,20.0,23.49754000614289,53.67563680182925,0.3037240700425985,0.5106521072124073,2.946955233099581,-2.7886644558335787,2.980440856876749,3.1437210237270397,2.7305479324086526,1.5282154684940257,0.0,8,1,London,Weak,1,1,5,0,False
Liq.Sweep.Rev,AVAX-USDT-SWAP,1H,LONG,2026-06-30 14:00:00+00:00,2026-07-01 03:00:00+00:00,6.47,6.653999999999999,6.378,6.653999999999999,191.44086956521738,2.0,1,TP,780,2.750000000000012,-0.5326086956521705,0.07615551222414971,32.0,23.207590426564867,39.557335437126504,0.19073013919913512,0.052430029515293713,0.3413610011139913,-4.528593508500775,1.442458450925049,4.811930668716834,3.4455826170331063,1.802456774992227,0.0,13,1,NewYork,Weak,2,1,5,0,True
Liq.Sweep.Rev,AVAX-USDT-SWAP,1H,LONG,2026-07-01 14:00:00+00:00,2026-07-02 12:00:00+00:00,6.641,6.811,6.556,6.811,190.5044705882353,2.0,1,TP,1320,2.235294117647064,-0.4235294117647012,0.07093161362905265,32.0,13.418008545158234,53.85142961780623,0.2832078422793603,0.49934294146701697,2.51145173092765,-1.2195121951219439,3.4418314904220537,3.5672541192756064,2.7074813588604583,1.6274393413831267,0.0,13,2,NewYork,Ranging,2,0,5,0,True
Liq.Sweep.Rev,AVAX-USDT-SWAP,1H,LONG,2026-07-03 15:00:00+00:00,2026-07-03 16:00:00+00:00,6.852,6.79796,6.8,6.956000000000001,-123.59610769230763,-1.0392307692307696,0,SL,60,0.0,-1.2884615384615297,0.05313482149288339,6.0,31.090899741277475,56.87826668709439,0.4176999701362265,0.6335279720407769,3.903598819751762,-0.9925558312655032,2.0709177592371906,2.3432706026745085,1.7957900448810138,1.958396196618228,0.0,14,4,NewYork,Trending,2,2,5,0,False
Liq.Sweep.Rev,AVAX-USDT-SWAP,1H,LONG,2026-07-04 08:00:00+00:00,2026-07-04 09:00:00+00:00,6.86,6.830950100000001,6.833,6.914000000000001,-145.60877799999523,-1.075922222222199,0,SL,60,0.07407407407406555,-1.7777777777777706,0.055489596870543834,21.0,26.497494557732434,47.489988503129965,0.41759644980496324,0.4932012751964596,3.3014784027262616,-2.5214983238594963,1.1201179071481153,2.821491217579374,2.3566154438907456,0.6746517276853464,0.0,7,5,London,Trending,1,2,5,0,False
Liq.Sweep.Rev,AVAX-USDT-SWAP,1H,LONG,2026-07-05 07:00:00+00:00,2026-07-05 12:00:00+00:00,6.794,6.889999999999998,6.746,6.889999999999998,182.89499999999967,2.0,1,TP,300,2.4166666666667207,-0.5624999999999942,0.05786590777182476,40.0,24.371382344923852,37.52471159627324,0.27387270245911244,-0.07845381291369863,1.46330635919162,-4.680600529879313,0.7115327601541529,5.3570086897257845,3.0799678480445842,0.7014723487772275,0.0,6,6,Asia,Weak,0,1,5,0,True
Liq.Sweep.Rev,AVAX-USDT-SWAP,1H,LONG,2026-07-05 22:00:00+00:00,2026-07-06 00:00:00+00:00,6.952,6.8729375,6.875,7.106,-116.12982142857165,-1.0267857142857153,0,SL,120,0.3376623376623353,-1.4025974025973988,0.05332871146570609,20.0,18.23813841878726,59.55026252958559,0.3020688277792479,0.24337248704034622,3.3972254286175603,-0.3308876420658981,3.038837829825069,3.418965573534776,2.2846359069257356,1.2555951977285749,0.0,21,6,Dead,Ranging,3,0,5,0,False
Liq.Sweep.Rev,AVAX-USDT-SWAP,1H,LONG,2026-07-06 14:00:00+00:00,2026-07-06 16:00:00+00:00,6.787,6.947,6.707,6.947,189.69950000000003,2.0,1,TP,120,2.5,0.0,0.06670884984613654,99.0,14.894144119907237,40.731968206670885,0.1612657966487037,-0.21386677330709541,0.6309497698750683,-3.24149108589951,1.1927836588638745,3.153777452289587,2.6843063742938305,1.4366080866662863,0.0,13,0,NewYork,Ranging,2,0,5,0,True
Liq.Sweep.Rev,AVAX-USDT-SWAP,1H,LONG,2026-07-10 14:00:00+00:00,2026-07-10 15:00:00+00:00,6.765,6.7109861,6.713,6.868999999999999,-123.29498396153741,-1.0387288461538402,0,SL,60,0.0,-1.5769230769230862,0.05231314935179226,3.0,22.968485066652075,56.5114075371223,0.10511748753750576,0.5159392495873388,1.0402866751962494,-0.9606857818504344,1.545850217619687,2.1047078908980605,2.0279537665571876,1.5096165062079272,0.0,13,4,NewYork,Weak,2,1,5,0,False
Liq.Sweep.Rev,AVAX-USDT-SWAP,1H,LONG,2026-07-11 03:00:00+00:00,2026-07-11 05:00:00+00:00,6.726,6.6999894,6.702,6.774,-150.3199735000016,-1.0837750000000081,0,SL,120,0.2916666666666528,-1.2500000000000093,0.04441185443169804,1.0,12.823137511580862,49.649761581861156,0.04884383669553698,0.1730163008202897,0.38037102567057696,-1.2488849241748383,1.1885060929742701,1.2105008852797825,2.158632344859081,0.5926039842108742,0.0,2,5,Asia,Ranging,0,0,5,0,False
Liq.Sweep.Rev,AVAX-USDT-SWAP,1H,LONG,2026-07-11 09:00:00+00:00,2026-07-11 10:00:00+00:00,6.709,6.6859936,6.688,6.7509999999999994,-157.37998171428563,-1.0955428571428558,0,SL,60,0.7142857142857445,-1.0476190476190215,0.03689957225486538,1.0,15.210924115116203,46.830497060214974,0.02241602275795104,0.04697339256230318,0.10328063749308204,-1.0882528324388716,0.9177072363472235,1.214799694025884,2.0100470584311103,0.4525508769722729,0.0,8,5,London,Ranging,1,0,5,0,False
Liq.Sweep.Rev,AVAX-USDT-SWAP,1H,LONG,2026-07-15 04:00:00+00:00,2026-07-15 13:00:00+00:00,6.654,6.756,6.603,6.756,184.22352941176476,2.0,1,TP,540,2.2745098039215548,-0.9803921568627386,0.060896012253622823,57.99999999999999,27.509493678967377,56.815621995007426,0.07808411549910331,0.6408323591873459,0.7054946215952032,-1.5331429430332228,3.693890274314202,4.6427606174213505,3.4168855236356306,0.5253279751580077,0.0,3,2,Asia,Trending,0,2,5,0,True
Liq.Sweep.Rev,AVAX-USDT-SWAP,1H,LONG,2026-07-21 12:00:00+00:00,2026-07-21 14:00:00+00:00,6.634,6.6070173,6.609,6.684000000000001,-147.64004152000024,-1.0793080000000035,0,SL,120,0.6799999999999687,-2.359999999999973,0.048413553581162366,42.0,25.457437585295757,55.17561861511016,0.1114179919554281,0.4976010081247874,0.9075736007114964,-0.7686510926902812,1.4060828366192821,2.241725779249882,1.731150788285242,0.6976307036409217,0.0,11,1,London,Trending,1,2,5,0,False
Liq.Sweep.Rev,AVAX-USDT-SWAP,1H,LONG,2026-07-26 13:00:00+00:00,2026-07-26 14:00:00+00:00,6.7,6.6849939,6.687,6.726,-186.88952492537254,-1.1543153846153866,0,SL,60,0.1538461538461381,-4.692307692307724,0.05599296673723062,68.0,51.21989003621452,58.15477173659611,0.3790282795821965,1.352824022642595,2.8509566124590116,-2.1641791044776055,1.1931732366711938,2.2736598550958047,1.5493173207428164,0.4186717739625239,0.0,12,6,NewYork,Trending,2,2,5,0,False
Liq.Sweep.Rev,AVAX-USDT-SWAP,1H,LONG,2026-07-27 06:00:00+00:00,2026-07-27 07:00:00+00:00,6.696,6.6689987,6.671,6.745999999999999,-148.08639688,-1.0800519999999967,0,SL,60,0.5600000000000214,-1.2800000000000284,0.04064137733496195,8.0,25.46452481776487,53.12816063755341,0.25660807553516435,0.5345567045053828,2.3544130393075497,-0.8661887694145733,0.8585630366018903,1.3203318318334858,1.4044518257745433,0.5091772427477658,0.0,5,0,Asia,Trending,0,2,5,0,False
Break.of.Structure,AVAX-USDT-SWAP,1H,LONG,2026-06-15 14:00:00+00:00,2026-06-15 15:00:00+00:00,6.972,6.9139252,6.916,7.0840000000000005,-122.28777699999975,-1.0370499999999987,0,SL,60,1.0357142857142818,-1.1964285714285734,0.07353930292660987,79.0,31.26766360732245,73.69530302735451,0.02029724874205438,0.9501304458035537,2.3810269749404607,-0.5020080321285033,9.57095709570957,8.713756262721928,4.932996722849245,1.9630341824220026,0.0,13,0,NewYork,Trending,2,2,0,0,False
Break.of.Structure,AVAX-USDT-SWAP,1H,LONG,2026-06-15 16:00:00+00:00,2026-06-15 19:00:00+00:00,7.029,6.902928500000001,6.905,7.276999999999999,-110.08238475806384,-1.0167056451612868,0,SL,180,0.1290322580645166,-1.2338709677419355,0.07691399078876054,89.0,34.30831291810674,74.19335153890282,0.08479639008395654,1.1342809023633276,3.165144737468238,-0.014226774790159822,9.691011235955049,7.065658782076365,4.815938710515839,1.6386094732241123,0.0,15,0,NewYork,Trending,2,2,0,0,False
Break.of.Structure,AVAX-USDT-SWAP,1H,LONG,2026-06-25 06:00:00+00:00,2026-06-25 10:00:00+00:00,6.544,6.4770563,6.479,6.673999999999999,-118.00005196923088,-1.029903076923077,0,SL,240,0.6307692307692413,-1.9384615384615447,0.09812887638739233,95.0,19.639504813272463,64.19181454609986,0.06886037702459896,0.6651230266168922,2.5399266902130417,-1.3598166539343073,9.228971962616821,8.706649309582707,5.985401167817264,1.9019284850902252,0.0,5,3,Asia,Ranging,0,0,0,0,False
Break.of.Structure,AVAX-USDT-SWAP,1H,LONG,2026-06-26 23:00:00+00:00,2026-06-28 06:00:00+00:00,6.529,6.3121058,6.314,6.959,-105.34561092092999,-1.0088102325581383,0,SL,1860,0.6511627906976734,-1.074418604651163,0.1189223064878013,94.0,19.471964488148505,63.25601106111304,0.05060208917882349,0.7381578222406027,2.9838460782836873,-0.2603369065849841,9.692591970435073,8.292451133184484,6.778516546283988,1.840272260483867,0.0,22,4,Dead,Ranging,3,0,0,0,False
Break.of.Structure,AVAX-USDT-SWAP,1H,LONG,2026-06-29 02:00:00+00:00,2026-06-29 12:00:00+00:00,6.503,6.671000000000001,6.419,6.671000000000001,190.59000000000006,2.0,1,TP,600,2.4285714285714106,-0.10714285714286054,0.08603206470786064,35.0,24.21316567298019,62.47550050356927,0.0021469752026471627,-0.038198494345202796,1.9453592663187147,-0.5843456866061857,3.798882681564253,3.5849923385112383,3.178883234152414,1.5220003766039099,0.0,1,0,Asia,Weak,0,1,0,0,True
Break.of.Structure,AVAX-USDT-SWAP,1H,LONG,2026-06-29 18:00:00+00:00,2026-06-29 20:00:00+00:00,6.752,6.6809951,6.683,6.89,-117.49216965217451,-1.0290565217391334,0,SL,120,0.0,-1.2608695652173885,0.10538614869922343,60.0,35.829293478541906,72.34437561916575,0.3241305383195012,0.9442804678728233,5.326860176344423,-0.9922985781990548,7.004754358161651,5.155661676959059,3.488558738750821,2.106716810874738,0.0,17,0,NewYork,Trending,2,2,0,0,False
Break.of.Structure,AVAX-USDT-SWAP,1H,LONG,2026-07-01 04:00:00+00:00,2026-07-01 06:00:00+00:00,6.703,6.59802,6.6,6.909000000000002,-111.59282718446528,-1.0192233009708702,0,SL,120,0.0,-1.0,0.07904265496697871,46.0,17.131375240415952,64.25516873397333,0.17355866090397393,0.13010530991755775,3.730424163536898,-0.3133393017009834,5.0799623706491035,4.168192040697739,4.145776410607997,1.3287055238438072,0.0,3,2,Asia,Ranging,0,0,0,0,False
Break.of.Structure,AVAX-USDT-SWAP,1H,LONG,2026-07-01 16:00:00+00:00,2026-07-01 17:00:00+00:00,6.724,6.658002000000001,6.66,6.852,-118.78937687499844,-1.031218749999992,0,SL,60,0.40624999999999656,-1.0,0.07252776889443827,35.0,12.170385892646177,61.84904821345173,0.27991848869858554,0.47051472945836653,3.708921439251938,-0.2825698988697223,4.718891138451953,3.7395900037522196,2.754579740075698,1.9155886302993745,0.0,15,2,NewYork,Ranging,2,0,0,0,False
Break.of.Structure,AVAX-USDT-SWAP,1H,LONG,2026-07-01 22:00:00+00:00,2026-07-01 23:00:00+00:00,6.773,6.6999894,6.702,6.914999999999999,-117.04928681690201,-1.0283183098591577,0,SL,60,0.0,-1.6478873239436682,0.07069697862518948,31.0,10.449567824759738,62.89508984225572,0.3219124104154356,0.5824567975959569,4.259830211595204,-0.2952465308532562,3.5304906006419055,2.570086430517243,3.0501356863498237,1.268955347315168,0.0,21,2,Dead,Ranging,3,0,0,0,False
Break.of.Structure,AVAX-USDT-SWAP,1H,LONG,2026-07-02 13:00:00+00:00,2026-07-02 14:00:00+00:00,6.814,6.7509741000000005,6.753,6.936,-119.9848925573757,-1.0332114754098292,0,SL,60,0.4590163934426165,-1.3606557377049224,0.06177525695082933,11.0,12.803596831139929,62.92039609937884,0.3288406558369757,0.5158765777035332,4.37741273047561,-0.2642007926023878,3.149129447388331,2.802238132112369,2.8778982612521973,1.5295671965493685,0.0,12,3,NewYork,Ranging,2,0,0,0,False
Break.of.Structure,AVAX-USDT-SWAP,1H,LONG,2026-07-03 21:00:00+00:00,2026-07-04 01:00:00+00:00,6.987,6.904927900000001,6.907,7.147,-115.59919592499867,-1.0259012499999933,0,SL,240,0.18749999999999584,-1.6125000000000043,0.05745999097357962,22.0,31.11424580420782,71.60394037773213,0.4208455947990877,0.6058780226314793,5.684411781890674,-0.2862868594331586,2.977594339622641,2.190745813553052,2.207316318579433,2.208636032004971,0.0,20,4,Dead,Trending,3,2,0,0,False
Break.of.Structure,AVAX-USDT-SWAP,1H,LONG,2026-07-04 18:00:00+00:00,2026-07-04 23:00:00+00:00,7.086,6.9369183,6.939,7.380000000000001,-108.55588502040781,-1.0141612244897942,0,SL,300,0.0,-1.1564625850340111,0.05945794456736804,44.0,24.41718876796893,72.80837634282355,0.38797755199972905,0.4087902837955768,6.276822382260169,-0.3669206886819052,4.0223135642982975,3.506044488794887,2.78393942242552,3.0247371691004035,0.0,17,5,NewYork,Weak,2,1,0,0,False
Break.of.Structure,AVAX-USDT-SWAP,1H,LONG,2026-07-06 22:00:00+00:00,2026-07-07 00:00:00+00:00,7.007,6.907927,6.91,7.200999999999999,-112.88139814433042,-1.0213711340206209,0,SL,120,0.0,-1.2783505154639203,0.07625550609928748,100.0,15.10364636480045,60.235417470119096,0.21120468101824713,0.08236557873753131,3.6795735681375445,-1.1559868702725904,4.472938720739523,3.7765041015709246,3.763297882290209,2.036174832354402,0.0,21,0,Dead,Ranging,3,0,0,0,False
Break.of.Structure,AVAX-USDT-SWAP,1H,LONG,2026-07-21 07:00:00+00:00,2026-07-21 09:00:00+00:00,6.673,6.637008300000001,6.639,6.741,-135.20413229411548,-1.0585794117646943,0,SL,120,0.3235294117647113,-1.0588235294117847,0.05426342010550971,51.0,25.259001628476636,62.27984297728804,0.06849241245722067,0.40243936404132064,1.5439630058380158,-0.19481492582046905,3.0738337967253604,2.3361416740154035,2.8416401515557155,1.0403890495135049,0.0,6,1,Asia,Trending,0,2,0,0,False
Break.of.Structure,AVAX-USDT-SWAP,1H,LONG,2026-07-25 22:00:00+00:00,2026-07-26 01:00:00+00:00,6.754,6.811999999999999,6.725,6.811999999999999,171.93241379310336,2.0,1,TP,180,2.103448275862104,-0.9310344827585975,0.06678806837334546,100.0,47.68045410367791,88.3382481404323,0.23250997414171623,1.6768096418385403,4.301136535588446,-0.7700281356434118,8.464503694185675,12.489343531196157,3.2299651512774634,1.7989127455511407,0.0,21,5,Dead,Trending,3,2,0,0,True
VWAP.Pullback,AVAX-USDT-SWAP,1H,LONG,2026-06-16 12:00:00+00:00,2026-06-16 13:00:00+00:00,6.946,6.9139252,6.916,7.0059999999999985,-141.55185040000043,-1.0691599999999992,0,SL,60,0.8333333333333629,-3.8333333333333925,0.07344031601277293,80.0,23.6728381178511,57.30249666932148,0.08660678551098006,0.5433152226740688,1.728165859743445,-1.8574514038876826,3.118040089086859,4.728849925070922,3.656159767635192,0.6066876202672937,0.0,11,1,London,Weak,1,1,7,0,False
VWAP.Pullback,AVAX-USDT-SWAP,1H,LONG,2026-06-17 02:00:00+00:00,2026-06-17 07:00:00+00:00,6.96,6.8639402,6.866,7.148000000000001,-113.20634480850975,-1.0219127659574425,0,SL,300,0.24468085106382567,-1.0212765957446783,0.07376936855732648,74.0,15.958419966868533,58.41182104242822,0.0782386719642732,0.3368889560829777,1.879617491499018,-1.2354546760522829,3.81804623415362,3.986434575764993,4.133537310749704,0.9373795266698164,0.0,1,2,Asia,Ranging,0,0,7,0,False
VWAP.Pullback,AVAX-USDT-SWAP,1H,LONG,2026-06-17 18:00:00+00:00,2026-06-17 19:00:00+00:00,6.961,6.8769363,6.879,7.125000000000002,-115.15873387804837,-1.02516707317073,0,SL,60,0.0,-3.329268292682904,0.07926709543325482,95.0,15.209789627488082,57.69730403218489,0.02955516659394478,0.02144317807258611,1.7763019985845931,-0.8330939385234104,3.003402870247069,3.4013104020707536,3.4405840641290366,1.0804523483560817,0.0,17,2,NewYork,Ranging,2,0,7,0,False
VWAP.Pullback,AVAX-USDT-SWAP,1H,LONG,2026-06-24 12:00:00+00:00,2026-06-24 13:00:00+00:00,6.443,6.3640902,6.366,6.5969999999999995,-114.94007028571421,-1.024802597402597,0,SL,60,0.0,-2.129870129870127,0.07030221631343632,21.0,15.411747903112559,59.20524374698717,0.03673096163886099,0.5835924278428833,0.7840582893008241,-1.5210305758187297,2.7919591576260343,3.537348921472573,2.601582770187363,1.4395979116003992,0.0,11,2,London,Ranging,1,0,7,0,False
VWAP.Pullback,AVAX-USDT-SWAP,1H,LONG,2026-06-27 12:00:00+00:00,2026-06-27 19:00:00+00:00,6.576,6.4430665000000005,6.445,6.837999999999998,-108.91483961832037,-1.0147595419847315,0,SL,420,0.7099236641221408,-1.3740458015267223,0.09638088186832991,47.0,33.74821067572755,58.727072393809955,0.32256229458752417,1.2813930026886027,3.2595979172421843,-1.3990267639902756,4.149509027557801,5.528835872830907,5.238335927935321,1.1419119974826055,0.0,11,5,London,Trending,1,2,7,0,False
VWAP.Pullback,AVAX-USDT-SWAP,1H,LONG,2026-06-29 01:00:00+00:00,2026-06-29 17:00:00+00:00,6.478,6.7219999999999995,6.356,6.7219999999999995,193.50819672131146,2.0,1,TP,960,2.795081967213119,-0.6393442622950777,0.08326530045461908,30.0,23.345010772219812,60.50053306756886,-0.02650455703767622,-0.15588799989572713,1.573301566383953,-0.10805804260575118,3.399840383080608,2.8743420843154954,3.2002318184456593,2.177151697242145,0.0,0,0,Asia,Weak,0,1,7,0,True
VWAP.Pullback,AVAX-USDT-SWAP,1H,LONG,2026-06-30 05:00:00+00:00,2026-06-30 06:00:00+00:00,6.629,6.5940212,6.596,6.6949999999999985,-136.0345839999996,-1.0599636363636324,0,SL,60,0.0,-1.8181818181818352,0.07382992606450121,21.0,30.283848168180178,52.68529673761837,0.37447930881208175,0.8435211647621609,2.957183758401369,-2.881713940856968,2.887302080099347,3.381687758006715,2.8882317857520623,0.3884120869369773,0.0,4,1,Asia,Trending,0,2,7,0,False
VWAP.Pullback,AVAX-USDT-SWAP,1H,LONG,2026-06-30 10:00:00+00:00,2026-06-30 11:00:00+00:00,6.631,6.5920218,6.594,6.705,-132.13571102702673,-1.053464864864863,0,SL,60,0.0,-3.000000000000024,0.06896075619211277,19.0,22.573002308657273,53.233979490736374,0.2940839275136917,0.4649812384607298,2.870712796697241,-2.8351681496003573,2.9338714684880483,2.8959581870737328,2.730524955698043,0.9821182237446562,0.0,9,1,London,Weak,1,1,7,0,False
VWAP.Pullback,AVAX-USDT-SWAP,1H,LONG,2026-07-01 14:00:00+00:00,2026-07-02 12:00:00+00:00,6.641,6.811,6.556,6.811,190.5044705882353,2.0,1,TP,1320,2.235294117647064,-0.4235294117647012,0.07093161362905265,32.0,13.418008545158234,53.85142961780623,0.2832078422793603,0.49934294146701697,2.51145173092765,-1.2195121951219439,3.4418314904220537,3.5672541192756064,2.7074813588604583,1.6274393413831267,0.0,13,2,NewYork,Ranging,2,0,7,0,True
VWAP.Pullback,AVAX-USDT-SWAP,1H,LONG,2026-07-02 15:00:00+00:00,2026-07-02 16:00:00+00:00,6.761,6.7289807,6.731,6.821000000000001,-140.44196139999784,-1.0673099999999902,0,SL,60,0.5333333333333294,-1.0,0.06716335930964364,21.0,15.294300960213418,55.80053392374434,0.34428232755628796,0.5596060434849216,3.51455414542872,-1.715468796214146,2.3769871309613797,3.110455018004114,2.8690988024695105,1.8371529959696584,0.0,14,3,NewYork,Ranging,2,0,7,0,False
VWAP.Pullback,AVAX-USDT-SWAP,1H,LONG,2026-07-02 17:00:00+00:00,2026-07-02 19:00:00+00:00,6.767,6.7289807,6.731,6.839000000000001,-133.71163449999804,-1.0560916666666582,0,SL,120,0.0,-1.5277777777777743,0.0645133047108662,16.0,16.14620337267113,56.20439132366254,0.36466566881800455,0.6207364405371824,3.5170172317878086,-1.6403132850598456,2.452687358062073,3.171750452154467,2.8197017452090347,0.6410407738686428,0.0,16,3,NewYork,Ranging,2,0,7,0,False
VWAP.Pullback,AVAX-USDT-SWAP,1H,LONG,2026-07-03 15:00:00+00:00,2026-07-03 16:00:00+00:00,6.852,6.79796,6.8,6.956000000000001,-123.59610769230763,-1.0392307692307696,0,SL,60,0.0,-1.2884615384615297,0.05313482149288339,6.0,31.090899741277475,56.87826668709439,0.4176999701362265,0.6335279720407769,3.903598819751762,-0.9925558312655032,2.0709177592371906,2.3432706026745085,1.7957900448810138,1.958396196618228,0.0,14,4,NewYork,Trending,2,2,7,0,False
VWAP.Pullback,AVAX-USDT-SWAP,1H,LONG,2026-07-04 04:00:00+00:00,2026-07-04 06:00:00+00:00,6.927,6.8809351,6.883,7.014999999999999,-128.2149114999989,-1.046929545454539,0,SL,120,0.2045454545454642,-1.9772727272727397,0.05735416663908166,22.0,31.27567320516177,57.688442220718755,0.47113148932450244,0.734910197743036,4.465915328370459,-1.5300230946882198,2.1075902726602767,2.92948737912738,2.3590613472738977,0.5356152035927568,0.0,3,5,Asia,Trending,0,2,7,0,False
VWAP.Pullback,AVAX-USDT-SWAP,1H,LONG,2026-07-05 00:00:00+00:00,2026-07-05 01:00:00+00:00,6.961,6.9139252,6.916,7.051,-127.72123359999974,-1.0461066666666652,0,SL,60,0.0,-1.9333333333333504,0.058255785875686444,43.0,27.29252090674035,53.050987787236,0.49351518770968417,0.774462942452009,4.099012594034568,-2.169228559115067,2.1873165002936,4.341740220137336,2.6997275521132313,0.949014473393172,0.0,23,5,Dead,Trending,3,2,7,0,False
VWAP.Pullback,AVAX-USDT-SWAP,1H,LONG,2026-07-05 15:00:00+00:00,2026-07-05 17:00:00+00:00,6.905,6.971000000000001,6.872,6.971000000000001,174.77090909090936,2.0,1,TP,120,2.0909090909090664,0.0,0.05626638233386539,35.0,17.535795630340644,54.45978443362841,0.20746872724544937,-0.17844631285607163,2.9350005546562103,-2.2013034033309213,2.35695226801067,4.63197666007616,2.4178345088568074,0.48169046099709545,0.0,14,6,NewYork,Ranging,2,0,7,0,True
VWAP.Pullback,AVAX-USDT-SWAP,1H,LONG,2026-07-06 01:00:00+00:00,2026-07-06 05:00:00+00:00,6.902,6.8419468000000006,6.844,7.018,-121.29787599999922,-1.0353999999999959,0,SL,240,1.0689655172413872,-1.293103448275869,0.05774204777338051,53.0,19.414302390420122,50.38797589793439,0.3040928414374586,0.2564209812932717,2.5783452091464727,-1.5212981744421838,2.312481470501033,3.1838494628722755,1.739468915282508,1.6866034456691692,0.0,0,0,Asia,Ranging,0,0,7,0,False
VWAP.Pullback,AVAX-USDT-SWAP,1H,LONG,2026-07-07 01:00:00+00:00,2026-07-07 02:00:00+00:00,6.894,6.8809351,6.883,6.916,-169.6747973600198,-1.1877181818181528,0,SL,60,0.0,-8.99999999999992,0.07362767744174004,98.0,15.002213630879677,49.06622039525734,0.27626631760989656,0.3384922939465163,1.9274720000697414,-2.814041195242239,2.7881318025943087,3.997653495151125,3.9558325557900025,1.0865708770145242,0.0,0,1,Asia,Ranging,0,0,7,0,False
VWAP.Pullback,AVAX-USDT-SWAP,1H,LONG,2026-07-10 02:00:00+00:00,2026-07-10 14:00:00+00:00,6.771,6.6649999,6.667,6.979,-111.59788455769241,-1.0192317307692313,0,SL,720,0.5769230769230812,-1.192307692307688,0.06015926434966113,14.000000000000002,28.265376585756005,62.4558532338729,0.04302518514321924,0.49794949622158424,1.2492746021632986,-0.6202924235711094,2.887099225041779,1.6548451788684446,3.7460152490031096,2.4238891964413094,0.0,1,4,Asia,Trending,0,2,7,0,False
VWAP.Pullback,AVAX-USDT-SWAP,1H,LONG,2026-07-11 14:00:00+00:00,2026-07-11 15:00:00+00:00,6.738,6.7109861,6.713,6.788000000000001,-148.38876663999676,-1.080555999999986,0,SL,60,1.9599999999999518,-1.0400000000000127,0.035522403018879274,1.0,16.03863157546426,54.24289822367119,0.017014289723483407,0.024750922274621695,0.5245245608084305,-0.41561525901736057,0.8683934720766556,0.9848048092250914,1.0462028283260727,0.6777529716560466,0.0,13,5,NewYork,Ranging,2,0,7,0,False
VWAP.Pullback,AVAX-USDT-SWAP,1H,LONG,2026-07-11 16:00:00+00:00,2026-07-11 22:00:00+00:00,6.747,6.7099864,6.712,6.817,-134.57540525714114,-1.0575314285714206,0,SL,360,0.971428571428562,-2.0571428571428507,0.039236153623421394,9.0,14.791040141371179,56.019211673923614,0.02658712258099079,0.0614151843548567,0.6452423594909384,-0.6077675659650086,1.0031441832609698,1.063559626848394,0.9279334320939893,2.057742485761437,0.0,15,5,NewYork,Ranging,2,0,7,0,False
VWAP.Pullback,AVAX-USDT-SWAP,1H,LONG,2026-07-13 15:00:00+00:00,2026-07-13 16:00:00+00:00,6.655,6.5240422,6.526,6.913000000000001,-109.16513590697605,-1.015176744186043,0,SL,60,0.0,-1.3333333333333333,0.07629428224502707,100.0,32.011167323915174,63.71599031402278,-0.09190212937887694,0.26196512394851196,0.3682008767044006,-0.37565740045078083,4.556166535742341,4.934412924552316,3.3084271504240577,1.5666625301320003,0.0,14,0,NewYork,Trending,2,2,7,0,False
VWAP.Pullback,AVAX-USDT-SWAP,1H,LONG,2026-07-15 04:00:00+00:00,2026-07-15 13:00:00+00:00,6.654,6.756,6.603,6.756,184.22352941176476,2.0,1,TP,540,2.2745098039215548,-0.9803921568627386,0.060896012253622823,57.99999999999999,27.509493678967377,56.815621995007426,0.07808411549910331,0.6408323591873459,0.7054946215952032,-1.5331429430332228,3.693890274314202,4.6427606174213505,3.4168855236356306,0.5253279751580077,0.0,3,2,Asia,Trending,0,2,7,0,True
VWAP.Pullback,AVAX-USDT-SWAP,1H,LONG,2026-07-15 15:00:00+00:00,2026-07-15 16:00:00+00:00,6.702,6.6600014000000005,6.662,6.782,-130.036002099997,-1.0499649999999852,0,SL,60,0.8750000000000028,-1.5749999999999917,0.060053774898890334,50.0,28.433117111926066,57.778320907395,0.0984707883309003,0.5193480923598887,1.3244050841524582,-1.0296970601402768,1.484173860366498,1.8863928820186233,2.601142222885816,1.2084674970381604,0.0,14,2,NewYork,Trending,2,2,7,0,False
VWAP.Pullback,AVAX-USDT-SWAP,1H,LONG,2026-07-15 17:00:00+00:00,2026-07-16 07:00:00+00:00,6.692,6.637008300000001,6.639,6.798,-122.60529241509286,-1.0375792452830113,0,SL,840,1.018867924528308,-1.62264150943397,0.06223004060159424,60.0,28.566157375076727,55.608109563272734,0.10411968139972669,0.508278033170882,1.1748076829019876,-1.1504556999850586,1.3630168105406613,2.0214929849679977,2.6169505283254564,1.9966390383101613,0.0,16,2,NewYork,Trending,2,2,7,0,False
VWAP.Pullback,AVAX-USDT-SWAP,1H,LONG,2026-07-20 16:00:00+00:00,2026-07-21 23:00:00+00:00,6.606,6.5200434000000005,6.522,6.773999999999999,-114.0343167142852,-1.0232928571428543,0,SL,1860,0.9523809523809574,-1.0952380952380958,0.0705630796654195,100.0,19.52337269629156,57.548843592270046,-0.03348273141395048,0.14579734860542584,0.6169642329033929,-0.6508248827001687,3.1860065594252793,3.62734755670011,3.884325916820244,1.7865473750055274,0.0,15,0,NewYork,Ranging,2,0,7,0,False
ORB,AVAX-USDT-SWAP,1H,LONG,2026-06-15 11:00:00+00:00,2026-06-15 13:00:00+00:00,6.835,7.001,6.752,7.001,189.99807228915668,2.0,1,TP,120,2.072289156626498,0.0,0.06603816441994428,59.0,26.778064489382608,65.18427583475263,-0.06751172364509742,0.6923317157133988,0.4247961064274797,-0.20482809070958646,7.41788464560741,8.324504336788191,5.049545942315727,1.4696301939457497,0.0,10,0,London,Trending,1,2,6,0,True
ORB,AVAX-USDT-SWAP,1H,LONG,2026-06-16 08:00:00+00:00,2026-06-16 13:00:00+00:00,6.918,6.8459456,6.848,7.058000000000001,-117.66738194285584,-1.029348571428565,0,SL,300,1.6714285714285646,-1.2428571428571342,0.07114408388875339,70.0,20.724904577011355,58.29976932700688,0.005983261138329635,0.2803936384669434,1.419171007344412,-2.254986990459666,2.717149220489975,4.724928851964238,3.415606381452928,0.6893532029902333,0.0,7,1,London,Weak,1,1,6,0,False
ORB,AVAX-USDT-SWAP,1H,LONG,2026-06-22 14:00:00+00:00,2026-06-22 15:00:00+00:00,6.461,6.3560926,6.358,6.667000000000002,-111.1699568543678,-1.0185184466019364,0,SL,60,0.0,-1.7961165048543626,0.0758393399740286,40.0,16.199317932526302,68.81824665991859,-0.19507628700434992,0.5195346018693332,0.48286496626697817,-0.12383900928792581,6.058118535544241,5.1288514885442105,3.6073069476581794,1.9232014767116998,0.0,13,0,NewYork,Ranging,2,0,6,0,False
ORB,AVAX-USDT-SWAP,1H,LONG,2026-06-23 21:00:00+00:00,2026-06-24 13:00:00+00:00,6.41,6.3350989,6.337,6.556000000000001,-115.68391690410824,-1.0260424657534182,0,SL,960,1.7945205479451989,-1.7945205479451989,0.08679041803246225,67.0,16.773164703017102,62.87392242181232,-0.12124396269770366,0.38492467840164485,0.36608722875918615,-1.2168486739469624,6.708839687031805,4.564677265808585,3.417691918334373,1.1644779653911952,0.0,20,1,Dead,Ranging,3,0,6,0,False
ORB,AVAX-USDT-SWAP,1H,LONG,2026-06-25 06:00:00+00:00,2026-06-25 10:00:00+00:00,6.544,6.4770563,6.479,6.673999999999999,-118.00005196923088,-1.029903076923077,0,SL,240,0.6307692307692413,-1.9384615384615447,0.09812887638739233,95.0,19.639504813272463,64.19181454609986,0.06886037702459896,0.6651230266168922,2.5399266902130417,-1.3598166539343073,9.228971962616821,8.706649309582707,5.985401167817264,1.9019284850902252,0.0,5,3,Asia,Ranging,0,0,6,0,False
ORB,AVAX-USDT-SWAP,1H,LONG,2026-06-26 16:00:00+00:00,2026-06-29 12:00:00+00:00,6.371,6.697000000000001,6.208,6.697000000000001,195.18969325153375,2.0,1,TP,4080,2.0613496932515267,-0.6503067484662614,0.11538428896480647,91.0,17.79150729457852,58.22280002552921,-0.20105792331870637,-0.2040961959360192,0.5375297068503699,-0.04709576138147745,7.0048714933646865,5.48211878216491,6.985637918395433,2.142944885758742,0.0,15,4,NewYork,Ranging,2,0,6,0,True
ORB,AVAX-USDT-SWAP,1H,LONG,2026-06-29 17:00:00+00:00,2026-06-30 00:00:00+00:00,6.683,6.6180140000000005,6.62,6.808999999999999,-118.97239428571308,-1.0315238095238033,0,SL,420,1.2698412698412767,-1.222222222222227,0.10303123706070215,56.00000000000001,34.51289211681466,68.07070420523263,0.29490199106575943,0.8520127206378009,4.306346266757044,-0.35912015561873445,6.214240305149397,5.379928050951188,3.795262690238437,1.012860667174523,0.0,16,0,NewYork,Trending,2,2,6,0,False
ORB,AVAX-USDT-SWAP,1H,LONG,2026-07-01 16:00:00+00:00,2026-07-01 17:00:00+00:00,6.724,6.658002000000001,6.66,6.852,-118.78937687499844,-1.031218749999992,0,SL,60,0.40624999999999656,-1.0,0.07252776889443827,35.0,12.170385892646177,61.84904821345173,0.27991848869858554,0.47051472945836653,3.708921439251938,-0.2825698988697223,4.718891138451953,3.7395900037522196,2.754579740075698,1.9155886302993745,0.0,15,2,NewYork,Ranging,2,0,6,0,False
ORB,AVAX-USDT-SWAP,1H,LONG,2026-07-02 10:00:00+00:00,2026-07-03 10:00:00+00:00,6.759,6.897,6.69,6.897,188.12521739130435,2.0,1,TP,1440,2.1739130434782545,-0.6811594202898642,0.06219722579566492,9.0,8.742593290562587,58.89212326535499,0.2777462036722529,0.3300593708073703,3.663836337817375,-0.7694584196507784,2.3164269492808414,2.0397073865361364,3.0114154550438097,1.859195206547469,0.0,9,3,London,Ranging,1,0,6,0,True
ORB,AVAX-USDT-SWAP,1H,LONG,2026-07-03 11:00:00+00:00,2026-07-03 13:00:00+00:00,6.878,6.8299504,6.832,6.970000000000001,-126.79123965217127,-1.0445565217391177,0,SL,120,0.8913043478260706,-1.0,0.053141637284079994,4.0,30.41455909957827,64.30002574937548,0.42041669452636143,0.6833045471034017,4.48847693331097,-0.45071241640011184,2.4731823599523297,2.498298078031356,1.7032957832098121,2.1538675303628505,0.0,10,4,London,Trending,1,2,6,0,False
ORB,AVAX-USDT-SWAP,1H,LONG,2026-07-04 16:00:00+00:00,2026-07-04 17:00:00+00:00,6.986,7.083999999999999,6.937,7.083999999999999,182.7714285714284,2.0,1,TP,60,2.571428571428605,-0.9591836734693918,0.05185655109588242,7.000000000000001,21.03480681344951,65.2305837453599,0.34425393842522595,0.23437304668910344,4.8776067599714334,-0.7015032211882533,2.539635936582502,2.921280301477359,2.4846052093256166,2.3940993454977098,0.0,15,5,NewYork,Weak,2,1,6,0,True
ORB,AVAX-USDT-SWAP,1H,LONG,2026-07-06 17:00:00+00:00,2026-07-06 18:00:00+00:00,6.952,6.9009291,6.903,7.050000000000001,-125.41542338775349,-1.042263265306115,0,SL,60,0.530612244897951,-1.061224489795902,0.07155333203788705,100.0,14.321110208111294,57.948061898457276,0.15463257156913118,-0.1930174801526466,2.997410652360156,-0.8056394763343411,3.637990159534811,3.3919803479079773,3.3461334024549436,1.2336734133999387,0.0,16,0,NewYork,Ranging,2,0,6,0,False
ORB,AVAX-USDT-SWAP,1H,LONG,2026-07-09 07:00:00+00:00,2026-07-11 23:00:00+00:00,6.765,6.579025700000001,6.581,7.132999999999998,-106.49729098913008,-1.0107298913043459,0,SL,3840,0.3586956521739184,-1.2608695652173925,0.07553872449978608,96.0,24.97790856288937,71.44131605965003,-0.26700394503423813,-0.36554970680082,1.2779481026485169,-0.118238250073899,6.685588142541792,5.0897633593697655,3.7961411214246192,2.9859044073020113,0.0,6,3,Asia,Weak,0,1,6,0,False
ORB,AVAX-USDT-SWAP,1H,LONG,2026-07-13 10:00:00+00:00,2026-07-13 16:00:00+00:00,6.633,6.5220428,6.524,6.851,-110.8325006238526,-1.017955963302749,0,SL,360,0.4311926605504561,-1.3761467889908292,0.06519764998033745,87.0,31.10099623210579,68.37056443215202,-0.2126363622939637,-0.18807107551126664,0.0393940512698204,-0.5125113053964397,4.2262372348782415,3.23090560796169,2.8008452119637237,4.58947465157924,0.0,9,0,London,Trending,1,2,6,0,False
ORB,AVAX-USDT-SWAP,1H,LONG,2026-07-14 14:00:00+00:00,2026-07-16 08:00:00+00:00,6.655,6.5560326,6.558,6.849000000000001,-112.22826758762848,-1.0202824742268024,0,SL,2520,1.1855670103092664,-1.1752577319587565,0.06956489958917023,86.0,16.098996831146625,64.87997914570693,-0.1511113754450898,0.0071851462919007205,0.8296781724575812,-0.22542831379620798,5.118483412322272,3.585909905789544,3.5083785341763174,3.0670697039945907,0.0,13,1,NewYork,Ranging,2,0,6,0,False
ORB,AVAX-USDT-SWAP,1H,LONG,2026-07-17 19:00:00+00:00,2026-07-17 20:00:00+00:00,6.62,6.5750269,6.577,6.706,-127.58887474418519,-1.045886046511624,0,SL,60,0.0,-1.8604651162790649,0.06209625299717106,72.0,27.300911352175703,62.00320793135988,-0.1416792366561642,-0.31613661907349966,0.3275378290769984,-0.43806646525679627,3.973613946913776,2.7886014659386738,2.7030840241089247,1.4780443222586035,0.0,18,4,NewYork,Trending,2,2,6,0,False
ORB,AVAX-USDT-SWAP,1H,LONG,2026-07-21 07:00:00+00:00,2026-07-21 09:00:00+00:00,6.673,6.637008300000001,6.639,6.741,-135.20413229411548,-1.0585794117646943,0,SL,120,0.3235294117647113,-1.0588235294117847,0.05426342010550971,51.0,25.259001628476636,62.27984297728804,0.06849241245722067,0.40243936404132064,1.5439630058380158,-0.19481492582046905,3.0738337967253604,2.3361416740154035,2.8416401515557155,1.0403890495135049,0.0,6,1,Asia,Trending,0,2,6,0,False
ORB,AVAX-USDT-SWAP,1H,LONG,2026-07-22 16:00:00+00:00,2026-07-22 19:00:00+00:00,6.635,6.568029,6.57,6.764999999999999,-118.2520267692314,-1.0303230769230798,0,SL,180,0.01538461538462064,-1.0923076923076964,0.04648113653382634,54.0,24.71973702711663,62.67637454377319,-0.06443305465007713,-0.22359588725106208,0.9454395360058312,-0.22607385079126707,2.724880012385821,2.398263154627064,2.3284917286114997,2.5660292697242832,0.0,15,2,NewYork,Weak,2,1,6,0,False
ORB,AVAX-USDT-SWAP,1H,LONG,2026-07-25 14:00:00+00:00,2026-07-25 22:00:00+00:00,6.476,6.816,6.306,6.816,195.30870588235294,2.0,1,TP,480,2.170588235294117,0.0,0.05116070574319195,72.0,25.076944239624567,77.55353517559966,-0.27638137940814306,-0.16584882424815578,0.2597649909623,-0.4478764478764466,4.300902061855661,3.3302367038402005,3.054737752924824,7.0182105371688825,0.0,13,5,NewYork,Trending,2,2,6,0,True
ORB,AVAX-USDT-SWAP,1H,LONG,2026-07-28 16:00:00+00:00,2026-07-29 03:00:00+00:00,6.57,6.432069800000001,6.434,6.8420000000000005,-108.57473667646975,-1.0141926470588194,0,SL,660,0.47058823529411764,-1.2279411764705923,0.06209432965663461,79.0,28.642943316033435,58.121555615448145,-0.12225748132343014,-0.5233126506845478,0.5497473892020762,-0.7305936073059367,3.44827586206897,3.6007818035224286,3.7833541833816793,2.8534545147197874,0.0,15,1,NewYork,Trending,2,2,6,0,False
Volatility.Comp,AVAX-USDT-SWAP,1H,LONG,2026-06-28 21:00:00+00:00,2026-06-28 22:00:00+00:00,6.402,6.3231025,6.325,6.556,-114.844235714286,-1.0246428571428585,0,SL,60,0.532467532467526,-1.1948051948052023,0.06548586471988538,10.0,24.743485106896028,54.2623149041517,-0.07737292414701905,-0.40045221758114063,0.3946825163903706,-1.0621680724773448,2.18675179569035,2.063224870407247,2.3848393459634902,2.9983083705034677,0.0,20,6,Dead,Weak,3,1,8,0,False
Volatility.Comp,AVAX-USDT-SWAP,1H,LONG,2026-07-01 03:00:00+00:00,2026-07-01 04:00:00+00:00,6.6,6.713999999999999,6.543,6.713999999999999,185.98526315789462,2.0,1,TP,60,2.0526315789473863,0.0,0.07558439765674634,37.0,17.973029855403926,55.29745333789977,0.1439940239646913,0.010048628206149154,2.1745452694396508,-0.75769055917563,3.465036061461274,3.579160783326823,3.8070268050832934,0.8715699910230137,0.0,2,2,Asia,Ranging,0,0,8,0,True
Volatility.Comp,AVAX-USDT-SWAP,1H,LONG,2026-07-01 22:00:00+00:00,2026-07-01 23:00:00+00:00,6.773,6.6999894,6.702,6.914999999999999,-117.04928681690201,-1.0283183098591577,0,SL,60,0.0,-1.6478873239436682,0.07069697862518948,31.0,10.449567824759738,62.89508984225572,0.3219124104154356,0.5824567975959569,4.259830211595204,-0.2952465308532562,3.5304906006419055,2.570086430517243,3.0501356863498237,1.268955347315168,0.0,21,2,Dead,Ranging,3,0,8,0,False
Volatility.Comp,AVAX-USDT-SWAP,1H,LONG,2026-07-02 10:00:00+00:00,2026-07-03 10:00:00+00:00,6.759,6.897,6.69,6.897,188.12521739130435,2.0,1,TP,1440,2.1739130434782545,-0.6811594202898642,0.06219722579566492,9.0,8.742593290562587,58.89212326535499,0.2777462036722529,0.3300593708073703,3.663836337817375,-0.7694584196507784,2.3164269492808414,2.0397073865361364,3.0114154550438097,1.859195206547469,0.0,9,3,London,Ranging,1,0,8,0,True
Volatility.Comp,AVAX-USDT-SWAP,1H,LONG,2026-07-04 16:00:00+00:00,2026-07-04 17:00:00+00:00,6.986,7.083999999999999,6.937,7.083999999999999,182.7714285714284,2.0,1,TP,60,2.571428571428605,-0.9591836734693918,0.05185655109588242,7.000000000000001,21.03480681344951,65.2305837453599,0.34425393842522595,0.23437304668910344,4.8776067599714334,-0.7015032211882533,2.539635936582502,2.921280301477359,2.4846052093256166,2.3940993454977098,0.0,15,5,NewYork,Weak,2,1,8,0,True
Volatility.Comp,AVAX-USDT-SWAP,1H,LONG,2026-07-11 15:00:00+00:00,2026-07-11 16:00:00+00:00,6.749,6.734978900000001,6.737,6.772999999999999,-178.7863930952619,-1.1684249999999596,0,SL,60,0.0,-2.2500000000000187,0.03648508851753072,3.0,15.860239133519833,56.89257837261611,0.020705190986129735,0.03897623369704475,0.6965301181760686,-0.548229367313675,1.048061086989061,1.038704722808783,1.007930543833079,1.6314730257029786,0.0,14,5,NewYork,Ranging,2,0,8,0,False
Volatility.Comp,AVAX-USDT-SWAP,1H,LONG,2026-07-15 13:00:00+00:00,2026-07-15 16:00:00+00:00,6.744,6.6530035000000005,6.655,6.921999999999999,-113.51820460674104,-1.02243258426966,0,SL,180,0.0,-1.1797752808988775,0.05713928923184911,37.0,26.98311795996666,64.39483531889026,0.08732519243074838,0.5086483071989926,2.0011143348471987,-0.1631079478054585,2.259287338893101,1.7641766925158593,2.465971889769354,2.0543140574917245,0.0,12,2,NewYork,Trending,2,2,8,0,False
Volatility.Comp,AVAX-USDT-SWAP,1H,LONG,2026-07-19 03:00:00+00:00,2026-07-19 04:00:00+00:00,6.618,6.5690287,6.571,6.7120000000000015,-125.22301536170231,-1.0419425531914914,0,SL,60,0.0,-1.319148936170202,0.037887950907014446,3.0,13.521944548377867,62.42057823825211,-0.02479565054319214,0.06591686516162083,0.39856185629512314,-0.22665457842247927,1.6902274124154935,1.3100382499640173,1.398677712602555,1.6027708552501507,0.0,2,6,Asia,Ranging,0,0,8,0,False
Volatility.Comp,AVAX-USDT-SWAP,1H,LONG,2026-07-26 23:00:00+00:00,2026-07-27 05:00:00+00:00,6.721,6.6689987,6.671,6.821,-124.07319843999957,-1.0400259999999977,0,SL,360,0.45999999999999536,-1.0,0.0437756196256322,15.0,30.62145572778761,61.35125001133004,0.2421622366016433,0.566522307993076,2.9240820234087628,-1.6961761642612687,1.235125771953605,2.5512049136228057,1.4593188085702753,1.149802261807633,0.0,22,6,Dead,Trending,3,2,8,0,False
EMA.Crossover.ADX,AVAX-USDT-SWAP,1H,LONG,2026-06-15 03:00:00+00:00,2026-06-15 05:00:00+00:00,6.732,6.782000000000001,6.707,6.782000000000001,167.56640000000044,2.0,1,TP,120,2.719999999999946,-0.04000000000001279,0.07319334582629063,68.0,29.69616538948666,59.34133296905925,-0.29235406197826574,-0.02219497097521645,-1.1446808814153826,-1.0696776110533364,5.783435486405774,6.854301572081277,5.097723546373201,0.5586093525588632,0.0,2,0,Asia,Trending,0,2,2,0,True
EMA.Crossover.ADX,AVAX-USDT-SWAP,1H,LONG,2026-06-29 01:00:00+00:00,2026-06-29 17:00:00+00:00,6.478,6.7219999999999995,6.356,6.7219999999999995,193.50819672131146,2.0,1,TP,960,2.795081967213119,-0.6393442622950777,0.08326530045461908,30.0,23.345010772219812,60.50053306756886,-0.02650455703767622,-0.15588799989572713,1.573301566383953,-0.10805804260575118,3.399840383080608,2.8743420843154954,3.2002318184456593,2.177151697242145,0.0,0,0,Asia,Weak,0,1,2,0,True
EMA.Crossover.ADX,AVAX-USDT-SWAP,1H,LONG,2026-07-09 21:00:00+00:00,2026-07-09 23:00:00+00:00,6.718,6.677996,6.68,6.7940000000000005,-131.6989410526285,-1.0527368421052483,0,SL,120,0.1578947368421102,-1.1842105263157796,0.06174291244271285,17.0,32.93894350043347,58.02274451410678,0.06425694115540566,0.6934962611618848,0.45683678123353494,-1.3547714753610272,4.593584553098722,6.249361361376964,3.88171736742714,0.44621761459651915,0.0,20,3,Dead,Trending,3,2,2,0,False
EMA.Crossover.ADX,AVAX-USDT-SWAP,1H,LONG,2026-07-14 19:00:00+00:00,2026-07-14 20:00:00+00:00,6.665,6.6340092,6.636,6.723,-141.24484662068798,-1.0686482758620601,0,SL,60,0.37931034482759146,-1.2413793103448476,0.06634002808197811,79.0,22.51719860563729,65.04788645272492,-0.018860524656207134,0.47663455873434474,0.9562107231693953,-0.6601650412603091,4.532622333751563,5.314902696814899,3.277819303537103,0.576019287557854,0.0,18,1,NewYork,Weak,2,1,2,0,False
EMA.Crossover.ADX,AVAX-USDT-SWAP,1H,LONG,2026-07-22 19:00:00+00:00,2026-07-22 21:00:00+00:00,6.609,6.654999999999999,6.586,6.654999999999999,165.39826086956472,2.0,1,TP,120,2.391304347826107,-0.8260869565217559,0.04532618694053074,44.0,23.491550946797542,57.24301116288289,-0.013003202529826834,-0.009444953082550481,0.5307044848635872,-0.6808896958692681,2.3223409196470097,2.8244248802465988,2.26961773241401,1.1176959128869706,0.0,18,2,NewYork,Weak,2,1,2,0,True
EMA.Crossover.ADX,AVAX-USDT-SWAP,1H,LONG,2026-07-25 19:00:00+00:00,2026-07-25 22:00:00+00:00,6.694,6.839999999999999,6.621,6.839999999999999,188.8761643835616,2.0,1,TP,180,2.068493150684943,-0.273972602739722,0.06562287647540273,100.0,39.83499369498755,86.53115514353769,0.025165671789662832,0.9700665540418744,3.5154695080067655,-0.597550044816254,7.516864760681015,10.193445825675562,3.4355684404876268,1.0633205109625656,0.0,18,5,NewYork,Trending,2,2,2,0,True
Donchian.20,AVAX-USDT-SWAP,1H,LONG,2026-06-15 11:00:00+00:00,2026-06-15 13:00:00+00:00,6.835,7.001,6.752,7.001,189.99807228915668,2.0,1,TP,120,2.072289156626498,0.0,0.06603816441994428,59.0,26.778064489382608,65.18427583475263,-0.06751172364509742,0.6923317157133988,0.4247961064274797,-0.20482809070958646,7.41788464560741,8.324504336788191,5.049545942315727,1.4696301939457497,0.0,10,0,London,Trending,1,2,1,0,True
Donchian.20,AVAX-USDT-SWAP,1H,LONG,2026-06-15 14:00:00+00:00,2026-06-15 15:00:00+00:00,6.972,6.9139252,6.916,7.0840000000000005,-122.28777699999975,-1.0370499999999987,0,SL,60,1.0357142857142818,-1.1964285714285734,0.07353930292660987,79.0,31.26766360732245,73.69530302735451,0.02029724874205438,0.9501304458035537,2.3810269749404607,-0.5020080321285033,9.57095709570957,8.713756262721928,4.932996722849245,1.9630341824220026,0.0,13,0,NewYork,Trending,2,2,1,0,False
Donchian.20,AVAX-USDT-SWAP,1H,LONG,2026-06-15 16:00:00+00:00,2026-06-15 19:00:00+00:00,7.029,6.902928500000001,6.905,7.276999999999999,-110.08238475806384,-1.0167056451612868,0,SL,180,0.1290322580645166,-1.2338709677419355,0.07691399078876054,89.0,34.30831291810674,74.19335153890282,0.08479639008395654,1.1342809023633276,3.165144737468238,-0.014226774790159822,9.691011235955049,7.065658782076365,4.815938710515839,1.6386094732241123,0.0,15,0,NewYork,Trending,2,2,1,0,False
Donchian.20,AVAX-USDT-SWAP,1H,LONG,2026-06-22 14:00:00+00:00,2026-06-22 15:00:00+00:00,6.461,6.3560926,6.358,6.667000000000002,-111.1699568543678,-1.0185184466019364,0,SL,60,0.0,-1.7961165048543626,0.0758393399740286,40.0,16.199317932526302,68.81824665991859,-0.19507628700434992,0.5195346018693332,0.48286496626697817,-0.12383900928792581,6.058118535544241,5.1288514885442105,3.6073069476581794,1.9232014767116998,0.0,13,0,NewYork,Ranging,2,0,1,0,False
Donchian.20,AVAX-USDT-SWAP,1H,LONG,2026-06-25 06:00:00+00:00,2026-06-25 10:00:00+00:00,6.544,6.4770563,6.479,6.673999999999999,-118.00005196923088,-1.029903076923077,0,SL,240,0.6307692307692413,-1.9384615384615447,0.09812887638739233,95.0,19.639504813272463,64.19181454609986,0.06886037702459896,0.6651230266168922,2.5399266902130417,-1.3598166539343073,9.228971962616821,8.706649309582707,5.985401167817264,1.9019284850902252,0.0,5,3,Asia,Ranging,0,0,1,0,False
Donchian.20,AVAX-USDT-SWAP,1H,LONG,2026-06-26 16:00:00+00:00,2026-06-29 12:00:00+00:00,6.371,6.697000000000001,6.208,6.697000000000001,195.18969325153375,2.0,1,TP,4080,2.0613496932515267,-0.6503067484662614,0.11538428896480647,91.0,17.79150729457852,58.22280002552921,-0.20105792331870637,-0.2040961959360192,0.5375297068503699,-0.04709576138147745,7.0048714933646865,5.48211878216491,6.985637918395433,2.142944885758742,0.0,15,4,NewYork,Ranging,2,0,1,0,True
Donchian.20,AVAX-USDT-SWAP,1H,LONG,2026-06-29 18:00:00+00:00,2026-06-29 20:00:00+00:00,6.752,6.6809951,6.683,6.89,-117.49216965217451,-1.0290565217391334,0,SL,120,0.0,-1.2608695652173885,0.10538614869922343,60.0,35.829293478541906,72.34437561916575,0.3241305383195012,0.9442804678728233,5.326860176344423,-0.9922985781990548,7.004754358161651,5.155661676959059,3.488558738750821,2.106716810874738,0.0,17,0,NewYork,Trending,2,2,1,0,False
Donchian.20,AVAX-USDT-SWAP,1H,LONG,2026-07-01 04:00:00+00:00,2026-07-01 06:00:00+00:00,6.703,6.59802,6.6,6.909000000000002,-111.59282718446528,-1.0192233009708702,0,SL,120,0.0,-1.0,0.07904265496697871,46.0,17.131375240415952,64.25516873397333,0.17355866090397393,0.13010530991755775,3.730424163536898,-0.3133393017009834,5.0799623706491035,4.168192040697739,4.145776410607997,1.3287055238438072,0.0,3,2,Asia,Ranging,0,0,1,0,False
Donchian.20,AVAX-USDT-SWAP,1H,LONG,2026-07-01 16:00:00+00:00,2026-07-01 17:00:00+00:00,6.724,6.658002000000001,6.66,6.852,-118.78937687499844,-1.031218749999992,0,SL,60,0.40624999999999656,-1.0,0.07252776889443827,35.0,12.170385892646177,61.84904821345173,0.27991848869858554,0.47051472945836653,3.708921439251938,-0.2825698988697223,4.718891138451953,3.7395900037522196,2.754579740075698,1.9155886302993745,0.0,15,2,NewYork,Ranging,2,0,1,0,False
Donchian.20,AVAX-USDT-SWAP,1H,LONG,2026-07-01 22:00:00+00:00,2026-07-01 23:00:00+00:00,6.773,6.6999894,6.702,6.914999999999999,-117.04928681690201,-1.0283183098591577,0,SL,60,0.0,-1.6478873239436682,0.07069697862518948,31.0,10.449567824759738,62.89508984225572,0.3219124104154356,0.5824567975959569,4.259830211595204,-0.2952465308532562,3.5304906006419055,2.570086430517243,3.0501356863498237,1.268955347315168,0.0,21,2,Dead,Ranging,3,0,1,0,False
Donchian.20,AVAX-USDT-SWAP,1H,LONG,2026-07-02 13:00:00+00:00,2026-07-02 14:00:00+00:00,6.814,6.7509741000000005,6.753,6.936,-119.9848925573757,-1.0332114754098292,0,SL,60,0.4590163934426165,-1.3606557377049224,0.06177525695082933,11.0,12.803596831139929,62.92039609937884,0.3288406558369757,0.5158765777035332,4.37741273047561,-0.2642007926023878,3.149129447388331,2.802238132112369,2.8778982612521973,1.5295671965493685,0.0,12,3,NewYork,Ranging,2,0,1,0,False
Donchian.20,AVAX-USDT-SWAP,1H,LONG,2026-07-03 21:00:00+00:00,2026-07-04 01:00:00+00:00,6.987,6.904927900000001,6.907,7.147,-115.59919592499867,-1.0259012499999933,0,SL,240,0.18749999999999584,-1.6125000000000043,0.05745999097357962,22.0,31.11424580420782,71.60394037773213,0.4208455947990877,0.6058780226314793,5.684411781890674,-0.2862868594331586,2.977594339622641,2.190745813553052,2.207316318579433,2.208636032004971,0.0,20,4,Dead,Trending,3,2,1,0,False
Donchian.20,AVAX-USDT-SWAP,1H,LONG,2026-07-04 18:00:00+00:00,2026-07-04 23:00:00+00:00,7.086,6.9369183,6.939,7.380000000000001,-108.55588502040781,-1.0141612244897942,0,SL,300,0.0,-1.1564625850340111,0.05945794456736804,44.0,24.41718876796893,72.80837634282355,0.38797755199972905,0.4087902837955768,6.276822382260169,-0.3669206886819052,4.0223135642982975,3.506044488794887,2.78393942242552,3.0247371691004035,0.0,17,5,NewYork,Weak,2,1,1,0,False
Donchian.20,AVAX-USDT-SWAP,1H,LONG,2026-07-06 22:00:00+00:00,2026-07-07 00:00:00+00:00,7.007,6.907927,6.91,7.200999999999999,-112.88139814433042,-1.0213711340206209,0,SL,120,0.0,-1.2783505154639203,0.07625550609928748,100.0,15.10364636480045,60.235417470119096,0.21120468101824713,0.08236557873753131,3.6795735681375445,-1.1559868702725904,4.472938720739523,3.7765041015709246,3.763297882290209,2.036174832354402,0.0,21,0,Dead,Ranging,3,0,1,0,False
Donchian.20,AVAX-USDT-SWAP,1H,LONG,2026-07-09 07:00:00+00:00,2026-07-11 23:00:00+00:00,6.765,6.579025700000001,6.581,7.132999999999998,-106.49729098913008,-1.0107298913043459,0,SL,3840,0.3586956521739184,-1.2608695652173925,0.07553872449978608,96.0,24.97790856288937,71.44131605965003,-0.26700394503423813,-0.36554970680082,1.2779481026485169,-0.118238250073899,6.685588142541792,5.0897633593697655,3.7961411214246192,2.9859044073020113,0.0,6,3,Asia,Weak,0,1,1,0,False
Donchian.20,AVAX-USDT-SWAP,1H,LONG,2026-07-13 10:00:00+00:00,2026-07-13 16:00:00+00:00,6.633,6.5220428,6.524,6.851,-110.8325006238526,-1.017955963302749,0,SL,360,0.4311926605504561,-1.3761467889908292,0.06519764998033745,87.0,31.10099623210579,68.37056443215202,-0.2126363622939637,-0.18807107551126664,0.0393940512698204,-0.5125113053964397,4.2262372348782415,3.23090560796169,2.8008452119637237,4.58947465157924,0.0,9,0,London,Trending,1,2,1,0,False
Donchian.20,AVAX-USDT-SWAP,1H,LONG,2026-07-14 14:00:00+00:00,2026-07-16 08:00:00+00:00,6.655,6.5560326,6.558,6.849000000000001,-112.22826758762848,-1.0202824742268024,0,SL,2520,1.1855670103092664,-1.1752577319587565,0.06956489958917023,86.0,16.098996831146625,64.87997914570693,-0.1511113754450898,0.0071851462919007205,0.8296781724575812,-0.22542831379620798,5.118483412322272,3.585909905789544,3.5083785341763174,3.0670697039945907,0.0,13,1,NewYork,Ranging,2,0,1,0,False
Donchian.20,AVAX-USDT-SWAP,1H,LONG,2026-07-20 03:00:00+00:00,2026-07-20 05:00:00+00:00,6.616,6.504048200000001,6.506,6.8359999999999985,-110.70511719999934,-1.017743636363633,0,SL,120,0.0,-1.4909090909090958,0.05841099392152209,88.0,20.771979629124985,65.68977485507158,-0.15959249267771966,-0.3235343166959237,0.7203699467201341,-0.19646365422396708,3.6497493734335786,3.201666578866379,3.0053021308077144,3.155849856473916,0.0,2,0,Asia,Weak,0,1,1,0,False
Donchian.20,AVAX-USDT-SWAP,1H,LONG,2026-07-21 07:00:00+00:00,2026-07-21 09:00:00+00:00,6.673,6.637008300000001,6.639,6.741,-135.20413229411548,-1.0585794117646943,0,SL,120,0.3235294117647113,-1.0588235294117847,0.05426342010550971,51.0,25.259001628476636,62.27984297728804,0.06849241245722067,0.40243936404132064,1.5439630058380158,-0.19481492582046905,3.0738337967253604,2.3361416740154035,2.8416401515557155,1.0403890495135049,0.0,6,1,Asia,Trending,0,2,1,0,False
Donchian.20,AVAX-USDT-SWAP,1H,LONG,2026-07-22 16:00:00+00:00,2026-07-22 19:00:00+00:00,6.635,6.568029,6.57,6.764999999999999,-118.2520267692314,-1.0303230769230798,0,SL,180,0.01538461538462064,-1.0923076923076964,0.04648113653382634,54.0,24.71973702711663,62.67637454377319,-0.06443305465007713,-0.22359588725106208,0.9454395360058312,-0.22607385079126707,2.724880012385821,2.398263154627064,2.3284917286114997,2.5660292697242832,0.0,15,2,NewYork,Weak,2,1,1,0,False
Donchian.20,AVAX-USDT-SWAP,1H,LONG,2026-07-25 14:00:00+00:00,2026-07-25 22:00:00+00:00,6.476,6.816,6.306,6.816,195.30870588235294,2.0,1,TP,480,2.170588235294117,0.0,0.05116070574319195,72.0,25.076944239624567,77.55353517559966,-0.27638137940814306,-0.16584882424815578,0.2597649909623,-0.4478764478764466,4.300902061855661,3.3302367038402005,3.054737752924824,7.0182105371688825,0.0,13,5,NewYork,Trending,2,2,1,0,True
Donchian.20,AVAX-USDT-SWAP,1H,LONG,2026-07-28 20:00:00+00:00,2026-07-28 22:00:00+00:00,6.591,6.5310401,6.533,6.707,-120.33280010344876,-1.033791379310347,0,SL,120,0.6379310344827591,-1.0344827586207013,0.06018781625684969,73.0,22.80235115733048,58.96453401008318,-0.049962709169198656,-0.1914492548927277,0.8467120661234836,-0.19726858877086345,3.763186899700833,3.593712956880425,3.106795982715943,1.3526369939347942,0.0,19,1,NewYork,Weak,2,1,1,0,False
EMA.Pullback,AVAX-USDT-SWAP,1H,LONG,2026-06-14 02:00:00+00:00,2026-06-14 04:00:00+00:00,6.701,6.679995400000001,6.682,6.738999999999998,-163.35682757894313,-1.105505263157865,0,SL,120,1.1578947368421644,-2.36842105263167,0.04676033537983856,1.0,30.971826150671372,55.538504700554164,-0.2318440987289983,0.4614263985135422,-2.3309014509800536,-1.0295434198746634,2.0401948842874598,1.9158274293434543,1.8432171664655532,0.7009331615471603,0.0,1,6,Asia,Trending,0,2,3,0,False
EMA.Pullback,AVAX-USDT-SWAP,1H,LONG,2026-06-14 22:00:00+00:00,2026-06-18 15:00:00+00:00,6.712,6.4500644000000005,6.452,7.231999999999999,-104.52632255384574,-1.0074446153846135,0,SL,5340,1.3923076923076938,-1.9500000000000004,0.07267272215118237,65.0,33.84089591905369,61.155892433306605,-0.45049372800081283,-0.6689610457420941,-1.489186041707392,-0.8642527194158818,5.469118340405467,5.945700551137232,4.973427104707516,3.2538624990276044,0.0,21,6,Dead,Trending,3,2,3,0,False
EMA.Pullback,AVAX-USDT-SWAP,1H,LONG,2026-06-24 05:00:00+00:00,2026-06-24 07:00:00+00:00,6.423,6.357092300000001,6.359,6.551,-117.94289903124813,-1.0298078124999905,0,SL,120,0.4843749999999948,-1.140625000000005,0.0783500149743025,50.0,21.252644859491845,57.92137273541656,0.07197441263112456,0.9381095708521139,0.4931931982518046,-1.8371477502724634,4.96813204772022,5.809685288082575,3.080937146720362,0.5231617850153355,0.0,4,2,Asia,Weak,0,1,3,0,False
EMA.Pullback,AVAX-USDT-SWAP,1H,LONG,2026-06-24 21:00:00+00:00,2026-06-25 13:00:00+00:00,6.335,6.1141651999999995,6.116,6.773000000000001,-105.0863466301371,-1.0083780821917814,0,SL,960,1.3652968036529678,-1.771689497716892,0.10673485128096723,100.0,22.113961060075646,52.401252087781664,-0.22413804224910835,-0.5266848295276602,-0.6905663344145598,-3.2207136090937896,5.707610146862478,8.204399374993358,5.705943642967906,1.7353182007063865,0.0,20,2,Dead,Weak,3,1,3,0,False
EMA.Pullback,AVAX-USDT-SWAP,1H,LONG,2026-06-26 08:00:00+00:00,2026-06-26 09:00:00+00:00,6.309,6.238128000000001,6.24,6.447,-116.33663304347728,-1.0271304347826036,0,SL,60,0.0,-2.3623188405797158,0.11240108379539983,88.0,22.076085915577657,54.661389244933545,-0.3055128945805861,-0.722126123691046,-0.6027909736414874,-2.108099540339198,6.0871027408777545,6.26825849831556,10.18456449681427,1.1576519686642899,0.0,7,4,London,Weak,1,1,3,0,False
EMA.Pullback,AVAX-USDT-SWAP,1H,LONG,2026-06-27 12:00:00+00:00,2026-06-27 19:00:00+00:00,6.576,6.4430665000000005,6.445,6.837999999999998,-108.91483961832037,-1.0147595419847315,0,SL,420,0.7099236641221408,-1.3740458015267223,0.09638088186832991,47.0,33.74821067572755,58.727072393809955,0.32256229458752417,1.2813930026886027,3.2595979172421843,-1.3990267639902756,4.149509027557801,5.528835872830907,5.238335927935321,1.1419119974826055,0.0,11,5,London,Trending,1,2,3,0,False
EMA.Pullback,AVAX-USDT-SWAP,1H,LONG,2026-06-28 21:00:00+00:00,2026-06-28 22:00:00+00:00,6.402,6.3231025,6.325,6.556,-114.844235714286,-1.0246428571428585,0,SL,60,0.532467532467526,-1.1948051948052023,0.06548586471988538,10.0,24.743485106896028,54.2623149041517,-0.07737292414701905,-0.40045221758114063,0.3946825163903706,-1.0621680724773448,2.18675179569035,2.063224870407247,2.3848393459634902,2.9983083705034677,0.0,20,6,Dead,Weak,3,1,3,0,False
EMA.Pullback,AVAX-USDT-SWAP,1H,LONG,2026-06-29 00:00:00+00:00,2026-06-29 12:00:00+00:00,6.444,6.669999999999999,6.331,6.669999999999999,193.03681415929202,2.0,1,TP,720,2.3274336283185924,-0.3893805309734493,0.0797472466434359,24.0,23.221671971754066,57.68824159392762,-0.05228775890319398,-0.2655006756518762,1.05616976902212,-0.6052141527001816,2.8571428571428616,2.273231428099184,3.1612200110866304,1.2985690552108764,0.0,23,6,Dead,Weak,3,1,3,0,True
EMA.Pullback,AVAX-USDT-SWAP,1H,LONG,2026-06-29 15:00:00+00:00,2026-06-29 17:00:00+00:00,6.562,6.8020000000000005,6.442,6.8020000000000005,193.318,2.0,1,TP,120,2.141666666666662,0.0,0.09908356487513381,56.00000000000001,33.575147847333774,57.98514217464175,0.27025903238424254,0.797361291322098,2.486540275322153,-2.2252705380277384,4.275270184361095,5.608307769018198,3.725870648364965,1.77881820278584,0.0,14,0,NewYork,Trending,2,2,3,0,True
EMA.Pullback,AVAX-USDT-SWAP,1H,LONG,2026-06-29 18:00:00+00:00,2026-06-29 20:00:00+00:00,6.752,6.6809951,6.683,6.89,-117.49216965217451,-1.0290565217391334,0,SL,120,0.0,-1.2608695652173885,0.10538614869922343,60.0,35.829293478541906,72.34437561916575,0.3241305383195012,0.9442804678728233,5.326860176344423,-0.9922985781990548,7.004754358161651,5.155661676959059,3.488558738750821,2.106716810874738,0.0,17,0,NewYork,Trending,2,2,3,0,False
EMA.Pullback,AVAX-USDT-SWAP,1H,LONG,2026-06-30 01:00:00+00:00,2026-06-30 04:00:00+00:00,6.649,6.6040182000000005,6.606,6.735,-127.71025795348535,-1.0460883720930083,0,SL,180,0.5813953488372156,-1.232558139534878,0.08294903678771327,30.0,35.765678650228324,56.41749265706107,0.42888318108096884,1.1610829411537753,3.433163299823793,-2.5413533834586404,3.2288109282831448,4.156636369678369,3.1404610785505223,0.55193407691541,0.0,0,1,Asia,Trending,0,2,3,0,False
EMA.Pullback,AVAX-USDT-SWAP,1H,LONG,2026-06-30 09:00:00+00:00,2026-06-30 11:00:00+00:00,6.635,6.5560326,6.558,6.789,-115.38885657142818,-1.0255506493506472,0,SL,120,0.012987012987017332,-1.493506493506497,0.070034660514583,20.0,23.49754000614289,53.67563680182925,0.3037240700425985,0.5106521072124073,2.946955233099581,-2.7886644558335787,2.980440856876749,3.1437210237270397,2.7305479324086526,1.5282154684940257,0.0,8,1,London,Weak,1,1,3,0,False
EMA.Pullback,AVAX-USDT-SWAP,1H,LONG,2026-06-30 20:00:00+00:00,2026-06-30 21:00:00+00:00,6.569,6.528041000000001,6.53,6.646999999999999,-130.19544769230473,-1.0502307692307538,0,SL,60,0.0,-1.1538461538461608,0.07788073034024083,36.0,20.18814687285895,51.15555674661374,0.09342440218223456,-0.2625883714896643,1.829249542080747,-1.6133942161339403,3.0103480714957693,4.541336006552176,3.744479040138354,1.3362138442438005,0.0,19,1,NewYork,Weak,2,1,3,0,False
EMA.Pullback,AVAX-USDT-SWAP,1H,LONG,2026-07-03 15:00:00+00:00,2026-07-03 16:00:00+00:00,6.852,6.79796,6.8,6.956000000000001,-123.59610769230763,-1.0392307692307696,0,SL,60,0.0,-1.2884615384615297,0.05313482149288339,6.0,31.090899741277475,56.87826668709439,0.4176999701362265,0.6335279720407769,3.903598819751762,-0.9925558312655032,2.0709177592371906,2.3432706026745085,1.7957900448810138,1.958396196618228,0.0,14,4,NewYork,Trending,2,2,3,0,False
EMA.Pullback,AVAX-USDT-SWAP,1H,LONG,2026-07-03 18:00:00+00:00,2026-07-03 20:00:00+00:00,6.863,6.967000000000001,6.811,6.967000000000001,184.04230769230784,2.0,1,TP,120,2.7499999999999702,0.0,0.05458498645038802,14.000000000000002,29.13983219988111,57.68500257412266,0.4004203566846319,0.5449986636658225,3.958197752714132,-0.8306616146895875,1.5840118430792038,1.5257864101795995,1.9086439598484735,1.2195849990439445,0.0,17,4,NewYork,Trending,2,2,3,0,True
EMA.Pullback,AVAX-USDT-SWAP,1H,LONG,2026-07-04 03:00:00+00:00,2026-07-04 06:00:00+00:00,6.895,6.8629405000000006,6.865,6.954999999999998,-141.2458809999986,-1.06864999999999,0,SL,180,1.6666666666667258,-1.833333333333363,0.057919871765164874,25.0,31.929709457902696,53.583800289744524,0.4660027194764126,0.7255260052044826,4.0150006279102035,-2.015953589557654,1.6212232866617455,2.9558147448199676,2.3288557159554997,0.48177077768955484,0.0,2,5,Asia,Trending,0,2,3,0,False
EMA.Pullback,AVAX-USDT-SWAP,1H,LONG,2026-07-04 16:00:00+00:00,2026-07-04 17:00:00+00:00,6.986,7.083999999999999,6.937,7.083999999999999,182.7714285714284,2.0,1,TP,60,2.571428571428605,-0.9591836734693918,0.05185655109588242,7.000000000000001,21.03480681344951,65.2305837453599,0.34425393842522595,0.23437304668910344,4.8776067599714334,-0.7015032211882533,2.539635936582502,2.921280301477359,2.4846052093256166,2.3940993454977098,0.0,15,5,NewYork,Weak,2,1,3,0,True
EMA.Pullback,AVAX-USDT-SWAP,1H,LONG,2026-07-05 00:00:00+00:00,2026-07-05 01:00:00+00:00,6.961,6.9139252,6.916,7.051,-127.72123359999974,-1.0461066666666652,0,SL,60,0.0,-1.9333333333333504,0.058255785875686444,43.0,27.29252090674035,53.050987787236,0.49351518770968417,0.774462942452009,4.099012594034568,-2.169228559115067,2.1873165002936,4.341740220137336,2.6997275521132313,0.949014473393172,0.0,23,5,Dead,Trending,3,2,3,0,False
EMA.Pullback,AVAX-USDT-SWAP,1H,LONG,2026-07-05 12:00:00+00:00,2026-07-05 17:00:00+00:00,6.876,6.95,6.839,6.95,177.5794594594594,2.0,1,TP,300,2.6486486486486505,-0.40540540540542164,0.05864403874561966,50.0,21.43218203928936,50.82546158395819,0.1673929243718572,-0.3906706981101264,2.5905493507796873,-3.432228039557879,1.9270678920841964,5.781987825015182,3.036991349812849,0.6330009475410574,0.0,11,6,London,Weak,1,1,3,0,True
EMA.Pullback,AVAX-USDT-SWAP,1H,LONG,2026-07-09 07:00:00+00:00,2026-07-11 23:00:00+00:00,6.765,6.579025700000001,6.581,7.132999999999998,-106.49729098913008,-1.0107298913043459,0,SL,3840,0.3586956521739184,-1.2608695652173925,0.07553872449978608,96.0,24.97790856288937,71.44131605965003,-0.26700394503423813,-0.36554970680082,1.2779481026485169,-0.118238250073899,6.685588142541792,5.0897633593697655,3.7961411214246192,2.9859044073020113,0.0,6,3,Asia,Weak,0,1,3,0,False
EMA.Pullback,AVAX-USDT-SWAP,1H,LONG,2026-07-13 15:00:00+00:00,2026-07-13 16:00:00+00:00,6.655,6.5240422,6.526,6.913000000000001,-109.16513590697605,-1.015176744186043,0,SL,60,0.0,-1.3333333333333333,0.07629428224502707,100.0,32.011167323915174,63.71599031402278,-0.09190212937887694,0.26196512394851196,0.3682008767044006,-0.37565740045078083,4.556166535742341,4.934412924552316,3.3084271504240577,1.5666625301320003,0.0,14,0,NewYork,Trending,2,2,3,0,False
EMA.Pullback,AVAX-USDT-SWAP,1H,LONG,2026-07-15 04:00:00+00:00,2026-07-15 13:00:00+00:00,6.654,6.756,6.603,6.756,184.22352941176476,2.0,1,TP,540,2.2745098039215548,-0.9803921568627386,0.060896012253622823,57.99999999999999,27.509493678967377,56.815621995007426,0.07808411549910331,0.6408323591873459,0.7054946215952032,-1.5331429430332228,3.693890274314202,4.6427606174213505,3.4168855236356306,0.5253279751580077,0.0,3,2,Asia,Trending,0,2,3,0,True
EMA.Pullback,AVAX-USDT-SWAP,1H,LONG,2026-07-15 17:00:00+00:00,2026-07-16 07:00:00+00:00,6.692,6.637008300000001,6.639,6.798,-122.60529241509286,-1.0375792452830113,0,SL,840,1.018867924528308,-1.62264150943397,0.06223004060159424,60.0,28.566157375076727,55.608109563272734,0.10411968139972669,0.508278033170882,1.1748076829019876,-1.1504556999850586,1.3630168105406613,2.0214929849679977,2.6169505283254564,1.9966390383101613,0.0,16,2,NewYork,Trending,2,2,3,0,False
EMA.Pullback,AVAX-USDT-SWAP,1H,LONG,2026-07-17 18:00:00+00:00,2026-07-17 19:00:00+00:00,6.594,6.5550329000000005,6.557,6.668,-131.95572902702648,-1.053164864864862,0,SL,60,0.7027027027026989,-1.1351351351351566,0.06133442630464575,71.0,29.171791683531367,59.23160841519884,-0.1667939599397794,-0.42556968146915103,-0.07836377731060014,-0.5460336720764385,3.5495523794565726,2.3391580554342233,2.784290595718561,1.9272183623149155,0.0,17,4,NewYork,Trending,2,2,3,0,False
EMA.Pullback,AVAX-USDT-SWAP,1H,LONG,2026-07-18 00:00:00+00:00,2026-07-18 09:00:00+00:00,6.584,6.5320398,6.534,6.683999999999999,-123.58004776000038,-1.0392040000000018,0,SL,540,1.5000000000000089,-1.2999999999999947,0.05597248926057338,33.0,20.53308508560636,56.1142416725065,-0.06718318705090294,-0.003998771545831901,-0.1947866584053026,-0.9872417982989123,3.4081985236375005,3.239644835540551,2.5245564111005776,0.4104044891206592,0.0,23,4,Dead,Weak,3,1,3,0,False
EMA.Pullback,AVAX-USDT-SWAP,1H,LONG,2026-07-20 03:00:00+00:00,2026-07-20 05:00:00+00:00,6.616,6.504048200000001,6.506,6.8359999999999985,-110.70511719999934,-1.017743636363633,0,SL,120,0.0,-1.4909090909090958,0.05841099392152209,88.0,20.771979629124985,65.68977485507158,-0.15959249267771966,-0.3235343166959237,0.7203699467201341,-0.19646365422396708,3.6497493734335786,3.201666578866379,3.0053021308077144,3.155849856473916,0.0,2,0,Asia,Weak,0,1,3,0,False
EMA.Pullback,AVAX-USDT-SWAP,1H,LONG,2026-07-20 12:00:00+00:00,2026-07-20 13:00:00+00:00,6.625,6.5350389,6.537,6.801,-113.42979924999985,-1.0222852272727265,0,SL,60,0.0,-1.2386363636363624,0.0648252256022813,100.0,20.032355758610116,60.81916977357581,-0.034086685937278025,0.16824694741206755,0.8838309417847587,-0.3773584905660431,3.7750626566415986,3.918739674674687,3.6395560674372387,1.4561251307087408,0.0,11,0,London,Weak,1,1,3,0,False
EMA.Pullback,AVAX-USDT-SWAP,1H,LONG,2026-07-20 20:00:00+00:00,2026-07-20 21:00:00+00:00,6.563,6.602999999999999,6.543,6.602999999999999,160.50199999999916,2.0,1,TP,60,2.9500000000000712,0.0,0.06426944810297909,90.0,20.24677477242537,52.45666244564019,0.0017971838065420247,0.2509534097239526,-0.07247040208525755,-1.341054556537642,1.9577377252952197,2.7509231338106575,3.8999942503895824,0.685915685890583,0.0,19,0,NewYork,Weak,2,1,3,0,True
EMA.Pullback,AVAX-USDT-SWAP,1H,LONG,2026-07-21 00:00:00+00:00,2026-07-21 01:00:00+00:00,6.575,6.625000000000001,6.55,6.625000000000001,168.32000000000045,2.0,1,TP,60,2.1599999999999446,0.0,0.058820223533662695,72.0,21.21638721143571,53.128105685188494,0.009049498519456883,0.2415608249394813,0.12018747998734981,-0.8821292775665374,2.159726538222502,2.4224794544384776,3.507969247196538,0.3289839195496058,0.0,23,0,Dead,Weak,3,1,3,0,True
EMA.Pullback,AVAX-USDT-SWAP,1H,LONG,2026-07-21 02:00:00+00:00,2026-07-21 03:00:00+00:00,6.614,6.6499999999999995,6.596,6.6499999999999995,155.78666666666618,2.0,1,TP,60,2.7222222222222743,0.0,0.056921519271372435,61.0,22.133755990210528,57.130293563657894,0.023133079674566202,0.27787375935572556,0.700271058411519,-0.2872694284850337,2.7656929770043495,2.3582888403085787,3.1913286242318697,0.31258121840745084,0.0,1,1,Asia,Weak,0,1,3,0,True
EMA.Pullback,AVAX-USDT-SWAP,1H,LONG,2026-07-21 12:00:00+00:00,2026-07-21 14:00:00+00:00,6.634,6.6070173,6.609,6.684000000000001,-147.64004152000024,-1.0793080000000035,0,SL,120,0.6799999999999687,-2.359999999999973,0.048413553581162366,42.0,25.457437585295757,55.17561861511016,0.1114179919554281,0.4976010081247874,0.9075736007114964,-0.7686510926902812,1.4060828366192821,2.241725779249882,1.731150788285242,0.6976307036409217,0.0,11,1,London,Trending,1,2,3,0,False
EMA.Pullback,AVAX-USDT-SWAP,1H,LONG,2026-07-21 17:00:00+00:00,2026-07-21 18:00:00+00:00,6.627,6.6010191,6.603,6.675,-149.57754774999586,-1.0825374999999795,0,SL,60,0.2083333333333287,-1.3333333333333333,0.0473375668430759,40.0,20.261005812584663,52.85494334198756,0.09483191931523961,0.3621362498837947,0.7332302562259166,-0.9055236945366677,1.2375859434683028,1.8879051678914163,1.661033064377169,1.0015364118500956,0.0,16,1,NewYork,Weak,2,1,3,0,False
EMA.Pullback,AVAX-USDT-SWAP,1H,LONG,2026-07-22 01:00:00+00:00,2026-07-22 03:00:00+00:00,6.608,6.5550329000000005,6.557,6.709999999999998,-123.20003870588224,-1.0385705882352925,0,SL,120,0.07843137254902952,-1.3529411764706067,0.044745527450427085,35.0,20.000630455786567,51.82564915563207,0.022925819540573728,0.0346476881636234,0.4498995857140209,-1.180387409200973,1.4430457476205008,2.1198351190985845,1.6402746042035212,1.3743404512468798,0.0,0,2,Asia,Weak,0,1,3,0,False
EMA.Pullback,AVAX-USDT-SWAP,1H,LONG,2026-07-22 15:00:00+00:00,2026-07-22 16:00:00+00:00,6.57,6.646000000000001,6.532,6.646000000000001,179.13263157894755,2.0,1,TP,60,2.210526315789449,0.0,0.04382583934412064,36.0,25.05274756297235,52.90505771093431,-0.08676804338183333,-0.3206306540410395,-0.04919269972493116,-0.8068199117064992,1.7030500077411415,2.240635447666,2.0376151685553325,1.7065219510671765,0.0,14,2,NewYork,Trending,2,2,3,0,True
EMA.Pullback,AVAX-USDT-SWAP,1H,LONG,2026-07-22 17:00:00+00:00,2026-07-22 18:00:00+00:00,6.631,6.600019400000001,6.602,6.689,-141.03383324137636,-1.0682965517241227,0,SL,60,0.0,-1.5517241379310367,0.046875341067124425,55.00000000000001,24.489270818910057,61.633088235441356,-0.04443232261692979,-0.13860798439086594,0.8606442333583918,-0.36199095022624467,2.6474686483975893,2.6164016515996797,2.2538939017259456,1.3027976766268803,0.0,16,2,NewYork,Weak,2,1,3,0,False
EMA.Pullback,AVAX-USDT-SWAP,1H,LONG,2026-07-22 20:00:00+00:00,2026-07-22 21:00:00+00:00,6.594,6.654000000000001,6.564,6.654000000000001,173.50400000000022,2.0,1,TP,60,2.333333333333294,0.0,0.04558860215906428,46.0,22.104247509520118,54.34137197085916,0.0007464447040172137,0.04464961622243091,0.3145763144309208,-0.8946171341925726,2.1055891004799525,2.870403974104872,2.2796468187003107,0.6035730539547154,0.0,19,2,NewYork,Weak,2,1,3,0,True
EMA.Pullback,AVAX-USDT-SWAP,1H,LONG,2026-07-22 22:00:00+00:00,2026-07-22 23:00:00+00:00,6.642,6.6260116,6.628,6.670000000000001,-185.26862114285734,-1.1420285714285772,0,SL,60,0.0,-4.8571428571428115,0.04546160084123399,42.0,21.507461141231232,61.50079026927165,0.03794464069558511,0.1860267553065982,1.0102503416018473,-0.3312255344775572,2.8332559219693563,3.164949667867218,2.2081186275298776,0.527534237939552,0.0,21,2,Dead,Weak,3,1,3,0,False
EMA.Pullback,AVAX-USDT-SWAP,1H,LONG,2026-07-26 12:00:00+00:00,2026-07-26 13:00:00+00:00,6.699,6.6899924,6.692,6.712999999999999,-142.17491745035994,-1.2867999999999815,0,SL,60,0.14285714285719722,-5.142857142857324,0.057838579563171434,76.0,53.12516127347239,58.00874426737854,0.39742674351490126,1.4695172356138722,2.8650794800490296,-2.1794297656366606,1.9789922362612253,2.4440584239924807,2.1173894400402506,0.35247521601445103,0.0,11,6,London,Trending,1,2,3,0,False
EMA.Pullback,AVAX-USDT-SWAP,1H,LONG,2026-07-26 23:00:00+00:00,2026-07-27 05:00:00+00:00,6.721,6.6689987,6.671,6.821,-124.07319843999957,-1.0400259999999977,0,SL,360,0.45999999999999536,-1.0,0.0437756196256322,15.0,30.62145572778761,61.35125001133004,0.2421622366016433,0.566522307993076,2.9240820234087628,-1.6961761642612687,1.235125771953605,2.5512049136228057,1.4593188085702753,1.149802261807633,0.0,22,6,Dead,Trending,3,2,3,0,False
EMA.Pullback,AVAX-USDT-SWAP,1H,LONG,2026-07-27 06:00:00+00:00,2026-07-27 07:00:00+00:00,6.696,6.6689987,6.671,6.745999999999999,-148.08639688,-1.0800519999999967,0,SL,60,0.5600000000000214,-1.2800000000000284,0.04064137733496195,8.0,25.46452481776487,53.12816063755341,0.25660807553516435,0.5345567045053828,2.3544130393075497,-0.8661887694145733,0.8585630366018903,1.3203318318334858,1.4044518257745433,0.5091772427477658,0.0,5,0,Asia,Trending,0,2,3,0,False
EMA.Pullback,AVAX-USDT-SWAP,1H,LONG,2026-07-28 16:00:00+00:00,2026-07-29 03:00:00+00:00,6.57,6.432069800000001,6.434,6.8420000000000005,-108.57473667646975,-1.0141926470588194,0,SL,660,0.47058823529411764,-1.2279411764705923,0.06209432965663461,79.0,28.642943316033435,58.121555615448145,-0.12225748132343014,-0.5233126506845478,0.5497473892020762,-0.7305936073059367,3.44827586206897,3.6007818035224286,3.7833541833816793,2.8534545147197874,0.0,15,1,NewYork,Trending,2,2,3,0,False
FVG+EMA200+Slope,BCH-USDT-SWAP,1H,LONG,2026-06-15 12:00:00+00:00,2026-06-15 19:00:00+00:00,228.0,220.63379,220.7,242.60000000000002,-105.50137361643792,-1.0090698630136965,0,SL,420,0.4246575342465739,-1.054794520547942,3.18738992220362,100.0,35.32539525636215,84.36810521783991,0.06530973203617506,1.6446584873556307,6.86052412399943,-0.17536168347216383,16.022380467955237,13.633108590938296,6.303819284218837,2.702974638825727,0.0,11,0,London,Trending,1,2,4,1,False
FVG+EMA200+Slope,BCH-USDT-SWAP,1H,LONG,2026-06-16 08:00:00+00:00,2026-06-16 09:00:00+00:00,224.5,226.10000000000002,223.7,226.10000000000002,166.2050000000005,2.0,1,TP,60,3.7499999999999467,-0.8749999999999734,3.1291680382066294,84.0,26.016143023759163,60.92312794979882,0.3703211156766801,1.3636360995326593,4.2515246025558575,-2.894033837934105,2.603928734581996,3.863946774034251,3.2476737442746795,0.6185100453335719,0.0,7,1,London,Trending,1,2,4,1,True
FVG+EMA200+Slope,BCH-USDT-SWAP,1H,LONG,2026-06-16 19:00:00+00:00,2026-06-16 20:00:00+00:00,219.0,217.73466000000002,217.8,221.39999999999998,-132.72673299999897,-1.054449999999994,0,SL,60,1.4166666666666705,-1.083333333333353,3.254383347168392,87.0,21.698392337847665,48.24663238566693,0.134667691706872,0.1560100041562735,1.4589802312212106,-4.063926940639272,2.913533834586461,6.079391081324494,4.834281972110724,0.39426174275720527,0.0,18,1,NewYork,Weak,2,1,4,1,False
FVG+EMA200+Slope,BCH-USDT-SWAP,1H,LONG,2026-06-16 22:00:00+00:00,2026-06-16 23:00:00+00:00,220.5,219.63409,219.7,222.10000000000002,-149.4875567499999,-1.0823875000000018,0,SL,60,0.12499999999999112,-10.124999999999849,3.2083382703093877,84.0,19.1562554498722,51.69416080160961,0.10677980188475754,0.05240596577274186,2.0564760679332883,-3.4029038112522683,3.5714285714285685,5.778515494671848,4.967618354404579,1.1330826133254626,0.0,21,1,Dead,Ranging,3,0,4,1,False
FVG+EMA200+Slope,BCH-USDT-SWAP,1H,LONG,2026-06-27 15:00:00+00:00,2026-06-27 17:00:00+00:00,198.6,197.54072,197.6,200.6,-135.62444320000023,-1.059280000000001,0,SL,120,1.0999999999999943,-1.799999999999983,1.88067361707094,13.0,9.173034713101487,58.58788416456633,0.008159770431672363,0.4571032895541646,0.7838354789466109,-0.4534005037783404,2.2142121524201914,1.4345928190784727,2.006174864595622,0.8565122405072799,0.0,14,5,NewYork,Ranging,2,0,4,1,False
FVG+EMA200+Slope,BCH-USDT-SWAP,1H,LONG,2026-06-29 18:00:00+00:00,2026-06-30 12:00:00+00:00,201.0,197.14084,197.2,208.60000000000002,-109.40011852631531,-1.0155684210526292,0,SL,1080,0.4736842105263174,-1.7631578947368338,2.669220173918437,63.0,17.671929622381132,73.76127595049803,0.04440145653509387,0.5354178018800339,2.5723561397118533,-0.19900497512438092,6.858054226475282,5.636265157399087,2.856623975512821,1.8773890277760177,0.0,17,0,NewYork,Ranging,2,0,4,1,False
FVG+EMA200+Slope,BCH-USDT-SWAP,1H,LONG,2026-07-01 04:00:00+00:00,2026-07-01 06:00:00+00:00,207.4,203.63889,203.7,214.80000000000004,-109.96873875675593,-1.016516216216212,0,SL,120,0.0,-1.4594594594594543,3.075649786485866,100.0,12.079383183590593,70.43574950698505,0.21741985626682442,0.6221802752724002,5.134343290790506,-1.447178002894356,6.855670103092789,5.189686831751331,5.113961174066314,2.4028613864419706,0.0,3,2,Asia,Ranging,0,0,4,1,False
FVG+EMA200+Slope,BCH-USDT-SWAP,1H,LONG,2026-07-01 10:00:00+00:00,2026-07-01 11:00:00+00:00,204.6,203.73886000000002,203.8,206.19999999999996,-145.91041449999963,-1.0764249999999949,0,SL,60,2.8750000000000755,-1.3750000000000222,2.854983357574497,94.0,14.598615172593703,59.11810570041526,0.34236661275151153,0.9879691903019171,3.5429056773223158,-2.7859237536656973,4.494382022471901,5.579511093062733,4.037101494727799,1.0845857448946026,0.0,9,2,London,Ranging,1,0,4,1,False
FVG+EMA200+Slope,BCH-USDT-SWAP,1H,LONG,2026-07-01 15:00:00+00:00,2026-07-03 13:00:00+00:00,214.3,228.10000000000002,207.4,228.10000000000002,196.15304347826088,2.0,1,TP,2760,2.1304347826086922,-0.9130434782608705,3.3332064686289717,100.0,19.068931040874077,71.58397469422995,0.40620702884563,1.103486433788004,8.194407528844074,-0.18665422305178592,9.448416751787537,7.239677931880646,5.588655230844928,3.923837942768882,0.0,14,2,NewYork,Ranging,2,0,4,1,True
FVG+EMA200+Slope,BCH-USDT-SWAP,1H,LONG,2026-07-04 15:00:00+00:00,2026-07-05 01:00:00+00:00,230.7,238.7,226.7,238.7,192.959,2.0,1,TP,600,2.7250000000000014,-0.02499999999999858,2.11625597631446,7.000000000000001,34.355130336194684,67.30486422115032,0.7964567930962732,0.6288318212382765,9.465832735119925,-0.34692107545533885,3.084488153777383,2.807532836356958,2.50194786066447,3.9218282494339847,0.0,14,5,NewYork,Trending,2,2,4,1,True
FVG+EMA200+Slope,BCH-USDT-SWAP,1H,LONG,2026-07-05 20:00:00+00:00,2026-07-06 00:00:00+00:00,247.9,241.42755,241.5,260.70000000000005,-106.8515082812501,-1.0113203125000005,0,SL,240,0.0,-1.078125,3.876138166900149,99.0,46.22842929798437,69.42072490959822,1.1016201972063484,1.3904432325032634,14.035651524744244,-0.5647438483259402,5.9854638734501915,4.597580361165987,5.4045531909994855,1.9790663756164604,0.0,19,6,NewYork,Trending,2,2,4,1,False
FVG+EMA200+Slope,BCH-USDT-SWAP,1H,LONG,2026-07-06 17:00:00+00:00,2026-07-06 18:00:00+00:00,241.4,246.20000000000002,239.0,246.20000000000002,187.81,2.0,1,TP,60,2.1666666666666567,0.0,3.2019570908941244,59.0,25.9882448148458,55.607483583922104,0.7951913973059157,0.23241379032752787,8.863271361380477,-2.2369511184755617,3.0303030303030276,4.477083733921583,3.433712628685967,1.1016742366759804,0.0,16,0,NewYork,Trending,2,2,4,1,True
FVG+EMA200+Slope,BCH-USDT-SWAP,1H,LONG,2026-07-06 19:00:00+00:00,2026-07-06 23:00:00+00:00,245.8,242.52722,242.6,252.20000000000005,-113.70488537499959,-1.022743749999998,0,SL,240,1.6249999999999878,-1.5312499999999936,3.3251568793934028,70.0,26.713899718710085,63.804427460225014,0.8112044813047734,0.33431852623972097,10.618763065122396,-0.32546786004881323,4.908237302603499,4.6530297506521014,3.622871277732245,0.7293666673350351,0.0,18,0,NewYork,Trending,2,2,4,1,False
FVG+EMA200+Slope,BCH-USDT-SWAP,1H,LONG,2026-07-07 17:00:00+00:00,2026-07-07 19:00:00+00:00,242.7,241.02767,241.1,245.89999999999998,-127.1810376249993,-1.0452062499999963,0,SL,120,0.8750000000000067,-2.0,2.850940846251838,40.0,13.414197449086382,57.9883613043903,0.6412824239234463,0.05382836351387664,7.493680186613993,-3.3772652388797315,3.4953111679454465,4.151878771271151,3.1942700773129697,1.3674066415861499,0.0,16,1,NewYork,Ranging,2,0,4,1,False
FVG+EMA200+Slope,BCH-USDT-SWAP,1H,LONG,2026-07-09 00:00:00+00:00,2026-07-09 01:00:00+00:00,235.2,234.42965,234.5,236.59999999999997,-160.35396999999827,-1.1004999999999883,0,SL,60,2.0000000000000404,-2.714285714285726,2.685641652200259,9.0,27.297499672544447,48.92431459686295,0.24347531185255436,-0.5617991211447485,2.8287094116197906,-1.743938749468309,2.7534965034964958,3.3361095354971213,4.033850639945273,0.4770374490049399,0.0,23,2,Dead,Trending,3,2,4,1,False
FVG+EMA200+Slope,BCH-USDT-SWAP,1H,LONG,2026-07-09 06:00:00+00:00,2026-07-10 01:00:00+00:00,237.4,242.4,234.9,242.4,188.4848,2.0,1,TP,1140,2.2,-0.9600000000000023,2.7023813283600844,9.0,22.77061157679296,55.918578389752014,0.24329043903957262,-0.38957370783190465,3.6389995393373127,-0.1685630004213979,3.715034965034965,2.4737257597930196,3.9122083341961655,0.7451657805774359,0.0,5,3,Asia,Weak,0,1,4,1,True
FVG+EMA200+Slope,BCH-USDT-SWAP,1H,LONG,2026-07-10 03:00:00+00:00,2026-07-10 08:00:00+00:00,242.5,245.10000000000002,241.2,245.10000000000002,177.4953846153848,2.0,1,TP,300,3.4615384615384315,-0.7692307692307625,2.2398920666398463,5.0,18.090717343384007,67.52081589753041,0.3614488203910555,0.2937270953868858,5.086398410258811,-0.20627062706270624,3.1489361702127683,2.7069871876371137,2.52711612523876,1.3728982969349801,0.0,2,4,Asia,Ranging,0,0,4,1,True
FVG+EMA200+Slope,BCH-USDT-SWAP,1H,LONG,2026-07-10 10:00:00+00:00,2026-07-10 11:00:00+00:00,245.1,247.1,244.1,247.1,170.468,2.0,1,TP,60,4.900000000000006,0.0,2.1224549496212144,7.000000000000001,29.492968451075498,71.16263390910449,0.4979001774627248,0.7968617881950089,5.870929286529999,-0.7751937984496148,4.2978723404255295,4.756791550391574,2.4283138540506717,0.9119586838409224,0.0,9,4,London,Trending,1,2,4,1,True
FVG+EMA200+Slope,BCH-USDT-SWAP,1H,LONG,2026-07-10 12:00:00+00:00,2026-07-10 13:00:00+00:00,248.1,250.49999999999997,246.9,250.49999999999997,175.06999999999977,2.0,1,TP,60,5.66666666666673,0.0,2.290280033091761,14.000000000000002,34.52101131715475,76.0562600287481,0.559271533258239,1.0043727424418658,7.014001674479761,-0.7658202337767053,5.574468085106381,6.050928379904211,2.5612920584778,2.2720857923831934,0.0,11,4,London,Trending,1,2,4,1,True
FVG+EMA200+Slope,BCH-USDT-SWAP,1H,LONG,2026-07-11 10:00:00+00:00,2026-07-11 12:00:00+00:00,246.1,247.49999999999997,245.4,247.49999999999997,157.69142857142788,2.0,1,TP,120,2.7142857142857664,-0.7142857142857258,1.8827013049681414,2.0,25.75252902978942,55.346700499550955,0.4650807534253525,0.3572758005753824,4.863789089392999,-2.7224705404307263,1.1924342105263182,2.4796621875586435,2.4375350243779814,1.0983658003383343,0.0,9,5,London,Trending,1,2,4,1,True
FVG+EMA200+Slope,BCH-USDT-SWAP,1H,LONG,2026-07-11 13:00:00+00:00,2026-07-11 16:00:00+00:00,247.8,246.42605,246.5,250.40000000000003,-134.18735615384531,-1.056884615384612,0,SL,180,1.6923076923076688,-1.3076923076923093,1.7884091716527004,1.0,26.98847833947064,60.55972333965855,0.4730461194164947,0.3993227837173434,5.386890283369,-0.7670569236980241,1.8503289473684212,1.432429525448558,2.023395045121075,0.987417208398481,0.0,12,5,NewYork,Trending,2,2,4,1,False
FVG+EMA200+Slope,BCH-USDT-SWAP,1H,LONG,2026-07-12 03:00:00+00:00,2026-07-12 04:00:00+00:00,245.4,245.02647,245.1,246.00000000000003,-151.0423557457257,-1.245100000000008,0,SL,60,2.666666666666509,-7.666666666666414,2.051924385606983,22.0,28.363900951845608,47.91288796870117,0.4356412795995813,0.25894473197121587,3.7674039847500764,-1.8329938900203666,1.02880658436214,2.4602646957182515,2.7198518832267427,0.5145590547563595,0.0,2,6,Asia,Trending,0,2,4,1,False
FVG+EMA200+Slope,BCH-USDT-SWAP,1H,LONG,2026-07-12 09:00:00+00:00,2026-07-12 10:00:00+00:00,244.6,244.22671000000003,244.3,245.19999999999996,-151.242033115281,-1.2442999999999669,0,SL,60,0.3333333333333333,-1.6666666666667613,1.7948725116351467,3.0,20.154575854906504,46.332614109045394,0.33425298128397146,-0.061721935694934935,3.190287448152733,-2.207686017988555,0.6584362139917672,2.9467860269732524,2.728904457730897,0.33977843683384484,0.0,8,6,London,Weak,1,1,4,1,False
FVG+EMA200+Slope,BCH-USDT-SWAP,1H,LONG,2026-07-12 13:00:00+00:00,2026-07-12 14:00:00+00:00,246.2,245.82623,245.9,246.79999999999995,-150.84397603573825,-1.2459000000000011,0,SL,60,0.0,-4.000000000000189,1.8030834497295782,6.0,18.650927231079706,53.59831544154743,0.3281121580940084,-0.025900257064915867,3.7229508439441643,-1.5434606011372916,1.3168724279835344,2.4170152900809807,2.7638361152649447,1.3016566922478372,0.0,12,6,NewYork,Ranging,2,0,4,1,False
FVG+EMA200+Slope,BCH-USDT-SWAP,1H,LONG,2026-07-12 20:00:00+00:00,2026-07-12 21:00:00+00:00,246.6,245.52632,245.6,248.6,-144.26357919999919,-1.073679999999996,0,SL,60,0.09999999999999432,-2.5,1.6383768060473103,2.0,15.418738717802214,56.01082917882708,0.33235400117430436,0.07756784427071103,3.6565138729936746,-0.486618004866187,1.4814814814814792,1.567824824141114,2.2290161091209733,0.33526284641702375,0.0,19,6,NewYork,Ranging,2,0,4,1,False
FVG+EMA200+Slope,BCH-USDT-SWAP,1H,LONG,2026-07-27 06:00:00+00:00,2026-07-27 07:00:00+00:00,217.9,216.73496000000003,216.8,220.1,-135.5328159999969,-1.0591272727272567,0,SL,60,0.0,-1.9090909090909138,1.659078588817552,84.0,31.02062393461402,66.52964894564947,0.006093306106736416,0.7342855224221307,0.8837338287032562,-0.3669724770642254,3.7601142313184224,4.858230567505746,3.0441814449659623,0.7397890939583619,0.0,5,0,Asia,Trending,0,2,4,1,False
FVG+EMA200+Slope,BCH-USDT-SWAP,1H,LONG,2026-07-27 12:00:00+00:00,2026-07-27 13:00:00+00:00,218.9,217.53472,217.6,221.50000000000003,-130.1862178461538,-1.0502153846153852,0,SL,60,0.6923076923076906,-1.076923076923072,1.8473534443838044,100.0,29.40053968177199,64.0575328629746,0.03424224415332423,0.6836584360423352,1.2268801965588372,-0.3656307129798825,3.3050047214353158,2.6323080398295735,3.4306189302973813,1.300978367440599,0.0,11,0,London,Trending,1,2,4,1,False
Liq.Sweep.Rev,BCH-USDT-SWAP,1H,LONG,2026-06-15 20:00:00+00:00,2026-06-16 02:00:00+00:00,224.1,220.23391,220.3,231.69999999999996,-110.49421963157914,-1.0173921052631587,0,SL,360,1.078947368421056,-1.2894736842105337,3.1894823730467445,95.0,39.34019910374514,66.95718931755225,0.5646749687252395,3.008988115994777,4.512417679730272,-3.1236055332440875,7.122370936902489,13.391600092623834,5.147698439606795,0.7552083228127953,0.0,19,0,NewYork,Trending,2,2,5,1,False
Liq.Sweep.Rev,BCH-USDT-SWAP,1H,LONG,2026-06-26 22:00:00+00:00,2026-06-27 00:00:00+00:00,197.5,196.44105000000002,196.5,199.5,-135.42646299999632,-1.0589499999999816,0,SL,120,1.3000000000000114,-3.3000000000000114,3.0007709689158184,73.0,13.726466406063839,57.36810667586675,0.019362467993704693,0.9547928542298967,0.2826440260676486,-2.734177215189876,6.872294372294366,6.729644583241033,5.733264165017356,0.27961676792415635,0.0,21,4,Dead,Ranging,3,0,5,1,False
Liq.Sweep.Rev,BCH-USDT-SWAP,1H,LONG,2026-06-29 16:00:00+00:00,2026-06-29 19:00:00+00:00,196.3,201.90000000000003,193.5,201.90000000000003,191.46714285714285,2.0,1,TP,180,2.321428571428562,0.0,2.570811562650968,61.0,17.373636938422916,58.91769798631258,0.017365043915171036,0.4630016366605901,0.15590758855342685,-1.5290519877675843,4.306220095693777,5.268891943390195,2.450116551503739,1.2297669701806313,0.0,15,0,NewYork,Ranging,2,0,5,1,True
Liq.Sweep.Rev,BCH-USDT-SWAP,1H,LONG,2026-06-30 00:00:00+00:00,2026-06-30 01:00:00+00:00,201.1,199.84003,199.9,203.49999999999997,-130.0420014999991,-1.0499749999999943,0,SL,60,0.0,-2.1666666666666825,2.3052969742692095,46.0,22.960930435876275,66.0376277250848,0.1907949470343843,0.9687805457669455,2.461308411654427,-0.8453505718548072,4.958246346555324,5.23361936354773,2.828753169775786,0.28732858588562127,0.0,23,0,Dead,Weak,3,1,5,1,False
Liq.Sweep.Rev,BCH-USDT-SWAP,1H,LONG,2026-06-30 03:00:00+00:00,2026-06-30 05:00:00+00:00,199.9,197.94060000000002,198.0,203.70000000000002,-118.8160189473665,-1.0312631578947276,0,SL,120,0.0,-1.0,2.314153590550092,47.0,19.63855138869401,58.553459641964224,0.23133696839512893,1.0354026848645999,1.7509626251817105,-1.5015015015015014,3.2558139534883783,4.681921073670745,2.9742034221278297,0.5121764640232771,0.0,2,1,Asia,Ranging,0,0,5,1,False
Liq.Sweep.Rev,BCH-USDT-SWAP,1H,LONG,2026-06-30 14:00:00+00:00,2026-07-01 02:00:00+00:00,197.3,203.90000000000003,194.0,203.90000000000003,192.70545454545456,2.0,1,TP,720,2.54545454545453,-0.454545454545453,2.425315935337543,70.0,16.899936349560157,47.01991699446022,0.12997306832635264,0.39599565629144395,0.3822750561800482,-2.735562310030398,1.7525773195876317,3.40576999953777,4.039519515983947,3.9630175952928877,0.0,13,1,NewYork,Ranging,2,0,5,1,True
Liq.Sweep.Rev,BCH-USDT-SWAP,1H,LONG,2026-07-02 09:00:00+00:00,2026-07-02 10:00:00+00:00,214.2,216.99999999999994,212.8,216.99999999999994,181.5199999999997,2.0,1,TP,60,3.000000000000061,0.0,3.0123359225678037,79.0,30.42310526361108,56.399061486560875,0.7308172860771612,1.5867760458685962,6.667828139714025,-2.148528724894906,5.36417322834646,4.079888881854074,5.8185461440751345,0.4577009353517051,0.0,8,3,London,Trending,1,2,5,1,True
Liq.Sweep.Rev,BCH-USDT-SWAP,1H,LONG,2026-07-04 11:00:00+00:00,2026-07-04 14:00:00+00:00,225.1,227.9,223.7,227.9,180.58571428571435,2.0,1,TP,180,4.428571428571423,0.0,2.058964657613393,2.0,38.98839073550678,47.24867485773877,0.8202281428455945,0.6899150377739023,7.24859638336829,-2.7531083481349987,0.6705409029950827,2.4000730475955496,1.833589326897082,0.8253289590710258,0.0,10,5,London,Trending,1,2,5,1,True
Liq.Sweep.Rev,BCH-USDT-SWAP,1H,LONG,2026-07-05 11:00:00+00:00,2026-07-05 12:00:00+00:00,238.4,235.72926,235.8,243.6,-116.38298292307701,-1.0272076923076927,0,SL,60,1.3461538461538491,-1.4230769230769327,3.6242049804185426,98.0,42.732917134598644,60.66540105352246,1.1280090751609875,1.6129384016169206,10.753855389860798,-1.761744966442948,3.7423846823324607,4.699813985685649,3.428833326231641,0.7722309447114927,0.0,10,6,London,Trending,1,2,5,1,False
Liq.Sweep.Rev,BCH-USDT-SWAP,1H,LONG,2026-07-05 13:00:00+00:00,2026-07-06 12:00:00+00:00,241.4,234.62959,234.7,254.80000000000004,-106.36474259701436,-1.0105089552238777,0,SL,1380,1.1791044776119382,-1.0597014925373098,3.818319600462928,100.0,41.79103801025283,64.23780872657753,1.1304034043947873,1.5850880169301362,11.903492141156837,-0.49710024855011953,4.683434518647013,4.569319435123392,4.078694359336818,1.491826866014934,0.0,12,6,NewYork,Trending,2,2,5,1,False
Liq.Sweep.Rev,BCH-USDT-SWAP,1H,LONG,2026-07-07 15:00:00+00:00,2026-07-08 08:00:00+00:00,239.8,234.52962,234.6,250.20000000000005,-108.17995715384612,-1.0135346153846154,0,SL,1020,0.9615384615384583,-1.15384615384615,2.730676957783195,34.0,14.658484996402386,49.43508835188126,0.6285630975219982,-0.04428521641978846,6.282125813255368,-4.714226115978311,2.1739130434782585,4.841176307695362,2.800646023346186,2.0438632907755485,0.0,14,1,NewYork,Ranging,2,0,5,1,False
Liq.Sweep.Rev,BCH-USDT-SWAP,1H,LONG,2026-07-10 20:00:00+00:00,2026-07-11 00:00:00+00:00,245.7,244.52662,244.6,247.89999999999998,-140.08145199999765,-1.0667090909090786,0,SL,240,1.0000000000000258,-2.2727272727272845,2.708565198213429,40.0,42.88196506317343,54.971110614214744,0.689324303927737,1.3077732508658373,5.446426396875757,-3.7021969080553268,3.8445289395859836,5.772457295997547,3.7115469364363314,0.7701983734294187,0.0,19,4,NewYork,Trending,2,2,5,1,False
Liq.Sweep.Rev,BCH-USDT-SWAP,1H,LONG,2026-07-12 01:00:00+00:00,2026-07-12 02:00:00+00:00,243.6,244.79999999999998,243.0,244.79999999999998,151.15999999999954,2.0,1,TP,60,5.000000000000047,0.0,2.0016401158518864,17.0,30.614943138497857,40.32675383842549,0.4621187598797611,0.34961351008500613,3.0898599754315326,-2.5851456709068574,0.28806584362139454,2.596192851787627,2.3781174393744533,1.3860224427591028,0.0,0,6,Asia,Trending,0,2,5,1,True
Liq.Sweep.Rev,BCH-USDT-SWAP,1H,LONG,2026-07-13 14:00:00+00:00,2026-07-13 16:00:00+00:00,238.9,235.72926,235.8,245.1,-113.75024374193555,-1.02281935483871,0,SL,120,0.16129032258064546,-1.1290322580645182,2.1064669108375806,54.0,17.616222950160367,45.142867123474495,-0.028945726787618857,-0.8662705717896149,0.3871773009436893,-3.3472803347280333,1.8755328218243845,5.817908265782585,3.4117168146534786,1.7146508960403226,0.0,13,0,NewYork,Ranging,2,0,5,1,False
Liq.Sweep.Rev,BCH-USDT-SWAP,1H,LONG,2026-07-27 10:00:00+00:00,2026-07-27 14:00:00+00:00,216.3,213.63589,213.7,221.50000000000006,-114.85313592307674,-1.0246576923076918,0,SL,240,1.3461538461538345,-1.3846153846153813,1.6998892017705667,90.0,29.559881953252045,56.53535461916449,0.011067738014931302,0.641183462667065,0.04972892567390917,-1.2025901942645805,2.8544243577545196,3.269885442539349,3.197094874113043,1.425061284158496,0.0,9,0,London,Trending,1,2,5,1,False
Break.of.Structure,BCH-USDT-SWAP,1H,LONG,2026-06-15 12:00:00+00:00,2026-06-15 19:00:00+00:00,228.0,220.63379,220.7,242.60000000000002,-105.50137361643792,-1.0090698630136965,0,SL,420,0.4246575342465739,-1.054794520547942,3.18738992220362,100.0,35.32539525636215,84.36810521783991,0.06530973203617506,1.6446584873556307,6.86052412399943,-0.17536168347216383,16.022380467955237,13.633108590938296,6.303819284218837,2.702974638825727,0.0,11,0,London,Trending,1,2,0,1,False
Break.of.Structure,BCH-USDT-SWAP,1H,LONG,2026-06-29 18:00:00+00:00,2026-06-30 12:00:00+00:00,201.0,197.14084,197.2,208.60000000000002,-109.40011852631531,-1.0155684210526292,0,SL,1080,0.4736842105263174,-1.7631578947368338,2.669220173918437,63.0,17.671929622381132,73.76127595049803,0.04440145653509387,0.5354178018800339,2.5723561397118533,-0.19900497512438092,6.858054226475282,5.636265157399087,2.856623975512821,1.8773890277760177,0.0,17,0,NewYork,Ranging,2,0,0,1,False
Break.of.Structure,BCH-USDT-SWAP,1H,LONG,2026-07-01 03:00:00+00:00,2026-07-01 15:00:00+00:00,205.3,216.10000000000002,199.9,216.10000000000002,195.31777777777776,2.0,1,TP,720,2.4444444444444398,-0.703703703703705,2.8045459239078543,98.0,10.382967212568197,66.69991166125044,0.17466870157915845,0.4659555456599171,4.123035513886063,-0.24366471734892792,5.7731958762886535,4.011460903869489,5.036585381522506,2.3527718818043026,0.0,2,2,Asia,Ranging,0,0,0,1,True
Break.of.Structure,BCH-USDT-SWAP,1H,LONG,2026-07-02 18:00:00+00:00,2026-07-03 13:00:00+00:00,222.0,229.0,218.5,229.0,192.26857142857142,2.0,1,TP,1140,2.0,-0.8857142857142841,3.3653010325246666,89.0,32.73802408833154,67.33459844255556,0.8130177125198652,1.606879237217143,9.785321370642913,-0.49549549549549293,6.730769230769231,4.750314119462967,4.652573061743053,1.532910344627839,0.0,17,3,NewYork,Trending,2,2,0,1,True
Break.of.Structure,BCH-USDT-SWAP,1H,LONG,2026-07-03 15:00:00+00:00,2026-07-04 02:00:00+00:00,229.1,225.83223,225.9,235.49999999999997,-112.76560431249978,-1.0211781249999987,0,SL,660,0.7187500000000061,-1.0312499999999982,2.977631384637503,59.0,52.63377776825963,71.0608836160543,0.9922414976174344,1.7045619677593353,11.127745730745405,-0.3055434308162449,4.659661946094102,5.1882918423420445,3.320713455343068,2.038490977797379,0.0,14,4,NewYork,Trending,2,2,0,1,False
Break.of.Structure,BCH-USDT-SWAP,1H,LONG,2026-07-04 16:00:00+00:00,2026-07-04 22:00:00+00:00,232.3,237.3,229.8,237.3,188.7296,2.0,1,TP,360,2.039999999999998,-0.6800000000000068,2.179380549434856,9.0,35.51442810478291,71.36651355043665,0.8125847587465804,0.6953029811867004,10.207121713279843,-0.17211703958692154,3.889137237371487,3.4419280175364846,2.6149381028049166,2.3777601000030204,0.0,15,5,NewYork,Trending,2,2,0,1,True
Break.of.Structure,BCH-USDT-SWAP,1H,LONG,2026-07-05 02:00:00+00:00,2026-07-05 03:00:00+00:00,237.7,236.32908,236.4,240.29999999999995,-132.78903446153905,-1.0545538461538477,0,SL,60,0.4615384615384851,-2.769230769230801,2.887615387389139,43.0,42.315740273192034,76.73732291145458,1.0540375541751104,1.5232970185048877,11.544727760794435,-1.640723601177958,6.258381761287439,7.277194608992174,2.5321333079901196,2.536185138243332,0.0,1,6,Asia,Trending,0,2,0,1,False
Break.of.Structure,BCH-USDT-SWAP,1H,LONG,2026-07-05 20:00:00+00:00,2026-07-06 00:00:00+00:00,247.9,241.42755,241.5,260.70000000000005,-106.8515082812501,-1.0113203125000005,0,SL,240,0.0,-1.078125,3.876138166900149,99.0,46.22842929798437,69.42072490959822,1.1016201972063484,1.3904432325032634,14.035651524744244,-0.5647438483259402,5.9854638734501915,4.597580361165987,5.4045531909994855,1.9790663756164604,0.0,19,6,NewYork,Trending,2,2,0,1,False
Break.of.Structure,BCH-USDT-SWAP,1H,LONG,2026-07-06 19:00:00+00:00,2026-07-06 23:00:00+00:00,245.8,242.52722,242.6,252.20000000000005,-113.70488537499959,-1.022743749999998,0,SL,240,1.6249999999999878,-1.5312499999999936,3.3251568793934028,70.0,26.713899718710085,63.804427460225014,0.8112044813047734,0.33431852623972097,10.618763065122396,-0.32546786004881323,4.908237302603499,4.6530297506521014,3.622871277732245,0.7293666673350351,0.0,18,0,NewYork,Trending,2,2,0,1,False
Break.of.Structure,BCH-USDT-SWAP,1H,LONG,2026-07-09 06:00:00+00:00,2026-07-10 01:00:00+00:00,237.4,242.4,234.9,242.4,188.4848,2.0,1,TP,1140,2.2,-0.9600000000000023,2.7023813283600844,9.0,22.77061157679296,55.918578389752014,0.24329043903957262,-0.38957370783190465,3.6389995393373127,-0.1685630004213979,3.715034965034965,2.4737257597930196,3.9122083341961655,0.7451657805774359,0.0,5,3,Asia,Weak,0,1,0,1,True
Break.of.Structure,BCH-USDT-SWAP,1H,LONG,2026-07-10 02:00:00+00:00,2026-07-10 13:00:00+00:00,241.9,250.70000000000002,237.5,250.70000000000002,193.28272727272727,2.0,1,TP,660,2.9545454545454506,-0.09090909090909208,2.3044991486890645,6.0,16.3865752867153,66.14063613578577,0.3358699536598301,0.19009062058284845,4.879897728042536,-0.4549214226633558,2.893617021276601,2.097898770780516,2.5730441222186653,3.062531178218089,0.0,1,4,Asia,Ranging,0,0,0,1,True
Break.of.Structure,BCH-USDT-SWAP,1H,LONG,2026-07-10 14:00:00+00:00,2026-07-10 16:00:00+00:00,252.7,248.12554,248.2,261.7,-109.98700719999947,-1.016546666666664,0,SL,120,0.0,-1.2222222222222223,2.5926394162883053,30.0,39.74365316240892,82.52152898829586,0.6211067588490334,1.203929522447222,8.86533594154464,-0.8306962025316432,6.892177589852014,7.256948375907056,2.8265566580612966,3.1326276892421316,0.0,13,4,NewYork,Trending,2,2,0,1,False
Break.of.Structure,BCH-USDT-SWAP,1H,LONG,2026-07-11 15:00:00+00:00,2026-07-11 16:00:00+00:00,249.2,246.52602,246.6,254.39999999999998,-117.13060046153893,-1.0284538461538486,0,SL,60,0.0,-1.1923076923076927,1.8777609694352373,6.0,29.214807357354687,65.19971419853154,0.4933067518683022,0.481395731768411,5.903616673908967,-0.32102728731942676,2.4671052631578947,2.0941523766018086,1.64423414487785,4.048076381472158,0.0,14,5,NewYork,Trending,2,2,0,1,False
Break.of.Structure,BCH-USDT-SWAP,1H,LONG,2026-07-21 14:00:00+00:00,2026-07-21 15:00:00+00:00,226.2,224.63259,224.7,229.2,-127.0213035999994,-1.0449399999999969,0,SL,60,0.0,-1.8666666666666554,1.614561506633236,38.0,47.081299634770915,77.16186387210908,0.032576706626832555,1.034810200134808,1.1334818853715736,-0.17691287041132495,4.434180138568126,4.563096551002608,1.6308130427974725,1.1917368925482426,0.0,13,1,NewYork,Trending,2,2,0,1,False
Break.of.Structure,BCH-USDT-SWAP,1H,LONG,2026-07-27 11:00:00+00:00,2026-07-27 14:00:00+00:00,219.0,215.83523000000002,215.9,225.2,-112.59487541935367,-1.020893548387091,0,SL,180,0.2580645161290364,-2.0322580645161366,1.8356114016440972,100.0,29.45749427513314,65.01934657223981,0.02016701337336139,0.6524217283713635,1.331904021558954,-0.228310502283105,3.7914691943127963,2.957599081057964,3.426475077507181,1.6336139251160127,0.0,10,0,London,Trending,1,2,0,1,False
VWAP.Pullback,BCH-USDT-SWAP,1H,LONG,2026-06-16 08:00:00+00:00,2026-06-16 09:00:00+00:00,224.5,226.10000000000002,223.7,226.10000000000002,166.2050000000005,2.0,1,TP,60,3.7499999999999467,-0.8749999999999734,3.1291680382066294,84.0,26.016143023759163,60.92312794979882,0.3703211156766801,1.3636360995326593,4.2515246025558575,-2.894033837934105,2.603928734581996,3.863946774034251,3.2476737442746795,0.6185100453335719,0.0,7,1,London,Trending,1,2,7,1,True
VWAP.Pullback,BCH-USDT-SWAP,1H,LONG,2026-06-17 18:00:00+00:00,2026-06-17 19:00:00+00:00,216.4,214.83553,214.9,219.4,-125.84542120000002,-1.04298,0,SL,60,0.0,-5.333333333333333,2.6906693532425803,46.0,24.722364183625192,52.65863350732938,-0.09403552700690312,-0.4909975500024135,0.37081099693213354,-2.355658198614316,3.1443544545021416,3.597990050436163,4.578980864085941,0.6670065070668301,0.0,17,2,NewYork,Weak,2,1,7,1,False
VWAP.Pullback,BCH-USDT-SWAP,1H,LONG,2026-06-27 03:00:00+00:00,2026-06-27 08:00:00+00:00,197.3,195.34138000000002,195.4,201.10000000000002,-118.56972778947264,-1.0308526315789424,0,SL,300,0.42105263157893713,-1.0526315789473653,2.7285752501964615,61.0,11.668088549055259,55.853532746712105,0.018826459629194565,0.7672476546340969,0.23208859497807982,-2.786220871327254,3.296703296703303,4.333466884201888,4.193337030375523,0.4739634562489482,0.0,2,5,Asia,Ranging,0,0,7,1,False
VWAP.Pullback,BCH-USDT-SWAP,1H,LONG,2026-06-27 18:00:00+00:00,2026-06-27 19:00:00+00:00,197.7,196.74096000000003,196.8,199.49999999999994,-139.41606399999694,-1.0655999999999815,0,SL,60,1.2222222222222783,-2.111111111111139,1.8277113471956457,9.0,10.883424276843973,53.14494291268171,0.028852256480684273,0.4849007744163372,0.30272683925952504,-1.1639676113360382,1.7507723995880564,1.875655117918223,2.1672925455496763,1.0127251872343297,0.0,17,5,NewYork,Ranging,2,0,7,1,False
VWAP.Pullback,BCH-USDT-SWAP,1H,LONG,2026-06-29 16:00:00+00:00,2026-06-29 19:00:00+00:00,196.3,201.90000000000003,193.5,201.90000000000003,191.46714285714285,2.0,1,TP,180,2.321428571428562,0.0,2.570811562650968,61.0,17.373636938422916,58.91769798631258,0.017365043915171036,0.4630016366605901,0.15590758855342685,-1.5290519877675843,4.306220095693777,5.268891943390195,2.450116551503739,1.2297669701806313,0.0,15,0,NewYork,Ranging,2,0,7,1,True
VWAP.Pullback,BCH-USDT-SWAP,1H,LONG,2026-06-30 12:00:00+00:00,2026-06-30 13:00:00+00:00,199.1,198.84033000000002,198.9,199.49999999999997,-140.15675489702517,-1.2983499999999308,0,SL,60,0.0,-25.50000000000142,2.095632682403306,42.0,14.66650865469889,51.10385016843508,0.17114468670517427,0.5871902530474457,1.2390586510279704,-1.8583626318433035,1.8935516888433923,2.376910801570449,3.3124002668631753,1.0972954437138898,0.0,11,1,London,Ranging,1,0,7,1,False
VWAP.Pullback,BCH-USDT-SWAP,1H,LONG,2026-06-30 17:00:00+00:00,2026-06-30 18:00:00+00:00,200.9,198.74036,198.8,205.1,-117.09829600000022,-1.0284000000000009,0,SL,60,0.0,-1.3809523809523874,2.677011337440447,86.0,15.362693186764854,56.30802351692491,0.12876954555130835,0.36306898289688044,2.0683484322955534,-0.9462151394422197,3.5051546391752635,3.314153013129454,4.265137592963886,2.060550536166948,0.0,16,1,NewYork,Ranging,2,0,7,1,False
VWAP.Pullback,BCH-USDT-SWAP,1H,LONG,2026-06-30 20:00:00+00:00,2026-06-30 21:00:00+00:00,200.2,198.74036,198.8,202.99999999999994,-125.61744400000065,-1.042600000000002,0,SL,60,0.0,-1.2857142857142945,2.677512357272833,87.0,12.609482439371178,54.237206508527095,0.11137241151287992,0.2699685739038821,1.7697282080950147,-1.0484273589615547,3.247422680412377,3.0692336707505468,4.487381540544065,0.46920104151867537,0.0,19,1,NewYork,Ranging,2,0,7,1,False
VWAP.Pullback,BCH-USDT-SWAP,1H,LONG,2026-06-30 22:00:00+00:00,2026-07-01 01:00:00+00:00,199.9,198.34048,198.4,202.9,-123.86561919999893,-1.0396799999999946,0,SL,180,1.0,-2.7333333333333294,2.541834634587288,77.0,11.113231840457761,52.66288820929359,0.10666146406600205,0.2399712489171032,1.486749826036051,-1.3013013013012984,2.989690721649491,3.0737359910605613,4.405223316845422,0.20703251181652516,0.0,21,1,Dead,Ranging,3,0,7,1,False
VWAP.Pullback,BCH-USDT-SWAP,1H,LONG,2026-07-01 02:00:00+00:00,2026-07-01 14:00:00+00:00,200.7,210.49999999999994,195.8,210.49999999999994,194.96489795918365,2.0,1,TP,720,2.8571428571428705,0.0,2.5741263795930753,85.0,10.142279976303366,55.180082076141524,0.15397820983746602,0.39436619145900803,1.8310896936593661,-0.8973080757726876,3.4020618556701,3.1318428130419544,4.404530124553563,1.4848068846583864,0.0,1,2,Asia,Ranging,0,0,7,1,True
VWAP.Pullback,BCH-USDT-SWAP,1H,LONG,2026-07-02 00:00:00+00:00,2026-07-02 01:00:00+00:00,209.9,213.70000000000002,208.0,213.70000000000002,186.6231578947369,2.0,1,TP,60,3.157894736842096,0.0,3.569489551602356,100.0,31.150329734536058,53.48573201237755,0.7371885146425778,2.0224554945248703,5.2340086690382694,-4.2421353670161945,4.119106699751867,8.67170117500531,5.9369614072906165,1.9632947058305315,0.0,23,2,Dead,Trending,3,2,7,1,True
VWAP.Pullback,BCH-USDT-SWAP,1H,LONG,2026-07-02 15:00:00+00:00,2026-07-03 01:00:00+00:00,218.4,226.00000000000003,214.6,226.00000000000003,192.98315789473688,2.0,1,TP,600,2.052631578947358,-0.6315789473684207,3.2004943255565244,85.0,32.10244449526549,61.88352111730708,0.7600951088737322,1.4935568728233521,8.286647580531898,-0.4578754578754579,5.000000000000003,4.007151982077173,4.533143796296122,1.8741815909788004,0.0,14,3,NewYork,Trending,2,2,7,1,True
VWAP.Pullback,BCH-USDT-SWAP,1H,LONG,2026-07-04 02:00:00+00:00,2026-07-04 03:00:00+00:00,226.8,226.13214,226.2,228.00000000000006,-167.91321399999612,-1.113099999999989,0,SL,60,0.49999999999995265,-1.9999999999999527,2.4811743401903983,20.0,58.06702358495672,54.81114190759713,1.0103280118188216,1.4721338583761299,8.800196265121246,-2.028218694885359,2.1161638901395845,3.576633038744871,2.539509714559092,0.937667917604633,0.0,1,5,Asia,Trending,0,2,7,1,False
VWAP.Pullback,BCH-USDT-SWAP,1H,LONG,2026-07-04 06:00:00+00:00,2026-07-04 07:00:00+00:00,227.2,226.33208000000002,226.4,228.79999999999995,-150.99490599999774,-1.084899999999985,0,SL,60,0.0,-1.87500000000004,2.2517055479534034,9.0,50.856642685866646,56.15497018228503,0.9494162431657985,1.186377397671749,8.616702335334143,-1.8485915492957823,1.8377409233527542,1.8972525359010746,2.4211048389222327,0.474214556711589,0.0,5,5,Asia,Trending,0,2,7,1,False
VWAP.Pullback,BCH-USDT-SWAP,1H,LONG,2026-07-05 13:00:00+00:00,2026-07-06 12:00:00+00:00,241.4,234.62959,234.7,254.80000000000004,-106.36474259701436,-1.0105089552238777,0,SL,1380,1.1791044776119382,-1.0597014925373098,3.818319600462928,100.0,41.79103801025283,64.23780872657753,1.1304034043947873,1.5850880169301362,11.903492141156837,-0.49710024855011953,4.683434518647013,4.569319435123392,4.078694359336818,1.491826866014934,0.0,12,6,NewYork,Trending,2,2,7,1,False
VWAP.Pullback,BCH-USDT-SWAP,1H,LONG,2026-07-06 18:00:00+00:00,2026-07-06 21:00:00+00:00,244.1,250.69999999999996,240.8,250.69999999999996,191.00363636363633,2.0,1,TP,180,2.0909090909091033,0.0,3.2732458701159723,65.0,26.152071617494652,60.70541414223832,0.8028206552400724,0.2827721176823934,9.926013293952362,-0.6147540983606558,4.139991463935121,4.331481717596191,3.630749376713275,0.9417379591610241,0.0,17,0,NewYork,Trending,2,2,7,1,True
VWAP.Pullback,BCH-USDT-SWAP,1H,LONG,2026-07-07 01:00:00+00:00,2026-07-07 02:00:00+00:00,241.8,240.12794,240.2,245.00000000000006,-127.07979774999879,-1.0450374999999952,0,SL,60,0.0,-3.1249999999999556,3.343601378872216,69.0,30.35161869285203,50.65666077427519,0.9672105128734586,0.9655525111398157,8.18395855811267,-3.804797353184445,3.201024327784891,5.882890696437043,3.9787530192830536,0.7850518107590351,0.0,0,1,Asia,Trending,0,2,7,1,False
VWAP.Pullback,BCH-USDT-SWAP,1H,LONG,2026-07-07 17:00:00+00:00,2026-07-07 19:00:00+00:00,242.7,241.02767,241.1,245.89999999999998,-127.1810376249993,-1.0452062499999963,0,SL,120,0.8750000000000067,-2.0,2.850940846251838,40.0,13.414197449086382,57.9883613043903,0.6412824239234463,0.05382836351387664,7.493680186613993,-3.3772652388797315,3.4953111679454465,4.151878771271151,3.1942700773129697,1.3674066415861499,0.0,16,1,NewYork,Ranging,2,0,7,1,False
VWAP.Pullback,BCH-USDT-SWAP,1H,LONG,2026-07-09 05:00:00+00:00,2026-07-09 06:00:00+00:00,235.5,239.3,233.6,239.3,185.00631578947372,2.0,1,TP,60,2.5789473684210478,0.0,2.6948721997723997,8.0,24.312671523062882,51.71612724216415,0.2343602766473751,-0.4500418146379047,2.9341832330175435,-0.509337860780992,2.9720279720279645,2.0920681613040526,3.9623495668479642,0.5698108290971489,0.0,4,3,Asia,Weak,0,1,7,1,True
VWAP.Pullback,BCH-USDT-SWAP,1H,LONG,2026-07-10 00:00:00+00:00,2026-07-10 01:00:00+00:00,237.5,239.5,236.5,239.5,171.38,2.0,1,TP,60,5.400000000000006,0.0,2.0945670600180843,1.0,14.464600254099926,52.91357009547644,0.3220920665372907,0.12129333116739957,3.0988961543886333,-1.6421052631578972,1.669520547945208,1.5142896509615147,2.153108640487427,0.33283266119639204,0.0,23,3,Dead,Ranging,3,0,7,1,True
VWAP.Pullback,BCH-USDT-SWAP,1H,LONG,2026-07-11 15:00:00+00:00,2026-07-11 16:00:00+00:00,249.2,246.52602,246.6,254.39999999999998,-117.13060046153893,-1.0284538461538486,0,SL,60,0.0,-1.1923076923076927,1.8777609694352373,6.0,29.214807357354687,65.19971419853154,0.4933067518683022,0.481395731768411,5.903616673908967,-0.32102728731942676,2.4671052631578947,2.0941523766018086,1.64423414487785,4.048076381472158,0.0,14,5,NewYork,Trending,2,2,7,1,False
VWAP.Pullback,BCH-USDT-SWAP,1H,LONG,2026-07-11 17:00:00+00:00,2026-07-11 23:00:00+00:00,248.1,246.02617,246.1,252.1,-122.20678509999868,-1.0369149999999934,0,SL,360,0.9500000000000028,-2.25,1.9823551216048738,11.0,31.312324725514383,59.64583497864951,0.51016376450936,0.5457319037081657,5.365659405632702,-0.7252215954875147,2.055921052631579,2.353912370988749,1.751673993362164,1.8628121571917147,0.0,16,5,NewYork,Trending,2,2,7,1,False
VWAP.Pullback,BCH-USDT-SWAP,1H,LONG,2026-07-21 20:00:00+00:00,2026-07-22 02:00:00+00:00,223.8,225.20000000000005,223.1,225.20000000000005,161.51428571428661,2.0,1,TP,360,2.285714285714222,-0.8571428571428688,1.6220035087515177,43.0,38.64876783527697,57.599158134495035,0.06437217965681707,0.9331670518769273,0.06845102544116805,-1.251117068811431,1.9589977220956771,2.6083183403520596,1.6191995299768138,0.9296776472418494,0.0,19,1,NewYork,Trending,2,2,7,1,True
VWAP.Pullback,BCH-USDT-SWAP,1H,LONG,2026-07-22 03:00:00+00:00,2026-07-22 04:00:00+00:00,225.1,224.23271000000003,224.3,226.69999999999996,-150.52245324999748,-1.0841124999999838,0,SL,60,0.0,-1.3750000000000222,1.366293087486725,18.0,27.813595417036467,64.54347720106126,0.02332357642129216,0.566423530379811,0.6817030158815999,-0.6216696269982264,1.2134831460674107,1.4145113110277518,1.2348106746509635,0.7462088061852127,0.0,2,2,Asia,Trending,0,2,7,1,False
ORB,BCH-USDT-SWAP,1H,LONG,2026-06-15 10:00:00+00:00,2026-06-15 11:00:00+00:00,214.9,219.70000000000002,212.5,219.70000000000002,189.135,2.0,1,TP,60,5.666666666666651,0.0,2.3427717440941396,52.0,30.2590713764567,70.82359729137116,-0.07415946494020202,1.1776069146600834,0.7877865601292224,0.0,9.308240081383525,10.236747238782216,4.997681811894292,0.7905487077073242,0.0,9,0,London,Trending,1,2,6,1,True
ORB,BCH-USDT-SWAP,1H,LONG,2026-06-16 09:00:00+00:00,2026-06-16 10:00:00+00:00,227.5,224.33268,224.4,233.7,-113.0883744516126,-1.0217161290322565,0,SL,60,0.0,-2.645161290322582,3.1556560354775844,86.0,25.990393912967097,66.5799050419578,0.3822300634975354,1.3699267824459789,5.538821409947961,-1.58241758241758,3.928734582000911,3.863946774034251,3.562271664157366,1.2762993861348895,0.0,8,1,London,Trending,1,2,6,1,False
ORB,BCH-USDT-SWAP,1H,LONG,2026-06-26 16:00:00+00:00,2026-06-27 00:00:00+00:00,200.3,194.94150000000002,195.0,210.90000000000003,-106.68197924528228,-1.011037735849053,0,SL,480,0.018867924528300772,-1.1509433962264168,3.372326486961993,99.0,12.871120134354886,65.09802582920383,-0.1012603636146256,0.6674893930702877,1.7398114543622814,-0.6490264603095272,8.387445887445887,6.25429340958198,6.142549921987609,2.532974976436687,0.0,15,4,NewYork,Ranging,2,0,6,1,False
ORB,BCH-USDT-SWAP,1H,LONG,2026-06-27 14:00:00+00:00,2026-06-27 15:00:00+00:00,197.9,199.30000000000004,197.2,199.30000000000004,165.9542857142865,2.0,1,TP,60,2.8571428571427875,0.0,1.940725433768705,18.0,8.64298089614432,56.20778281285665,0.0010973048730469478,0.44662165968347645,0.43633860447629014,-0.8088978766430709,1.8537590113285392,1.2854143432990535,2.101864304667696,0.8607158564377768,0.0,13,5,NewYork,Ranging,2,0,6,1,True
ORB,BCH-USDT-SWAP,1H,LONG,2026-06-29 07:00:00+00:00,2026-06-29 08:00:00+00:00,196.3,194.94150000000002,195.0,198.90000000000003,-127.05729999999683,-1.0449999999999848,0,SL,60,0.6153846153845969,-1.2307692307692375,2.4248780222432287,59.0,28.8880433103039,64.74455665779202,-0.18391409434209763,-0.2482930017351725,0.22211907265327047,-0.9679062659194992,4.359383306751737,3.801462993114038,2.637106554681153,3.0940324093090408,0.0,6,0,Asia,Trending,0,2,6,1,False
ORB,BCH-USDT-SWAP,1H,LONG,2026-06-30 10:00:00+00:00,2026-06-30 11:00:00+00:00,201.9,198.9403,199.0,207.70000000000002,-112.41048896551669,-1.020586206896549,0,SL,60,0.0,-1.0344827586206877,2.132804767757681,42.0,15.219959995550601,63.840744218010414,0.1674796268948704,0.6076447706507726,2.646050177801086,-0.4955401387512388,4.289405684754528,3.490164847948534,3.143968827125683,1.0164194937964008,0.0,9,1,London,Ranging,1,0,6,1,False
ORB,BCH-USDT-SWAP,1H,LONG,2026-07-01 15:00:00+00:00,2026-07-03 13:00:00+00:00,214.3,228.10000000000002,207.4,228.10000000000002,196.15304347826088,2.0,1,TP,2760,2.1304347826086922,-0.9130434782608705,3.3332064686289717,100.0,19.068931040874077,71.58397469422995,0.40620702884563,1.103486433788004,8.194407528844074,-0.18665422305178592,9.448416751787537,7.239677931880646,5.588655230844928,3.923837942768882,0.0,14,2,NewYork,Ranging,2,0,6,1,True
ORB,BCH-USDT-SWAP,1H,LONG,2026-07-04 15:00:00+00:00,2026-07-05 01:00:00+00:00,230.7,238.7,226.7,238.7,192.959,2.0,1,TP,600,2.7250000000000014,-0.02499999999999858,2.11625597631446,7.000000000000001,34.355130336194684,67.30486422115032,0.7964567930962732,0.6288318212382765,9.465832735119925,-0.34692107545533885,3.084488153777383,2.807532836356958,2.50194786066447,3.9218282494339847,0.0,14,5,NewYork,Trending,2,2,6,1,True
ORB,BCH-USDT-SWAP,1H,LONG,2026-07-05 19:00:00+00:00,2026-07-05 20:00:00+00:00,241.8,247.20000000000005,239.1,247.20000000000005,189.1333333333334,2.0,1,TP,60,2.2962962962962776,0.0,3.5743026412770824,90.0,44.285482573880515,61.18327377031454,1.0604716147666358,1.2465758922139585,11.340669399490388,-0.3723624327678965,3.778445684843273,3.1595194665194226,4.7466468755386595,0.4902295548253538,0.0,18,6,NewYork,Trending,2,2,6,1,True
ORB,BCH-USDT-SWAP,1H,LONG,2026-07-06 19:00:00+00:00,2026-07-06 23:00:00+00:00,245.8,242.52722,242.6,252.20000000000005,-113.70488537499959,-1.022743749999998,0,SL,240,1.6249999999999878,-1.5312499999999936,3.3251568793934028,70.0,26.713899718710085,63.804427460225014,0.8112044813047734,0.33431852623972097,10.618763065122396,-0.32546786004881323,4.908237302603499,4.6530297506521014,3.622871277732245,0.7293666673350351,0.0,18,0,NewYork,Trending,2,2,6,1,False
ORB,BCH-USDT-SWAP,1H,LONG,2026-07-07 16:00:00+00:00,2026-07-07 22:00:00+00:00,242.8,239.22821000000002,239.3,249.8,-112.36562645714247,-1.0205114285714265,0,SL,360,0.37142857142856656,-1.5142857142857176,2.785628603655824,37.0,13.904858603018099,57.9883613043903,0.6356320337598478,0.008265445421229043,7.574698315794903,-3.3772652388797315,3.4953111679454465,4.48487682114727,3.1955548027834264,2.3683477981610785,0.0,15,1,NewYork,Ranging,2,0,6,1,False
ORB,BCH-USDT-SWAP,1H,LONG,2026-07-09 06:00:00+00:00,2026-07-10 01:00:00+00:00,237.4,242.4,234.9,242.4,188.4848,2.0,1,TP,1140,2.2,-0.9600000000000023,2.7023813283600844,9.0,22.77061157679296,55.918578389752014,0.24329043903957262,-0.38957370783190465,3.6389995393373127,-0.1685630004213979,3.715034965034965,2.4737257597930196,3.9122083341961655,0.7451657805774359,0.0,5,3,Asia,Weak,0,1,6,1,True
ORB,BCH-USDT-SWAP,1H,LONG,2026-07-10 08:00:00+00:00,2026-07-10 10:00:00+00:00,243.2,245.99999999999994,241.8,245.99999999999994,179.03428571428535,2.0,1,TP,120,3.714285714285787,0.0,2.036693314353597,1.0,25.308061534003958,66.61100407217225,0.44552168109443235,0.6116090079865655,5.172220938834076,-0.16447368421052866,3.4893617021276544,4.067827415673069,2.4252273207495376,0.726792846398243,0.0,7,4,London,Trending,1,2,6,1,True
ORB,BCH-USDT-SWAP,1H,LONG,2026-07-11 10:00:00+00:00,2026-07-11 12:00:00+00:00,246.1,247.49999999999997,245.4,247.49999999999997,157.69142857142788,2.0,1,TP,120,2.7142857142857664,-0.7142857142857258,1.8827013049681414,2.0,25.75252902978942,55.346700499550955,0.4650807534253525,0.3572758005753824,4.863789089392999,-2.7224705404307263,1.1924342105263182,2.4796621875586435,2.4375350243779814,1.0983658003383343,0.0,9,5,London,Trending,1,2,6,1,True
ORB,BCH-USDT-SWAP,1H,LONG,2026-07-14 12:00:00+00:00,2026-07-14 13:00:00+00:00,237.7,240.09999999999997,236.5,240.09999999999997,176.10999999999976,2.0,1,TP,60,3.666666666666706,0.0,1.9950598231378833,36.0,16.7672153757424,54.27919521575397,-0.10552378348092709,-0.5752998178331048,0.055475825378634616,-0.12620950778292445,2.9004329004328957,2.279818950815112,3.089408127393777,0.7410330493560823,0.0,11,1,London,Ranging,1,0,6,1,True
ORB,BCH-USDT-SWAP,1H,LONG,2026-07-21 05:00:00+00:00,2026-07-21 07:00:00+00:00,224.1,222.9331,223.0,226.29999999999998,-136.54726000000088,-1.0608181818181857,0,SL,120,0.18181818181819825,-1.4545454545454568,1.7894525054817774,47.0,39.89721166737276,76.79406776272077,-0.12826031140365987,0.7219370506750995,0.2688364751730582,-0.13386880856760883,5.957446808510635,6.011183348940233,2.124835720892679,1.2925137437800809,0.0,4,1,Asia,Trending,0,2,6,1,False
ORB,BCH-USDT-SWAP,1H,LONG,2026-07-26 19:00:00+00:00,2026-07-26 20:00:00+00:00,218.4,213.83583000000002,213.9,227.4,-108.61514439999955,-1.0142599999999977,0,SL,60,0.0,-1.022222222222221,1.4330276511864157,59.0,24.04816411580346,82.48190444775781,-0.18013359750374613,0.2843372443179151,1.1260907842152137,-0.13729977116705325,4.595500239348968,4.037709361152684,2.4790012182014998,3.1112130917513414,0.0,18,6,NewYork,Weak,2,1,6,1,False
ORB,BCH-USDT-SWAP,1H,LONG,2026-07-27 11:00:00+00:00,2026-07-27 14:00:00+00:00,219.0,215.83523000000002,215.9,225.2,-112.59487541935367,-1.020893548387091,0,SL,180,0.2580645161290364,-2.0322580645161366,1.8356114016440972,100.0,29.45749427513314,65.01934657223981,0.02016701337336139,0.6524217283713635,1.331904021558954,-0.228310502283105,3.7914691943127963,2.957599081057964,3.426475077507181,1.6336139251160127,0.0,10,0,London,Trending,1,2,6,1,False
Volatility.Comp,BCH-USDT-SWAP,1H,LONG,2026-06-17 16:00:00+00:00,2026-06-17 18:00:00+00:00,215.9,211.93640000000002,212.0,223.70000000000002,-109.84363692307588,-1.016307692307687,0,SL,120,0.3589743589743599,-1.0256410256410242,2.7465751079026384,51.0,27.322598803720197,51.0484608036481,-0.10949665765340917,-0.5870981033351508,0.09641416754898981,-3.659101435849933,2.8585040495474034,4.736630869282766,4.680975621047165,1.4182621983360557,0.0,15,2,NewYork,Trending,2,2,8,1,False
Volatility.Comp,BCH-USDT-SWAP,1H,LONG,2026-06-27 15:00:00+00:00,2026-06-27 17:00:00+00:00,198.6,197.54072,197.6,200.6,-135.62444320000023,-1.059280000000001,0,SL,120,1.0999999999999943,-1.799999999999983,1.88067361707094,13.0,9.173034713101487,58.58788416456633,0.008159770431672363,0.4571032895541646,0.7838354789466109,-0.4534005037783404,2.2142121524201914,1.4345928190784727,2.006174864595622,0.8565122405072799,0.0,14,5,NewYork,Ranging,2,0,8,1,False
Volatility.Comp,BCH-USDT-SWAP,1H,LONG,2026-07-03 11:00:00+00:00,2026-07-04 22:00:00+00:00,227.2,235.39999999999998,223.1,235.39999999999998,193.230243902439,2.0,1,TP,2100,2.487804878048788,-0.8536585365853671,2.958729990974906,56.99999999999999,47.73150012144252,69.03411046635239,0.920476892095946,1.535573443474952,10.622504630053568,-0.3963011889035692,5.138888888888887,3.969202228587366,3.7998645938363538,1.627257206418385,0.0,10,4,London,Trending,1,2,8,1,True
Volatility.Comp,BCH-USDT-SWAP,1H,LONG,2026-07-07 16:00:00+00:00,2026-07-07 22:00:00+00:00,242.8,239.22821000000002,239.3,249.8,-112.36562645714247,-1.0205114285714265,0,SL,360,0.37142857142856656,-1.5142857142857176,2.785628603655824,37.0,13.904858603018099,57.9883613043903,0.6356320337598478,0.008265445421229043,7.574698315794903,-3.3772652388797315,3.4953111679454465,4.48487682114727,3.1955548027834264,2.3683477981610785,0.0,15,1,NewYork,Ranging,2,0,8,1,False
Volatility.Comp,BCH-USDT-SWAP,1H,LONG,2026-07-09 06:00:00+00:00,2026-07-10 01:00:00+00:00,237.4,242.4,234.9,242.4,188.4848,2.0,1,TP,1140,2.2,-0.9600000000000023,2.7023813283600844,9.0,22.77061157679296,55.918578389752014,0.24329043903957262,-0.38957370783190465,3.6389995393373127,-0.1685630004213979,3.715034965034965,2.4737257597930196,3.9122083341961655,0.7451657805774359,0.0,5,3,Asia,Weak,0,1,8,1,True
Volatility.Comp,BCH-USDT-SWAP,1H,LONG,2026-07-10 02:00:00+00:00,2026-07-10 13:00:00+00:00,241.9,250.70000000000002,237.5,250.70000000000002,193.28272727272727,2.0,1,TP,660,2.9545454545454506,-0.09090909090909208,2.3044991486890645,6.0,16.3865752867153,66.14063613578577,0.3358699536598301,0.19009062058284845,4.879897728042536,-0.4549214226633558,2.893617021276601,2.097898770780516,2.5730441222186653,3.062531178218089,0.0,1,4,Asia,Ranging,0,0,8,1,True
Volatility.Comp,BCH-USDT-SWAP,1H,LONG,2026-07-11 13:00:00+00:00,2026-07-11 16:00:00+00:00,247.8,246.42605,246.5,250.40000000000003,-134.18735615384531,-1.056884615384612,0,SL,180,1.6923076923076688,-1.3076923076923093,1.7884091716527004,1.0,26.98847833947064,60.55972333965855,0.4730461194164947,0.3993227837173434,5.386890283369,-0.7670569236980241,1.8503289473684212,1.432429525448558,2.023395045121075,0.987417208398481,0.0,12,5,NewYork,Trending,2,2,8,1,False
Volatility.Comp,BCH-USDT-SWAP,1H,LONG,2026-07-21 14:00:00+00:00,2026-07-21 15:00:00+00:00,226.2,224.63259,224.7,229.2,-127.0213035999994,-1.0449399999999969,0,SL,60,0.0,-1.8666666666666554,1.614561506633236,38.0,47.081299634770915,77.16186387210908,0.032576706626832555,1.034810200134808,1.1334818853715736,-0.17691287041132495,4.434180138568126,4.563096551002608,1.6308130427974725,1.1917368925482426,0.0,13,1,NewYork,Trending,2,2,8,1,False
EMA.Crossover.ADX,BCH-USDT-SWAP,1H,LONG,2026-06-13 14:00:00+00:00,2026-06-13 16:00:00+00:00,208.6,207.63769,207.7,210.4,-141.59584599999894,-1.069233333333329,0,SL,120,0.555555555555552,-2.7777777777777604,2.092297088158955,1.0,22.862782031215538,64.32130151602081,-0.4971788105971417,0.5600053164786932,-3.7622891303763213,-0.23969319271332695,3.988035892323031,4.2451814277018824,2.5845287279150146,0.7787194923461367,0.0,13,5,NewYork,Weak,2,1,2,1,False
EMA.Crossover.ADX,BCH-USDT-SWAP,1H,LONG,2026-06-15 02:00:00+00:00,2026-06-15 03:00:00+00:00,209.6,210.4,209.2,210.4,130.72519083969738,2.0,1,TP,60,5.999999999999929,0.0,2.565094406613832,65.0,31.555847219472202,62.46131003972602,-0.4129366104263243,0.07147806160238107,-1.7891237333272778,-1.0501193317422381,6.561546286876911,7.0540632449212355,4.993603792964717,0.9617367865658787,0.0,1,0,Asia,Trending,0,2,2,1,True
EMA.Crossover.ADX,BCH-USDT-SWAP,1H,LONG,2026-06-29 13:00:00+00:00,2026-06-29 14:00:00+00:00,196.5,195.24141000000003,195.3,198.89999999999998,-129.35207049999713,-1.0488249999999846,0,SL,60,0.0,-1.8333333333333413,2.4456108001430383,59.0,20.463041070276397,62.09003807932822,-0.00846005841625837,0.4115577787366576,0.3112046794641169,-1.3740458015267119,4.465709728867627,5.525323064107967,2.3844652393188164,2.306951667477239,0.0,12,0,NewYork,Weak,2,1,2,1,False
EMA.Crossover.ADX,BCH-USDT-SWAP,1H,LONG,2026-07-09 08:00:00+00:00,2026-07-09 09:00:00+00:00,239.3,238.32848,238.4,241.10000000000002,-147.735231999998,-1.079466666666658,0,SL,60,0.0,-3.6666666666666563,2.7520532882288475,16.0,22.015779197629783,59.975671219647886,0.2877604065835949,-0.1751329585623238,4.335956936816188,-0.5855290673358451,4.001739886907346,3.510359027756861,3.8479407150264344,0.7864793162732886,0.0,7,3,London,Weak,1,1,2,1,False
EMA.Crossover.ADX,BCH-USDT-SWAP,1H,LONG,2026-07-26 23:00:00+00:00,2026-07-27 01:00:00+00:00,216.5,215.03547,215.1,219.3,-127.71294871428427,-1.0460928571428503,0,SL,120,1.6428571428571443,-1.4999999999999898,1.6651968644714483,91.0,29.065340389006074,65.82098955460758,-0.07858543187066049,0.6077182053960112,0.20352188271874788,-1.0623556581986195,3.588516746411483,5.0022021776951,2.9754030425857914,1.0213847491740207,0.0,22,6,Dead,Trending,3,2,2,1,False
Donchian.20,BCH-USDT-SWAP,1H,LONG,2026-06-15 10:00:00+00:00,2026-06-15 11:00:00+00:00,214.9,219.70000000000002,212.5,219.70000000000002,189.135,2.0,1,TP,60,5.666666666666651,0.0,2.3427717440941396,52.0,30.2590713764567,70.82359729137116,-0.07415946494020202,1.1776069146600834,0.7877865601292224,0.0,9.308240081383525,10.236747238782216,4.997681811894292,0.7905487077073242,0.0,9,0,London,Trending,1,2,1,1,True
Donchian.20,BCH-USDT-SWAP,1H,LONG,2026-06-15 12:00:00+00:00,2026-06-15 19:00:00+00:00,228.0,220.63379,220.7,242.60000000000002,-105.50137361643792,-1.0090698630136965,0,SL,420,0.4246575342465739,-1.054794520547942,3.18738992220362,100.0,35.32539525636215,84.36810521783991,0.06530973203617506,1.6446584873556307,6.86052412399943,-0.17536168347216383,16.022380467955237,13.633108590938296,6.303819284218837,2.702974638825727,0.0,11,0,London,Trending,1,2,1,1,False
Donchian.20,BCH-USDT-SWAP,1H,LONG,2026-06-26 16:00:00+00:00,2026-06-27 00:00:00+00:00,200.3,194.94150000000002,195.0,210.90000000000003,-106.68197924528228,-1.011037735849053,0,SL,480,0.018867924528300772,-1.1509433962264168,3.372326486961993,99.0,12.871120134354886,65.09802582920383,-0.1012603636146256,0.6674893930702877,1.7398114543622814,-0.6490264603095272,8.387445887445887,6.25429340958198,6.142549921987609,2.532974976436687,0.0,15,4,NewYork,Ranging,2,0,1,1,False
Donchian.20,BCH-USDT-SWAP,1H,LONG,2026-06-29 07:00:00+00:00,2026-06-29 08:00:00+00:00,196.3,194.94150000000002,195.0,198.90000000000003,-127.05729999999683,-1.0449999999999848,0,SL,60,0.6153846153845969,-1.2307692307692375,2.4248780222432287,59.0,28.8880433103039,64.74455665779202,-0.18391409434209763,-0.2482930017351725,0.22211907265327047,-0.9679062659194992,4.359383306751737,3.801462993114038,2.637106554681153,3.0940324093090408,0.0,6,0,Asia,Trending,0,2,1,1,False
Donchian.20,BCH-USDT-SWAP,1H,LONG,2026-06-29 18:00:00+00:00,2026-06-30 12:00:00+00:00,201.0,197.14084,197.2,208.60000000000002,-109.40011852631531,-1.0155684210526292,0,SL,1080,0.4736842105263174,-1.7631578947368338,2.669220173918437,63.0,17.671929622381132,73.76127595049803,0.04440145653509387,0.5354178018800339,2.5723561397118533,-0.19900497512438092,6.858054226475282,5.636265157399087,2.856623975512821,1.8773890277760177,0.0,17,0,NewYork,Ranging,2,0,1,1,False
Donchian.20,BCH-USDT-SWAP,1H,LONG,2026-07-01 03:00:00+00:00,2026-07-01 15:00:00+00:00,205.3,216.10000000000002,199.9,216.10000000000002,195.31777777777776,2.0,1,TP,720,2.4444444444444398,-0.703703703703705,2.8045459239078543,98.0,10.382967212568197,66.69991166125044,0.17466870157915845,0.4659555456599171,4.123035513886063,-0.24366471734892792,5.7731958762886535,4.011460903869489,5.036585381522506,2.3527718818043026,0.0,2,2,Asia,Ranging,0,0,1,1,True
Donchian.20,BCH-USDT-SWAP,1H,LONG,2026-07-02 18:00:00+00:00,2026-07-03 13:00:00+00:00,222.0,229.0,218.5,229.0,192.26857142857142,2.0,1,TP,1140,2.0,-0.8857142857142841,3.3653010325246666,89.0,32.73802408833154,67.33459844255556,0.8130177125198652,1.606879237217143,9.785321370642913,-0.49549549549549293,6.730769230769231,4.750314119462967,4.652573061743053,1.532910344627839,0.0,17,3,NewYork,Trending,2,2,1,1,True
Donchian.20,BCH-USDT-SWAP,1H,LONG,2026-07-03 15:00:00+00:00,2026-07-04 02:00:00+00:00,229.1,225.83223,225.9,235.49999999999997,-112.76560431249978,-1.0211781249999987,0,SL,660,0.7187500000000061,-1.0312499999999982,2.977631384637503,59.0,52.63377776825963,71.0608836160543,0.9922414976174344,1.7045619677593353,11.127745730745405,-0.3055434308162449,4.659661946094102,5.1882918423420445,3.320713455343068,2.038490977797379,0.0,14,4,NewYork,Trending,2,2,1,1,False
Donchian.20,BCH-USDT-SWAP,1H,LONG,2026-07-04 16:00:00+00:00,2026-07-04 22:00:00+00:00,232.3,237.3,229.8,237.3,188.7296,2.0,1,TP,360,2.039999999999998,-0.6800000000000068,2.179380549434856,9.0,35.51442810478291,71.36651355043665,0.8125847587465804,0.6953029811867004,10.207121713279843,-0.17211703958692154,3.889137237371487,3.4419280175364846,2.6149381028049166,2.3777601000030204,0.0,15,5,NewYork,Trending,2,2,1,1,True
Donchian.20,BCH-USDT-SWAP,1H,LONG,2026-07-05 02:00:00+00:00,2026-07-05 03:00:00+00:00,237.7,236.32908,236.4,240.29999999999995,-132.78903446153905,-1.0545538461538477,0,SL,60,0.4615384615384851,-2.769230769230801,2.887615387389139,43.0,42.315740273192034,76.73732291145458,1.0540375541751104,1.5232970185048877,11.544727760794435,-1.640723601177958,6.258381761287439,7.277194608992174,2.5321333079901196,2.536185138243332,0.0,1,6,Asia,Trending,0,2,1,1,False
Donchian.20,BCH-USDT-SWAP,1H,LONG,2026-07-05 20:00:00+00:00,2026-07-06 00:00:00+00:00,247.9,241.42755,241.5,260.70000000000005,-106.8515082812501,-1.0113203125000005,0,SL,240,0.0,-1.078125,3.876138166900149,99.0,46.22842929798437,69.42072490959822,1.1016201972063484,1.3904432325032634,14.035651524744244,-0.5647438483259402,5.9854638734501915,4.597580361165987,5.4045531909994855,1.9790663756164604,0.0,19,6,NewYork,Trending,2,2,1,1,False
Donchian.20,BCH-USDT-SWAP,1H,LONG,2026-07-06 19:00:00+00:00,2026-07-06 23:00:00+00:00,245.8,242.52722,242.6,252.20000000000005,-113.70488537499959,-1.022743749999998,0,SL,240,1.6249999999999878,-1.5312499999999936,3.3251568793934028,70.0,26.713899718710085,63.804427460225014,0.8112044813047734,0.33431852623972097,10.618763065122396,-0.32546786004881323,4.908237302603499,4.6530297506521014,3.622871277732245,0.7293666673350351,0.0,18,0,NewYork,Trending,2,2,1,1,False
Donchian.20,BCH-USDT-SWAP,1H,LONG,2026-07-09 06:00:00+00:00,2026-07-10 01:00:00+00:00,237.4,242.4,234.9,242.4,188.4848,2.0,1,TP,1140,2.2,-0.9600000000000023,2.7023813283600844,9.0,22.77061157679296,55.918578389752014,0.24329043903957262,-0.38957370783190465,3.6389995393373127,-0.1685630004213979,3.715034965034965,2.4737257597930196,3.9122083341961655,0.7451657805774359,0.0,5,3,Asia,Weak,0,1,1,1,True
Donchian.20,BCH-USDT-SWAP,1H,LONG,2026-07-10 02:00:00+00:00,2026-07-10 13:00:00+00:00,241.9,250.70000000000002,237.5,250.70000000000002,193.28272727272727,2.0,1,TP,660,2.9545454545454506,-0.09090909090909208,2.3044991486890645,6.0,16.3865752867153,66.14063613578577,0.3358699536598301,0.19009062058284845,4.879897728042536,-0.4549214226633558,2.893617021276601,2.097898770780516,2.5730441222186653,3.062531178218089,0.0,1,4,Asia,Ranging,0,0,1,1,True
Donchian.20,BCH-USDT-SWAP,1H,LONG,2026-07-10 14:00:00+00:00,2026-07-10 16:00:00+00:00,252.7,248.12554,248.2,261.7,-109.98700719999947,-1.016546666666664,0,SL,120,0.0,-1.2222222222222223,2.5926394162883053,30.0,39.74365316240892,82.52152898829586,0.6211067588490334,1.203929522447222,8.86533594154464,-0.8306962025316432,6.892177589852014,7.256948375907056,2.8265566580612966,3.1326276892421316,0.0,13,4,NewYork,Trending,2,2,1,1,False
Donchian.20,BCH-USDT-SWAP,1H,LONG,2026-07-11 15:00:00+00:00,2026-07-11 16:00:00+00:00,249.2,246.52602,246.6,254.39999999999998,-117.13060046153893,-1.0284538461538486,0,SL,60,0.0,-1.1923076923076927,1.8777609694352373,6.0,29.214807357354687,65.19971419853154,0.4933067518683022,0.481395731768411,5.903616673908967,-0.32102728731942676,2.4671052631578947,2.0941523766018086,1.64423414487785,4.048076381472158,0.0,14,5,NewYork,Trending,2,2,1,1,False
Donchian.20,BCH-USDT-SWAP,1H,LONG,2026-07-14 13:00:00+00:00,2026-07-14 17:00:00+00:00,239.9,236.9289,237.0,245.70000000000002,-114.76887379310351,-1.0245172413793107,0,SL,240,0.1379310344827603,-1.3103448275862082,2.102555550056606,56.99999999999999,17.077545258211885,60.62054771134543,-0.0726922130876082,-0.4287870821491143,1.0133303668190625,-0.20833333333333334,3.896103896103896,2.8719882507554715,3.2019451126467944,3.7346164168792324,0.0,12,1,NewYork,Ranging,2,0,1,1,False
Donchian.20,BCH-USDT-SWAP,1H,LONG,2026-07-21 05:00:00+00:00,2026-07-21 07:00:00+00:00,224.1,222.9331,223.0,226.29999999999998,-136.54726000000088,-1.0608181818181857,0,SL,120,0.18181818181819825,-1.4545454545454568,1.7894525054817774,47.0,39.89721166737276,76.79406776272077,-0.12826031140365987,0.7219370506750995,0.2688364751730582,-0.13386880856760883,5.957446808510635,6.011183348940233,2.124835720892679,1.2925137437800809,0.0,4,1,Asia,Trending,0,2,1,1,False
Donchian.20,BCH-USDT-SWAP,1H,LONG,2026-07-21 14:00:00+00:00,2026-07-21 15:00:00+00:00,226.2,224.63259,224.7,229.2,-127.0213035999994,-1.0449399999999969,0,SL,60,0.0,-1.8666666666666554,1.614561506633236,38.0,47.081299634770915,77.16186387210908,0.032576706626832555,1.034810200134808,1.1334818853715736,-0.17691287041132495,4.434180138568126,4.563096551002608,1.6308130427974725,1.1917368925482426,0.0,13,1,NewYork,Trending,2,2,1,1,False
Donchian.20,BCH-USDT-SWAP,1H,LONG,2026-07-26 19:00:00+00:00,2026-07-26 20:00:00+00:00,218.4,213.83583000000002,213.9,227.4,-108.61514439999955,-1.0142599999999977,0,SL,60,0.0,-1.022222222222221,1.4330276511864157,59.0,24.04816411580346,82.48190444775781,-0.18013359750374613,0.2843372443179151,1.1260907842152137,-0.13729977116705325,4.595500239348968,4.037709361152684,2.4790012182014998,3.1112130917513414,0.0,18,6,NewYork,Weak,2,1,1,1,False
Donchian.20,BCH-USDT-SWAP,1H,LONG,2026-07-27 11:00:00+00:00,2026-07-27 14:00:00+00:00,219.0,215.83523000000002,215.9,225.2,-112.59487541935367,-1.020893548387091,0,SL,180,0.2580645161290364,-2.0322580645161366,1.8356114016440972,100.0,29.45749427513314,65.01934657223981,0.02016701337336139,0.6524217283713635,1.331904021558954,-0.228310502283105,3.7914691943127963,2.957599081057964,3.426475077507181,1.6336139251160127,0.0,10,0,London,Trending,1,2,1,1,False
EMA.Pullback,BCH-USDT-SWAP,1H,LONG,2026-06-12 15:00:00+00:00,2026-06-12 22:00:00+00:00,206.6,202.33928,202.4,214.99999999999997,-108.73341828571448,-1.0144571428571436,0,SL,420,0.0,-1.047619047619052,2.492459379679606,9.0,26.99354911008842,59.82659110116762,-0.7589710895593985,0.2314179409889666,-6.062195304006508,-1.694915254237288,2.5832091405861837,2.3515425315355145,3.485053484547096,1.73103092271229,0.0,14,4,NewYork,Trending,2,2,3,1,False
EMA.Pullback,BCH-USDT-SWAP,1H,LONG,2026-06-13 17:00:00+00:00,2026-06-13 18:00:00+00:00,206.8,206.03817,206.1,208.20000000000005,-153.05184314285194,-1.0883285714285498,0,SL,60,1.2857142857142219,-1.1428571428571312,2.0565512764887837,2.0,24.72650268165413,55.35488263979237,-0.42736154329877957,0.7240844137037075,-4.432427779903184,-1.3049782503624885,3.1405782652043928,4.712087678374696,2.668964024242097,1.5339858371620358,0.0,16,5,NewYork,Weak,2,1,3,1,False
EMA.Pullback,BCH-USDT-SWAP,1H,LONG,2026-06-13 19:00:00+00:00,2026-06-13 21:00:00+00:00,206.6,207.79999999999998,206.0,207.79999999999998,158.55999999999963,2.0,1,TP,120,5.000000000000047,0.0,2.033965131258185,2.0,23.122364887839694,54.14158364756933,-0.42427430411318123,0.6473320534343596,-4.436576303351032,-1.4029995162070663,3.0408773678963086,4.449044044675645,2.543851999316557,0.4318716921848862,0.0,18,5,NewYork,Weak,2,1,3,1,True
EMA.Pullback,BCH-USDT-SWAP,1H,LONG,2026-06-14 22:00:00+00:00,2026-06-15 11:00:00+00:00,208.3,224.70000000000005,200.1,224.70000000000005,196.83170731707318,2.0,1,TP,780,2.4634146341463348,-0.12195121951219487,2.4742364316542487,57.99999999999999,35.686459703194096,62.81449096750723,-0.5791949739004738,-0.588457654713244,-2.465446248664867,-0.5283381364073116,5.900305188199387,5.4954728214296225,5.223656160081363,3.0287722416006826,0.0,21,6,Dead,Trending,3,2,3,1,True
EMA.Pullback,BCH-USDT-SWAP,1H,LONG,2026-06-16 03:00:00+00:00,2026-06-16 04:00:00+00:00,223.1,219.13424,219.2,230.9,-110.17591138461452,-1.016861538461534,0,SL,60,0.0,-1.0769230769230724,3.187322063654424,90.0,33.56681271197,59.23705778923828,0.4498384567706845,1.9407970332571336,3.6785475300321875,-3.6322869955156927,5.387523629489606,8.21917431403694,5.151888294151756,1.0537915478511786,0.0,2,1,Asia,Trending,0,2,3,1,False
EMA.Pullback,BCH-USDT-SWAP,1H,LONG,2026-06-16 07:00:00+00:00,2026-06-16 10:00:00+00:00,224.5,220.23391,220.3,232.89999999999998,-109.50048442857158,-1.0157357142857149,0,SL,180,0.8095238095238131,-1.2380952380952388,3.2237194257609847,94.0,26.723319440914043,60.494913102023126,0.38080053960275334,1.449267114163068,4.203216422358249,-2.9857397504456276,2.5125628140703515,4.106349921644621,4.426836186294478,2.6466814671209127,0.0,6,1,Asia,Trending,0,2,3,1,False
EMA.Pullback,BCH-USDT-SWAP,1H,LONG,2026-06-17 16:00:00+00:00,2026-06-17 18:00:00+00:00,215.9,211.93640000000002,212.0,223.70000000000002,-109.84363692307588,-1.016307692307687,0,SL,120,0.3589743589743599,-1.0256410256410242,2.7465751079026384,51.0,27.322598803720197,51.0484608036481,-0.10949665765340917,-0.5870981033351508,0.09641416754898981,-3.659101435849933,2.8585040495474034,4.736630869282766,4.680975621047165,1.4182621983360557,0.0,15,2,NewYork,Trending,2,2,3,1,False
EMA.Pullback,BCH-USDT-SWAP,1H,LONG,2026-06-29 06:00:00+00:00,2026-06-29 19:00:00+00:00,195.3,202.70000000000005,191.6,202.70000000000005,193.54594594594596,2.0,1,TP,780,2.027027027027018,-0.4864864864864873,2.365253254723478,57.99999999999999,30.949802902309678,61.106258031388286,-0.21080708374204943,-0.361270221093158,-0.33726757089861203,-0.051229508196732956,3.774587985114298,3.259519464480469,2.592539350620632,1.3367693208788893,0.0,5,0,Asia,Trending,0,2,3,1,True
EMA.Pullback,BCH-USDT-SWAP,1H,LONG,2026-07-01 16:00:00+00:00,2026-07-01 17:00:00+00:00,214.6,213.63589,213.7,216.4,-142.7957259999996,-1.0712333333333324,0,SL,60,0.0,-3.8888888888888644,3.4379774351554744,100.0,21.640134425580303,72.03086122275599,0.44737111282208447,1.235807441952173,8.305871908720265,-1.7699115044247842,9.652706843718068,8.418359530104174,5.584705346953582,3.0432874604316793,0.0,15,2,NewYork,Weak,2,1,3,1,False
EMA.Pullback,BCH-USDT-SWAP,1H,LONG,2026-07-02 00:00:00+00:00,2026-07-02 01:00:00+00:00,209.9,213.70000000000002,208.0,213.70000000000002,186.6231578947369,2.0,1,TP,60,3.157894736842096,0.0,3.569489551602356,100.0,31.150329734536058,53.48573201237755,0.7371885146425778,2.0224554945248703,5.2340086690382694,-4.2421353670161945,4.119106699751867,8.67170117500531,5.9369614072906165,1.9632947058305315,0.0,23,2,Dead,Trending,3,2,3,1,True
EMA.Pullback,BCH-USDT-SWAP,1H,LONG,2026-07-02 02:00:00+00:00,2026-07-02 08:00:00+00:00,214.8,212.73616,212.8,218.8,-119.2100847999999,-1.0319199999999995,0,SL,360,1.6999999999999886,-1.0,3.5910394603101934,99.0,31.19849274579812,61.69012187656431,0.7204043919681258,1.8535977064495672,7.581296734918295,-1.8156424581005481,6.600496277915638,8.901691041889784,6.237665053396071,0.498852837706171,0.0,1,3,Asia,Trending,0,2,3,1,False
EMA.Pullback,BCH-USDT-SWAP,1H,LONG,2026-07-02 15:00:00+00:00,2026-07-03 01:00:00+00:00,218.4,226.00000000000003,214.6,226.00000000000003,192.98315789473688,2.0,1,TP,600,2.052631578947358,-0.6315789473684207,3.2004943255565244,85.0,32.10244449526549,61.88352111730708,0.7600951088737322,1.4935568728233521,8.286647580531898,-0.4578754578754579,5.000000000000003,4.007151982077173,4.533143796296122,1.8741815909788004,0.0,14,3,NewYork,Trending,2,2,3,1,True
EMA.Pullback,BCH-USDT-SWAP,1H,LONG,2026-07-04 02:00:00+00:00,2026-07-04 03:00:00+00:00,226.8,226.13214,226.2,228.00000000000006,-167.91321399999612,-1.113099999999989,0,SL,60,0.49999999999995265,-1.9999999999999527,2.4811743401903983,20.0,58.06702358495672,54.81114190759713,1.0103280118188216,1.4721338583761299,8.800196265121246,-2.028218694885359,2.1161638901395845,3.576633038744871,2.539509714559092,0.937667917604633,0.0,1,5,Asia,Trending,0,2,3,1,False
EMA.Pullback,BCH-USDT-SWAP,1H,LONG,2026-07-04 05:00:00+00:00,2026-07-04 06:00:00+00:00,227.2,225.63228999999998,225.7,230.2,-127.14129160000071,-1.0451400000000035,0,SL,60,0.46666666666667805,-1.0666666666666629,2.3018367439498193,11.0,52.23371670972728,56.15497018228502,0.9608691949727842,1.2402436818846352,8.710845953445014,-1.8485915492957823,1.8377409233527542,2.3223647194301096,2.447113534316623,0.6199695607416055,0.0,4,5,Asia,Trending,0,2,3,1,False
EMA.Pullback,BCH-USDT-SWAP,1H,LONG,2026-07-04 14:00:00+00:00,2026-07-04 15:00:00+00:00,226.8,229.40000000000003,225.5,229.40000000000003,178.9446153846156,2.0,1,TP,60,4.615384615384575,0.0,1.925198743723263,1.0,33.57921534024409,54.711468901452214,0.7888018510319906,0.5926046578880856,7.764493195348717,-2.028218694885359,1.3857845328565144,2.45731525203322,1.7065007600977504,0.6939623685443777,0.0,13,5,NewYork,Trending,2,2,3,1,True
EMA.Pullback,BCH-USDT-SWAP,1H,LONG,2026-07-04 16:00:00+00:00,2026-07-04 22:00:00+00:00,232.3,237.3,229.8,237.3,188.7296,2.0,1,TP,360,2.039999999999998,-0.6800000000000068,2.179380549434856,9.0,35.51442810478291,71.36651355043665,0.8125847587465804,0.6953029811867004,10.207121713279843,-0.17211703958692154,3.889137237371487,3.4419280175364846,2.6149381028049166,2.3777601000030204,0.0,15,5,NewYork,Trending,2,2,3,1,True
EMA.Pullback,BCH-USDT-SWAP,1H,LONG,2026-07-05 13:00:00+00:00,2026-07-06 12:00:00+00:00,241.4,234.62959,234.7,254.80000000000004,-106.36474259701436,-1.0105089552238777,0,SL,1380,1.1791044776119382,-1.0597014925373098,3.818319600462928,100.0,41.79103801025283,64.23780872657753,1.1304034043947873,1.5850880169301362,11.903492141156837,-0.49710024855011953,4.683434518647013,4.569319435123392,4.078694359336818,1.491826866014934,0.0,12,6,NewYork,Trending,2,2,3,1,False
EMA.Pullback,BCH-USDT-SWAP,1H,LONG,2026-07-06 16:00:00+00:00,2026-07-06 19:00:00+00:00,239.5,246.7,235.9,246.7,191.89666666666665,2.0,1,TP,180,2.5555555555555562,0.0,3.2559537901936726,63.0,26.994846055373937,51.56818032567648,0.7993599881645654,0.22479921093486677,8.147868043119317,-3.5058430717863134,2.262057191634649,4.687829391165358,3.6253924445717276,0.7527236913429751,0.0,15,0,NewYork,Trending,2,2,3,1,True
EMA.Pullback,BCH-USDT-SWAP,1H,LONG,2026-07-08 17:00:00+00:00,2026-07-09 02:00:00+00:00,235.8,231.43055,231.5,244.40000000000003,-109.74972860465064,-1.0161511627906952,0,SL,540,0.1860465116279025,-1.0697674418604677,3.1939657386130498,51.0,30.51726518413143,48.5319945437539,0.2568727049579365,-0.7731012400665116,3.3128224168554974,-2.8837998303647083,3.059440559440559,4.842327867863401,4.4303469479929225,0.6054421082873258,0.0,16,2,NewYork,Trending,2,2,3,1,False
EMA.Pullback,BCH-USDT-SWAP,1H,LONG,2026-07-09 05:00:00+00:00,2026-07-09 06:00:00+00:00,235.5,239.3,233.6,239.3,185.00631578947372,2.0,1,TP,60,2.5789473684210478,0.0,2.6948721997723997,8.0,24.312671523062882,51.71612724216415,0.2343602766473751,-0.4500418146379047,2.9341832330175435,-0.509337860780992,2.9720279720279645,2.0920681613040526,3.9623495668479642,0.5698108290971489,0.0,4,3,Asia,Weak,0,1,3,1,True
EMA.Pullback,BCH-USDT-SWAP,1H,LONG,2026-07-09 07:00:00+00:00,2026-07-09 09:00:00+00:00,238.7,236.22911000000002,236.3,243.49999999999994,-117.78072774999944,-1.0295374999999967,0,SL,120,0.37500000000000594,-1.125000000000006,2.802211233477221,20.0,22.361285961960547,58.86687641481338,0.2665218442577055,-0.2769228243301757,4.163163824539982,-0.7544006705783787,3.7842540234884683,2.9915400218344637,3.9367960825581347,1.280473384234576,0.0,6,3,Asia,Weak,0,1,3,1,False
EMA.Pullback,BCH-USDT-SWAP,1H,LONG,2026-07-10 20:00:00+00:00,2026-07-11 00:00:00+00:00,245.7,244.52662,244.6,247.89999999999998,-140.08145199999765,-1.0667090909090786,0,SL,240,1.0000000000000258,-2.2727272727272845,2.708565198213429,40.0,42.88196506317343,54.971110614214744,0.689324303927737,1.3077732508658373,5.446426396875757,-3.7021969080553268,3.8445289395859836,5.772457295997547,3.7115469364363314,0.7701983734294187,0.0,19,4,NewYork,Trending,2,2,3,1,False
EMA.Pullback,BCH-USDT-SWAP,1H,LONG,2026-07-11 03:00:00+00:00,2026-07-11 07:00:00+00:00,245.7,244.02677,244.1,248.89999999999998,-127.5185038749995,-1.0457687499999972,0,SL,240,0.0,-1.2500000000000044,2.230236771046943,13.0,34.034324615083634,54.32291533625042,0.5232098410189697,0.5690447062971584,5.073217441536104,-3.7021969080553268,1.6542597187758479,3.6735944695366887,3.4128555386674497,0.41754696658774054,0.0,2,5,Asia,Trending,0,2,3,1,False
EMA.Pullback,BCH-USDT-SWAP,1H,LONG,2026-07-11 09:00:00+00:00,2026-07-11 14:00:00+00:00,245.5,248.7,243.9,248.7,181.46749999999994,2.0,1,TP,300,2.81250000000001,-0.18750000000000777,1.865986020734922,1.0,25.5581093210317,52.78745319253242,0.46525055525339676,0.3534910703666068,4.6166564726311785,-3.8712306438467805,0.9046052631579017,3.477683091918876,3.091816050643994,0.47349073098470007,0.0,8,5,London,Trending,1,2,3,1,True
EMA.Pullback,BCH-USDT-SWAP,1H,LONG,2026-07-11 17:00:00+00:00,2026-07-11 23:00:00+00:00,248.1,246.02617,246.1,252.1,-122.20678509999868,-1.0369149999999934,0,SL,360,0.9500000000000028,-2.25,1.9823551216048738,11.0,31.312324725514383,59.64583497864951,0.51016376450936,0.5457319037081657,5.365659405632702,-0.7252215954875147,2.055921052631579,2.353912370988749,1.751673993362164,1.8628121571917147,0.0,16,5,NewYork,Trending,2,2,3,1,False
EMA.Pullback,BCH-USDT-SWAP,1H,LONG,2026-07-12 02:00:00+00:00,2026-07-12 04:00:00+00:00,246.5,243.32698000000002,243.4,252.7,-114.19148993548293,-1.0235548387096727,0,SL,120,0.0,-1.096774193548391,2.0943801075767507,25.0,29.447736078752246,51.61536749704806,0.4517828291656398,0.3148176830259471,4.271830398061341,-1.3787510137875125,1.4814814814814792,2.556162017819164,2.7038653078698736,0.8551217889092702,0.0,1,6,Asia,Trending,0,2,3,1,False
EMA.Pullback,BCH-USDT-SWAP,1H,LONG,2026-07-21 20:00:00+00:00,2026-07-22 02:00:00+00:00,223.8,225.20000000000005,223.1,225.20000000000005,161.51428571428661,2.0,1,TP,360,2.285714285714222,-0.8571428571428688,1.6220035087515177,43.0,38.64876783527697,57.599158134495035,0.06437217965681707,0.9331670518769273,0.06845102544116805,-1.251117068811431,1.9589977220956771,2.6083183403520596,1.6191995299768138,0.9296776472418494,0.0,19,1,NewYork,Trending,2,2,3,1,True
EMA.Pullback,BCH-USDT-SWAP,1H,LONG,2026-07-22 03:00:00+00:00,2026-07-22 04:00:00+00:00,225.1,224.23271000000003,224.3,226.69999999999996,-150.52245324999748,-1.0841124999999838,0,SL,60,0.0,-1.3750000000000222,1.366293087486725,18.0,27.813595417036467,64.54347720106126,0.02332357642129216,0.566423530379811,0.6817030158815999,-0.6216696269982264,1.2134831460674107,1.4145113110277518,1.2348106746509635,0.7462088061852127,0.0,2,2,Asia,Trending,0,2,3,1,False
EMA.Pullback,BCH-USDT-SWAP,1H,LONG,2026-07-27 10:00:00+00:00,2026-07-27 14:00:00+00:00,216.3,213.63589,213.7,221.50000000000006,-114.85313592307674,-1.0246576923076918,0,SL,240,1.3461538461538345,-1.3846153846153813,1.6998892017705667,90.0,29.559881953252045,56.53535461916449,0.011067738014931302,0.641183462667065,0.04972892567390917,-1.2025901942645805,2.8544243577545196,3.269885442539349,3.197094874113043,1.425061284158496,0.0,9,0,London,Trending,1,2,3,1,False
EMA.Pullback,BCH-USDT-SWAP,1H,LONG,2026-07-27 17:00:00+00:00,2026-07-27 18:00:00+00:00,216.4,214.53562,214.6,220.00000000000003,-121.51785399999983,-1.0357666666666663,0,SL,60,0.0,-1.611111111111104,2.0747493648955735,98.0,25.069215937626108,52.44098474114322,0.03152424369668126,0.547270783133905,0.062211127229772206,-1.6181229773462782,1.692524682651633,2.413769681613157,3.0146877757275976,0.6216923473466696,0.0,16,0,NewYork,Trending,2,2,3,1,False
EMA.Pullback,BCH-USDT-SWAP,1H,LONG,2026-07-27 21:00:00+00:00,2026-07-27 22:00:00+00:00,216.0,215.23541000000003,215.3,217.39999999999998,-155.4173208571384,-1.0922714285714032,0,SL,60,0.0,-7.571428571428711,1.910035313691756,94.0,21.050215428427034,51.72786477564364,0.006562148928499097,0.3731709803851109,-0.06276228308298933,-1.7592592592592646,1.5514809590973255,2.5261519919008215,3.0053587463401366,0.1741586946922257,0.0,20,0,Dead,Weak,3,1,3,1,False
