sym,fold,entry_time,exit_time,entry_price,exit_price,stop_loss,take_profit,pnl,r_multiple,win,exit_type,holding_hrs,atr_rank_pct
BTC-USDT-SWAP,1,2025-05-02 12:00:00+00:00,2025-05-02 14:00:00+00:00,96873.0,97505.4,96556.8,97505.4,163.1161,2.0,1,TP,2,12.0
BTC-USDT-SWAP,1,2025-05-03 15:00:00+00:00,2025-05-03 16:00:00+00:00,96319.4,96021.08503,96049.9,96858.4,-164.2057,-1.1069,0,SL,1,1.0
BTC-USDT-SWAP,1,2025-05-04 21:00:00+00:00,2025-05-04 22:00:00+00:00,95674.9,95271.41,95300.0,96424.7,-145.8116,-1.0763,0,SL,1,1.0
BTC-USDT-SWAP,1,2025-05-10 23:00:00+00:00,2025-05-11 00:00:00+00:00,103546.2,104386.4,103126.1,104386.4,170.3024,2.0,1,TP,1,26.0
BTC-USDT-SWAP,1,2025-05-17 05:00:00+00:00,2025-05-17 08:00:00+00:00,103601.4,103079.067,103110.0,104584.2,-137.8255,-1.0629,0,SL,3,1.0
BTC-USDT-SWAP,1,2025-05-18 09:00:00+00:00,2025-05-18 14:00:00+00:00,103884.7,104862.9,103395.6,104862.9,174.392,2.0,1,TP,5,11.0
BTC-USDT-SWAP,1,2025-05-25 20:00:00+00:00,2025-05-25 21:00:00+00:00,107674.0,107191.53289,107223.7,108574.6,-142.9166,-1.0714,0,SL,1,1.0
BTC-USDT-SWAP,1,2025-06-07 20:00:00+00:00,2025-06-08 03:00:00+00:00,105680.0,105317.3953,105349.0,106342.0,-157.3438,-1.0955,0,SL,7,1.0
BTC-USDT-SWAP,1,2025-06-08 13:00:00+00:00,2025-06-08 21:00:00+00:00,105658.8,106376.4,105300.0,106376.4,164.5426,2.0,1,TP,8,6.0
BTC-USDT-SWAP,1,2025-06-27 05:00:00+00:00,2025-06-27 07:00:00+00:00,107443.9,107073.8682,107106.0,108119.7,-157.1099,-1.0951,0,SL,2,1.0
BTC-USDT-SWAP,1,2025-06-28 08:00:00+00:00,2025-06-28 09:00:00+00:00,107429.0,107210.8271,107243.0,107801.0,-176.4559,-1.173,0,SL,1,1.0
BTC-USDT-SWAP,1,2025-06-28 23:00:00+00:00,2025-06-29 02:00:00+00:00,107304.1,107075.66766,107107.8,107696.7,-181.3503,-1.1637,0,SL,3,1.0
BTC-USDT-SWAP,1,2025-06-29 07:00:00+00:00,2025-06-29 08:00:00+00:00,107319.9,107622.3,107168.7,107622.3,80.8027,2.0,1,TP,1,1.0
BTC-USDT-SWAP,1,2025-06-29 10:00:00+00:00,2025-06-29 16:00:00+00:00,107850.0,107310.29725,107342.5,108865.0,-138.1284,-1.0635,0,SL,6,28.0
BTC-USDT-SWAP,1,2025-07-04 22:00:00+00:00,2025-07-06 13:00:00+00:00,107872.0,108832.2,107391.9,108832.2,172.9176,2.0,1,TP,39,9.0
BTC-USDT-SWAP,1,2025-07-13 13:00:00+00:00,2025-07-14 02:00:00+00:00,118385.9,119709.5,117724.1,119709.5,178.4138,2.0,1,TP,13,51.0
BTC-USDT-SWAP,1,2025-07-19 04:00:00+00:00,2025-07-19 08:00:00+00:00,118393.5,117970.99808,118006.4,119167.7,-154.927,-1.0915,0,SL,4,1.0
BTC-USDT-SWAP,1,2025-07-20 09:00:00+00:00,2025-07-20 12:00:00+00:00,118209.5,117829.34059,117864.7,118899.1,-161.5841,-1.1026,0,SL,3,1.0
BTC-USDT-SWAP,1,2025-07-20 15:00:00+00:00,2025-07-20 17:00:00+00:00,118524.4,118100.95908,118136.4,119300.4,-154.8601,-1.0913,0,SL,2,11.0
BTC-USDT-SWAP,1,2025-07-27 03:00:00+00:00,2025-07-27 09:00:00+00:00,118337.9,117880.6252,117916.0,119181.7,-150.3628,-1.0838,0,SL,6,1.0
BTC-USDT-SWAP,1,2025-07-27 15:00:00+00:00,2025-07-27 16:00:00+00:00,118439.9,119146.9,118086.4,119146.9,159.6741,2.0,1,TP,1,8.0
BTC-USDT-SWAP,2,2025-08-09 10:00:00+00:00,2025-08-09 15:00:00+00:00,117465.0,116665.08997,116700.1,118994.8,-127.5197,-1.0458,0,SL,5,2.0
BTC-USDT-SWAP,2,2025-09-05 07:00:00+00:00,2025-09-05 08:00:00+00:00,111850.0,112840.8,111354.6,112840.8,172.7867,2.0,1,TP,1,44.0
BTC-USDT-SWAP,2,2025-09-07 21:00:00+00:00,2025-09-07 22:00:00+00:00,111267.0,110973.99781,111007.3,111786.4,-176.9923,-1.1282,0,SL,1,6.0
BTC-USDT-SWAP,2,2025-09-13 21:00:00+00:00,2025-09-14 04:00:00+00:00,115845.2,115491.74208,115526.4,116482.8,-165.2817,-1.1087,0,SL,7,3.0
BTC-USDT-SWAP,2,2025-09-14 10:00:00+00:00,2025-09-14 11:00:00+00:00,115998.4,115678.2861,115713.0,116569.2,-173.0322,-1.1216,0,SL,1,1.0
BTC-USDT-SWAP,2,2025-09-14 21:00:00+00:00,2025-09-14 23:00:00+00:00,115767.4,115253.4136,115288.0,116726.2,-143.3428,-1.0721,0,SL,2,20.0
BTC-USDT-SWAP,2,2025-10-04 21:00:00+00:00,2025-10-05 02:00:00+00:00,121846.3,122427.7,121555.6,122427.7,149.5822,2.0,1,TP,5,1.0
BTC-USDT-SWAP,2,2025-10-25 20:00:00+00:00,2025-10-26 03:00:00+00:00,111565.2,111210.6268,111244.0,112207.6,-162.3947,-1.1039,0,SL,7,1.0
BTC-USDT-SWAP,2,2025-10-26 07:00:00+00:00,2025-10-26 09:00:00+00:00,111571.4,112101.0,111306.6,112101.0,149.3189,2.0,1,TP,2,1.0
BTC-USDT-SWAP,2,2025-10-26 11:00:00+00:00,2025-10-26 13:00:00+00:00,112437.5,114026.3,111643.1,114026.3,182.8955,2.0,1,TP,2,21.0
BTC-USDT-SWAP,3,2025-11-27 18:00:00+00:00,2025-11-28 01:00:00+00:00,91429.9,90777.25865,90804.5,92680.7,-126.1924,-1.0436,0,SL,7,1.0
BTC-USDT-SWAP,3,2025-11-29 17:00:00+00:00,2025-11-29 18:00:00+00:00,90962.7,90561.8233,90589.0,91710.1,-143.6896,-1.0727,0,SL,1,5.0
BTC-USDT-SWAP,3,2025-11-30 10:00:00+00:00,2025-11-30 21:00:00+00:00,91353.0,90850.43669,90877.7,92303.6,-134.4727,-1.0574,0,SL,11,20.0
BTC-USDT-SWAP,3,2025-12-21 10:00:00+00:00,2025-12-21 13:00:00+00:00,88867.0,88080.76784,88107.2,90386.6,-120.9309,-1.0348,0,SL,3,14.0
BTC-USDT-SWAP,3,2026-01-01 19:00:00+00:00,2026-01-01 22:00:00+00:00,88153.7,88597.1,87932.0,88597.1,152.1649,2.0,1,TP,3,12.0
BTC-USDT-SWAP,3,2026-01-16 22:00:00+00:00,2026-01-18 23:00:00+00:00,95478.5,94606.6095,94635.0,97165.5,-120.2528,-1.0337,0,SL,49,6.0
BTC-USDT-SWAP,4,2026-02-21 16:00:00+00:00,2026-02-21 20:00:00+00:00,68575.4,68132.45413,68152.9,69420.4,-129.0927,-1.0484,0,SL,4,2.0
BTC-USDT-SWAP,4,2026-03-13 12:00:00+00:00,2026-03-13 13:00:00+00:00,72200.0,72678.4,71960.8,72678.4,163.6593,2.0,1,TP,1,13.0
BTC-USDT-SWAP,4,2026-03-14 05:00:00+00:00,2026-03-14 06:00:00+00:00,71003.5,70733.47359,70754.7,71501.1,-151.244,-1.0853,0,SL,1,3.0
BTC-USDT-SWAP,4,2026-03-14 13:00:00+00:00,2026-03-14 15:00:00+00:00,70728.5,70497.94427,70519.1,71147.3,-160.6721,-1.101,0,SL,2,1.0
BTC-USDT-SWAP,4,2026-03-15 01:00:00+00:00,2026-03-15 02:00:00+00:00,70944.9,71483.3,70675.7,71483.3,168.2552,2.0,1,TP,1,2.0
BTC-USDT-SWAP,4,2026-03-15 04:00:00+00:00,2026-03-15 21:00:00+00:00,71318.9,72045.3,70955.7,72045.3,176.3165,2.0,1,TP,17,26.0
BTC-USDT-SWAP,4,2026-04-11 17:00:00+00:00,2026-04-11 18:00:00+00:00,73000.4,73704.0,72648.6,73704.0,174.9794,2.0,1,TP,1,2.0
BTC-USDT-SWAP,4,2026-04-11 20:00:00+00:00,2026-04-11 23:00:00+00:00,73659.6,72980.89916,73002.8,74973.2,-120.0649,-1.0333,0,SL,3,13.0
BTC-USDT-SWAP,4,2026-04-12 19:00:00+00:00,2026-04-12 22:00:00+00:00,71094.9,70844.7402,70866.0,71552.7,-155.7813,-1.0929,0,SL,3,9.0
BTC-USDT-SWAP,4,2026-04-19 13:00:00+00:00,2026-04-19 17:00:00+00:00,75535.8,75163.4442,75186.0,76235.4,-138.7453,-1.0645,0,SL,4,30.0
BTC-USDT-SWAP,4,2026-04-24 13:00:00+00:00,2026-04-24 14:00:00+00:00,78233.2,77686.48706,77709.8,79280.0,-126.7821,-1.0445,0,SL,1,17.0
BTC-USDT-SWAP,4,2026-04-25 10:00:00+00:00,2026-04-25 15:00:00+00:00,77666.9,77415.86827,77439.1,78122.5,-161.2437,-1.102,0,SL,5,1.0
BTC-USDT-SWAP,4,2026-04-25 22:00:00+00:00,2026-04-26 05:00:00+00:00,77496.9,77964.7,77263.0,77964.7,160.121,2.0,1,TP,7,6.0
BTC-USDT-SWAP,4,2026-04-26 06:00:00+00:00,2026-04-27 00:00:00+00:00,77944.0,79158.2,77336.9,79158.2,184.4735,2.0,1,TP,18,49.0
BTC-USDT-SWAP,5,2026-05-01 10:00:00+00:00,2026-05-01 12:00:00+00:00,77235.9,77679.5,77014.1,77679.5,158.0932,2.0,1,TP,2,8.0
BTC-USDT-SWAP,5,2026-05-02 15:00:00+00:00,2026-05-02 21:00:00+00:00,78376.0,78779.4,78174.3,78779.4,153.2507,2.0,1,TP,6,1.0
BTC-USDT-SWAP,5,2026-05-02 23:00:00+00:00,2026-05-03 01:00:00+00:00,78800.0,78376.48,78400.0,79600.0,-135.3365,-1.0588,0,SL,2,7.0
BTC-USDT-SWAP,5,2026-05-03 08:00:00+00:00,2026-05-03 20:00:00+00:00,78317.6,78929.4,78011.7,78929.4,169.1572,2.0,1,TP,12,1.0
BTC-USDT-SWAP,5,2026-05-08 10:00:00+00:00,2026-05-08 11:00:00+00:00,79828.3,80242.5,79621.2,80242.5,153.6251,2.0,1,TP,1,4.0
BTC-USDT-SWAP,5,2026-05-08 12:00:00+00:00,2026-05-08 13:00:00+00:00,80193.2,79707.68052,79731.6,81116.4,-131.1481,-1.0518,0,SL,1,8.0
BTC-USDT-SWAP,5,2026-05-09 03:00:00+00:00,2026-05-09 06:00:00+00:00,80384.0,80155.946,80180.0,80792.0,-170.8,-1.1179,0,SL,3,1.0
BTC-USDT-SWAP,5,2026-05-09 17:00:00+00:00,2026-05-10 15:00:00+00:00,80580.0,81375.0,80182.5,81375.0,175.554,2.0,1,TP,22,3.0
BTC-USDT-SWAP,5,2026-05-10 17:00:00+00:00,2026-05-10 20:00:00+00:00,81332.3,80863.7336,80888.0,82220.9,-132.827,-1.0546,0,SL,3,23.0
BTC-USDT-SWAP,5,2026-06-13 14:00:00+00:00,2026-06-13 16:00:00+00:00,64069.6,63861.93567,63881.1,64446.6,-161.0544,-1.1017,0,SL,2,1.0
BTC-USDT-SWAP,5,2026-06-13 20:00:00+00:00,2026-06-14 14:00:00+00:00,64262.6,63922.91737,63942.1,64903.6,-135.9677,-1.0599,0,SL,18,1.0
BTC-USDT-SWAP,5,2026-07-03 07:00:00+00:00,2026-07-03 13:00:00+00:00,61679.3,62226.3,61405.8,62226.3,172.8178,2.0,1,TP,6,1.0
BTC-USDT-SWAP,5,2026-07-03 22:00:00+00:00,2026-07-05 22:00:00+00:00,62702.4,63803.4,62151.9,63803.4,186.2119,2.0,1,TP,48,20.0
BTC-USDT-SWAP,5,2026-07-10 10:00:00+00:00,2026-07-10 14:00:00+00:00,64359.7,63931.8147,63951.0,65177.1,-128.2225,-1.0469,0,SL,4,5.0
BTC-USDT-SWAP,5,2026-07-10 23:00:00+00:00,2026-07-11 23:00:00+00:00,64085.1,63791.55679,63810.7,64633.9,-141.9141,-1.0698,0,SL,24,5.0
BTC-USDT-SWAP,5,2026-07-12 03:00:00+00:00,2026-07-12 06:00:00+00:00,64050.0,63760.76603,63779.9,64590.2,-142.5599,-1.0708,0,SL,3,10.0
BTC-USDT-SWAP,5,2026-07-12 13:00:00+00:00,2026-07-12 22:00:00+00:00,63991.7,63777.36105,63796.5,64382.1,-158.8829,-1.098,0,SL,9,5.0
BTC-USDT-SWAP,5,2026-07-18 13:00:00+00:00,2026-07-18 18:00:00+00:00,64182.4,64579.6,63983.8,64579.6,161.0991,2.0,1,TP,5,6.0
BTC-USDT-SWAP,5,2026-07-18 19:00:00+00:00,2026-07-19 02:00:00+00:00,64476.6,64941.6,64244.1,64941.6,166.6018,2.0,1,TP,7,1.0
BTC-USDT-SWAP,5,2026-07-24 05:00:00+00:00,2026-07-24 07:00:00+00:00,65284.3,65779.3,65036.8,65779.3,168.227,2.0,1,TP,2,2.0
ETH-USDT-SWAP,1,2025-04-30 11:00:00+00:00,2025-04-30 12:00:00+00:00,1806.46,1793.411815,1793.95,1831.48,-125.8696,-1.043,0,SL,1,6.0
ETH-USDT-SWAP,1,2025-05-02 12:00:00+00:00,2025-05-02 16:00:00+00:00,1832.29,1857.91,1819.48,1857.91,182.7157,2.0,1,TP,4,23.0
ETH-USDT-SWAP,1,2025-05-03 14:00:00+00:00,2025-05-03 16:00:00+00:00,1833.98,1822.393118,1822.94,1856.06,-129.7789,-1.0495,0,SL,2,1.0
ETH-USDT-SWAP,1,2025-05-03 21:00:00+00:00,2025-05-04 09:00:00+00:00,1838.02,1823.062917,1823.61,1866.84,-122.837,-1.038,0,SL,12,24.0
ETH-USDT-SWAP,1,2025-05-04 22:00:00+00:00,2025-05-04 23:00:00+00:00,1834.52,1826.75181,1827.3,1848.96,-145.6114,-1.0759,0,SL,1,23.0
ETH-USDT-SWAP,1,2025-05-13 13:00:00+00:00,2025-05-13 17:00:00+00:00,2523.81,2617.35,2477.04,2617.35,193.4045,2.0,1,TP,4,14.0
ETH-USDT-SWAP,1,2025-05-13 18:00:00+00:00,2025-05-13 19:00:00+00:00,2609.14,2710.22,2558.6,2710.22,193.685,2.0,1,TP,1,24.0
ETH-USDT-SWAP,1,2025-05-18 07:00:00+00:00,2025-05-18 08:00:00+00:00,2496.2,2519.82,2484.39,2519.82,174.5164,2.0,1,TP,1,2.0
ETH-USDT-SWAP,1,2025-05-18 15:00:00+00:00,2025-05-18 17:00:00+00:00,2557.25,2502.329076,2503.08,2665.59,-108.3766,-1.0139,0,SL,2,18.0
ETH-USDT-SWAP,1,2025-05-24 04:00:00+00:00,2025-05-24 23:00:00+00:00,2549.1,2516.664774,2517.42,2612.46,-114.3621,-1.0238,0,SL,19,2.0
ETH-USDT-SWAP,1,2025-06-25 21:00:00+00:00,2025-06-25 22:00:00+00:00,2437.12,2416.104951,2416.83,2477.7,-121.4984,-1.0357,0,SL,1,11.0
ETH-USDT-SWAP,1,2025-06-28 17:00:00+00:00,2025-06-29 10:00:00+00:00,2434.01,2457.97,2422.03,2457.97,175.4993,2.0,1,TP,17,5.0
ETH-USDT-SWAP,1,2025-06-29 11:00:00+00:00,2025-06-29 14:00:00+00:00,2455.39,2436.818735,2437.55,2491.07,-124.6517,-1.041,0,SL,3,9.0
ETH-USDT-SWAP,1,2025-07-05 23:00:00+00:00,2025-07-06 10:00:00+00:00,2517.8,2503.798635,2504.55,2544.3,-134.0807,-1.0567,0,SL,11,3.0
ETH-USDT-SWAP,1,2025-07-13 13:00:00+00:00,2025-07-13 21:00:00+00:00,2984.95,2946.995636,2947.88,3059.09,-114.3725,-1.0239,0,SL,8,21.0
ETH-USDT-SWAP,1,2025-07-19 21:00:00+00:00,2025-07-20 01:00:00+00:00,3564.0,3608.56,3541.72,3608.56,180.6843,2.0,1,TP,4,6.0
ETH-USDT-SWAP,1,2025-07-26 04:00:00+00:00,2025-07-27 10:00:00+00:00,3737.78,3811.98,3700.68,3811.98,187.7901,2.0,1,TP,30,1.0
ETH-USDT-SWAP,2,2025-08-07 08:00:00+00:00,2025-08-07 10:00:00+00:00,3700.72,3734.16,3684.0,3734.16,173.3198,2.0,1,TP,2,9.0
ETH-USDT-SWAP,2,2025-08-16 09:00:00+00:00,2025-08-16 10:00:00+00:00,4440.77,4416.064783,4417.39,4487.53,-134.0656,-1.0567,0,SL,1,22.0
ETH-USDT-SWAP,2,2025-08-17 04:00:00+00:00,2025-08-17 10:00:00+00:00,4450.63,4557.89,4397.0,4557.89,189.9215,2.0,1,TP,6,9.0
ETH-USDT-SWAP,2,2025-08-24 00:00:00+00:00,2025-08-24 08:00:00+00:00,4777.47,4747.07545,4748.5,4835.41,-129.561,-1.0492,0,SL,8,1.0
ETH-USDT-SWAP,2,2025-08-24 14:00:00+00:00,2025-08-24 15:00:00+00:00,4767.6,4828.76,4737.02,4828.76,181.1713,2.0,1,TP,1,3.0
ETH-USDT-SWAP,2,2025-08-24 16:00:00+00:00,2025-08-24 17:00:00+00:00,4797.09,4874.75,4758.26,4874.75,185.0551,2.0,1,TP,1,10.0
ETH-USDT-SWAP,2,2025-08-28 09:00:00+00:00,2025-08-28 13:00:00+00:00,4602.68,4561.201229,4562.57,4682.9,-120.5332,-1.0341,0,SL,4,11.0
ETH-USDT-SWAP,2,2025-09-15 05:00:00+00:00,2025-09-15 06:00:00+00:00,4643.59,4619.11385,4620.5,4689.77,-136.0759,-1.06,0,SL,1,11.0
ETH-USDT-SWAP,2,2025-09-19 02:00:00+00:00,2025-09-19 03:00:00+00:00,4604.75,4583.574515,4584.95,4644.35,-141.7372,-1.0695,0,SL,1,9.0
ETH-USDT-SWAP,2,2025-10-04 22:00:00+00:00,2025-10-05 00:00:00+00:00,4483.07,4464.680194,4466.02,4517.17,-147.2039,-1.0786,0,SL,2,1.0
ETH-USDT-SWAP,2,2025-10-05 04:00:00+00:00,2025-10-05 20:00:00+00:00,4529.73,4476.6566,4478.0,4633.19,-115.6401,-1.026,0,SL,16,30.0
ETH-USDT-SWAP,2,2025-10-06 00:00:00+00:00,2025-10-06 01:00:00+00:00,4512.25,4497.680291,4499.03,4538.69,-161.3115,-1.1021,0,SL,1,33.0
ETH-USDT-SWAP,2,2025-10-25 20:00:00+00:00,2025-10-26 01:00:00+00:00,3955.68,3926.351741,3927.53,4011.98,-125.1714,-1.0419,0,SL,5,1.0
ETH-USDT-SWAP,2,2025-10-26 06:00:00+00:00,2025-10-26 08:00:00+00:00,3940.33,3966.99,3927.0,3966.99,164.4082,2.0,1,TP,2,1.0
ETH-USDT-SWAP,2,2025-10-26 09:00:00+00:00,2025-10-26 11:00:00+00:00,3957.89,3995.33,3939.17,3995.33,174.5089,2.0,1,TP,2,9.0
ETH-USDT-SWAP,3,2025-11-27 17:00:00+00:00,2025-11-28 13:00:00+00:00,3019.5,3081.46,2988.52,3081.46,188.1841,2.0,1,TP,20,23.0
ETH-USDT-SWAP,3,2025-11-30 02:00:00+00:00,2025-11-30 03:00:00+00:00,3003.24,2985.70402,2986.6,3036.52,-132.3637,-1.0538,0,SL,1,2.0
ETH-USDT-SWAP,3,2025-11-30 09:00:00+00:00,2025-11-30 12:00:00+00:00,3005.45,3027.63,2994.36,3027.63,167.3594,2.0,1,TP,3,2.0
ETH-USDT-SWAP,3,2025-11-30 14:00:00+00:00,2025-11-30 23:00:00+00:00,3047.45,2997.130591,2998.03,3146.29,-110.9785,-1.0182,0,SL,9,3.0
ETH-USDT-SWAP,3,2026-01-01 10:00:00+00:00,2026-01-01 14:00:00+00:00,2982.7,2975.826984,2976.72,2994.66,-189.6513,-1.1493,0,SL,4,6.0
ETH-USDT-SWAP,3,2026-01-17 10:00:00+00:00,2026-01-17 15:00:00+00:00,3297.23,3316.97,3287.36,3316.97,159.7921,2.0,1,TP,5,1.0
ETH-USDT-SWAP,3,2026-01-17 16:00:00+00:00,2026-01-17 22:00:00+00:00,3328.0,3298.760075,3299.75,3384.5,-121.0829,-1.035,0,SL,6,1.0
ETH-USDT-SWAP,3,2026-01-18 05:00:00+00:00,2026-01-18 08:00:00+00:00,3310.61,3300.849448,3301.84,3328.15,-167.8219,-1.1129,0,SL,3,1.0
ETH-USDT-SWAP,3,2026-01-18 11:00:00+00:00,2026-01-18 14:00:00+00:00,3323.67,3346.61,3312.2,3346.61,165.1075,2.0,1,TP,3,5.0
ETH-USDT-SWAP,4,2026-02-14 16:00:00+00:00,2026-02-15 01:00:00+00:00,2086.4,2067.609531,2068.23,2122.74,-120.5467,-1.0341,0,SL,9,5.0
ETH-USDT-SWAP,4,2026-03-14 22:00:00+00:00,2026-03-15 02:00:00+00:00,2085.89,2107.89,2074.89,2107.89,177.1248,2.0,1,TP,4,1.0
ETH-USDT-SWAP,4,2026-03-15 04:00:00+00:00,2026-03-15 05:00:00+00:00,2095.41,2111.91,2087.16,2111.91,169.4013,2.0,1,TP,1,3.0
ETH-USDT-SWAP,4,2026-03-15 11:00:00+00:00,2026-03-15 12:00:00+00:00,2118.05,2110.956523,2111.59,2130.97,-158.891,-1.0981,0,SL,1,1.0
ETH-USDT-SWAP,4,2026-04-11 11:00:00+00:00,2026-04-11 15:00:00+00:00,2239.32,2255.36,2231.3,2255.36,166.374,2.0,1,TP,4,1.0
ETH-USDT-SWAP,4,2026-04-11 17:00:00+00:00,2026-04-11 18:00:00+00:00,2257.56,2292.56,2240.06,2292.56,184.3996,2.0,1,TP,1,7.0
ETH-USDT-SWAP,4,2026-04-12 19:00:00+00:00,2026-04-12 22:00:00+00:00,2199.24,2185.624116,2186.28,2225.16,-130.422,-1.0506,0,SL,3,16.0
ETH-USDT-SWAP,4,2026-04-19 13:00:00+00:00,2026-04-19 15:00:00+00:00,2329.37,2315.3052,2316.0,2356.11,-131.2371,-1.052,0,SL,2,14.0
ETH-USDT-SWAP,5,2026-05-02 23:00:00+00:00,2026-05-03 00:00:00+00:00,2326.0,2309.237021,2309.93,2358.14,-125.9309,-1.0431,0,SL,1,13.0
ETH-USDT-SWAP,5,2026-05-03 09:00:00+00:00,2026-05-03 10:00:00+00:00,2307.2,2315.06,2303.27,2315.06,110.2341,2.0,1,TP,1,12.0
ETH-USDT-SWAP,5,2026-05-10 15:00:00+00:00,2026-05-10 16:00:00+00:00,2330.0,2344.78,2322.61,2344.78,162.0451,2.0,1,TP,1,11.0
ETH-USDT-SWAP,5,2026-05-10 17:00:00+00:00,2026-05-10 20:00:00+00:00,2348.7,2329.291003,2329.99,2386.12,-122.4735,-1.0374,0,SL,3,31.0
ETH-USDT-SWAP,5,2026-06-20 23:00:00+00:00,2026-06-21 05:00:00+00:00,1742.43,1728.841192,1729.36,1768.57,-123.8744,-1.0397,0,SL,6,3.0
ETH-USDT-SWAP,5,2026-06-21 20:00:00+00:00,2026-06-21 21:00:00+00:00,1733.3,1720.143802,1720.66,1758.58,-124.5606,-1.0408,0,SL,1,20.0
ETH-USDT-SWAP,5,2026-07-04 05:00:00+00:00,2026-07-04 15:00:00+00:00,1760.93,1789.79,1746.5,1789.79,185.2361,2.0,1,TP,10,4.0
ETH-USDT-SWAP,5,2026-07-04 17:00:00+00:00,2026-07-04 23:00:00+00:00,1786.51,1770.818595,1771.35,1816.83,-121.0898,-1.0351,0,SL,6,15.0
ETH-USDT-SWAP,5,2026-07-05 16:00:00+00:00,2026-07-05 22:00:00+00:00,1773.99,1793.93,1764.02,1793.93,178.5281,2.0,1,TP,6,17.0
ETH-USDT-SWAP,5,2026-07-10 03:00:00+00:00,2026-07-13 00:00:00+00:00,1772.16,1842.08,1737.2,1842.08,193.7971,2.0,1,TP,69,14.0
ETH-USDT-SWAP,5,2026-07-18 19:00:00+00:00,2026-07-20 00:00:00+00:00,1856.53,1884.45,1842.57,1884.45,183.9213,2.0,1,TP,29,43.0
SOL-USDT-SWAP,1,2025-05-02 12:00:00+00:00,2025-05-02 19:00:00+00:00,150.62,149.325189,149.37,153.12,-121.5671,-1.0358,0,SL,7,9.0
SOL-USDT-SWAP,1,2025-05-18 15:00:00+00:00,2025-05-18 18:00:00+00:00,174.31,171.288598,171.34,180.25,-110.4432,-1.0173,0,SL,3,17.0
SOL-USDT-SWAP,1,2025-05-25 05:00:00+00:00,2025-05-25 07:00:00+00:00,174.19,172.128346,172.18,178.21,-115.4776,-1.0257,0,SL,2,5.0
SOL-USDT-SWAP,1,2025-06-25 21:00:00+00:00,2025-06-25 22:00:00+00:00,144.99,143.107055,143.15,148.67,-114.0624,-1.0233,0,SL,1,13.0
SOL-USDT-SWAP,1,2025-06-28 07:00:00+00:00,2025-06-28 15:00:00+00:00,144.74,147.92,143.15,147.92,188.9562,2.0,1,TP,8,1.0
SOL-USDT-SWAP,1,2025-06-28 17:00:00+00:00,2025-06-29 22:00:00+00:00,149.06,153.9,146.64,153.9,192.4886,2.0,1,TP,29,13.0
SOL-USDT-SWAP,1,2025-07-20 09:00:00+00:00,2025-07-21 05:00:00+00:00,180.68,187.72,177.16,187.72,193.7205,2.0,1,TP,20,60.0
SOL-USDT-SWAP,1,2025-07-26 10:00:00+00:00,2025-07-26 14:00:00+00:00,188.91,186.334083,186.39,193.95,-113.3722,-1.0222,0,SL,4,1.0
SOL-USDT-SWAP,1,2025-07-27 02:00:00+00:00,2025-07-27 22:00:00+00:00,186.22,189.76,184.45,189.76,187.2549,2.0,1,TP,20,24.0
SOL-USDT-SWAP,2,2025-08-17 04:00:00+00:00,2025-08-18 01:00:00+00:00,191.5,187.833633,187.89,198.72,-109.4275,-1.0156,0,SL,21,25.0
SOL-USDT-SWAP,2,2025-08-31 01:00:00+00:00,2025-08-31 23:00:00+00:00,205.31,201.209619,201.27,213.39,-109.0266,-1.0149,0,SL,22,3.0
SOL-USDT-SWAP,2,2025-09-04 01:00:00+00:00,2025-09-04 02:00:00+00:00,211.13,209.457144,209.52,214.35,-123.4823,-1.039,0,SL,1,9.0
SOL-USDT-SWAP,2,2025-09-17 07:00:00+00:00,2025-09-17 16:00:00+00:00,235.91,232.990082,233.06,241.61,-114.7781,-1.0245,0,SL,9,3.0
SOL-USDT-SWAP,2,2025-09-19 23:00:00+00:00,2025-09-21 16:00:00+00:00,238.37,236.109146,236.18,242.75,-119.4701,-1.0324,0,SL,41,6.0
SOL-USDT-SWAP,2,2025-10-04 19:00:00+00:00,2025-10-04 20:00:00+00:00,225.95,227.13,225.36,227.13,153.9241,2.0,1,TP,1,1.0
SOL-USDT-SWAP,2,2025-10-04 22:00:00+00:00,2025-10-04 23:00:00+00:00,227.16,227.86,226.81,227.86,93.984,2.0,1,TP,1,1.0
SOL-USDT-SWAP,2,2025-10-05 04:00:00+00:00,2025-10-05 19:00:00+00:00,230.77,227.111846,227.18,237.95,-111.4495,-1.019,0,SL,15,43.0
SOL-USDT-SWAP,2,2025-10-24 21:00:00+00:00,2025-10-25 10:00:00+00:00,193.5,191.632493,191.69,197.12,-119.1212,-1.0318,0,SL,13,5.0
SOL-USDT-SWAP,2,2025-10-25 19:00:00+00:00,2025-10-26 13:00:00+00:00,194.14,198.94,191.74,198.94,190.173,2.0,1,TP,18,21.0
SOL-USDT-SWAP,3,2025-11-27 08:00:00+00:00,2025-11-27 09:00:00+00:00,143.65,142.627199,142.67,145.61,-126.2621,-1.0437,0,SL,1,5.0
SOL-USDT-SWAP,3,2025-11-28 06:00:00+00:00,2025-11-28 07:00:00+00:00,140.25,139.388171,139.43,141.89,-130.6635,-1.051,0,SL,1,2.0
SOL-USDT-SWAP,3,2026-01-11 02:00:00+00:00,2026-01-11 14:00:00+00:00,136.23,137.31,135.69,137.31,169.6067,2.0,1,TP,12,2.0
SOL-USDT-SWAP,4,2026-02-14 16:00:00+00:00,2026-02-15 04:00:00+00:00,87.38,89.5,86.32,89.5,189.9879,2.0,1,TP,12,27.0
SOL-USDT-SWAP,4,2026-02-21 10:00:00+00:00,2026-02-21 14:00:00+00:00,84.86,86.28,84.15,86.28,185.5375,2.0,1,TP,4,2.0
SOL-USDT-SWAP,4,2026-02-21 15:00:00+00:00,2026-02-21 23:00:00+00:00,86.28,85.114458,85.14,88.56,-113.5018,-1.0224,0,SL,8,1.0
SOL-USDT-SWAP,4,2026-03-14 14:00:00+00:00,2026-03-14 15:00:00+00:00,87.06,86.703981,86.73,87.72,-147.3625,-1.0788,0,SL,1,1.0
SOL-USDT-SWAP,4,2026-03-15 01:00:00+00:00,2026-03-15 05:00:00+00:00,87.71,88.65,87.24,88.65,177.486,2.0,1,TP,4,9.0
SOL-USDT-SWAP,4,2026-04-11 09:00:00+00:00,2026-04-11 10:00:00+00:00,84.11,83.994794,84.02,84.29,-143.4282,-1.2801,0,SL,1,2.0
SOL-USDT-SWAP,4,2026-04-11 17:00:00+00:00,2026-04-12 01:00:00+00:00,84.93,84.154746,84.18,86.43,-120.2612,-1.0337,0,SL,8,30.0
SOL-USDT-SWAP,4,2026-04-25 10:00:00+00:00,2026-04-25 11:00:00+00:00,86.53,86.244119,86.27,87.05,-159.7794,-1.0995,0,SL,1,1.0
SOL-USDT-SWAP,4,2026-04-26 16:00:00+00:00,2026-04-27 01:00:00+00:00,86.51,87.57,85.98,87.57,180.2928,2.0,1,TP,9,48.0
SOL-USDT-SWAP,5,2026-05-10 05:00:00+00:00,2026-05-10 08:00:00+00:00,93.28,93.92,92.96,93.92,164.9,2.0,1,TP,3,1.0
SOL-USDT-SWAP,5,2026-05-10 10:00:00+00:00,2026-05-10 11:00:00+00:00,94.26,93.321995,93.35,96.08,-118.523,-1.0308,0,SL,1,7.0
SOL-USDT-SWAP,5,2026-05-10 15:00:00+00:00,2026-05-10 17:00:00+00:00,93.83,95.13,93.18,95.13,182.5575,2.0,1,TP,2,23.0
SOL-USDT-SWAP,5,2026-06-13 23:00:00+00:00,2026-06-14 05:00:00+00:00,68.85,68.159546,68.18,70.19,-118.3752,-1.0305,0,SL,6,3.0
SOL-USDT-SWAP,5,2026-06-20 22:00:00+00:00,2026-06-21 03:00:00+00:00,72.35,73.73,71.66,73.73,187.2974,2.0,1,TP,5,7.0
SOL-USDT-SWAP,5,2026-06-21 11:00:00+00:00,2026-06-21 12:00:00+00:00,73.85,73.008091,73.03,75.49,-116.0894,-1.0267,0,SL,1,10.0
SOL-USDT-SWAP,5,2026-06-28 09:00:00+00:00,2026-06-28 19:00:00+00:00,71.87,70.388877,70.41,74.79,-108.7398,-1.0145,0,SL,10,21.0
SOL-USDT-SWAP,5,2026-07-03 19:00:00+00:00,2026-07-04 04:00:00+00:00,82.09,83.41,81.43,83.41,184.9545,2.0,1,TP,9,2.0
SOL-USDT-SWAP,5,2026-07-04 05:00:00+00:00,2026-07-04 09:00:00+00:00,83.45,81.9754,82.0,86.35,-110.2383,-1.017,0,SL,4,6.0
SOL-USDT-SWAP,5,2026-07-04 17:00:00+00:00,2026-07-04 19:00:00+00:00,82.19,81.655496,81.68,83.21,-128.8854,-1.048,0,SL,2,3.0
SOL-USDT-SWAP,5,2026-07-05 14:00:00+00:00,2026-07-06 05:00:00+00:00,81.19,80.285907,80.31,82.95,-116.4854,-1.0274,0,SL,15,30.0
LINK-USDT-SWAP,1,2025-05-01 10:00:00+00:00,2025-05-02 00:00:00+00:00,14.856,14.689592,14.694,15.18,-116.385,-1.0272,0,SL,14,7.0
LINK-USDT-SWAP,1,2025-05-14 20:00:00+00:00,2025-05-14 23:00:00+00:00,17.014,16.837947,16.843,17.356,-117.7877,-1.0295,0,SL,3,1.0
LINK-USDT-SWAP,1,2025-05-23 04:00:00+00:00,2025-05-23 06:00:00+00:00,17.122,16.734978,16.74,17.886,-107.9472,-1.0131,0,SL,2,26.0
LINK-USDT-SWAP,1,2025-06-25 21:00:00+00:00,2025-06-25 22:00:00+00:00,13.241,13.119063,13.123,13.477,-120.0761,-1.0334,0,SL,1,5.0
LINK-USDT-SWAP,1,2025-06-26 03:00:00+00:00,2025-06-26 12:00:00+00:00,13.414,13.054083,13.058,14.126,-106.6617,-1.011,0,SL,9,2.0
LINK-USDT-SWAP,1,2025-06-28 03:00:00+00:00,2025-06-28 17:00:00+00:00,13.105,13.327,12.994,13.327,185.7124,2.0,1,TP,14,4.0
LINK-USDT-SWAP,1,2025-06-28 23:00:00+00:00,2025-06-29 02:00:00+00:00,13.419,13.307007,13.311,13.635,-122.2428,-1.037,0,SL,3,1.0
LINK-USDT-SWAP,1,2025-06-29 07:00:00+00:00,2025-06-29 15:00:00+00:00,13.369,13.252023,13.256,13.595,-121.1736,-1.0352,0,SL,8,8.0
LINK-USDT-SWAP,1,2025-06-29 19:00:00+00:00,2025-06-29 21:00:00+00:00,13.357,13.283014,13.287,13.497,-134.2232,-1.0569,0,SL,2,1.0
LINK-USDT-SWAP,1,2025-07-26 10:00:00+00:00,2025-07-26 12:00:00+00:00,18.356,18.219533,18.225,18.618,-125.0995,-1.0417,0,SL,2,1.0
LINK-USDT-SWAP,1,2025-07-26 20:00:00+00:00,2025-07-27 22:00:00+00:00,18.551,19.221,18.216,19.221,193.2349,2.0,1,TP,26,26.0
LINK-USDT-SWAP,2,2025-08-16 09:00:00+00:00,2025-08-16 10:00:00+00:00,21.8,21.646504,21.653,22.094,-126.5712,-1.0442,0,SL,1,10.0
LINK-USDT-SWAP,2,2025-08-16 15:00:00+00:00,2025-08-16 19:00:00+00:00,21.933,22.591,21.604,22.591,191.8801,2.0,1,TP,4,6.0
LINK-USDT-SWAP,2,2025-08-16 20:00:00+00:00,2025-08-17 04:00:00+00:00,22.682,24.182,21.932,24.182,196.2509,2.0,1,TP,8,18.0
LINK-USDT-SWAP,2,2025-08-24 00:00:00+00:00,2025-08-24 01:00:00+00:00,26.278,26.142155,26.15,26.534,-136.8298,-1.0613,0,SL,1,1.0
LINK-USDT-SWAP,2,2025-08-24 14:00:00+00:00,2025-08-24 17:00:00+00:00,25.644,26.022,25.455,26.022,183.5981,2.0,1,TP,3,8.0
LINK-USDT-SWAP,2,2025-10-05 04:00:00+00:00,2025-10-05 08:00:00+00:00,22.343,22.877,22.076,22.877,189.8382,2.0,1,TP,4,25.0
LINK-USDT-SWAP,2,2025-10-25 13:00:00+00:00,2025-10-26 01:00:00+00:00,18.019,17.876635,17.882,18.293,-123.5522,-1.0392,0,SL,12,1.0
LINK-USDT-SWAP,2,2025-10-26 11:00:00+00:00,2025-10-26 12:00:00+00:00,18.048,18.332,17.906,18.332,184.6282,2.0,1,TP,1,22.0
LINK-USDT-SWAP,3,2025-11-10 11:00:00+00:00,2025-11-10 14:00:00+00:00,16.493,16.238127,16.243,16.993,-111.7538,-1.0195,0,SL,3,1.0
LINK-USDT-SWAP,3,2025-11-27 17:00:00+00:00,2025-11-27 22:00:00+00:00,13.474,13.331999,13.336,13.75,-117.453,-1.029,0,SL,5,1.0
LINK-USDT-SWAP,3,2025-12-06 11:00:00+00:00,2025-12-06 15:00:00+00:00,13.645,13.923,13.506,13.923,188.1001,2.0,1,TP,4,11.0
LINK-USDT-SWAP,3,2025-12-06 16:00:00+00:00,2025-12-07 14:00:00+00:00,13.809,13.62991,13.634,14.159,-114.0821,-1.0234,0,SL,22,11.0
LINK-USDT-SWAP,3,2025-12-12 14:00:00+00:00,2025-12-12 15:00:00+00:00,14.242,14.065779,14.07,14.586,-114.7829,-1.0245,0,SL,1,14.0
LINK-USDT-SWAP,3,2026-01-17 06:00:00+00:00,2026-01-17 14:00:00+00:00,13.705,13.813,13.651,13.813,169.4244,2.0,1,TP,8,2.0
LINK-USDT-SWAP,3,2026-01-17 15:00:00+00:00,2026-01-17 22:00:00+00:00,13.83,13.683894,13.688,14.114,-117.4093,-1.0289,0,SL,7,1.0
LINK-USDT-SWAP,4,2026-02-14 09:00:00+00:00,2026-02-15 13:00:00+00:00,8.958,8.808357,8.811,9.252,-110.8479,-1.018,0,SL,28,76.0
LINK-USDT-SWAP,4,2026-02-21 10:00:00+00:00,2026-02-21 14:00:00+00:00,8.918,9.036,8.859,9.036,181.7417,2.0,1,TP,4,2.0
LINK-USDT-SWAP,4,2026-02-21 19:00:00+00:00,2026-02-21 20:00:00+00:00,8.967,8.873337,8.876,9.149,-117.6152,-1.0293,0,SL,1,3.0
LINK-USDT-SWAP,4,2026-03-06 03:00:00+00:00,2026-03-06 04:00:00+00:00,9.253,9.158252,9.161,9.437,-117.9819,-1.0299,0,SL,1,2.0
LINK-USDT-SWAP,4,2026-03-14 23:00:00+00:00,2026-03-15 00:00:00+00:00,9.072,9.176,9.02,9.176,178.9446,2.0,1,TP,1,4.0
LINK-USDT-SWAP,4,2026-03-15 01:00:00+00:00,2026-03-15 09:00:00+00:00,9.14,9.276,9.072,9.276,183.7506,2.0,1,TP,8,3.0
LINK-USDT-SWAP,4,2026-03-15 10:00:00+00:00,2026-03-15 13:00:00+00:00,9.263,9.209236,9.212,9.365,-132.5697,-1.0542,0,SL,3,1.0
LINK-USDT-SWAP,4,2026-04-11 17:00:00+00:00,2026-04-12 01:00:00+00:00,9.088,8.974307,8.977,9.31,-114.6158,-1.0243,0,SL,8,26.0
LINK-USDT-SWAP,4,2026-04-21 06:00:00+00:00,2026-04-21 17:00:00+00:00,9.346,9.26422,9.267,9.504,-121.1726,-1.0352,0,SL,11,54.0
LINK-USDT-SWAP,4,2026-04-24 12:00:00+00:00,2026-04-27 01:00:00+00:00,9.35,9.56,9.245,9.56,189.1943,2.0,1,TP,61,49.0
LINK-USDT-SWAP,5,2026-05-09 19:00:00+00:00,2026-05-10 01:00:00+00:00,10.425,10.311906,10.315,10.645,-116.9374,-1.0281,0,SL,6,1.0
LINK-USDT-SWAP,5,2026-05-10 08:00:00+00:00,2026-05-10 13:00:00+00:00,10.414,10.582,10.33,10.582,185.0029,2.0,1,TP,5,8.0
LINK-USDT-SWAP,5,2026-05-10 15:00:00+00:00,2026-05-10 16:00:00+00:00,10.529,10.611,10.488,10.611,169.0634,2.0,1,TP,1,18.0
LINK-USDT-SWAP,5,2026-07-03 19:00:00+00:00,2026-07-03 20:00:00+00:00,7.905,8.017,7.849,8.017,182.9407,2.0,1,TP,1,14.0
LINK-USDT-SWAP,5,2026-07-04 14:00:00+00:00,2026-07-04 15:00:00+00:00,7.936,7.996,7.906,7.996,168.136,2.0,1,TP,1,5.0
LINK-USDT-SWAP,5,2026-07-04 16:00:00+00:00,2026-07-05 01:00:00+00:00,8.084,7.933619,7.936,8.38,-109.7109,-1.0161,0,SL,9,16.0
LINK-USDT-SWAP,5,2026-07-05 09:00:00+00:00,2026-07-05 10:00:00+00:00,7.924,7.867639,7.87,8.032,-126.2907,-1.0437,0,SL,1,11.0
LINK-USDT-SWAP,5,2026-07-05 14:00:00+00:00,2026-07-05 21:00:00+00:00,7.935,8.071,7.867,8.071,185.8771,2.0,1,TP,7,1.0
LINK-USDT-SWAP,5,2026-07-10 10:00:00+00:00,2026-07-10 14:00:00+00:00,7.965,7.889632,7.892,8.111,-119.5178,-1.0324,0,SL,4,8.0
LINK-USDT-SWAP,5,2026-07-10 23:00:00+00:00,2026-07-11 14:00:00+00:00,7.957,8.061,7.905,8.061,181.5177,2.0,1,TP,15,3.0
LINK-USDT-SWAP,5,2026-07-11 19:00:00+00:00,2026-07-11 21:00:00+00:00,8.098,8.051584,8.054,8.186,-133.0049,-1.0549,0,SL,2,6.0
LINK-USDT-SWAP,5,2026-07-18 13:00:00+00:00,2026-07-18 14:00:00+00:00,8.307,8.248525,8.251,8.419,-126.5784,-1.0442,0,SL,1,6.0
LINK-USDT-SWAP,5,2026-07-18 20:00:00+00:00,2026-07-19 18:00:00+00:00,8.33,8.285514,8.288,8.414,-135.5764,-1.0592,0,SL,22,18.0
LINK-USDT-SWAP,5,2026-07-19 21:00:00+00:00,2026-07-20 01:00:00+00:00,8.363,8.493,8.298,8.493,184.4406,2.0,1,TP,4,43.0
AVAX-USDT-SWAP,1,2025-06-29 07:00:00+00:00,2025-06-29 22:00:00+00:00,17.944,18.232,17.8,18.232,184.9267,2.0,1,TP,15,18.0
AVAX-USDT-SWAP,1,2025-07-21 07:00:00+00:00,2025-07-21 19:00:00+00:00,25.695,25.274415,25.282,26.521,-111.0777,-1.0184,0,SL,12,58.0
AVAX-USDT-SWAP,1,2025-07-26 16:00:00+00:00,2025-07-27 22:00:00+00:00,24.823,25.841,24.314,25.841,194.0278,2.0,1,TP,30,14.0
AVAX-USDT-SWAP,2,2025-08-16 21:00:00+00:00,2025-08-17 14:00:00+00:00,24.299,24.945,23.976,24.945,190.8525,2.0,1,TP,17,4.0
AVAX-USDT-SWAP,2,2025-08-17 16:00:00+00:00,2025-08-18 01:00:00+00:00,25.412,24.79156,24.799,26.638,-107.3412,-1.0121,0,SL,9,41.0
AVAX-USDT-SWAP,2,2025-09-07 15:00:00+00:00,2025-09-07 17:00:00+00:00,24.605,24.419672,24.427,24.961,-124.759,-1.0412,0,SL,2,3.0
AVAX-USDT-SWAP,2,2025-09-13 01:00:00+00:00,2025-09-13 02:00:00+00:00,28.94,29.556,28.632,29.556,188.6047,2.0,1,TP,1,15.0
AVAX-USDT-SWAP,2,2025-09-17 08:00:00+00:00,2025-09-17 13:00:00+00:00,30.104,29.668097,29.677,30.958,-112.569,-1.0209,0,SL,5,1.0
AVAX-USDT-SWAP,3,2025-11-27 18:00:00+00:00,2025-11-28 11:00:00+00:00,15.101,14.92952,14.934,15.435,-116.1549,-1.0268,0,SL,17,2.0
AVAX-USDT-SWAP,3,2025-12-27 05:00:00+00:00,2025-12-27 14:00:00+00:00,12.389,12.513,12.327,12.513,175.9013,2.0,1,TP,9,1.0
AVAX-USDT-SWAP,3,2025-12-27 16:00:00+00:00,2025-12-27 23:00:00+00:00,12.556,12.716,12.476,12.716,181.046,2.0,1,TP,7,14.0
AVAX-USDT-SWAP,3,2025-12-31 13:00:00+00:00,2025-12-31 14:00:00+00:00,12.547,12.669,12.486,12.669,175.1974,2.0,1,TP,1,12.0
AVAX-USDT-SWAP,3,2026-01-10 18:00:00+00:00,2026-01-10 21:00:00+00:00,13.856,13.793861,13.798,13.972,-142.8771,-1.0714,0,SL,3,1.0
AVAX-USDT-SWAP,4,2026-02-14 09:00:00+00:00,2026-02-14 16:00:00+00:00,9.259,9.441,9.168,9.441,187.6703,2.0,1,TP,7,10.0
AVAX-USDT-SWAP,4,2026-02-14 18:00:00+00:00,2026-02-15 07:00:00+00:00,9.466,9.724,9.337,9.724,191.0744,2.0,1,TP,13,53.0
AVAX-USDT-SWAP,4,2026-02-21 10:00:00+00:00,2026-02-21 14:00:00+00:00,9.225,9.401,9.137,9.401,187.3005,2.0,1,TP,4,3.0
AVAX-USDT-SWAP,4,2026-02-21 15:00:00+00:00,2026-02-21 16:00:00+00:00,9.35,9.274217,9.277,9.496,-122.9325,-1.0381,0,SL,1,25.0
AVAX-USDT-SWAP,4,2026-03-12 23:00:00+00:00,2026-03-13 00:00:00+00:00,9.643,9.719,9.605,9.719,169.4284,2.0,1,TP,1,6.0
AVAX-USDT-SWAP,4,2026-03-14 23:00:00+00:00,2026-03-15 00:00:00+00:00,9.621,9.729,9.567,9.729,178.5,2.0,1,TP,1,3.0
AVAX-USDT-SWAP,4,2026-03-15 01:00:00+00:00,2026-03-15 09:00:00+00:00,9.685,9.813,9.621,9.813,181.7206,2.0,1,TP,8,11.0
AVAX-USDT-SWAP,4,2026-04-11 17:00:00+00:00,2026-04-12 01:00:00+00:00,9.44,9.259221,9.262,9.796,-109.4251,-1.0156,0,SL,8,27.0
AVAX-USDT-SWAP,4,2026-04-24 07:00:00+00:00,2026-04-25 17:00:00+00:00,9.369,9.292212,9.295,9.517,-122.6672,-1.0377,0,SL,34,7.0
AVAX-USDT-SWAP,5,2026-05-08 09:00:00+00:00,2026-05-08 15:00:00+00:00,9.546,9.764,9.437,9.764,189.3706,2.0,1,TP,6,39.0
AVAX-USDT-SWAP,5,2026-07-02 10:00:00+00:00,2026-07-03 20:00:00+00:00,6.759,6.955,6.661,6.955,191.6037,2.0,1,TP,34,14.0
AVAX-USDT-SWAP,5,2026-07-04 13:00:00+00:00,2026-07-04 15:00:00+00:00,6.88,6.984,6.828,6.984,184.0031,2.0,1,TP,2,4.0
AVAX-USDT-SWAP,5,2026-07-04 16:00:00+00:00,2026-07-05 01:00:00+00:00,6.986,6.876936,6.879,7.2,-111.631,-1.0193,0,SL,9,46.0
AVAX-USDT-SWAP,5,2026-07-10 03:00:00+00:00,2026-07-10 14:00:00+00:00,6.785,6.665,6.667,7.021,-110.229,-1.017,0,SL,11,3.0
AVAX-USDT-SWAP,5,2026-07-27 00:00:00+00:00,2026-07-27 05:00:00+00:00,6.744,6.668999,6.671,6.89,-116.5074,-1.0274,0,SL,5,9.0
XRP-USDT-SWAP,1,2025-06-25 21:00:00+00:00,2025-06-25 22:00:00+00:00,2.195,2.186544,2.1872,2.2106,-150.5288,-1.0841,0,SL,1,11.0
XRP-USDT-SWAP,1,2025-06-28 16:00:00+00:00,2025-06-28 17:00:00+00:00,2.2029,2.189543,2.1902,2.2283,-131.0991,-1.0517,0,SL,1,7.0
XRP-USDT-SWAP,1,2025-06-29 10:00:00+00:00,2025-06-29 14:00:00+00:00,2.1884,2.182045,2.1827,2.1998,-168.9805,-1.1149,0,SL,4,6.0
XRP-USDT-SWAP,1,2025-07-06 06:00:00+00:00,2025-07-06 08:00:00+00:00,2.2221,2.2357,2.2153,2.2357,160.6665,2.0,1,TP,2,3.0
XRP-USDT-SWAP,1,2025-07-16 06:00:00+00:00,2025-07-16 12:00:00+00:00,2.9192,2.9714,2.8931,2.9714,186.4584,2.0,1,TP,6,1.0
XRP-USDT-SWAP,1,2025-07-16 14:00:00+00:00,2025-07-16 17:00:00+00:00,2.9808,3.047,2.9477,3.047,189.0735,2.0,1,TP,3,7.0
XRP-USDT-SWAP,2,2025-08-04 23:00:00+00:00,2025-08-05 02:00:00+00:00,3.0854,3.045786,3.0467,3.1628,-114.2293,-1.0236,0,SL,3,18.0
XRP-USDT-SWAP,2,2025-08-23 21:00:00+00:00,2025-08-23 23:00:00+00:00,3.0311,3.0539,3.0197,3.0539,167.9737,2.0,1,TP,2,1.0
XRP-USDT-SWAP,2,2025-08-24 00:00:00+00:00,2025-08-24 01:00:00+00:00,3.0478,3.0834,3.03,3.0834,179.333,2.0,1,TP,1,1.0
XRP-USDT-SWAP,2,2025-09-17 14:00:00+00:00,2025-09-17 17:00:00+00:00,3.0219,3.0521,3.0068,3.0521,175.8649,2.0,1,TP,3,3.0
XRP-USDT-SWAP,2,2025-10-05 04:00:00+00:00,2025-10-05 19:00:00+00:00,3.0068,2.958712,2.9596,3.1012,-111.3455,-1.0188,0,SL,15,47.0
XRP-USDT-SWAP,3,2025-11-26 07:00:00+00:00,2025-11-26 09:00:00+00:00,2.1984,2.174148,2.1748,2.2456,-116.6458,-1.0276,0,SL,2,2.0
XRP-USDT-SWAP,3,2025-11-27 17:00:00+00:00,2025-11-28 01:00:00+00:00,2.216,2.178346,2.179,2.29,-110.6595,-1.0177,0,SL,8,1.0
XRP-USDT-SWAP,3,2025-11-30 14:00:00+00:00,2025-11-30 21:00:00+00:00,2.204,2.182645,2.1833,2.2454,-119.0433,-1.0316,0,SL,7,3.0
XRP-USDT-SWAP,4,2026-02-18 09:00:00+00:00,2026-02-18 10:00:00+00:00,1.4885,1.475557,1.476,1.5135,-121.3123,-1.0354,0,SL,1,4.0
XRP-USDT-SWAP,4,2026-03-14 23:00:00+00:00,2026-03-15 00:00:00+00:00,1.3958,1.4066,1.3904,1.4066,168.8622,2.0,1,TP,1,4.0
XRP-USDT-SWAP,4,2026-03-15 01:00:00+00:00,2026-03-15 12:00:00+00:00,1.4045,1.4219,1.3958,1.4219,180.5076,2.0,1,TP,11,4.0
XRP-USDT-SWAP,4,2026-04-11 18:00:00+00:00,2026-04-11 19:00:00+00:00,1.3524,1.3678,1.3447,1.3678,178.8036,2.0,1,TP,1,17.0
XRP-USDT-SWAP,4,2026-04-21 06:00:00+00:00,2026-04-21 08:00:00+00:00,1.43,1.446,1.422,1.446,178.43,2.0,1,TP,2,4.0
XRP-USDT-SWAP,5,2026-05-09 18:00:00+00:00,2026-05-10 15:00:00+00:00,1.42,1.442,1.409,1.442,184.3891,2.0,1,TP,21,23.0
XRP-USDT-SWAP,5,2026-07-10 10:00:00+00:00,2026-07-10 14:00:00+00:00,1.1152,1.103869,1.1042,1.1372,-118.1269,-1.0301,0,SL,4,9.0
XRP-USDT-SWAP,5,2026-07-19 16:00:00+00:00,2026-07-19 17:00:00+00:00,1.0973,1.091572,1.0919,1.1081,-136.453,-1.0607,0,SL,1,11.0
LTC-USDT-SWAP,1,2025-05-01 13:00:00+00:00,2025-05-01 14:00:00+00:00,87.08,86.344089,86.37,88.5,-121.9544,-1.0365,0,SL,1,12.0
LTC-USDT-SWAP,1,2025-05-14 20:00:00+00:00,2025-05-14 21:00:00+00:00,100.14,101.42,99.5,101.42,181.1038,2.0,1,TP,1,7.0
LTC-USDT-SWAP,1,2025-05-16 12:00:00+00:00,2025-05-16 20:00:00+00:00,100.95,99.700081,99.73,103.39,-114.7728,-1.0245,0,SL,8,1.0
LTC-USDT-SWAP,1,2025-05-18 16:00:00+00:00,2025-05-18 18:00:00+00:00,101.81,98.780357,98.81,107.81,-105.988,-1.0099,0,SL,2,16.0
LTC-USDT-SWAP,1,2025-05-23 00:00:00+00:00,2025-05-23 02:00:00+00:00,100.23,102.05,99.32,102.05,186.6629,2.0,1,TP,2,10.0
LTC-USDT-SWAP,1,2025-06-25 21:00:00+00:00,2025-06-25 22:00:00+00:00,84.83,84.424665,84.45,85.59,-140.0586,-1.0667,0,SL,1,13.0
LTC-USDT-SWAP,1,2025-06-26 08:00:00+00:00,2025-06-26 11:00:00+00:00,85.45,84.904521,84.93,86.49,-129.4559,-1.049,0,SL,3,1.0
LTC-USDT-SWAP,1,2025-06-28 11:00:00+00:00,2025-06-28 16:00:00+00:00,85.61,86.83,85.0,86.83,183.0387,2.0,1,TP,5,5.0
LTC-USDT-SWAP,1,2025-06-28 17:00:00+00:00,2025-06-30 08:00:00+00:00,86.68,85.624305,85.65,88.74,-115.0265,-1.0249,0,SL,39,48.0
LTC-USDT-SWAP,1,2025-07-05 22:00:00+00:00,2025-07-06 07:00:00+00:00,87.27,86.57402,86.6,88.61,-123.3233,-1.0388,0,SL,9,1.0
LTC-USDT-SWAP,1,2025-07-06 12:00:00+00:00,2025-07-07 13:00:00+00:00,87.44,86.414068,86.44,89.44,-115.6176,-1.0259,0,SL,25,11.0
LTC-USDT-SWAP,1,2025-07-09 12:00:00+00:00,2025-07-09 19:00:00+00:00,88.33,89.59,87.7,89.59,183.0552,2.0,1,TP,7,65.0
LTC-USDT-SWAP,1,2025-07-25 23:00:00+00:00,2025-07-26 01:00:00+00:00,113.68,112.786154,112.82,115.4,-123.6711,-1.0394,0,SL,2,1.0
LTC-USDT-SWAP,1,2025-07-26 10:00:00+00:00,2025-07-26 15:00:00+00:00,114.03,113.156043,113.19,115.71,-124.3126,-1.0404,0,SL,5,1.0
LTC-USDT-SWAP,1,2025-07-26 20:00:00+00:00,2025-07-26 23:00:00+00:00,114.88,113.905818,113.94,116.76,-121.8761,-1.0364,0,SL,3,2.0
LTC-USDT-SWAP,1,2025-07-27 03:00:00+00:00,2025-07-27 08:00:00+00:00,115.21,113.695881,113.73,118.17,-113.8906,-1.0231,0,SL,5,4.0
LTC-USDT-SWAP,2,2025-08-04 00:00:00+00:00,2025-08-04 09:00:00+00:00,110.32,113.28,108.84,113.28,190.9351,2.0,1,TP,9,10.0
LTC-USDT-SWAP,2,2025-08-09 06:00:00+00:00,2025-08-09 13:00:00+00:00,124.84,122.703178,122.74,129.04,-110.5795,-1.0175,0,SL,7,2.0
LTC-USDT-SWAP,2,2025-08-10 05:00:00+00:00,2025-08-10 06:00:00+00:00,123.65,121.343586,121.38,128.19,-109.6839,-1.016,0,SL,1,16.0
LTC-USDT-SWAP,2,2025-08-24 00:00:00+00:00,2025-08-24 03:00:00+00:00,121.44,120.693781,120.73,122.86,-130.6645,-1.051,0,SL,3,2.0
LTC-USDT-SWAP,2,2025-09-07 01:00:00+00:00,2025-09-07 12:00:00+00:00,112.39,114.33,111.42,114.33,185.9761,2.0,1,TP,11,5.0
LTC-USDT-SWAP,2,2025-09-13 08:00:00+00:00,2025-09-13 09:00:00+00:00,118.77,119.69,118.31,119.69,168.8965,2.0,1,TP,1,33.0
LTC-USDT-SWAP,2,2025-09-17 08:00:00+00:00,2025-09-17 10:00:00+00:00,115.21,114.455653,114.49,116.65,-128.6796,-1.0477,0,SL,2,4.0
LTC-USDT-SWAP,2,2025-10-04 23:00:00+00:00,2025-10-05 00:00:00+00:00,119.94,121.86,118.98,121.86,184.8875,2.0,1,TP,1,13.0
LTC-USDT-SWAP,2,2025-10-24 07:00:00+00:00,2025-10-24 14:00:00+00:00,95.97,94.911518,94.94,98.03,-116.6498,-1.0277,0,SL,7,19.0
LTC-USDT-SWAP,2,2025-10-24 19:00:00+00:00,2025-10-24 20:00:00+00:00,95.71,96.47,95.33,96.47,169.6558,2.0,1,TP,1,2.0
LTC-USDT-SWAP,2,2025-10-24 22:00:00+00:00,2025-10-25 03:00:00+00:00,96.86,95.991194,96.02,98.54,-120.6337,-1.0343,0,SL,5,1.0
LTC-USDT-SWAP,2,2025-10-25 09:00:00+00:00,2025-10-25 10:00:00+00:00,96.32,95.991194,96.02,96.92,-157.6662,-1.096,0,SL,1,3.0
LTC-USDT-SWAP,2,2025-10-25 20:00:00+00:00,2025-10-26 09:00:00+00:00,96.91,98.45,96.14,98.45,184.7771,2.0,1,TP,13,3.0
LTC-USDT-SWAP,2,2025-10-26 11:00:00+00:00,2025-10-26 12:00:00+00:00,97.93,98.97,97.41,98.97,177.2808,2.0,1,TP,1,20.0
LTC-USDT-SWAP,3,2025-11-12 10:00:00+00:00,2025-11-12 16:00:00+00:00,101.77,99.490144,99.52,106.27,-108.0208,-1.0133,0,SL,6,27.0
LTC-USDT-SWAP,3,2025-12-12 11:00:00+00:00,2025-12-12 15:00:00+00:00,83.89,83.245019,83.27,85.13,-124.2327,-1.0403,0,SL,4,1.0
LTC-USDT-SWAP,3,2025-12-27 13:00:00+00:00,2025-12-27 22:00:00+00:00,78.15,79.73,77.36,79.73,188.0091,2.0,1,TP,9,14.0
LTC-USDT-SWAP,3,2025-12-28 16:00:00+00:00,2025-12-28 18:00:00+00:00,79.32,78.946309,78.97,80.02,-140.6691,-1.0677,0,SL,2,8.0
LTC-USDT-SWAP,3,2026-01-01 17:00:00+00:00,2026-01-02 03:00:00+00:00,78.82,80.3,78.08,80.3,187.0984,2.0,1,TP,10,25.0
LTC-USDT-SWAP,4,2026-02-14 09:00:00+00:00,2026-02-14 13:00:00+00:00,55.58,55.053479,55.07,56.6,-119.4945,-1.0324,0,SL,4,5.0
LTC-USDT-SWAP,4,2026-02-14 16:00:00+00:00,2026-02-15 03:00:00+00:00,56.08,55.253419,55.27,57.7,-112.341,-1.0205,0,SL,11,58.0
LTC-USDT-SWAP,4,2026-02-21 15:00:00+00:00,2026-02-21 21:00:00+00:00,55.45,55.003494,55.02,56.31,-123.0893,-1.0384,0,SL,6,2.0
LTC-USDT-SWAP,4,2026-02-28 01:00:00+00:00,2026-02-28 06:00:00+00:00,54.73,54.043782,54.06,56.07,-114.5821,-1.0242,0,SL,5,1.0
LTC-USDT-SWAP,4,2026-03-06 03:00:00+00:00,2026-03-06 04:00:00+00:00,55.58,55.203434,55.22,56.3,-127.6672,-1.046,0,SL,1,1.0
LTC-USDT-SWAP,4,2026-03-12 09:00:00+00:00,2026-03-12 14:00:00+00:00,54.34,53.943812,53.96,55.1,-125.6174,-1.0426,0,SL,5,8.0
LTC-USDT-SWAP,4,2026-03-12 23:00:00+00:00,2026-03-13 00:00:00+00:00,54.46,55.12,54.13,55.12,180.0764,2.0,1,TP,1,7.0
LTC-USDT-SWAP,4,2026-03-13 10:00:00+00:00,2026-03-13 12:00:00+00:00,55.4,56.28,54.96,56.28,184.7709,2.0,1,TP,2,23.0
LTC-USDT-SWAP,4,2026-03-14 18:00:00+00:00,2026-03-15 02:00:00+00:00,54.58,55.08,54.33,55.08,173.6816,2.0,1,TP,8,1.0
LTC-USDT-SWAP,4,2026-03-15 04:00:00+00:00,2026-03-15 21:00:00+00:00,55.13,55.71,54.84,55.71,177.0676,2.0,1,TP,17,25.0
LTC-USDT-SWAP,4,2026-04-11 18:00:00+00:00,2026-04-12 01:00:00+00:00,54.94,54.463656,54.48,55.86,-121.3761,-1.0355,0,SL,7,26.0
LTC-USDT-SWAP,4,2026-04-24 12:00:00+00:00,2026-04-25 18:00:00+00:00,56.36,55.953209,55.97,57.14,-125.8897,-1.0431,0,SL,30,9.0
LTC-USDT-SWAP,4,2026-04-26 07:00:00+00:00,2026-04-26 14:00:00+00:00,56.14,55.823248,55.84,56.74,-133.5606,-1.0558,0,SL,7,4.0
LTC-USDT-SWAP,5,2026-05-10 09:00:00+00:00,2026-05-10 16:00:00+00:00,58.53,59.45,58.07,59.45,184.6113,2.0,1,TP,7,19.0
LTC-USDT-SWAP,5,2026-06-13 22:00:00+00:00,2026-06-14 14:00:00+00:00,44.2,43.666896,43.68,45.24,-115.1785,-1.0252,0,SL,16,1.0
LTC-USDT-SWAP,5,2026-06-14 21:00:00+00:00,2026-06-14 23:00:00+00:00,44.4,45.16,44.02,45.16,185.8589,2.0,1,TP,2,36.0
LTC-USDT-SWAP,5,2026-06-21 08:00:00+00:00,2026-06-21 15:00:00+00:00,44.8,45.52,44.44,45.52,184.9467,2.0,1,TP,7,19.0
LTC-USDT-SWAP,5,2026-07-03 19:00:00+00:00,2026-07-03 20:00:00+00:00,44.1,44.92,43.69,44.92,186.9727,2.0,1,TP,1,16.0
LTC-USDT-SWAP,5,2026-07-05 09:00:00+00:00,2026-07-05 10:00:00+00:00,44.45,44.206734,44.22,44.91,-134.6635,-1.0577,0,SL,1,6.0
LTC-USDT-SWAP,5,2026-07-05 12:00:00+00:00,2026-07-05 18:00:00+00:00,44.74,45.96,44.13,45.96,191.0787,2.0,1,TP,6,52.0
LTC-USDT-SWAP,5,2026-07-11 07:00:00+00:00,2026-07-11 19:00:00+00:00,44.93,45.33,44.73,45.33,172.922,2.0,1,TP,12,6.0
LTC-USDT-SWAP,5,2026-07-11 20:00:00+00:00,2026-07-11 22:00:00+00:00,45.37,45.066476,45.08,45.95,-128.0379,-1.0466,0,SL,2,6.0
LTC-USDT-SWAP,5,2026-07-18 14:00:00+00:00,2026-07-18 15:00:00+00:00,45.76,46.3,45.49,46.3,179.5422,2.0,1,TP,1,29.0
LTC-USDT-SWAP,5,2026-07-22 14:00:00+00:00,2026-07-22 21:00:00+00:00,46.84,47.56,46.48,47.56,184.2667,2.0,1,TP,7,6.0
LTC-USDT-SWAP,5,2026-07-22 22:00:00+00:00,2026-07-22 23:00:00+00:00,47.5,47.025888,47.04,48.42,-118.4651,-1.0307,0,SL,1,15.0
LTC-USDT-SWAP,5,2026-07-26 09:00:00+00:00,2026-07-26 14:00:00+00:00,47.07,46.715981,46.73,47.75,-124.7969,-1.0412,0,SL,5,16.0
BCH-USDT-SWAP,1,2025-05-14 12:00:00+00:00,2025-05-14 13:00:00+00:00,407.6,403.67886,403.8,415.2,-119.1855,-1.0319,0,SL,1,3.0
BCH-USDT-SWAP,1,2025-05-18 15:00:00+00:00,2025-05-18 18:00:00+00:00,403.4,397.38075,397.5,415.2,-112.1859,-1.0202,0,SL,3,20.0
BCH-USDT-SWAP,1,2025-05-21 07:00:00+00:00,2025-05-21 09:00:00+00:00,400.8,395.8812,396.0,410.4,-114.9085,-1.0247,0,SL,2,17.0
BCH-USDT-SWAP,1,2025-06-08 09:00:00+00:00,2025-06-08 10:00:00+00:00,409.2,412.4,407.6,412.4,169.19,2.0,1,TP,1,6.0
BCH-USDT-SWAP,1,2025-06-09 03:00:00+00:00,2025-06-09 10:00:00+00:00,415.4,424.4,410.9,424.4,188.8027,2.0,1,TP,7,30.0
BCH-USDT-SWAP,1,2025-06-21 12:00:00+00:00,2025-06-21 21:00:00+00:00,471.1,467.25978,467.4,478.5,-122.7961,-1.0379,0,SL,9,16.0
BCH-USDT-SWAP,1,2025-06-27 04:00:00+00:00,2025-06-27 13:00:00+00:00,495.3,489.65306,489.8,506.3,-116.0882,-1.0267,0,SL,9,4.0
BCH-USDT-SWAP,1,2025-06-29 03:00:00+00:00,2025-06-29 07:00:00+00:00,492.9,488.55339,488.7,501.3,-121.0022,-1.0349,0,SL,4,2.0
BCH-USDT-SWAP,1,2025-06-29 11:00:00+00:00,2025-06-29 13:00:00+00:00,493.3,490.15291,490.3,499.3,-129.4751,-1.049,0,SL,2,4.0
BCH-USDT-SWAP,1,2025-07-26 19:00:00+00:00,2025-07-27 01:00:00+00:00,560.0,572.6,553.7,572.6,189.2133,2.0,1,TP,6,2.0
BCH-USDT-SWAP,2,2025-07-30 03:00:00+00:00,2025-07-30 05:00:00+00:00,570.3,563.23098,563.4,584.1,-114.7559,-1.0245,0,SL,2,12.0
BCH-USDT-SWAP,2,2025-08-07 08:00:00+00:00,2025-08-07 09:00:00+00:00,576.5,571.12861,571.3,586.9,-119.8338,-1.033,0,SL,1,18.0
BCH-USDT-SWAP,2,2025-08-08 18:00:00+00:00,2025-08-09 13:00:00+00:00,587.9,578.32645,578.5,606.7,-111.1366,-1.0185,0,SL,19,6.0
BCH-USDT-SWAP,2,2025-08-16 06:00:00+00:00,2025-08-16 07:00:00+00:00,595.6,593.22198,593.4,600.0,-148.6061,-1.0809,0,SL,1,2.0
BCH-USDT-SWAP,2,2025-08-23 21:00:00+00:00,2025-08-24 01:00:00+00:00,590.3,596.9,587.0,596.9,178.4145,2.0,1,TP,4,2.0
BCH-USDT-SWAP,2,2025-08-24 02:00:00+00:00,2025-08-24 06:00:00+00:00,596.5,590.92267,591.1,607.3,-119.7614,-1.0328,0,SL,4,1.0
BCH-USDT-SWAP,2,2025-08-24 19:00:00+00:00,2025-08-24 20:00:00+00:00,598.5,592.62216,592.8,609.9,-118.7781,-1.0312,0,SL,1,33.0
BCH-USDT-SWAP,2,2025-09-07 13:00:00+00:00,2025-09-08 06:00:00+00:00,604.9,598.02054,598.2,618.3,-116.1294,-1.0268,0,SL,17,1.0
BCH-USDT-SWAP,2,2025-09-13 11:00:00+00:00,2025-09-13 13:00:00+00:00,603.4,601.21958,601.4,607.4,-154.1806,-1.0902,0,SL,2,3.0
BCH-USDT-SWAP,2,2025-09-17 08:00:00+00:00,2025-09-17 10:00:00+00:00,601.6,596.22108,596.4,612.0,-120.7026,-1.0344,0,SL,2,11.0
BCH-USDT-SWAP,3,2025-11-10 09:00:00+00:00,2025-11-10 10:00:00+00:00,508.0,514.6,504.7,514.6,181.4073,2.0,1,TP,1,41.0
BCH-USDT-SWAP,3,2025-11-26 07:00:00+00:00,2025-11-26 14:00:00+00:00,535.9,527.8416,528.0,551.7,-112.0892,-1.0201,0,SL,7,12.0
BCH-USDT-SWAP,3,2025-12-05 08:00:00+00:00,2025-12-05 09:00:00+00:00,575.1,570.62876,570.8,583.7,-123.9516,-1.0398,0,SL,1,3.0
BCH-USDT-SWAP,3,2025-12-07 07:00:00+00:00,2025-12-07 08:00:00+00:00,591.3,585.72423,585.9,602.1,-119.588,-1.0325,0,SL,1,10.0
BCH-USDT-SWAP,3,2025-12-09 14:00:00+00:00,2025-12-10 03:00:00+00:00,581.7,571.72843,571.9,601.3,-110.5632,-1.0175,0,SL,13,27.0
BCH-USDT-SWAP,3,2025-12-14 01:00:00+00:00,2025-12-14 06:00:00+00:00,581.0,574.8275,575.0,593.0,-117.3083,-1.0288,0,SL,5,18.0
BCH-USDT-SWAP,3,2025-12-21 21:00:00+00:00,2025-12-22 02:00:00+00:00,586.6,578.92627,579.1,601.6,-113.957,-1.0232,0,SL,5,23.0
BCH-USDT-SWAP,3,2025-12-23 10:00:00+00:00,2025-12-23 11:00:00+00:00,584.2,580.02594,580.2,592.2,-126.1664,-1.0435,0,SL,1,2.0
BCH-USDT-SWAP,3,2025-12-30 12:00:00+00:00,2025-12-30 17:00:00+00:00,599.7,595.8212,596.0,607.1,-129.0517,-1.0483,0,SL,5,16.0
BCH-USDT-SWAP,3,2026-01-09 23:00:00+00:00,2026-01-10 21:00:00+00:00,634.9,649.1,627.8,649.1,189.1493,2.0,1,TP,22,1.0
BCH-USDT-SWAP,4,2026-02-15 06:00:00+00:00,2026-02-15 07:00:00+00:00,563.4,561.63146,561.8,566.6,-163.2562,-1.1053,0,SL,1,2.0
BCH-USDT-SWAP,4,2026-02-19 08:00:00+00:00,2026-02-19 09:00:00+00:00,561.4,556.03314,556.2,571.8,-119.3112,-1.0321,0,SL,1,18.0
BCH-USDT-SWAP,4,2026-02-21 10:00:00+00:00,2026-02-21 14:00:00+00:00,567.1,575.5,562.9,575.5,183.6771,2.0,1,TP,4,1.0
BCH-USDT-SWAP,4,2026-02-21 16:00:00+00:00,2026-02-21 17:00:00+00:00,572.9,567.92957,568.1,582.5,-121.3616,-1.0355,0,SL,1,15.0
BCH-USDT-SWAP,4,2026-02-22 05:00:00+00:00,2026-02-22 07:00:00+00:00,567.6,585.4,558.7,585.4,192.227,2.0,1,TP,2,38.0
BCH-USDT-SWAP,4,2026-03-14 23:00:00+00:00,2026-03-15 00:00:00+00:00,465.1,462.46122,462.6,470.1,-133.3639,-1.0555,0,SL,1,2.0
BCH-USDT-SWAP,4,2026-03-15 10:00:00+00:00,2026-03-15 13:00:00+00:00,466.3,463.56089,463.7,471.5,-132.1591,-1.0535,0,SL,3,3.0
BCH-USDT-SWAP,4,2026-04-21 12:00:00+00:00,2026-04-21 13:00:00+00:00,444.9,443.96677,444.1,446.5,-179.791,-1.1665,0,SL,1,11.0
BCH-USDT-SWAP,4,2026-04-26 06:00:00+00:00,2026-04-26 12:00:00+00:00,453.3,451.76443,451.9,456.1,-158.1556,-1.0968,0,SL,6,2.0
BCH-USDT-SWAP,5,2026-06-27 15:00:00+00:00,2026-06-27 17:00:00+00:00,198.6,197.14084,197.2,201.4,-125.4118,-1.0423,0,SL,2,8.0
BCH-USDT-SWAP,5,2026-07-04 15:00:00+00:00,2026-07-05 01:00:00+00:00,230.7,241.1,225.5,241.1,194.5562,2.0,1,TP,10,32.0
BCH-USDT-SWAP,5,2026-07-09 00:00:00+00:00,2026-07-09 01:00:00+00:00,235.2,233.23001,233.3,239.0,-122.1599,-1.0368,0,SL,1,10.0
BCH-USDT-SWAP,5,2026-07-09 06:00:00+00:00,2026-07-10 08:00:00+00:00,237.4,245.0,233.6,245.0,192.3832,2.0,1,TP,26,1.0
BCH-USDT-SWAP,5,2026-07-10 10:00:00+00:00,2026-07-10 11:00:00+00:00,245.1,248.9,243.2,248.9,184.4,2.0,1,TP,1,12.0
BCH-USDT-SWAP,5,2026-07-10 12:00:00+00:00,2026-07-10 13:00:00+00:00,248.1,254.7,244.8,254.7,190.8582,2.0,1,TP,1,14.0
BCH-USDT-SWAP,5,2026-07-11 10:00:00+00:00,2026-07-11 23:00:00+00:00,246.1,243.82683,243.9,250.5,-120.0135,-1.0333,0,SL,13,7.0
BCH-USDT-SWAP,5,2026-07-12 09:00:00+00:00,2026-07-12 11:00:00+00:00,244.6,246.4,243.7,246.4,167.2667,2.0,1,TP,2,1.0
BCH-USDT-SWAP,5,2026-07-12 13:00:00+00:00,2026-07-12 17:00:00+00:00,246.2,244.12674,244.2,250.2,-122.0358,-1.0366,0,SL,4,1.0
BCH-USDT-SWAP,5,2026-07-12 20:00:00+00:00,2026-07-12 21:00:00+00:00,246.6,244.02677,244.1,251.6,-117.6334,-1.0293,0,SL,1,1.0
DOGE-USDT-SWAP,1,2025-05-01 11:00:00+00:00,2025-05-02 03:00:00+00:00,0.17852,0.18432,0.17562,0.18432,192.493,2.0,1,TP,16,45.0
DOGE-USDT-SWAP,1,2025-05-14 20:00:00+00:00,2025-05-14 21:00:00+00:00,0.2342,0.23205,0.23212,0.23836,-120.1453,-1.0335,0,SL,1,1.0
DOGE-USDT-SWAP,1,2025-05-16 11:00:00+00:00,2025-05-16 20:00:00+00:00,0.22957,0.223333,0.2234,0.24191,-106.5767,-1.0109,0,SL,9,5.0
DOGE-USDT-SWAP,1,2025-06-28 23:00:00+00:00,2025-06-29 02:00:00+00:00,0.16423,0.162981,0.16303,0.16663,-124.5121,-1.0408,0,SL,3,1.0
DOGE-USDT-SWAP,1,2025-06-29 07:00:00+00:00,2025-06-29 22:00:00+00:00,0.16392,0.1667,0.16253,0.1667,185.7286,2.0,1,TP,15,10.0
DOGE-USDT-SWAP,2,2025-08-17 04:00:00+00:00,2025-08-17 15:00:00+00:00,0.23349,0.24001,0.23023,0.24001,191.2853,2.0,1,TP,11,4.0
DOGE-USDT-SWAP,2,2025-09-07 13:00:00+00:00,2025-09-07 14:00:00+00:00,0.21846,0.21974,0.21782,0.21974,158.9187,2.0,1,TP,1,1.0
DOGE-USDT-SWAP,2,2025-09-17 08:00:00+00:00,2025-09-17 09:00:00+00:00,0.26837,0.26633,0.26641,0.27229,-124.5238,-1.0408,0,SL,1,1.0
DOGE-USDT-SWAP,3,2025-11-27 20:00:00+00:00,2025-11-27 22:00:00+00:00,0.1539,0.152854,0.1529,0.1559,-127.5792,-1.0459,0,SL,2,1.0
DOGE-USDT-SWAP,4,2026-02-14 10:00:00+00:00,2026-02-14 14:00:00+00:00,0.09815,0.10151,0.09647,0.10151,192.8693,2.0,1,TP,4,40.0
DOGE-USDT-SWAP,4,2026-03-14 13:00:00+00:00,2026-03-14 18:00:00+00:00,0.09489,0.094312,0.09434,0.09599,-130.9318,-1.0515,0,SL,5,1.0
DOGE-USDT-SWAP,4,2026-03-15 00:00:00+00:00,2026-03-15 13:00:00+00:00,0.09598,0.094812,0.09484,0.09826,-115.0332,-1.025,0,SL,13,2.0
DOGE-USDT-SWAP,4,2026-04-26 07:00:00+00:00,2026-04-26 18:00:00+00:00,0.0984,0.09926,0.09797,0.09926,172.4195,2.0,1,TP,11,6.0
DOGE-USDT-SWAP,5,2026-05-03 13:00:00+00:00,2026-05-04 01:00:00+00:00,0.10872,0.1113,0.10743,0.1113,189.7665,2.0,1,TP,12,41.0
DOGE-USDT-SWAP,5,2026-05-09 03:00:00+00:00,2026-05-09 10:00:00+00:00,0.11045,0.109367,0.1094,0.11255,-118.8124,-1.0313,0,SL,7,4.0
DOGE-USDT-SWAP,5,2026-05-09 18:00:00+00:00,2026-05-10 00:00:00+00:00,0.1094,0.108407,0.10844,0.11132,-120.3905,-1.0339,0,SL,6,1.0
DOGE-USDT-SWAP,5,2026-06-13 23:00:00+00:00,2026-06-14 00:00:00+00:00,0.08781,0.087544,0.08757,0.08829,-165.7309,-1.1095,0,SL,1,1.0
DOGE-USDT-SWAP,5,2026-07-03 12:00:00+00:00,2026-07-03 20:00:00+00:00,0.07589,0.07781,0.07493,0.07781,190.3938,2.0,1,TP,8,29.0
DOGE-USDT-SWAP,5,2026-07-05 14:00:00+00:00,2026-07-05 22:00:00+00:00,0.07657,0.07843,0.07564,0.07843,190.0,2.0,1,TP,8,51.0
DOGE-USDT-SWAP,5,2026-07-11 15:00:00+00:00,2026-07-11 23:00:00+00:00,0.07513,0.074438,0.07446,0.07647,-120.0622,-1.0333,0,SL,8,12.0
ADA-USDT-SWAP,1,2025-05-03 14:00:00+00:00,2025-05-04 00:00:00+00:00,0.7104,0.695191,0.6954,0.7404,-108.404,-1.0139,0,SL,10,88.0
ADA-USDT-SWAP,1,2025-05-14 06:00:00+00:00,2025-05-14 08:00:00+00:00,0.8289,0.812056,0.8123,0.8621,-108.8672,-1.0147,0,SL,2,2.0
ADA-USDT-SWAP,1,2025-05-26 08:00:00+00:00,2025-05-26 09:00:00+00:00,0.7749,0.763471,0.7637,0.7973,-112.3325,-1.0205,0,SL,1,11.0
ADA-USDT-SWAP,1,2025-07-05 08:00:00+00:00,2025-07-05 09:00:00+00:00,0.5787,0.576127,0.5763,0.5835,-143.2782,-1.072,0,SL,1,14.0
ADA-USDT-SWAP,1,2025-07-15 11:00:00+00:00,2025-07-15 12:00:00+00:00,0.7318,0.723683,0.7239,0.7476,-116.5523,-1.0275,0,SL,1,6.0
ADA-USDT-SWAP,1,2025-07-16 19:00:00+00:00,2025-07-16 20:00:00+00:00,0.7631,0.7699,0.7597,0.7699,172.9471,2.0,1,TP,1,8.0
ADA-USDT-SWAP,1,2025-07-26 10:00:00+00:00,2025-07-26 23:00:00+00:00,0.8269,0.818454,0.8187,0.8433,-118.0297,-1.03,0,SL,13,2.0
ADA-USDT-SWAP,1,2025-07-27 06:00:00+00:00,2025-07-27 07:00:00+00:00,0.8348,0.825752,0.826,0.8524,-116.9538,-1.0282,0,SL,1,1.0
ADA-USDT-SWAP,1,2025-07-27 23:00:00+00:00,2025-07-28 01:00:00+00:00,0.834,0.825252,0.8255,0.851,-117.5394,-1.0291,0,SL,2,23.0
ADA-USDT-SWAP,2,2025-08-18 00:00:00+00:00,2025-08-18 01:00:00+00:00,0.9605,0.952114,0.9524,0.9767,-121.2223,-1.0353,0,SL,1,8.0
ADA-USDT-SWAP,2,2025-09-21 07:00:00+00:00,2025-09-21 08:00:00+00:00,0.8992,0.896131,0.8964,0.9048,-157.68,-1.096,0,SL,1,1.0
ADA-USDT-SWAP,4,2026-02-14 09:00:00+00:00,2026-02-14 16:00:00+00:00,0.2787,0.2877,0.2742,0.2877,192.448,2.0,1,TP,7,45.0
ADA-USDT-SWAP,4,2026-02-18 09:00:00+00:00,2026-02-18 11:00:00+00:00,0.285,0.281715,0.2818,0.2914,-115.9097,-1.0264,0,SL,2,9.0
ADA-USDT-SWAP,4,2026-04-25 03:00:00+00:00,2026-04-25 09:00:00+00:00,0.251,0.2536,0.2497,0.2536,176.7108,2.0,1,TP,6,1.0
ADA-USDT-SWAP,4,2026-04-25 10:00:00+00:00,2026-04-25 11:00:00+00:00,0.2532,0.251025,0.2511,0.2574,-121.5807,-1.0359,0,SL,1,1.0
ADA-USDT-SWAP,4,2026-04-26 11:00:00+00:00,2026-04-26 16:00:00+00:00,0.2525,0.250925,0.251,0.2555,-130.177,-1.0502,0,SL,5,17.0
ADA-USDT-SWAP,5,2026-05-02 15:00:00+00:00,2026-05-03 02:00:00+00:00,0.2497,0.247526,0.2476,0.2539,-121.2807,-1.0354,0,SL,11,17.0
ADA-USDT-SWAP,5,2026-05-09 19:00:00+00:00,2026-05-09 23:00:00+00:00,0.2718,0.270219,0.2703,0.2748,-132.4928,-1.0541,0,SL,4,1.0
ADA-USDT-SWAP,5,2026-05-10 09:00:00+00:00,2026-05-10 15:00:00+00:00,0.2729,0.2799,0.2694,0.2799,190.5234,2.0,1,TP,6,10.0
ADA-USDT-SWAP,5,2026-07-18 19:00:00+00:00,2026-07-19 02:00:00+00:00,0.165,0.1674,0.1638,0.1674,183.38,2.0,1,TP,7,1.0
ADA-USDT-SWAP,5,2026-07-19 16:00:00+00:00,2026-07-19 17:00:00+00:00,0.1662,0.164851,0.1649,0.1688,-122.89,-1.0381,0,SL,1,15.0
ADA-USDT-SWAP,5,2026-07-19 21:00:00+00:00,2026-07-19 22:00:00+00:00,0.1664,0.164551,0.1646,0.17,-116.5184,-1.0274,0,SL,1,23.0
BNB-USDT-SWAP,1,2025-04-29 08:00:00+00:00,2025-04-29 09:00:00+00:00,609.5,607.11781,607.3,613.9,-149.7432,-1.0828,0,SL,1,12.0
BNB-USDT-SWAP,1,2025-05-14 20:00:00+00:00,2025-05-14 21:00:00+00:00,652.6,651.20458,651.4,655.0,-181.8206,-1.1629,0,SL,1,2.0
BNB-USDT-SWAP,1,2025-05-18 15:00:00+00:00,2025-05-18 18:00:00+00:00,650.9,645.00644,645.2,662.3,-120.4327,-1.034,0,SL,3,16.0
BNB-USDT-SWAP,1,2025-05-25 14:00:00+00:00,2025-05-25 15:00:00+00:00,666.2,661.10161,661.3,676.0,-124.3502,-1.0405,0,SL,1,4.0
BNB-USDT-SWAP,1,2025-05-25 21:00:00+00:00,2025-05-25 22:00:00+00:00,666.6,671.0,664.4,671.0,163.52,2.0,1,TP,1,2.0
BNB-USDT-SWAP,1,2025-05-26 00:00:00+00:00,2025-05-26 13:00:00+00:00,668.9,675.5,665.6,675.5,175.5564,2.0,1,TP,13,1.0
BNB-USDT-SWAP,1,2025-06-04 09:00:00+00:00,2025-06-04 11:00:00+00:00,669.9,668.19948,668.4,672.9,-180.26,-1.1337,0,SL,2,1.0
BNB-USDT-SWAP,1,2025-06-05 09:00:00+00:00,2025-06-05 10:00:00+00:00,668.6,666.00014,666.2,673.4,-150.02,-1.0833,0,SL,1,1.0
BNB-USDT-SWAP,1,2025-06-16 14:00:00+00:00,2025-06-16 22:00:00+00:00,656.2,653.10401,653.3,662.0,-140.6056,-1.0676,0,SL,8,2.0
BNB-USDT-SWAP,1,2025-06-25 20:00:00+00:00,2025-06-25 22:00:00+00:00,647.3,643.60686,643.8,654.3,-133.1664,-1.0552,0,SL,2,8.0
BNB-USDT-SWAP,1,2025-06-27 21:00:00+00:00,2025-06-29 22:00:00+00:00,645.9,653.5,642.1,653.5,179.4832,2.0,1,TP,49,19.0
BNB-USDT-SWAP,1,2025-07-05 21:00:00+00:00,2025-07-06 13:00:00+00:00,654.6,660.8,651.5,660.8,174.5406,2.0,1,TP,16,10.0
BNB-USDT-SWAP,1,2025-07-26 00:00:00+00:00,2025-07-26 01:00:00+00:00,786.0,778.46639,778.7,800.6,-119.2589,-1.032,0,SL,1,1.0
BNB-USDT-SWAP,1,2025-07-26 08:00:00+00:00,2025-07-26 11:00:00+00:00,782.7,780.46579,780.7,786.7,-170.316,-1.1171,0,SL,3,1.0
BNB-USDT-SWAP,1,2025-07-26 20:00:00+00:00,2025-07-26 22:00:00+00:00,785.2,797.4,779.1,797.4,184.4334,2.0,1,TP,2,5.0
BNB-USDT-SWAP,1,2025-07-26 23:00:00+00:00,2025-07-27 15:00:00+00:00,791.5,805.5,784.5,805.5,186.3114,2.0,1,TP,16,16.0
BNB-USDT-SWAP,2,2025-07-31 10:00:00+00:00,2025-07-31 11:00:00+00:00,813.7,803.55886,803.8,833.5,-114.6731,-1.0244,0,SL,1,18.0
BNB-USDT-SWAP,2,2025-08-16 09:00:00+00:00,2025-08-16 10:00:00+00:00,835.2,831.65043,831.9,841.8,-145.4318,-1.0756,0,SL,1,11.0
BNB-USDT-SWAP,2,2025-08-16 20:00:00+00:00,2025-08-16 22:00:00+00:00,834.3,832.55016,832.8,837.3,-179.7789,-1.1666,0,SL,2,1.0
BNB-USDT-SWAP,2,2025-08-17 01:00:00+00:00,2025-08-18 03:00:00+00:00,847.2,835.04941,835.3,871.0,-112.6935,-1.0211,0,SL,26,34.0
BNB-USDT-SWAP,2,2025-08-31 18:00:00+00:00,2025-08-31 23:00:00+00:00,864.2,860.34182,860.6,871.4,-143.0857,-1.0717,0,SL,5,7.0
BNB-USDT-SWAP,2,2025-09-07 01:00:00+00:00,2025-09-07 03:00:00+00:00,861.3,866.7,858.6,866.7,161.6,2.0,1,TP,2,18.0
BNB-USDT-SWAP,2,2025-09-07 20:00:00+00:00,2025-09-07 23:00:00+00:00,874.9,879.5,872.6,879.5,154.233,2.0,1,TP,3,2.0
BNB-USDT-SWAP,2,2025-09-29 00:00:00+00:00,2025-09-29 14:00:00+00:00,992.4,1015.4,980.9,1015.4,189.5245,2.0,1,TP,14,42.0
BNB-USDT-SWAP,3,2025-12-06 15:00:00+00:00,2025-12-07 14:00:00+00:00,894.1,882.7351,883.0,916.3,-114.3775,-1.0239,0,SL,23,13.0
BNB-USDT-SWAP,3,2025-12-12 14:00:00+00:00,2025-12-12 15:00:00+00:00,887.4,884.43459,884.7,892.8,-159.0341,-1.0983,0,SL,1,4.0
BNB-USDT-SWAP,3,2025-12-13 12:00:00+00:00,2025-12-13 14:00:00+00:00,891.8,888.03351,888.3,898.8,-145.7394,-1.0761,0,SL,2,1.0
BNB-USDT-SWAP,3,2025-12-13 17:00:00+00:00,2025-12-13 21:00:00+00:00,897.4,890.53276,890.8,910.6,-124.3521,-1.0405,0,SL,4,9.0
BNB-USDT-SWAP,3,2025-12-14 00:00:00+00:00,2025-12-14 05:00:00+00:00,896.7,892.7321,893.0,904.1,-143.4989,-1.0724,0,SL,5,1.0
BNB-USDT-SWAP,3,2025-12-14 09:00:00+00:00,2025-12-14 10:00:00+00:00,896.6,891.93234,892.2,905.4,-136.5554,-1.0608,0,SL,1,1.0
BNB-USDT-SWAP,3,2026-01-02 05:00:00+00:00,2026-01-02 08:00:00+00:00,864.1,868.7,861.8,868.7,154.7965,2.0,1,TP,3,7.0
BNB-USDT-SWAP,3,2026-01-03 23:00:00+00:00,2026-01-04 00:00:00+00:00,878.1,881.5,876.4,881.5,133.4837,2.0,1,TP,1,5.0
BNB-USDT-SWAP,3,2026-01-04 02:00:00+00:00,2026-01-04 16:00:00+00:00,882.5,891.1,878.2,891.1,175.2521,2.0,1,TP,14,51.0
BNB-USDT-SWAP,3,2026-01-09 05:00:00+00:00,2026-01-09 08:00:00+00:00,895.1,890.43279,890.7,903.9,-136.4941,-1.0607,0,SL,3,1.0
BNB-USDT-SWAP,3,2026-01-10 15:00:00+00:00,2026-01-11 07:00:00+00:00,904.7,916.1,899.0,916.1,180.8337,2.0,1,TP,16,9.0
BNB-USDT-SWAP,3,2026-01-17 00:00:00+00:00,2026-01-17 15:00:00+00:00,937.6,946.8,933.0,946.8,175.4209,2.0,1,TP,15,1.0
BNB-USDT-SWAP,3,2026-01-18 05:00:00+00:00,2026-01-18 06:00:00+00:00,948.2,945.51626,945.8,953.0,-170.9879,-1.1182,0,SL,1,12.0
BNB-USDT-SWAP,3,2026-01-18 13:00:00+00:00,2026-01-18 23:00:00+00:00,947.7,943.31692,943.6,955.9,-141.4822,-1.069,0,SL,10,1.0
BNB-USDT-SWAP,4,2026-02-21 11:00:00+00:00,2026-02-21 14:00:00+00:00,629.7,634.1,627.5,634.1,165.5327,2.0,1,TP,3,2.0
BNB-USDT-SWAP,4,2026-02-21 15:00:00+00:00,2026-02-21 16:00:00+00:00,632.6,629.91097,630.1,637.6,-145.4227,-1.0756,0,SL,1,6.0
BNB-USDT-SWAP,4,2026-02-22 11:00:00+00:00,2026-02-22 12:00:00+00:00,623.4,621.01364,621.2,627.8,-150.8804,-1.0847,0,SL,1,1.0
BNB-USDT-SWAP,4,2026-02-27 04:00:00+00:00,2026-02-27 07:00:00+00:00,629.1,625.21238,625.4,636.5,-130.4818,-1.0507,0,SL,3,1.0
BNB-USDT-SWAP,4,2026-03-04 07:00:00+00:00,2026-03-04 08:00:00+00:00,634.5,646.5,628.5,646.5,187.19,2.0,1,TP,1,16.0
BNB-USDT-SWAP,4,2026-03-14 13:00:00+00:00,2026-03-15 02:00:00+00:00,653.1,658.3,650.5,658.3,169.7369,2.0,1,TP,13,1.0
BNB-USDT-SWAP,4,2026-03-15 04:00:00+00:00,2026-03-15 09:00:00+00:00,658.6,665.6,655.1,665.6,177.2994,2.0,1,TP,5,13.0
BNB-USDT-SWAP,4,2026-04-11 04:00:00+00:00,2026-04-11 13:00:00+00:00,606.4,603.8188,604.0,611.2,-145.3555,-1.0755,0,SL,9,1.0
BNB-USDT-SWAP,4,2026-04-11 17:00:00+00:00,2026-04-11 19:00:00+00:00,607.2,613.6,604.0,613.6,177.11,2.0,1,TP,2,10.0
BNB-USDT-SWAP,4,2026-04-11 20:00:00+00:00,2026-04-11 23:00:00+00:00,612.6,606.71793,606.9,624.0,-119.2233,-1.0319,0,SL,3,14.0
BNB-USDT-SWAP,4,2026-04-19 13:00:00+00:00,2026-04-19 17:00:00+00:00,622.8,619.51409,619.7,629.0,-136.039,-1.06,0,SL,4,41.0
BNB-USDT-SWAP,4,2026-04-21 02:00:00+00:00,2026-04-21 03:00:00+00:00,630.2,628.61136,628.8,633.0,-180.8976,-1.1347,0,SL,1,2.0
BNB-USDT-SWAP,4,2026-04-21 06:00:00+00:00,2026-04-21 08:00:00+00:00,630.5,634.3,628.6,634.3,160.0589,2.0,1,TP,2,1.0
BNB-USDT-SWAP,4,2026-04-21 10:00:00+00:00,2026-04-21 12:00:00+00:00,636.3,631.61046,631.8,645.3,-125.3295,-1.0421,0,SL,2,18.0
BNB-USDT-SWAP,4,2026-04-23 14:00:00+00:00,2026-04-23 17:00:00+00:00,635.5,631.31055,631.5,643.5,-128.4747,-1.0474,0,SL,3,3.0
BNB-USDT-SWAP,4,2026-04-24 13:00:00+00:00,2026-04-25 11:00:00+00:00,638.2,634.50959,634.7,645.2,-132.6985,-1.0544,0,SL,22,1.0
BNB-USDT-SWAP,5,2026-05-09 19:00:00+00:00,2026-05-10 00:00:00+00:00,650.8,647.8056,648.0,656.4,-141.713,-1.0694,0,SL,5,2.0
BNB-USDT-SWAP,5,2026-05-10 10:00:00+00:00,2026-05-10 11:00:00+00:00,651.2,647.50569,647.7,658.2,-133.367,-1.0555,0,SL,1,4.0
BNB-USDT-SWAP,5,2026-05-10 15:00:00+00:00,2026-05-10 16:00:00+00:00,651.5,656.5,649.0,656.5,168.608,2.0,1,TP,1,21.0
BNB-USDT-SWAP,5,2026-07-03 12:00:00+00:00,2026-07-03 23:00:00+00:00,566.6,574.8,562.5,574.8,183.2966,2.0,1,TP,11,7.0
BNB-USDT-SWAP,5,2026-07-11 09:00:00+00:00,2026-07-11 23:00:00+00:00,579.0,575.62726,575.8,585.4,-132.4455,-1.054,0,SL,14,2.0
BNB-USDT-SWAP,5,2026-07-26 16:00:00+00:00,2026-07-27 01:00:00+00:00,573.7,571.12861,571.3,578.5,-142.9032,-1.0714,0,SL,9,31.0
DOT-USDT-SWAP,1,2025-04-30 12:00:00+00:00,2025-04-30 13:00:00+00:00,4.156,4.119764,4.121,4.226,-121.2516,-1.0353,0,SL,1,38.0
DOT-USDT-SWAP,1,2025-05-01 12:00:00+00:00,2025-05-01 13:00:00+00:00,4.175,4.140757,4.142,4.241,-122.6505,-1.0377,0,SL,1,1.0
DOT-USDT-SWAP,1,2025-05-03 05:00:00+00:00,2025-05-03 08:00:00+00:00,4.156,4.114765,4.116,4.236,-118.5801,-1.0309,0,SL,3,1.0
DOT-USDT-SWAP,1,2025-05-13 18:00:00+00:00,2025-05-14 08:00:00+00:00,5.135,5.03149,5.033,5.339,-108.9409,-1.0148,0,SL,14,2.0
DOT-USDT-SWAP,1,2025-05-14 12:00:00+00:00,2025-05-14 13:00:00+00:00,5.123,5.074477,5.076,5.217,-119.4981,-1.0324,0,SL,1,5.0
DOT-USDT-SWAP,1,2025-05-18 16:00:00+00:00,2025-05-18 17:00:00+00:00,4.909,4.79756,4.799,5.129,-107.9121,-1.0131,0,SL,1,6.0
DOT-USDT-SWAP,1,2025-06-29 20:00:00+00:00,2025-06-29 21:00:00+00:00,3.431,3.413976,3.415,3.463,-138.4749,-1.064,0,SL,1,9.0
DOT-USDT-SWAP,1,2025-07-21 08:00:00+00:00,2025-07-21 09:00:00+00:00,4.584,4.538638,4.54,4.672,-118.6309,-1.031,0,SL,1,13.0
DOT-USDT-SWAP,2,2025-08-17 10:00:00+00:00,2025-08-17 15:00:00+00:00,4.064,4.158,4.017,4.158,189.5038,2.0,1,TP,5,10.0
DOT-USDT-SWAP,2,2025-09-07 03:00:00+00:00,2025-09-07 12:00:00+00:00,3.855,3.905,3.83,3.905,181.376,2.0,1,TP,9,1.0
DOT-USDT-SWAP,2,2025-09-12 07:00:00+00:00,2025-09-12 08:00:00+00:00,4.254,4.211736,4.213,4.336,-118.5542,-1.0308,0,SL,1,5.0
DOT-USDT-SWAP,2,2025-09-17 08:00:00+00:00,2025-09-17 09:00:00+00:00,4.227,4.194741,4.196,4.289,-124.4214,-1.0406,0,SL,1,3.0
DOT-USDT-SWAP,2,2025-09-21 07:00:00+00:00,2025-09-21 09:00:00+00:00,4.366,4.328701,4.33,4.438,-121.7078,-1.0361,0,SL,2,6.0
DOT-USDT-SWAP,2,2025-10-25 20:00:00+00:00,2025-10-26 03:00:00+00:00,3.089,3.056083,3.057,3.153,-117.2539,-1.0287,0,SL,7,8.0
DOT-USDT-SWAP,2,2025-10-26 06:00:00+00:00,2025-10-26 09:00:00+00:00,3.086,3.142,3.058,3.142,186.6543,2.0,1,TP,3,1.0
DOT-USDT-SWAP,3,2025-11-12 10:00:00+00:00,2025-11-12 14:00:00+00:00,3.131,3.056083,3.057,3.279,-107.4952,-1.0124,0,SL,4,2.0
DOT-USDT-SWAP,3,2026-01-10 14:00:00+00:00,2026-01-10 16:00:00+00:00,2.124,2.101369,2.102,2.168,-117.2565,-1.0287,0,SL,2,1.0
DOT-USDT-SWAP,3,2026-01-10 21:00:00+00:00,2026-01-10 22:00:00+00:00,2.114,2.09937,2.1,2.142,-127.0573,-1.045,0,SL,1,2.0
DOT-USDT-SWAP,3,2026-01-17 10:00:00+00:00,2026-01-18 02:00:00+00:00,2.184,2.155353,2.156,2.24,-113.9186,-1.0231,0,SL,16,23.0
DOT-USDT-SWAP,4,2026-02-14 10:00:00+00:00,2026-02-14 16:00:00+00:00,1.363,1.401,1.344,1.401,191.2716,2.0,1,TP,6,22.0
DOT-USDT-SWAP,4,2026-03-02 02:00:00+00:00,2026-03-02 06:00:00+00:00,1.583,1.528541,1.529,1.691,-105.1562,-1.0085,0,SL,4,5.0
DOT-USDT-SWAP,4,2026-03-02 16:00:00+00:00,2026-03-02 23:00:00+00:00,1.573,1.504548,1.505,1.709,-104.0434,-1.0066,0,SL,7,8.0
DOT-USDT-SWAP,4,2026-03-12 09:00:00+00:00,2026-03-12 12:00:00+00:00,1.509,1.497551,1.498,1.531,-124.5703,-1.0409,0,SL,3,6.0
DOT-USDT-SWAP,4,2026-04-11 18:00:00+00:00,2026-04-11 19:00:00+00:00,1.282,1.294,1.276,1.294,174.24,2.0,1,TP,1,29.0
DOT-USDT-SWAP,4,2026-04-19 13:00:00+00:00,2026-04-19 22:00:00+00:00,1.275,1.254624,1.255,1.315,-111.3539,-1.0188,0,SL,9,1.0
DOT-USDT-SWAP,4,2026-04-22 01:00:00+00:00,2026-04-22 02:00:00+00:00,1.275,1.289,1.268,1.289,178.0229,2.0,1,TP,1,8.0
DOT-USDT-SWAP,4,2026-04-26 20:00:00+00:00,2026-04-26 21:00:00+00:00,1.268,1.261621,1.262,1.28,-137.9162,-1.0631,0,SL,1,11.0
DOT-USDT-SWAP,5,2026-05-10 09:00:00+00:00,2026-05-10 17:00:00+00:00,1.356,1.394,1.337,1.394,191.3158,2.0,1,TP,8,22.0
DOT-USDT-SWAP,5,2026-07-03 10:00:00+00:00,2026-07-03 11:00:00+00:00,0.8587,0.8685,0.8538,0.8685,178.8506,2.0,1,TP,1,11.0
DOT-USDT-SWAP,5,2026-07-03 12:00:00+00:00,2026-07-03 20:00:00+00:00,0.8687,0.8889,0.8586,0.8889,189.5588,2.0,1,TP,8,19.0
DOT-USDT-SWAP,5,2026-07-04 13:00:00+00:00,2026-07-04 15:00:00+00:00,0.8725,0.8829,0.8673,0.8829,179.7454,2.0,1,TP,2,3.0
ARB-USDT-SWAP,1,2025-04-29 08:00:00+00:00,2025-04-29 13:00:00+00:00,0.3408,0.3328,0.3329,0.3566,-107.6443,-1.0126,0,SL,5,19.0
ARB-USDT-SWAP,1,2025-05-01 12:00:00+00:00,2025-05-02 07:00:00+00:00,0.3402,0.3344,0.3345,0.3516,-110.6221,-1.0176,0,SL,19,2.0
ARB-USDT-SWAP,1,2025-05-21 13:00:00+00:00,2025-05-21 14:00:00+00:00,0.3979,0.4039,0.3949,0.4039,183.964,2.0,1,TP,1,13.0
ARB-USDT-SWAP,1,2025-06-28 23:00:00+00:00,2025-06-29 03:00:00+00:00,0.3118,0.305408,0.3055,0.3244,-108.7877,-1.0145,0,SL,4,5.0
ARB-USDT-SWAP,1,2025-06-29 09:00:00+00:00,2025-06-29 14:00:00+00:00,0.3114,0.306708,0.3068,0.3206,-112.064,-1.02,0,SL,5,10.0
ARB-USDT-SWAP,1,2025-07-19 21:00:00+00:00,2025-07-20 08:00:00+00:00,0.4614,0.478,0.4531,0.478,193.2092,2.0,1,TP,11,10.0
ARB-USDT-SWAP,1,2025-07-21 08:00:00+00:00,2025-07-21 09:00:00+00:00,0.4952,0.490053,0.4902,0.5052,-117.7054,-1.0294,0,SL,1,11.0
ARB-USDT-SWAP,1,2025-07-21 12:00:00+00:00,2025-07-21 13:00:00+00:00,0.495,0.487754,0.4879,0.5092,-112.4281,-1.0206,0,SL,1,3.0
ARB-USDT-SWAP,1,2025-07-26 20:00:00+00:00,2025-07-27 00:00:00+00:00,0.4551,0.447266,0.4474,0.4705,-110.5177,-1.0174,0,SL,4,2.0
ARB-USDT-SWAP,1,2025-07-27 03:00:00+00:00,2025-07-27 09:00:00+00:00,0.4555,0.447566,0.4477,0.4711,-110.3905,-1.0172,0,SL,6,1.0
ARB-USDT-SWAP,2,2025-08-16 20:00:00+00:00,2025-08-17 01:00:00+00:00,0.4911,0.487054,0.4872,0.4989,-122.5439,-1.0375,0,SL,5,1.0
ARB-USDT-SWAP,2,2025-08-17 04:00:00+00:00,2025-08-17 07:00:00+00:00,0.4999,0.5293,0.4852,0.5293,195.7992,2.0,1,TP,3,25.0
ARB-USDT-SWAP,2,2025-09-13 10:00:00+00:00,2025-09-13 13:00:00+00:00,0.556,0.543037,0.5432,0.5816,-107.698,-1.0127,0,SL,3,4.0
ARB-USDT-SWAP,2,2025-10-25 20:00:00+00:00,2025-10-26 01:00:00+00:00,0.3216,0.318005,0.3181,0.3286,-116.4178,-1.0273,0,SL,5,2.0
ARB-USDT-SWAP,3,2025-11-27 17:00:00+00:00,2025-11-28 01:00:00+00:00,0.222,0.218135,0.2182,0.2296,-110.3948,-1.0172,0,SL,8,3.0
ARB-USDT-SWAP,3,2025-12-12 11:00:00+00:00,2025-12-12 14:00:00+00:00,0.2146,0.212836,0.2129,0.218,-122.6001,-1.0376,0,SL,3,1.0
ARB-USDT-SWAP,3,2025-12-14 02:00:00+00:00,2025-12-14 04:00:00+00:00,0.216,0.214036,0.2141,0.2198,-120.3411,-1.0338,0,SL,2,17.0
ARB-USDT-SWAP,3,2025-12-27 13:00:00+00:00,2025-12-27 21:00:00+00:00,0.1926,0.1952,0.1913,0.1952,182.1015,2.0,1,TP,8,1.0
ARB-USDT-SWAP,3,2025-12-27 23:00:00+00:00,2025-12-28 11:00:00+00:00,0.1948,0.1984,0.193,0.1984,186.8933,2.0,1,TP,12,1.0
ARB-USDT-SWAP,3,2026-01-10 14:00:00+00:00,2026-01-10 15:00:00+00:00,0.2117,0.210337,0.2104,0.2143,-129.1894,-1.0486,0,SL,1,1.0
ARB-USDT-SWAP,3,2026-01-17 09:00:00+00:00,2026-01-18 23:00:00+00:00,0.2152,0.210537,0.2106,0.2244,-108.3,-1.0137,0,SL,38,30.0
ARB-USDT-SWAP,4,2026-02-14 10:00:00+00:00,2026-02-14 16:00:00+00:00,0.1173,0.1203,0.1158,0.1203,190.496,2.0,1,TP,6,11.0
ARB-USDT-SWAP,4,2026-03-05 11:00:00+00:00,2026-03-05 13:00:00+00:00,0.10508,0.103159,0.10319,0.10886,-109.8866,-1.0164,0,SL,2,14.0
ARB-USDT-SWAP,4,2026-03-06 03:00:00+00:00,2026-03-06 11:00:00+00:00,0.10425,0.102259,0.10229,0.10817,-109.453,-1.0157,0,SL,8,4.0
ARB-USDT-SWAP,4,2026-03-15 03:00:00+00:00,2026-03-16 04:00:00+00:00,0.1025,0.10732,0.10009,0.10732,194.7763,2.0,1,TP,25,80.0
ARB-USDT-SWAP,4,2026-04-13 02:00:00+00:00,2026-04-13 03:00:00+00:00,0.11165,0.110597,0.11063,0.11369,-119.581,-1.0325,0,SL,1,1.0
ARB-USDT-SWAP,4,2026-04-21 16:00:00+00:00,2026-04-21 17:00:00+00:00,0.12804,0.125562,0.1256,0.13292,-109.3246,-1.0154,0,SL,1,13.0
ARB-USDT-SWAP,4,2026-04-26 00:00:00+00:00,2026-04-26 01:00:00+00:00,0.1291,0.127882,0.12792,0.13146,-119.5713,-1.0325,0,SL,1,1.0
ARB-USDT-SWAP,4,2026-04-26 06:00:00+00:00,2026-04-26 21:00:00+00:00,0.13048,0.128711,0.12875,0.13394,-113.4546,-1.0223,0,SL,15,5.0
ARB-USDT-SWAP,5,2026-05-10 10:00:00+00:00,2026-05-10 11:00:00+00:00,0.14173,0.14415,0.14052,0.14415,185.8241,2.0,1,TP,1,20.0
ARB-USDT-SWAP,5,2026-05-13 03:00:00+00:00,2026-05-13 12:00:00+00:00,0.13969,0.136649,0.13669,0.14569,-108.2606,-1.0137,0,SL,9,28.0
ARB-USDT-SWAP,5,2026-06-13 09:00:00+00:00,2026-06-14 00:00:00+00:00,0.0856,0.084575,0.0846,0.0876,-115.2865,-1.0254,0,SL,15,1.0
ARB-USDT-SWAP,5,2026-07-03 03:00:00+00:00,2026-07-03 12:00:00+00:00,0.0778,0.08014,0.07663,0.08014,191.9005,2.0,1,TP,9,2.0
ARB-USDT-SWAP,5,2026-07-03 13:00:00+00:00,2026-07-05 02:00:00+00:00,0.08001,0.078876,0.0789,0.08223,-112.8533,-1.0213,0,SL,37,25.0
ARB-USDT-SWAP,5,2026-07-05 09:00:00+00:00,2026-07-05 10:00:00+00:00,0.07856,0.077957,0.07798,0.07972,-124.2583,-1.0403,0,SL,1,24.0
ARB-USDT-SWAP,5,2026-07-14 01:00:00+00:00,2026-07-14 10:00:00+00:00,0.09064,0.088953,0.08898,0.09396,-109.7075,-1.0161,0,SL,9,1.0
ARB-USDT-SWAP,5,2026-07-14 14:00:00+00:00,2026-07-15 07:00:00+00:00,0.09148,0.088833,0.08886,0.09672,-106.1643,-1.0102,0,SL,17,15.0
ARB-USDT-SWAP,5,2026-07-15 11:00:00+00:00,2026-07-15 15:00:00+00:00,0.08923,0.088144,0.08817,0.09135,-115.0308,-1.025,0,SL,4,25.0
OP-USDT-SWAP,1,2025-04-29 08:00:00+00:00,2025-04-29 12:00:00+00:00,0.7925,0.777667,0.7779,0.8217,-109.6496,-1.016,0,SL,4,12.0
OP-USDT-SWAP,1,2025-06-28 23:00:00+00:00,2025-06-29 19:00:00+00:00,0.5541,0.5677,0.5473,0.5677,190.1018,2.0,1,TP,20,37.0
OP-USDT-SWAP,1,2025-07-21 12:00:00+00:00,2025-07-21 16:00:00+00:00,0.8012,0.783265,0.7835,0.8366,-108.027,-1.0133,0,SL,4,48.0
OP-USDT-SWAP,1,2025-07-27 03:00:00+00:00,2025-07-27 08:00:00+00:00,0.736,0.722283,0.7225,0.763,-109.6924,-1.0161,0,SL,5,9.0
OP-USDT-SWAP,2,2025-09-07 03:00:00+00:00,2025-09-07 16:00:00+00:00,0.7212,0.714386,0.7146,0.7344,-119.5471,-1.0325,0,SL,13,1.0
OP-USDT-SWAP,2,2025-09-08 00:00:00+00:00,2025-09-08 02:00:00+00:00,0.7208,0.7304,0.716,0.7304,181.86,2.0,1,TP,2,7.0
OP-USDT-SWAP,3,2025-11-12 10:00:00+00:00,2025-11-12 15:00:00+00:00,0.4239,0.411876,0.412,0.4477,-106.2913,-1.0104,0,SL,5,43.0
OP-USDT-SWAP,3,2025-12-05 08:00:00+00:00,2025-12-05 09:00:00+00:00,0.3253,0.319104,0.3192,0.3375,-109.4781,-1.0157,0,SL,1,12.0
OP-USDT-SWAP,3,2025-12-07 07:00:00+00:00,2025-12-07 08:00:00+00:00,0.32,0.314706,0.3148,0.3304,-110.9558,-1.0182,0,SL,1,14.0
OP-USDT-SWAP,3,2025-12-27 17:00:00+00:00,2025-12-27 18:00:00+00:00,0.2752,0.272918,0.273,0.2796,-122.3941,-1.0372,0,SL,1,2.0
OP-USDT-SWAP,3,2025-12-27 23:00:00+00:00,2025-12-28 18:00:00+00:00,0.2755,0.272618,0.2727,0.2811,-117.589,-1.0292,0,SL,19,1.0
OP-USDT-SWAP,3,2026-01-10 08:00:00+00:00,2026-01-11 23:00:00+00:00,0.3171,0.310707,0.3108,0.3297,-108.9391,-1.0148,0,SL,39,29.0
OP-USDT-SWAP,3,2026-01-17 02:00:00+00:00,2026-01-17 08:00:00+00:00,0.3424,0.3506,0.3383,0.3506,189.8585,2.0,1,TP,6,6.0
OP-USDT-SWAP,3,2026-01-17 09:00:00+00:00,2026-01-18 02:00:00+00:00,0.35,0.341897,0.342,0.366,-107.7542,-1.0128,0,SL,17,6.0
OP-USDT-SWAP,4,2026-02-14 16:00:00+00:00,2026-02-15 03:00:00+00:00,0.1961,0.192842,0.1929,0.2025,-110.9095,-1.0181,0,SL,11,51.0
OP-USDT-SWAP,4,2026-03-05 11:00:00+00:00,2026-03-05 12:00:00+00:00,0.1298,0.128162,0.1282,0.133,-114.4811,-1.024,0,SL,1,8.0
OP-USDT-SWAP,4,2026-04-04 19:00:00+00:00,2026-04-05 03:00:00+00:00,0.11,0.108867,0.1089,0.1122,-117.8782,-1.0297,0,SL,8,1.0
OP-USDT-SWAP,4,2026-04-19 13:00:00+00:00,2026-04-19 17:00:00+00:00,0.1252,0.123163,0.1232,0.1292,-111.1469,-1.0185,0,SL,4,10.0
OP-USDT-SWAP,4,2026-04-20 02:00:00+00:00,2026-04-20 05:00:00+00:00,0.1219,0.120164,0.1202,0.1253,-112.7858,-1.0212,0,SL,3,1.0
OP-USDT-SWAP,4,2026-04-22 19:00:00+00:00,2026-04-22 20:00:00+00:00,0.127,0.125962,0.126,0.129,-122.7377,-1.0378,0,SL,1,22.0
OP-USDT-SWAP,4,2026-04-27 04:00:00+00:00,2026-04-27 05:00:00+00:00,0.1282,0.126362,0.1264,0.1318,-112.6987,-1.0211,0,SL,1,16.0
OP-USDT-SWAP,5,2026-05-10 18:00:00+00:00,2026-05-10 20:00:00+00:00,0.1655,0.162551,0.1626,0.1713,-110.1514,-1.0168,0,SL,2,2.0
OP-USDT-SWAP,5,2026-05-13 03:00:00+00:00,2026-05-13 12:00:00+00:00,0.1545,0.152054,0.1521,0.1593,-111.4664,-1.019,0,SL,9,26.0
OP-USDT-SWAP,5,2026-06-16 10:00:00+00:00,2026-06-16 14:00:00+00:00,0.10773,0.106548,0.10658,0.11003,-116.7404,-1.0278,0,SL,4,20.0
OP-USDT-SWAP,5,2026-07-04 17:00:00+00:00,2026-07-04 19:00:00+00:00,0.10832,0.11048,0.10724,0.11048,187.8444,2.0,1,TP,2,37.0
OP-USDT-SWAP,5,2026-07-05 14:00:00+00:00,2026-07-05 18:00:00+00:00,0.10663,0.10931,0.10529,0.10931,190.331,2.0,1,TP,4,22.0
OP-USDT-SWAP,5,2026-07-11 16:00:00+00:00,2026-07-11 22:00:00+00:00,0.10569,0.104399,0.10443,0.10821,-114.9771,-1.0249,0,SL,6,10.0
NEAR-USDT-SWAP,1,2025-05-01 10:00:00+00:00,2025-05-02 21:00:00+00:00,2.543,2.491252,2.492,2.645,-108.8544,-1.0147,0,SL,35,41.0
NEAR-USDT-SWAP,1,2025-06-28 17:00:00+00:00,2025-06-29 21:00:00+00:00,2.13,2.19,2.1,2.19,191.36,2.0,1,TP,28,7.0
NEAR-USDT-SWAP,1,2025-07-20 17:00:00+00:00,2025-07-20 20:00:00+00:00,3.055,2.995101,2.996,3.173,-109.1994,-1.0152,0,SL,3,10.0
NEAR-USDT-SWAP,1,2025-07-21 07:00:00+00:00,2025-07-21 16:00:00+00:00,3.04,2.987104,2.988,3.144,-110.402,-1.0172,0,SL,9,40.0
NEAR-USDT-SWAP,1,2025-07-26 20:00:00+00:00,2025-07-28 14:00:00+00:00,2.928,2.853144,2.854,3.076,-107.0015,-1.0116,0,SL,42,53.0
NEAR-USDT-SWAP,2,2025-09-07 14:00:00+00:00,2025-09-08 09:00:00+00:00,2.465,2.525,2.435,2.525,190.02,2.0,1,TP,19,59.0
NEAR-USDT-SWAP,2,2025-10-04 21:00:00+00:00,2025-10-04 23:00:00+00:00,2.92,2.968,2.896,2.968,185.28,2.0,1,TP,2,2.0
NEAR-USDT-SWAP,2,2025-10-05 00:00:00+00:00,2025-10-05 02:00:00+00:00,2.959,3.025,2.926,3.025,189.12,2.0,1,TP,2,5.0
NEAR-USDT-SWAP,2,2025-10-25 20:00:00+00:00,2025-10-25 21:00:00+00:00,2.295,2.271318,2.272,2.341,-117.8391,-1.0296,0,SL,1,1.0
NEAR-USDT-SWAP,2,2025-10-26 06:00:00+00:00,2025-10-26 11:00:00+00:00,2.291,2.347,2.263,2.347,190.0614,2.0,1,TP,5,20.0
NEAR-USDT-SWAP,3,2025-11-12 10:00:00+00:00,2025-11-12 14:00:00+00:00,2.641,2.560232,2.561,2.801,-105.8217,-1.0096,0,SL,4,2.0
NEAR-USDT-SWAP,3,2025-11-12 22:00:00+00:00,2025-11-13 03:00:00+00:00,2.554,2.497251,2.498,2.666,-108.0885,-1.0134,0,SL,5,1.0
NEAR-USDT-SWAP,3,2025-11-13 14:00:00+00:00,2025-11-13 15:00:00+00:00,2.564,2.53224,2.533,2.626,-114.7663,-1.0245,0,SL,1,8.0
NEAR-USDT-SWAP,3,2025-12-27 13:00:00+00:00,2025-12-27 23:00:00+00:00,1.538,1.592,1.511,1.592,193.0444,2.0,1,TP,10,15.0
NEAR-USDT-SWAP,3,2026-01-10 14:00:00+00:00,2026-01-10 15:00:00+00:00,1.722,1.711486,1.712,1.742,-130.8729,-1.0514,0,SL,1,1.0
NEAR-USDT-SWAP,3,2026-01-17 09:00:00+00:00,2026-01-18 01:00:00+00:00,1.781,1.741477,1.742,1.859,-108.0992,-1.0134,0,SL,16,10.0
NEAR-USDT-SWAP,4,2026-02-14 13:00:00+00:00,2026-02-14 16:00:00+00:00,1.05,1.072,1.039,1.072,188.4255,2.0,1,TP,3,10.0
NEAR-USDT-SWAP,4,2026-03-15 00:00:00+00:00,2026-03-15 02:00:00+00:00,1.324,1.358,1.307,1.358,190.5341,2.0,1,TP,2,8.0
NEAR-USDT-SWAP,4,2026-03-15 03:00:00+00:00,2026-03-16 20:00:00+00:00,1.3601,1.4495,1.3154,1.4495,196.2287,2.0,1,TP,41,83.0
NEAR-USDT-SWAP,4,2026-04-03 22:00:00+00:00,2026-04-03 23:00:00+00:00,1.2097,1.205138,1.2055,1.2181,-151.7191,-1.0861,0,SL,1,8.0
NEAR-USDT-SWAP,4,2026-04-04 05:00:00+00:00,2026-04-04 13:00:00+00:00,1.2241,1.2499,1.2112,1.2499,188.493,2.0,1,TP,8,11.0
NEAR-USDT-SWAP,4,2026-04-04 14:00:00+00:00,2026-04-04 15:00:00+00:00,1.2421,1.2661,1.2301,1.2661,187.459,2.0,1,TP,1,16.0
NEAR-USDT-SWAP,4,2026-04-11 10:00:00+00:00,2026-04-11 15:00:00+00:00,1.347,1.3634,1.3388,1.3634,180.1678,2.0,1,TP,5,4.0
NEAR-USDT-SWAP,4,2026-04-11 17:00:00+00:00,2026-04-12 01:00:00+00:00,1.3835,1.350395,1.3508,1.4489,-107.4949,-1.0124,0,SL,8,44.0
NEAR-USDT-SWAP,4,2026-04-16 04:00:00+00:00,2026-04-16 09:00:00+00:00,1.428,1.406578,1.407,1.47,-112.1188,-1.0201,0,SL,5,37.0
NEAR-USDT-SWAP,4,2026-04-22 04:00:00+00:00,2026-04-23 03:00:00+00:00,1.403,1.382585,1.383,1.443,-112.5058,-1.0207,0,SL,23,9.0
NEAR-USDT-SWAP,4,2026-04-23 07:00:00+00:00,2026-04-23 09:00:00+00:00,1.39,1.377587,1.378,1.414,-120.7279,-1.0345,0,SL,2,3.0
NEAR-USDT-SWAP,4,2026-04-25 05:00:00+00:00,2026-04-25 11:00:00+00:00,1.414,1.406578,1.407,1.428,-136.2364,-1.0603,0,SL,6,1.0
NEAR-USDT-SWAP,4,2026-04-26 06:00:00+00:00,2026-04-26 12:00:00+00:00,1.405,1.392582,1.393,1.429,-120.9529,-1.0348,0,SL,6,5.0
NEAR-USDT-SWAP,5,2026-05-10 09:00:00+00:00,2026-05-10 20:00:00+00:00,1.577,1.551534,1.552,1.627,-111.2333,-1.0186,0,SL,11,16.0
NEAR-USDT-SWAP,5,2026-05-28 20:00:00+00:00,2026-05-28 21:00:00+00:00,2.389,2.461,2.353,2.461,191.9167,2.0,1,TP,1,15.0
NEAR-USDT-SWAP,5,2026-07-05 14:00:00+00:00,2026-07-06 15:00:00+00:00,1.979,2.061,1.938,2.061,194.0878,2.0,1,TP,25,100.0
ATOM-USDT-SWAP,1,2025-04-29 08:00:00+00:00,2025-04-29 10:00:00+00:00,4.514,4.470658,4.472,4.598,-119.2238,-1.0319,0,SL,2,1.0
ATOM-USDT-SWAP,1,2025-05-14 12:00:00+00:00,2025-05-14 13:00:00+00:00,5.188,5.145456,5.147,5.27,-122.6543,-1.0377,0,SL,1,4.0
ATOM-USDT-SWAP,1,2025-05-22 17:00:00+00:00,2025-05-23 01:00:00+00:00,5.177,5.243,5.144,5.243,181.0545,2.0,1,TP,8,1.0
ATOM-USDT-SWAP,1,2025-05-23 03:00:00+00:00,2025-05-23 06:00:00+00:00,5.304,5.170448,5.172,5.568,-107.112,-1.0118,0,SL,3,29.0
ATOM-USDT-SWAP,1,2025-06-28 23:00:00+00:00,2025-06-29 04:00:00+00:00,3.998,3.96381,3.965,4.064,-121.6851,-1.036,0,SL,5,1.0
ATOM-USDT-SWAP,1,2025-06-29 07:00:00+00:00,2025-06-29 22:00:00+00:00,4.002,4.086,3.96,4.086,188.4457,2.0,1,TP,15,25.0
ATOM-USDT-SWAP,1,2025-07-16 19:00:00+00:00,2025-07-16 21:00:00+00:00,4.769,4.851,4.728,4.851,185.922,2.0,1,TP,2,20.0
ATOM-USDT-SWAP,1,2025-07-21 12:00:00+00:00,2025-07-21 16:00:00+00:00,5.257,5.191442,5.193,5.385,-114.6639,-1.0243,0,SL,4,30.0
ATOM-USDT-SWAP,1,2025-07-27 23:00:00+00:00,2025-07-28 14:00:00+00:00,4.875,4.79956,4.801,5.023,-111.7369,-1.0195,0,SL,15,56.0
ATOM-USDT-SWAP,2,2025-08-17 05:00:00+00:00,2025-08-17 15:00:00+00:00,4.609,4.719,4.554,4.719,189.824,2.0,1,TP,10,3.0
ATOM-USDT-SWAP,2,2025-08-17 16:00:00+00:00,2025-08-17 18:00:00+00:00,4.727,4.655603,4.657,4.867,-112.0339,-1.02,0,SL,2,17.0
ATOM-USDT-SWAP,2,2025-08-28 13:00:00+00:00,2025-08-29 08:00:00+00:00,4.648,4.562631,4.564,4.816,-109.839,-1.0163,0,SL,19,55.0
ATOM-USDT-SWAP,2,2025-08-31 13:00:00+00:00,2025-08-31 14:00:00+00:00,4.61,4.551634,4.553,4.724,-114.4365,-1.024,0,SL,1,11.0
ATOM-USDT-SWAP,2,2025-09-07 15:00:00+00:00,2025-09-07 16:00:00+00:00,4.481,4.454663,4.456,4.531,-132.14,-1.0535,0,SL,1,9.0
ATOM-USDT-SWAP,2,2025-09-08 00:00:00+00:00,2025-09-08 03:00:00+00:00,4.481,4.537,4.453,4.537,180.6757,2.0,1,TP,3,26.0
ATOM-USDT-SWAP,2,2025-09-13 07:00:00+00:00,2025-09-13 09:00:00+00:00,4.792,4.836,4.77,4.836,173.7418,2.0,1,TP,2,2.0
ATOM-USDT-SWAP,2,2025-09-13 10:00:00+00:00,2025-09-13 13:00:00+00:00,4.846,4.782565,4.784,4.97,-113.9476,-1.0231,0,SL,3,17.0
ATOM-USDT-SWAP,2,2025-09-18 18:00:00+00:00,2025-09-19 04:00:00+00:00,4.664,4.615615,4.617,4.758,-117.7404,-1.0295,0,SL,10,72.0
ATOM-USDT-SWAP,2,2025-10-05 09:00:00+00:00,2025-10-05 11:00:00+00:00,4.277,4.211736,4.213,4.405,-111.9079,-1.0197,0,SL,2,19.0
ATOM-USDT-SWAP,3,2025-12-25 09:00:00+00:00,2025-12-25 10:00:00+00:00,2.008,1.985404,1.986,2.052,-116.3075,-1.0271,0,SL,1,11.0
ATOM-USDT-SWAP,3,2025-12-25 17:00:00+00:00,2025-12-25 22:00:00+00:00,2.014,1.986404,1.987,2.068,-113.3053,-1.0221,0,SL,5,1.0
ATOM-USDT-SWAP,3,2025-12-27 12:00:00+00:00,2025-12-27 23:00:00+00:00,2.05,2.094,2.028,2.094,188.6982,2.0,1,TP,11,6.0
ATOM-USDT-SWAP,3,2025-12-28 07:00:00+00:00,2025-12-28 12:00:00+00:00,2.103,2.080376,2.081,2.147,-117.0847,-1.0284,0,SL,5,17.0
ATOM-USDT-SWAP,3,2026-01-11 04:00:00+00:00,2026-01-11 20:00:00+00:00,2.608,2.572228,2.573,2.678,-113.2912,-1.0221,0,SL,16,1.0
ATOM-USDT-SWAP,3,2026-01-13 05:00:00+00:00,2026-01-13 14:00:00+00:00,2.543,2.605,2.512,2.605,190.0361,2.0,1,TP,9,4.0
ATOM-USDT-SWAP,3,2026-01-13 15:00:00+00:00,2026-01-15 03:00:00+00:00,2.589,2.524242,2.525,2.717,-107.1609,-1.0118,0,SL,36,15.0
ATOM-USDT-SWAP,3,2026-01-15 08:00:00+00:00,2026-01-15 09:00:00+00:00,2.546,2.53224,2.533,2.572,-135.1288,-1.0585,0,SL,1,5.0
ATOM-USDT-SWAP,4,2026-02-14 10:00:00+00:00,2026-02-14 17:00:00+00:00,2.135,2.181,2.112,2.181,188.7409,2.0,1,TP,7,23.0
ATOM-USDT-SWAP,4,2026-02-20 10:00:00+00:00,2026-02-22 12:00:00+00:00,2.324,2.26632,2.267,2.438,-107.2182,-1.0119,0,SL,50,4.0
ATOM-USDT-SWAP,4,2026-03-12 09:00:00+00:00,2026-03-12 11:00:00+00:00,1.829,1.817455,1.818,1.851,-129.8061,-1.0496,0,SL,2,15.0
ATOM-USDT-SWAP,4,2026-03-13 12:00:00+00:00,2026-03-13 13:00:00+00:00,1.851,1.859,1.847,1.859,144.35,2.0,1,TP,1,9.0
ATOM-USDT-SWAP,4,2026-03-14 10:00:00+00:00,2026-03-14 11:00:00+00:00,1.862,1.868,1.859,1.868,101.0204,2.0,1,TP,1,8.0
ATOM-USDT-SWAP,4,2026-03-15 12:00:00+00:00,2026-03-15 16:00:00+00:00,1.861,1.846446,1.847,1.889,-123.8048,-1.0396,0,SL,4,3.0
ATOM-USDT-SWAP,4,2026-04-04 19:00:00+00:00,2026-04-04 20:00:00+00:00,1.712,1.69949,1.7,1.736,-125.5575,-1.0425,0,SL,1,9.0
ATOM-USDT-SWAP,4,2026-04-05 04:00:00+00:00,2026-04-05 05:00:00+00:00,1.72,1.706488,1.707,1.746,-123.693,-1.0394,0,SL,1,6.0
ATOM-USDT-SWAP,4,2026-04-21 12:00:00+00:00,2026-04-21 13:00:00+00:00,1.816,1.794462,1.795,1.858,-115.4442,-1.0256,0,SL,1,17.0
ATOM-USDT-SWAP,5,2026-05-10 07:00:00+00:00,2026-05-10 12:00:00+00:00,1.926,1.946,1.916,1.946,176.768,2.0,1,TP,5,5.0
ATOM-USDT-SWAP,5,2026-05-14 15:00:00+00:00,2026-05-15 02:00:00+00:00,2.043,2.015395,2.016,2.097,-113.4987,-1.0224,0,SL,11,2.0
ATOM-USDT-SWAP,5,2026-06-14 04:00:00+00:00,2026-06-14 05:00:00+00:00,1.948,1.939418,1.94,1.964,-143.7056,-1.0727,0,SL,1,3.0
ATOM-USDT-SWAP,5,2026-07-04 13:00:00+00:00,2026-07-05 00:00:00+00:00,1.592,1.582525,1.583,1.61,-131.7168,-1.0528,0,SL,11,2.0
SUI-USDT-SWAP,1,2025-05-01 10:00:00+00:00,2025-05-01 12:00:00+00:00,3.5564,3.7148,3.4772,3.7148,194.4915,2.0,1,TP,2,28.0
SUI-USDT-SWAP,1,2025-05-03 04:00:00+00:00,2025-05-03 10:00:00+00:00,3.4305,3.362791,3.3638,3.5639,-109.1368,-1.0151,0,SL,6,1.0
SUI-USDT-SWAP,1,2025-05-14 06:00:00+00:00,2025-05-14 07:00:00+00:00,4.0314,3.967309,3.9685,4.1572,-111.4155,-1.0189,0,SL,1,1.0
SUI-USDT-SWAP,1,2025-05-21 12:00:00+00:00,2025-05-21 15:00:00+00:00,3.8708,3.9834,3.8145,3.9834,191.6296,2.0,1,TP,3,16.0
SUI-USDT-SWAP,1,2025-06-28 23:00:00+00:00,2025-06-30 12:00:00+00:00,2.823,2.757572,2.7584,2.9522,-107.7452,-1.0128,0,SL,37,37.0
SUI-USDT-SWAP,1,2025-07-06 14:00:00+00:00,2025-07-06 18:00:00+00:00,2.9465,2.877636,2.8785,3.0825,-107.6788,-1.0127,0,SL,4,18.0
SUI-USDT-SWAP,1,2025-07-20 07:00:00+00:00,2025-07-20 08:00:00+00:00,3.8888,3.9494,3.8585,3.9494,184.4788,2.0,1,TP,1,6.0
SUI-USDT-SWAP,1,2025-07-20 09:00:00+00:00,2025-07-20 22:00:00+00:00,3.9905,3.883535,3.8847,4.2021,-106.6685,-1.011,0,SL,13,1.0
SUI-USDT-SWAP,1,2025-07-26 10:00:00+00:00,2025-07-26 16:00:00+00:00,4.0718,4.2388,3.9883,4.2388,194.0283,2.0,1,TP,6,23.0
SUI-USDT-SWAP,1,2025-07-27 05:00:00+00:00,2025-07-27 09:00:00+00:00,4.2016,4.169849,4.1711,4.2626,-124.6739,-1.041,0,SL,4,1.0
SUI-USDT-SWAP,2,2025-08-23 21:00:00+00:00,2025-08-24 03:00:00+00:00,3.7238,3.69949,3.7006,3.7702,-128.7687,-1.0479,0,SL,6,1.0
SUI-USDT-SWAP,2,2025-09-07 13:00:00+00:00,2025-09-07 16:00:00+00:00,3.4038,3.388083,3.3891,3.4332,-141.555,-1.0692,0,SL,3,9.0
SUI-USDT-SWAP,2,2025-10-04 14:00:00+00:00,2025-10-05 00:00:00+00:00,3.5525,3.6599,3.4988,3.6599,191.9415,2.0,1,TP,10,7.0
SUI-USDT-SWAP,3,2025-11-27 18:00:00+00:00,2025-11-27 22:00:00+00:00,1.5655,1.543737,1.5442,1.6081,-113.1083,-1.0217,0,SL,4,3.0
SUI-USDT-SWAP,3,2025-12-12 14:00:00+00:00,2025-12-12 15:00:00+00:00,1.6538,1.635109,1.6356,1.6902,-116.2346,-1.027,0,SL,1,8.0
SUI-USDT-SWAP,3,2025-12-14 02:00:00+00:00,2025-12-14 05:00:00+00:00,1.6115,1.594621,1.5951,1.6443,-117.5654,-1.0292,0,SL,3,7.0
SUI-USDT-SWAP,3,2026-01-10 10:00:00+00:00,2026-01-10 18:00:00+00:00,1.8413,1.792262,1.7928,1.9383,-106.713,-1.0111,0,SL,8,1.0
SUI-USDT-SWAP,3,2026-01-11 04:00:00+00:00,2026-01-11 05:00:00+00:00,1.8016,1.812,1.7964,1.812,158.3046,2.0,1,TP,1,2.0
SUI-USDT-SWAP,3,2026-01-11 06:00:00+00:00,2026-01-11 15:00:00+00:00,1.8136,1.795261,1.7958,1.8492,-118.218,-1.0303,0,SL,9,4.0
SUI-USDT-SWAP,4,2026-03-14 18:00:00+00:00,2026-03-14 23:00:00+00:00,0.9901,1.0019,0.9842,1.0019,179.7424,2.0,1,TP,5,1.0
SUI-USDT-SWAP,4,2026-03-15 01:00:00+00:00,2026-03-15 02:00:00+00:00,0.9993,1.0135,0.9922,1.0135,182.9904,2.0,1,TP,1,1.0
SUI-USDT-SWAP,4,2026-03-15 04:00:00+00:00,2026-03-15 06:00:00+00:00,1.0116,0.9997,1.0,1.0348,-115.5757,-1.0259,0,SL,2,11.0
SUI-USDT-SWAP,4,2026-04-11 17:00:00+00:00,2026-04-12 01:00:00+00:00,0.9459,0.930021,0.9303,0.9771,-110.7932,-1.0179,0,SL,8,24.0
SUI-USDT-SWAP,5,2026-07-03 12:00:00+00:00,2026-07-03 19:00:00+00:00,0.7508,0.7694,0.7415,0.7694,190.1923,2.0,1,TP,7,35.0
SUI-USDT-SWAP,5,2026-07-04 13:00:00+00:00,2026-07-04 15:00:00+00:00,0.759,0.771,0.753,0.771,184.7,2.0,1,TP,2,4.0
SUI-USDT-SWAP,5,2026-07-04 17:00:00+00:00,2026-07-04 18:00:00+00:00,0.7673,0.7747,0.7636,0.7747,174.9946,2.0,1,TP,1,54.0
SUI-USDT-SWAP,5,2026-07-05 14:00:00+00:00,2026-07-06 05:00:00+00:00,0.7519,0.739778,0.74,0.7757,-111.2522,-1.0187,0,SL,15,23.0
SUI-USDT-SWAP,5,2026-07-11 19:00:00+00:00,2026-07-11 22:00:00+00:00,0.7489,0.742077,0.7423,0.7621,-120.3025,-1.0337,0,SL,3,15.0
SUI-USDT-SWAP,5,2026-07-12 21:00:00+00:00,2026-07-12 22:00:00+00:00,0.7408,0.737679,0.7379,0.7466,-145.8561,-1.0763,0,SL,1,9.0
SUI-USDT-SWAP,5,2026-07-19 08:00:00+00:00,2026-07-19 10:00:00+00:00,0.7445,0.7515,0.741,0.7515,174.3543,2.0,1,TP,2,9.0
APT-USDT-SWAP,1,2025-05-01 10:00:00+00:00,2025-05-02 19:00:00+00:00,5.452,5.374387,5.376,5.604,-112.7914,-1.0212,0,SL,33,9.0
APT-USDT-SWAP,1,2025-06-28 17:00:00+00:00,2025-06-28 23:00:00+00:00,4.79,4.86,4.755,4.86,183.4571,2.0,1,TP,6,1.0
APT-USDT-SWAP,1,2025-06-29 08:00:00+00:00,2025-06-29 10:00:00+00:00,4.793,4.855,4.762,4.855,181.3265,2.0,1,TP,2,3.0
APT-USDT-SWAP,1,2025-06-29 11:00:00+00:00,2025-06-29 14:00:00+00:00,4.847,4.779566,4.781,4.979,-113.0978,-1.0217,0,SL,3,5.0
APT-USDT-SWAP,1,2025-06-29 20:00:00+00:00,2025-06-29 22:00:00+00:00,4.839,4.949,4.784,4.949,189.3222,2.0,1,TP,2,17.0
APT-USDT-SWAP,1,2025-07-19 21:00:00+00:00,2025-07-20 22:00:00+00:00,5.333,5.210436,5.212,5.575,-107.8126,-1.0129,0,SL,25,9.0
APT-USDT-SWAP,2,2025-08-17 06:00:00+00:00,2025-08-17 08:00:00+00:00,4.775,4.835,4.745,4.835,180.78,2.0,1,TP,2,1.0
APT-USDT-SWAP,2,2025-08-17 10:00:00+00:00,2025-08-18 00:00:00+00:00,4.842,4.771568,4.773,4.98,-112.5101,-1.0208,0,SL,14,22.0
APT-USDT-SWAP,2,2025-08-23 21:00:00+00:00,2025-08-24 02:00:00+00:00,4.753,4.716585,4.718,4.823,-124.3216,-1.0404,0,SL,5,1.0
APT-USDT-SWAP,2,2025-09-13 07:00:00+00:00,2025-09-13 16:00:00+00:00,4.661,4.611616,4.613,4.757,-117.357,-1.0288,0,SL,9,98.0
APT-USDT-SWAP,3,2025-11-12 10:00:00+00:00,2025-11-12 14:00:00+00:00,3.179,3.093072,3.094,3.349,-106.6113,-1.0109,0,SL,4,1.0
APT-USDT-SWAP,3,2025-12-27 13:00:00+00:00,2025-12-28 19:00:00+00:00,1.727,1.703489,1.704,1.773,-113.3943,-1.0222,0,SL,30,3.0
APT-USDT-SWAP,3,2026-01-01 13:00:00+00:00,2026-01-01 14:00:00+00:00,1.709,1.743,1.692,1.743,187.8165,2.0,1,TP,1,22.0
APT-USDT-SWAP,4,2026-03-06 03:00:00+00:00,2026-03-06 09:00:00+00:00,1.0072,0.992202,0.9925,1.0366,-112.2118,-1.0203,0,SL,6,6.0
APT-USDT-SWAP,4,2026-04-19 13:00:00+00:00,2026-04-19 15:00:00+00:00,0.9528,0.928521,0.9288,1.0008,-107.0253,-1.0116,0,SL,2,17.0
APT-USDT-SWAP,4,2026-04-20 02:00:00+00:00,2026-04-20 20:00:00+00:00,0.9226,0.9504,0.9087,0.9504,191.9151,2.0,1,TP,18,22.0
APT-USDT-SWAP,4,2026-04-21 06:00:00+00:00,2026-04-21 17:00:00+00:00,0.9355,0.925122,0.9254,0.9557,-116.5506,-1.0275,0,SL,11,15.0
APT-USDT-SWAP,4,2026-04-24 13:00:00+00:00,2026-04-24 15:00:00+00:00,0.9629,0.953514,0.9538,0.9811,-118.9245,-1.0314,0,SL,2,8.0
APT-USDT-SWAP,4,2026-04-26 06:00:00+00:00,2026-04-26 11:00:00+00:00,0.9709,0.9921,0.9603,0.9921,188.8887,2.0,1,TP,5,12.0
APT-USDT-SWAP,5,2026-05-02 10:00:00+00:00,2026-05-02 11:00:00+00:00,1.0011,0.991203,0.9915,1.0203,-118.6488,-1.031,0,SL,1,10.0
APT-USDT-SWAP,5,2026-05-02 17:00:00+00:00,2026-05-02 18:00:00+00:00,1.0034,0.992302,0.9926,1.025,-116.6017,-1.0276,0,SL,1,3.0
APT-USDT-SWAP,5,2026-05-10 04:00:00+00:00,2026-05-10 11:00:00+00:00,1.0951,1.1197,1.0828,1.1197,189.1961,2.0,1,TP,7,4.0
APT-USDT-SWAP,5,2026-05-25 15:00:00+00:00,2026-05-25 23:00:00+00:00,0.977,0.960612,0.9609,1.0092,-110.8019,-1.0179,0,SL,8,22.0
APT-USDT-SWAP,5,2026-07-03 03:00:00+00:00,2026-07-03 20:00:00+00:00,0.6181,0.6357,0.6093,0.6357,191.4514,2.0,1,TP,17,11.0
APT-USDT-SWAP,5,2026-07-11 10:00:00+00:00,2026-07-11 13:00:00+00:00,0.6318,0.6408,0.6273,0.6408,183.032,2.0,1,TP,3,2.0
APT-USDT-SWAP,5,2026-07-11 14:00:00+00:00,2026-07-11 23:00:00+00:00,0.6394,0.63371,0.6339,0.6504,-120.8037,-1.0346,0,SL,9,11.0
APT-USDT-SWAP,5,2026-07-25 23:00:00+00:00,2026-07-26 00:00:00+00:00,0.6126,0.608817,0.609,0.6198,-130.507,-1.0507,0,SL,1,1.0
WIF-USDT-SWAP,1,2025-06-28 17:00:00+00:00,2025-06-29 13:00:00+00:00,0.8168,0.8596,0.7954,0.8596,195.2998,2.0,1,TP,20,25.0
WIF-USDT-SWAP,1,2025-07-19 17:00:00+00:00,2025-07-20 08:00:00+00:00,1.0683,1.1171,1.0439,1.1171,194.6261,2.0,1,TP,15,4.0
WIF-USDT-SWAP,1,2025-07-20 10:00:00+00:00,2025-07-20 13:00:00+00:00,1.111,1.1448,1.0941,1.1448,191.9912,2.0,1,TP,3,2.0
WIF-USDT-SWAP,1,2025-08-24 00:00:00+00:00,2025-08-24 05:00:00+00:00,0.9055,0.89863,0.8989,0.9187,-124.573,-1.0409,0,SL,5,1.0
WIF-USDT-SWAP,2,2025-09-05 14:00:00+00:00,2025-09-05 15:00:00+00:00,0.8225,0.810057,0.8103,0.8469,-112.0141,-1.0199,0,SL,1,60.0
WIF-USDT-SWAP,2,2025-09-07 03:00:00+00:00,2025-09-07 05:00:00+00:00,0.821,0.8282,0.8174,0.8282,172.5133,2.0,1,TP,2,1.0
WIF-USDT-SWAP,2,2025-09-07 12:00:00+00:00,2025-09-07 18:00:00+00:00,0.836,0.818854,0.8191,0.8698,-108.7833,-1.0145,0,SL,6,2.0
WIF-USDT-SWAP,2,2025-10-25 20:00:00+00:00,2025-10-26 01:00:00+00:00,0.5505,0.542737,0.5429,0.5657,-112.9169,-1.0214,0,SL,5,1.0
WIF-USDT-SWAP,2,2025-10-26 06:00:00+00:00,2025-10-26 11:00:00+00:00,0.5425,0.5615,0.533,0.5615,193.0274,2.0,1,TP,5,18.0
WIF-USDT-SWAP,2,2025-11-02 13:00:00+00:00,2025-11-02 14:00:00+00:00,0.5412,0.53374,0.5339,0.5558,-113.2233,-1.0219,0,SL,1,15.0
WIF-USDT-SWAP,3,2025-11-27 15:00:00+00:00,2025-11-28 14:00:00+00:00,0.3821,0.3955,0.3754,0.3955,193.0364,2.0,1,TP,23,30.0
WIF-USDT-SWAP,3,2025-11-30 01:00:00+00:00,2025-11-30 03:00:00+00:00,0.3787,0.374588,0.3747,0.3867,-116.9198,-1.0281,0,SL,2,1.0
WIF-USDT-SWAP,3,2025-11-30 08:00:00+00:00,2025-11-30 13:00:00+00:00,0.3772,0.3866,0.3725,0.3866,190.2494,2.0,1,TP,5,15.0
WIF-USDT-SWAP,3,2025-12-13 09:00:00+00:00,2025-12-14 04:00:00+00:00,0.3973,0.392382,0.3925,0.4069,-114.7773,-1.0245,0,SL,19,2.0
WIF-USDT-SWAP,3,2025-12-14 08:00:00+00:00,2025-12-14 14:00:00+00:00,0.394,0.387484,0.3876,0.4068,-110.9602,-1.0182,0,SL,6,16.0
WIF-USDT-SWAP,3,2026-01-08 17:00:00+00:00,2026-01-08 20:00:00+00:00,0.3899,0.379286,0.3794,0.4109,-106.5633,-1.0108,0,SL,3,11.0
WIF-USDT-SWAP,3,2026-01-09 05:00:00+00:00,2026-01-09 16:00:00+00:00,0.383,0.3956,0.3767,0.3956,192.5848,2.0,1,TP,11,11.0
WIF-USDT-SWAP,3,2026-01-10 11:00:00+00:00,2026-01-10 18:00:00+00:00,0.3839,0.377487,0.3776,0.3965,-110.8475,-1.018,0,SL,7,2.0
WIF-USDT-SWAP,4,2026-03-06 03:00:00+00:00,2026-03-06 08:00:00+00:00,0.2169,0.213536,0.2136,0.2235,-111.7097,-1.0194,0,SL,5,3.0
WIF-USDT-SWAP,4,2026-03-21 10:00:00+00:00,2026-03-21 11:00:00+00:00,0.1803,0.178846,0.1789,0.1831,-123.0591,-1.0383,0,SL,1,1.0
WIF-USDT-SWAP,4,2026-03-21 17:00:00+00:00,2026-03-21 23:00:00+00:00,0.1819,0.178546,0.1786,0.1885,-109.8008,-1.0162,0,SL,6,4.0
WIF-USDT-SWAP,4,2026-04-11 17:00:00+00:00,2026-04-12 01:00:00+00:00,0.1975,0.193042,0.1931,0.2063,-107.9588,-1.0132,0,SL,8,41.0
WIF-USDT-SWAP,4,2026-05-03 15:00:00+00:00,2026-05-03 22:00:00+00:00,0.1874,0.19,0.1861,0.19,182.5815,2.0,1,TP,7,3.0
WIF-USDT-SWAP,5,2026-05-09 19:00:00+00:00,2026-05-10 01:00:00+00:00,0.2252,0.222533,0.2226,0.2304,-115.4692,-1.0257,0,SL,6,8.0
WIF-USDT-SWAP,5,2026-05-10 10:00:00+00:00,2026-05-10 17:00:00+00:00,0.2256,0.2312,0.2228,0.2312,190.2114,2.0,1,TP,7,10.0
WIF-USDT-SWAP,5,2026-05-31 04:00:00+00:00,2026-05-31 07:00:00+00:00,0.1918,0.190043,0.1901,0.1952,-120.1862,-1.0335,0,SL,3,1.0
WIF-USDT-SWAP,5,2026-06-13 13:00:00+00:00,2026-06-13 14:00:00+00:00,0.1625,0.160852,0.1609,0.1657,-118.1594,-1.0302,0,SL,1,3.0
WIF-USDT-SWAP,5,2026-07-03 11:00:00+00:00,2026-07-05 03:00:00+00:00,0.1765,0.171948,0.172,0.1855,-106.9393,-1.0115,0,SL,40,5.0
WIF-USDT-SWAP,5,2026-07-05 14:00:00+00:00,2026-07-06 11:00:00+00:00,0.1753,0.171549,0.1716,0.1827,-108.4073,-1.0139,0,SL,21,4.0
PEPE-USDT-SWAP,1,2025-04-30 11:00:00+00:00,2025-04-30 12:00:00+00:00,9e-06,9e-06,9e-06,9e-06,-109.5455,-1.0158,0,SL,1,4.0
PEPE-USDT-SWAP,1,2025-05-01 11:00:00+00:00,2025-05-01 13:00:00+00:00,9e-06,9e-06,9e-06,9e-06,-111.0898,-1.0184,0,SL,2,1.0
PEPE-USDT-SWAP,1,2025-05-14 06:00:00+00:00,2025-05-14 08:00:00+00:00,1.4e-05,1.4e-05,1.4e-05,1.5e-05,-105.477,-1.009,0,SL,2,4.0
PEPE-USDT-SWAP,1,2025-05-27 05:00:00+00:00,2025-05-27 06:00:00+00:00,1.4e-05,1.4e-05,1.4e-05,1.4e-05,187.7768,2.0,1,TP,1,7.0
PEPE-USDT-SWAP,1,2025-05-27 08:00:00+00:00,2025-05-27 14:00:00+00:00,1.4e-05,1.4e-05,1.4e-05,1.4e-05,-110.9699,-1.0182,0,SL,6,7.0
PEPE-USDT-SWAP,1,2025-05-28 13:00:00+00:00,2025-05-28 14:00:00+00:00,1.4e-05,1.4e-05,1.4e-05,1.5e-05,-107.8952,-1.0131,0,SL,1,7.0
PEPE-USDT-SWAP,1,2025-07-19 21:00:00+00:00,2025-07-20 08:00:00+00:00,1.3e-05,1.4e-05,1.3e-05,1.4e-05,194.0347,2.0,1,TP,11,1.0
PEPE-USDT-SWAP,2,2025-09-07 12:00:00+00:00,2025-09-07 18:00:00+00:00,1e-05,1e-05,1e-05,1e-05,-116.9679,-1.0282,0,SL,6,18.0
PEPE-USDT-SWAP,2,2025-09-16 23:00:00+00:00,2025-09-17 04:00:00+00:00,1.1e-05,1.1e-05,1.1e-05,1.1e-05,-119.7284,-1.0328,0,SL,5,9.0
PEPE-USDT-SWAP,2,2025-10-25 13:00:00+00:00,2025-10-26 01:00:00+00:00,7e-06,7e-06,7e-06,7e-06,-122.9016,-1.0381,0,SL,12,1.0
PEPE-USDT-SWAP,2,2025-10-26 07:00:00+00:00,2025-10-26 08:00:00+00:00,7e-06,7e-06,7e-06,7e-06,180.5327,2.0,1,TP,1,9.0
PEPE-USDT-SWAP,2,2025-10-26 09:00:00+00:00,2025-10-26 11:00:00+00:00,7e-06,7e-06,7e-06,7e-06,190.905,2.0,1,TP,2,23.0
PEPE-USDT-SWAP,3,2025-11-27 20:00:00+00:00,2025-11-27 22:00:00+00:00,5e-06,5e-06,5e-06,5e-06,-113.4901,-1.0224,0,SL,2,7.0
PEPE-USDT-SWAP,3,2025-12-27 13:00:00+00:00,2025-12-27 16:00:00+00:00,4e-06,4e-06,4e-06,4e-06,176.7143,2.0,1,TP,3,1.0
PEPE-USDT-SWAP,3,2025-12-27 17:00:00+00:00,2025-12-29 02:00:00+00:00,4e-06,4e-06,4e-06,4e-06,192.5918,2.0,1,TP,33,86.0
PEPE-USDT-SWAP,3,2026-01-07 04:00:00+00:00,2026-01-07 08:00:00+00:00,7e-06,7e-06,7e-06,7e-06,194.9078,2.0,1,TP,4,22.0
PEPE-USDT-SWAP,4,2026-02-14 10:00:00+00:00,2026-02-14 11:00:00+00:00,4e-06,4e-06,4e-06,4e-06,189.6507,2.0,1,TP,1,1.0
PEPE-USDT-SWAP,4,2026-02-20 11:00:00+00:00,2026-02-20 12:00:00+00:00,4e-06,4e-06,4e-06,4e-06,-144.5579,-1.0742,0,SL,1,7.0
PEPE-USDT-SWAP,4,2026-04-19 13:00:00+00:00,2026-04-19 17:00:00+00:00,4e-06,4e-06,4e-06,4e-06,-113.6982,-1.0227,0,SL,4,37.0
PEPE-USDT-SWAP,4,2026-04-21 06:00:00+00:00,2026-04-21 17:00:00+00:00,4e-06,4e-06,4e-06,4e-06,-114.0536,-1.0233,0,SL,11,14.0
PEPE-USDT-SWAP,4,2026-04-23 16:00:00+00:00,2026-04-23 17:00:00+00:00,4e-06,4e-06,4e-06,4e-06,-109.743,-1.0161,0,SL,1,18.0
PEPE-USDT-SWAP,4,2026-04-25 02:00:00+00:00,2026-04-25 11:00:00+00:00,4e-06,4e-06,4e-06,4e-06,-117.3653,-1.0288,0,SL,9,1.0
PEPE-USDT-SWAP,4,2026-04-25 22:00:00+00:00,2026-04-26 05:00:00+00:00,4e-06,4e-06,4e-06,4e-06,181.5104,2.0,1,TP,7,8.0
PEPE-USDT-SWAP,4,2026-04-26 07:00:00+00:00,2026-04-26 21:00:00+00:00,4e-06,4e-06,4e-06,4e-06,-112.8587,-1.0213,0,SL,14,34.0
PEPE-USDT-SWAP,5,2026-05-02 08:00:00+00:00,2026-05-02 11:00:00+00:00,4e-06,4e-06,4e-06,4e-06,-133.5538,-1.0558,0,SL,3,1.0
PEPE-USDT-SWAP,5,2026-05-02 15:00:00+00:00,2026-05-03 02:00:00+00:00,4e-06,4e-06,4e-06,4e-06,-119.628,-1.0326,0,SL,11,18.0
PEPE-USDT-SWAP,5,2026-05-03 05:00:00+00:00,2026-05-03 22:00:00+00:00,4e-06,4e-06,4e-06,4e-06,182.3733,2.0,1,TP,17,22.0
PEPE-USDT-SWAP,5,2026-05-09 19:00:00+00:00,2026-05-09 23:00:00+00:00,4e-06,4e-06,4e-06,4e-06,-122.5154,-1.0374,0,SL,4,1.0
PEPE-USDT-SWAP,5,2026-05-10 10:00:00+00:00,2026-05-10 16:00:00+00:00,4e-06,4e-06,4e-06,4e-06,184.8306,2.0,1,TP,6,7.0
PEPE-USDT-SWAP,5,2026-05-10 17:00:00+00:00,2026-05-10 18:00:00+00:00,4e-06,5e-06,4e-06,5e-06,194.2568,2.0,1,TP,1,67.0
PEPE-USDT-SWAP,5,2026-06-13 23:00:00+00:00,2026-06-14 00:00:00+00:00,3e-06,3e-06,3e-06,3e-06,-173.1327,-1.1218,0,SL,1,1.0
PEPE-USDT-SWAP,5,2026-07-09 19:00:00+00:00,2026-07-10 08:00:00+00:00,3e-06,3e-06,3e-06,3e-06,190.6294,2.0,1,TP,13,3.0
PEPE-USDT-SWAP,5,2026-07-10 10:00:00+00:00,2026-07-10 16:00:00+00:00,3e-06,3e-06,3e-06,3e-06,193.4144,2.0,1,TP,6,40.0
PEPE-USDT-SWAP,5,2026-07-15 11:00:00+00:00,2026-07-15 12:00:00+00:00,3e-06,3e-06,3e-06,3e-06,-141.5009,-1.0691,0,SL,1,7.0
PEPE-USDT-SWAP,5,2026-07-18 01:00:00+00:00,2026-07-18 05:00:00+00:00,3e-06,3e-06,3e-06,3e-06,-118.2115,-1.0303,0,SL,4,1.0
ENA-USDT-SWAP,1,2026-03-06 08:00:00+00:00,2026-03-06 09:00:00+00:00,0.11577,0.113046,0.11308,0.12115,-107.6259,-1.0126,0,SL,1,4.0
ENA-USDT-SWAP,1,2026-03-15 03:00:00+00:00,2026-03-16 04:00:00+00:00,0.10929,0.11379,0.10704,0.11379,194.0512,2.0,1,TP,25,62.0
ENA-USDT-SWAP,2,2026-04-12 19:00:00+00:00,2026-04-12 20:00:00+00:00,0.09115,0.09323,0.09011,0.09323,189.3627,2.0,1,TP,1,13.0
ENA-USDT-SWAP,2,2026-04-15 01:00:00+00:00,2026-04-15 07:00:00+00:00,0.09693,0.095131,0.09516,0.10047,-109.7363,-1.0161,0,SL,6,13.0
ENA-USDT-SWAP,2,2026-04-21 10:00:00+00:00,2026-04-21 12:00:00+00:00,0.11333,0.110987,0.11102,0.11795,-108.71,-1.0144,0,SL,2,1.0
ENA-USDT-SWAP,3,2026-05-10 09:00:00+00:00,2026-05-10 12:00:00+00:00,0.13085,0.128022,0.12806,0.13643,-108.3211,-1.0138,0,SL,3,6.0
ENA-USDT-SWAP,3,2026-05-10 15:00:00+00:00,2026-05-10 17:00:00+00:00,0.13044,0.13546,0.12793,0.13546,193.6438,2.0,1,TP,2,1.0
ENA-USDT-SWAP,4,2026-06-20 06:00:00+00:00,2026-06-20 13:00:00+00:00,0.08974,0.087014,0.08704,0.09514,-105.8621,-1.0097,0,SL,7,1.0
ENA-USDT-SWAP,4,2026-06-21 00:00:00+00:00,2026-06-21 09:00:00+00:00,0.08929,0.09299,0.08744,0.09299,194.0882,2.0,1,TP,9,12.0
ENA-USDT-SWAP,5,2026-07-10 03:00:00+00:00,2026-07-11 14:00:00+00:00,0.07881,0.08359,0.07642,0.08359,195.923,2.0,1,TP,35,40.0
ENA-USDT-SWAP,5,2026-07-15 11:00:00+00:00,2026-07-15 12:00:00+00:00,0.08355,0.08475,0.08295,0.08475,183.17,2.0,1,TP,1,2.0
UNI-USDT-SWAP,1,2025-05-13 18:00:00+00:00,2025-05-13 19:00:00+00:00,7.005,7.345,6.835,7.345,194.9353,2.0,1,TP,1,14.0
UNI-USDT-SWAP,1,2025-06-03 00:00:00+00:00,2025-06-03 03:00:00+00:00,6.442,6.342097,6.344,6.638,-111.7111,-1.0194,0,SL,3,45.0
UNI-USDT-SWAP,1,2025-06-03 12:00:00+00:00,2025-06-03 13:00:00+00:00,6.462,6.592,6.397,6.592,187.9502,2.0,1,TP,1,1.0
UNI-USDT-SWAP,1,2025-06-07 21:00:00+00:00,2025-06-08 05:00:00+00:00,6.346,6.268119,6.27,6.498,-114.9085,-1.0248,0,SL,8,1.0
UNI-USDT-SWAP,1,2025-06-08 13:00:00+00:00,2025-06-09 03:00:00+00:00,6.323,6.253124,6.255,6.459,-116.6157,-1.0276,0,SL,14,9.0
UNI-USDT-SWAP,1,2025-06-25 21:00:00+00:00,2025-06-26 01:00:00+00:00,7.033,6.919923,6.922,7.255,-111.2837,-1.0187,0,SL,4,3.0
UNI-USDT-SWAP,1,2025-06-28 17:00:00+00:00,2025-06-29 01:00:00+00:00,7.087,6.993901,6.996,7.269,-113.8969,-1.0231,0,SL,8,1.0
UNI-USDT-SWAP,1,2025-06-29 07:00:00+00:00,2025-06-29 09:00:00+00:00,7.019,7.155,6.951,7.155,187.4935,2.0,1,TP,2,2.0
UNI-USDT-SWAP,1,2025-07-08 06:00:00+00:00,2025-07-08 17:00:00+00:00,7.451,7.715,7.319,7.715,193.1064,2.0,1,TP,11,69.0
UNI-USDT-SWAP,1,2025-07-13 14:00:00+00:00,2025-07-13 21:00:00+00:00,8.557,8.437468,8.44,8.791,-113.0433,-1.0216,0,SL,7,19.0
UNI-USDT-SWAP,1,2025-07-20 03:00:00+00:00,2025-07-21 13:00:00+00:00,10.404,10.912,10.15,10.912,194.9647,2.0,1,TP,34,32.0
UNI-USDT-SWAP,1,2025-07-25 23:00:00+00:00,2025-07-26 02:00:00+00:00,10.36,10.558,10.261,10.558,187.3224,2.0,1,TP,3,8.0
UNI-USDT-SWAP,1,2025-07-26 10:00:00+00:00,2025-07-26 12:00:00+00:00,10.537,10.405877,10.409,10.793,-114.6962,-1.0244,0,SL,2,1.0
UNI-USDT-SWAP,1,2025-07-26 20:00:00+00:00,2025-07-27 22:00:00+00:00,10.566,10.934,10.382,10.934,192.9891,2.0,1,TP,26,22.0
UNI-USDT-SWAP,2,2025-08-17 05:00:00+00:00,2025-08-17 18:00:00+00:00,11.163,10.969708,10.973,11.543,-110.4544,-1.0173,0,SL,13,20.0
UNI-USDT-SWAP,2,2025-08-24 14:00:00+00:00,2025-08-24 15:00:00+00:00,10.956,11.102,10.883,11.102,181.8701,2.0,1,TP,1,6.0
UNI-USDT-SWAP,2,2025-09-13 05:00:00+00:00,2025-09-13 06:00:00+00:00,10.208,10.170948,10.174,10.276,-153.917,-1.0898,0,SL,1,5.0
UNI-USDT-SWAP,2,2025-09-13 10:00:00+00:00,2025-09-13 13:00:00+00:00,10.292,10.146955,10.15,10.576,-112.9249,-1.0214,0,SL,3,5.0
UNI-USDT-SWAP,2,2025-10-05 04:00:00+00:00,2025-10-07 06:00:00+00:00,8.152,7.973607,7.976,8.504,-108.2165,-1.0136,0,SL,50,37.0
UNI-USDT-SWAP,3,2025-11-15 05:00:00+00:00,2025-11-15 08:00:00+00:00,7.41,7.311806,7.314,7.602,-113.7724,-1.0229,0,SL,3,1.0
UNI-USDT-SWAP,3,2025-11-15 19:00:00+00:00,2025-11-15 20:00:00+00:00,7.589,7.416774,7.419,7.929,-107.9146,-1.0131,0,SL,1,1.0
UNI-USDT-SWAP,3,2025-11-16 04:00:00+00:00,2025-11-16 06:00:00+00:00,7.409,7.745,7.241,7.745,194.5879,2.0,1,TP,2,10.0
UNI-USDT-SWAP,3,2025-11-16 07:00:00+00:00,2025-11-16 15:00:00+00:00,7.652,7.371788,7.374,8.208,-104.8341,-1.008,0,SL,8,21.0
UNI-USDT-SWAP,3,2025-12-24 18:00:00+00:00,2025-12-25 08:00:00+00:00,5.804,5.746276,5.748,5.916,-118.5339,-1.0308,0,SL,14,1.0
UNI-USDT-SWAP,3,2025-12-25 14:00:00+00:00,2025-12-25 18:00:00+00:00,5.855,6.021,5.772,6.021,191.4149,2.0,1,TP,4,20.0
UNI-USDT-SWAP,3,2025-12-27 02:00:00+00:00,2025-12-28 02:00:00+00:00,5.901,6.059,5.822,6.059,190.9165,2.0,1,TP,24,38.0
UNI-USDT-SWAP,4,2026-02-18 04:00:00+00:00,2026-02-18 13:00:00+00:00,3.545,3.509947,3.511,3.613,-118.6458,-1.031,0,SL,9,8.0
UNI-USDT-SWAP,4,2026-03-12 08:00:00+00:00,2026-03-12 14:00:00+00:00,3.887,3.844846,3.846,3.969,-116.9432,-1.0281,0,SL,6,22.0
UNI-USDT-SWAP,4,2026-03-15 04:00:00+00:00,2026-03-15 11:00:00+00:00,3.952,3.992,3.932,3.992,176.168,2.0,1,TP,7,11.0
UNI-USDT-SWAP,5,2026-05-02 23:00:00+00:00,2026-05-03 00:00:00+00:00,3.267,3.243027,3.244,3.313,-125.4453,-1.0423,0,SL,1,7.0
UNI-USDT-SWAP,5,2026-05-13 03:00:00+00:00,2026-05-13 10:00:00+00:00,3.813,3.76687,3.768,3.903,-115.1305,-1.0251,0,SL,7,2.0
UNI-USDT-SWAP,5,2026-06-20 07:00:00+00:00,2026-06-20 08:00:00+00:00,3.039,3.026092,3.027,3.063,-145.4605,-1.0757,0,SL,1,1.0
UNI-USDT-SWAP,5,2026-06-21 08:00:00+00:00,2026-06-21 10:00:00+00:00,3.0,3.06,2.97,3.06,187.88,2.0,1,TP,2,8.0
UNI-USDT-SWAP,5,2026-06-21 11:00:00+00:00,2026-06-21 15:00:00+00:00,3.032,3.12,2.988,3.12,191.6109,2.0,1,TP,4,4.0
UNI-USDT-SWAP,5,2026-06-27 15:00:00+00:00,2026-06-27 16:00:00+00:00,2.953,3.029,2.915,3.029,190.5547,2.0,1,TP,1,15.0
UNI-USDT-SWAP,5,2026-07-05 09:00:00+00:00,2026-07-05 10:00:00+00:00,3.196,3.177047,3.178,3.232,-131.8368,-1.053,0,SL,1,5.0
UNI-USDT-SWAP,5,2026-07-12 17:00:00+00:00,2026-07-12 18:00:00+00:00,3.662,3.636909,3.638,3.71,-127.3423,-1.0455,0,SL,1,11.0
UNI-USDT-SWAP,5,2026-07-13 10:00:00+00:00,2026-07-13 11:00:00+00:00,3.557,3.534939,3.536,3.599,-130.3655,-1.0505,0,SL,1,23.0
UNI-USDT-SWAP,5,2026-07-15 14:00:00+00:00,2026-07-16 23:00:00+00:00,3.651,3.576927,3.578,3.797,-108.8816,-1.0147,0,SL,33,85.0
FIL-USDT-SWAP,1,2025-04-30 11:00:00+00:00,2025-04-30 12:00:00+00:00,2.786,2.726182,2.727,2.904,-108.3788,-1.0139,0,SL,1,4.0
FIL-USDT-SWAP,1,2025-05-03 04:00:00+00:00,2025-05-03 05:00:00+00:00,2.787,2.775167,2.776,2.809,-145.4809,-1.0757,0,SL,1,1.0
FIL-USDT-SWAP,1,2025-05-23 00:00:00+00:00,2025-05-23 02:00:00+00:00,3.085,3.151,3.052,3.151,188.6618,2.0,1,TP,2,3.0
FIL-USDT-SWAP,1,2025-06-16 20:00:00+00:00,2025-06-16 22:00:00+00:00,2.542,2.523243,2.524,2.578,-125.2975,-1.0421,0,SL,2,36.0
FIL-USDT-SWAP,1,2025-06-29 20:00:00+00:00,2025-06-29 22:00:00+00:00,2.284,2.322,2.265,2.322,185.4547,2.0,1,TP,2,18.0
FIL-USDT-SWAP,2,2025-08-17 10:00:00+00:00,2025-08-17 18:00:00+00:00,2.58,2.542237,2.543,2.654,-112.4301,-1.0206,0,SL,8,18.0
FIL-USDT-SWAP,2,2025-09-06 23:00:00+00:00,2025-09-07 01:00:00+00:00,2.329,2.351,2.318,2.351,174.4727,2.0,1,TP,2,1.0
FIL-USDT-SWAP,2,2025-09-07 03:00:00+00:00,2025-09-08 06:00:00+00:00,2.366,2.442,2.328,2.442,192.4084,2.0,1,TP,27,46.0
FIL-USDT-SWAP,2,2025-09-12 07:00:00+00:00,2025-09-12 08:00:00+00:00,2.539,2.521243,2.522,2.573,-126.7609,-1.0445,0,SL,1,12.0
FIL-USDT-SWAP,2,2025-09-13 10:00:00+00:00,2025-09-14 04:00:00+00:00,2.599,2.562231,2.563,2.671,-112.8737,-1.0214,0,SL,18,94.0
FIL-USDT-SWAP,2,2025-09-19 02:00:00+00:00,2025-09-19 03:00:00+00:00,2.594,2.575227,2.576,2.63,-125.8174,-1.0429,0,SL,1,19.0
FIL-USDT-SWAP,3,2025-11-10 21:00:00+00:00,2025-11-10 22:00:00+00:00,2.591,2.535239,2.536,2.701,-108.3588,-1.0138,0,SL,1,7.0
FIL-USDT-SWAP,3,2025-12-20 23:00:00+00:00,2025-12-21 10:00:00+00:00,1.357,1.312606,1.313,1.445,-105.4308,-1.009,0,SL,11,16.0
FIL-USDT-SWAP,3,2026-01-08 23:00:00+00:00,2026-01-09 08:00:00+00:00,1.502,1.484555,1.485,1.536,-115.782,-1.0262,0,SL,9,1.0
FIL-USDT-SWAP,3,2026-01-10 21:00:00+00:00,2026-01-10 22:00:00+00:00,1.495,1.486554,1.487,1.511,-133.5142,-1.0558,0,SL,1,6.0
FIL-USDT-SWAP,3,2026-01-11 02:00:00+00:00,2026-01-11 06:00:00+00:00,1.494,1.473558,1.474,1.534,-113.3247,-1.0221,0,SL,4,1.0
FIL-USDT-SWAP,3,2026-01-11 13:00:00+00:00,2026-01-11 15:00:00+00:00,1.505,1.483555,1.484,1.547,-112.7787,-1.0212,0,SL,2,9.0
FIL-USDT-SWAP,3,2026-01-17 09:00:00+00:00,2026-01-18 14:00:00+00:00,1.538,1.505548,1.506,1.602,-108.5304,-1.0141,0,SL,29,5.0
FIL-USDT-SWAP,4,2026-02-14 10:00:00+00:00,2026-02-14 16:00:00+00:00,0.969,1.0028,0.9521,1.0028,192.9995,2.0,1,TP,6,34.0
FIL-USDT-SWAP,4,2026-03-05 05:00:00+00:00,2026-03-05 06:00:00+00:00,1.0242,1.018094,1.0184,1.0358,-131.6624,-1.0527,0,SL,1,1.0
FIL-USDT-SWAP,4,2026-04-04 19:00:00+00:00,2026-04-04 22:00:00+00:00,0.8467,0.837449,0.8377,0.8647,-116.8123,-1.0279,0,SL,3,16.0
FIL-USDT-SWAP,4,2026-04-10 20:00:00+00:00,2026-04-11 00:00:00+00:00,0.9157,0.908127,0.9084,0.9303,-122.4567,-1.0373,0,SL,4,2.0
FIL-USDT-SWAP,4,2026-04-11 17:00:00+00:00,2026-04-12 01:00:00+00:00,0.9072,0.889233,0.8895,0.9426,-109.1049,-1.0151,0,SL,8,35.0
FIL-USDT-SWAP,4,2026-04-24 12:00:00+00:00,2026-04-27 05:00:00+00:00,0.9407,0.927922,0.9282,0.9657,-113.4247,-1.0223,0,SL,65,34.0
FIL-USDT-SWAP,5,2026-05-11 07:00:00+00:00,2026-05-11 08:00:00+00:00,1.1384,1.136059,1.1364,1.1424,-177.7282,-1.1705,0,SL,1,10.0
FIL-USDT-SWAP,5,2026-05-13 10:00:00+00:00,2026-05-13 11:00:00+00:00,1.1088,1.095771,1.0961,1.1342,-115.5937,-1.0259,0,SL,1,5.0
FIL-USDT-SWAP,5,2026-05-25 18:00:00+00:00,2026-05-25 19:00:00+00:00,1.0015,0.989103,0.9894,1.0257,-114.7769,-1.0245,0,SL,1,10.0
FIL-USDT-SWAP,5,2026-06-21 08:00:00+00:00,2026-06-21 13:00:00+00:00,0.7959,0.8131,0.7873,0.8131,188.7744,2.0,1,TP,5,14.0
FIL-USDT-SWAP,5,2026-07-03 03:00:00+00:00,2026-07-03 05:00:00+00:00,0.7826,0.773168,0.7734,0.801,-115.1902,-1.0252,0,SL,2,6.0
FIL-USDT-SWAP,5,2026-07-04 13:00:00+00:00,2026-07-04 15:00:00+00:00,0.7992,0.8108,0.7934,0.8108,183.3448,2.0,1,TP,2,1.0
FIL-USDT-SWAP,5,2026-07-04 17:00:00+00:00,2026-07-04 20:00:00+00:00,0.8079,0.80006,0.8003,0.8231,-119.0126,-1.0316,0,SL,3,11.0
FIL-USDT-SWAP,5,2026-07-05 14:00:00+00:00,2026-07-05 22:00:00+00:00,0.7862,0.8064,0.7761,0.8064,190.539,2.0,1,TP,8,6.0
FIL-USDT-SWAP,5,2026-07-05 23:00:00+00:00,2026-07-06 05:00:00+00:00,0.8027,0.785964,0.7862,0.8357,-108.6359,-1.0143,0,SL,6,33.0
FIL-USDT-SWAP,5,2026-07-10 03:00:00+00:00,2026-07-10 11:00:00+00:00,0.7887,0.8081,0.779,0.8081,190.1229,2.0,1,TP,8,6.0
