sym,entry_time,pnl,win,source,atr_rank,real_vol,rel_vol,bb_width,ema_dist_pct,ema_slope,rsi14,adx14,prev_range_pct,prev_body_ratio,pullback_pct,hour_utc,dow,session,trend,regime,rf_win_prob,cluster
BNB-USDT-SWAP,2025-04-29 08:00:00+00:00,-149.7432,0,r034_trade_log.csv,10.0,0.2719153359564836,2.1188083008149685,0.01782303015213311,1.3128985991371604,0.08563889015713065,63.22617173171574,11.121368709348706,0.41017227235438886,0.8800000000000182,8.064516129032274,7,1,Asia,bull,ranging,0.37092029289198714,4
ARB-USDT-SWAP,2025-04-29 08:00:00+00:00,-107.6443,0,r034_trade_log.csv,11.0,0.7891516427395817,0.839912234911882,0.032624408106311,2.886187819185949,0.1468821864023394,56.123289148701204,14.164344260278707,1.8294482148126407,0.9516129032257942,25.0,7,1,Asia,bull,ranging,0.3697876019108887,0
ATOM-USDT-SWAP,2025-04-29 08:00:00+00:00,-119.2238,0,r034_trade_log.csv,1.0,0.6258597349755516,0.6718656747168437,0.037041533314674205,2.3444239506047504,0.15930757653769767,59.50102514880103,13.865664981079165,1.1712707182320428,0.9811320754717086,8.585858585858745,7,1,Asia,bull,ranging,0.381951215121451,0
OP-USDT-SWAP,2025-04-29 08:00:00+00:00,-109.6496,0,r034_trade_log.csv,9.0,0.8360399987509614,0.8915146786433099,0.03555719746714962,2.9001494437509825,0.192571137876359,55.852101747695194,19.194079189967134,2.053413958175861,0.9570552147239243,8.44327176780999,7,1,Asia,bull,mixed,0.42637030281288735,0
PEPE-USDT-SWAP,2025-04-30 11:00:00+00:00,-109.5455,0,r034_trade_log.csv,5.0,0.6561400968475164,1.1763580380253904,0.04128964223701695,3.5708588233396377,0.23780721869659105,56.007977911270864,14.990840254995392,1.1190689346463634,0.7700000000000187,29.91071428571409,10,2,London,bull,ranging,0.36847410429178046,0
ETH-USDT-SWAP,2025-04-30 11:00:00+00:00,-125.8696,0,r034_trade_log.csv,8.0,0.3547731365382201,0.6563565374629201,0.021373898777532166,2.242856015287393,0.21447800384343527,50.79083595474612,18.21942370227978,0.7504804736611791,0.8332103321033212,48.525214081826874,10,2,London,bull,mixed,0.4575944972335694,5
FIL-USDT-SWAP,2025-04-30 11:00:00+00:00,-108.3788,0,r034_trade_log.csv,8.0,0.5462707622474358,1.3149621194446388,0.03531971579013981,1.7470033158674951,0.025848180291633296,58.288769006866616,16.599290574138717,1.6612495485735017,0.91304347826087,21.2962962962964,10,2,London,bull,ranging,0.33930493550521595,0
DOT-USDT-SWAP,2025-04-30 12:00:00+00:00,-121.2516,0,r034_trade_log.csv,4.0,0.4637686953481425,0.5009909109969577,0.0449914778554132,0.8771886832392967,0.04233710852037803,47.41632345579723,27.429299270752818,0.9390801830002337,0.743589743589747,62.00000000000022,11,2,London,bull,trending,0.42936933503553176,5
SUI-USDT-SWAP,2025-05-01 10:00:00+00:00,194.4915,1,r034_trade_log.csv,7.000000000000001,0.8215363749825584,1.5793304584409853,0.05548308144391483,7.130614016197131,0.5779751915314291,58.8130520679151,21.425735943264808,1.2902859091684287,0.5814977973568284,4.389524160826195,9,3,London,bull,mixed,0.5057949550945134,2
LINK-USDT-SWAP,2025-05-01 10:00:00+00:00,-116.385,0,r034_trade_log.csv,10.0,0.5075432060887954,1.1283106226724693,0.06948178418761178,2.541131540695379,0.10914443571914817,65.49711568709469,25.855857092965913,1.3168503090567032,0.8571428571428636,6.552962298025165,9,3,London,bull,trending,0.4594941844513396,0
NEAR-USDT-SWAP,2025-05-01 10:00:00+00:00,-108.8544,0,r034_trade_log.csv,3.0,0.6913333154884251,1.3987188840433182,0.04654234990807482,2.2685753894218417,0.04658604715470181,62.560009539089826,22.33865538860241,1.3105639396346276,0.6060606060605946,3.9548022598870705,9,3,London,bull,mixed,0.3929797572885338,0
APT-USDT-SWAP,2025-05-01 10:00:00+00:00,-112.7914,0,r034_trade_log.csv,1.0,0.4851290703780273,0.8819813007959159,0.037998969402265104,1.2971288489884074,0.033548932251846776,58.86302695634566,18.081443600331905,0.9773188272174061,0.8490566037735846,3.858520900321679,9,3,London,bull,mixed,0.4551117290285096,4
DOGE-USDT-SWAP,2025-05-01 11:00:00+00:00,192.493,1,r034_trade_log.csv,6.0,0.35463453850750776,2.098143619276794,0.051185429657445054,1.8309962021895145,0.003845392386971225,68.01232203543827,22.16294283614342,1.0859728506787358,0.39062499999999933,7.958801498127248,10,3,London,flat,mixed,0.49297613220458997,1
PEPE-USDT-SWAP,2025-05-01 11:00:00+00:00,-111.0898,0,r034_trade_log.csv,3.0,0.48044628279240165,1.9098706766363516,0.033567418022201034,3.2947873690317557,0.2216110337157272,59.27723515126148,12.735911967438106,0.9281001900928182,0.4337349397590445,11.728395061728664,10,3,London,bull,ranging,0.42197305254103123,4
DOT-USDT-SWAP,2025-05-01 12:00:00+00:00,-122.6505,0,r034_trade_log.csv,1.0,0.44796162558102215,0.7923707290380956,0.032492871534612285,1.4147641065178436,0.023486355224043798,60.90503605774676,21.111773362970975,0.9813307802776325,0.731707317073186,7.8947368421049715,11,3,London,bull,mixed,0.4445435134196415,4
ARB-USDT-SWAP,2025-05-01 12:00:00+00:00,-110.6221,0,r034_trade_log.csv,7.000000000000001,0.45115057759960564,1.3403010159611057,0.05830987730631203,2.877581140596174,0.04546743919510006,70.588978731385,19.780561161469343,1.7094017094017013,0.8275862068965507,2.2522522522522546,11,3,London,bull,mixed,0.4586859933060502,0
LTC-USDT-SWAP,2025-05-01 13:00:00+00:00,-121.9544,0,r034_trade_log.csv,11.0,0.46598945808022757,0.8532179817759932,0.05459045835528357,3.258183953395058,0.14005906947317215,68.67348875159792,20.419205926139973,0.8168430740911111,0.42253521126760535,4.212860310421243,12,3,London,bull,mixed,0.49932420771054437,1
SOL-USDT-SWAP,2025-05-02 12:00:00+00:00,-121.5671,0,r034_trade_log.csv,1.0,0.329043320152004,1.0827429447852213,0.021828044487720265,2.0870412242375695,0.1566701556443132,55.21655492308928,14.343383306598549,0.5739455419113623,0.5232558139535172,48.43749999999984,11,4,London,bull,ranging,0.5535992643629556,5
BTC-USDT-SWAP,2025-05-02 12:00:00+00:00,163.1161,1,r034_trade_log.csv,6.0,0.2121558351162448,1.2009532991766387,0.009862265453347195,3.0396219188599907,0.30587497080774073,59.86442262493969,28.33265006254881,0.3543115649896371,0.8621794871794776,37.7676229161381,11,4,London,bull,trending,0.6921836301777389,4
ETH-USDT-SWAP,2025-05-02 12:00:00+00:00,182.7157,1,r034_trade_log.csv,1.0,0.3584946480177386,0.7158590690364616,0.025407374209154156,2.499019419116781,0.25742091210206935,50.9873126527467,18.245254860639108,0.8144044018311724,0.5936870382807249,64.29058663028646,11,4,London,bull,mixed,0.6397974730867806,5
FIL-USDT-SWAP,2025-05-03 04:00:00+00:00,-145.4809,0,r034_trade_log.csv,1.0,0.6640791010083057,0.2906455477640216,0.04353286784415593,0.665987794762041,0.05985188882374599,44.69247813628276,22.485909666232647,0.46661880832736347,0.4615384615384668,76.55172413793116,3,5,Asia,bull,mixed,0.5219815721331211,5
SUI-USDT-SWAP,2025-05-03 04:00:00+00:00,-109.1368,0,r034_trade_log.csv,5.0,0.917877340812376,1.3278623880334837,0.03507023816734205,1.3191365549249656,0.10468430213512812,46.28380060728774,33.701599884173866,2.3924418604651176,0.8955042527339011,45.442536327608906,3,5,Asia,bull,trending,0.511845139158602,0
DOT-USDT-SWAP,2025-05-03 05:00:00+00:00,-118.5801,0,r034_trade_log.csv,1.0,0.5125568414452302,0.7622144580592041,0.031993261883291484,0.4858078055081964,0.0032468220710300515,49.11403028797743,15.67408949410019,0.6290829905637718,0.5769230769230493,57.85714285714327,4,5,Asia,flat,ranging,0.5652852635998922,5
ADA-USDT-SWAP,2025-05-03 14:00:00+00:00,-108.404,0,r034_trade_log.csv,13.0,0.5807130624059114,1.954225176356956,0.025510012736019997,2.062221506817342,0.06206128753082784,59.86002622688098,10.740916699501813,1.110636480136698,0.8846153846153835,0.896860986546987,13,5,London,bull,ranging,0.43814427569074965,4
ETH-USDT-SWAP,2025-05-03 14:00:00+00:00,-129.7789,0,r034_trade_log.csv,1.0,0.2909765511584797,1.1532331685653419,0.01677508355286281,1.9767943156330705,0.17098012688630165,51.711958177116806,14.36782288316089,0.48459258124855886,0.5733634311512398,53.71708828084651,13,5,London,bull,ranging,0.5781186485608254,5
BTC-USDT-SWAP,2025-05-03 15:00:00+00:00,-164.2057,0,r034_trade_log.csv,1.0,0.17700020941266756,0.8991328600580651,0.012562188987757555,1.7930836712629985,0.17218200627421257,48.181960006889554,20.82020036535283,0.2528769294198162,0.9088295687884532,61.86510615950145,14,5,London,bull,mixed,0.5231100500228856,5
ETH-USDT-SWAP,2025-05-03 21:00:00+00:00,-122.837,0,r034_trade_log.csv,4.0,0.2792870269858382,0.5710234140592677,0.01230209172584015,2.0763282370657294,0.1736734931118939,55.31116144892724,14.19863752164302,0.7994644839671754,0.8481960517358741,4.903185509056644,20,5,NY,bull,ranging,0.5963121574824514,4
BTC-USDT-SWAP,2025-05-04 21:00:00+00:00,-145.8116,0,r034_trade_log.csv,2.0,0.15703462611890096,0.45799256078606776,0.00994970302893962,0.8019224983474488,0.05758882439095499,49.48700043735995,33.32246063148211,0.3124277151119768,0.7058626465662031,54.462390401477236,20,6,NY,bull,trending,0.5079322291473037,5
ETH-USDT-SWAP,2025-05-04 22:00:00+00:00,-145.6114,0,r034_trade_log.csv,2.0,0.26495886934899404,0.4005288413707936,0.013091881612370775,1.4889806082134271,0.12465479674445125,53.80761040585959,11.205936101743188,0.800357409435394,0.550034036759709,45.64070741545153,21,6,NY,bull,ranging,0.5258473690572832,4
BTC-USDT-SWAP,2025-05-10 23:00:00+00:00,170.3024,1,r034_trade_log.csv,2.0,0.23687923362939672,0.7411128031233697,0.009808463787408506,4.744025986528786,0.4802762057610396,55.65439824604361,25.736636847039723,0.6208676719728186,0.8667494952632339,46.907260472655274,22,5,NY,bull,trending,0.7357704809280162,5
ETH-USDT-SWAP,2025-05-13 13:00:00+00:00,193.4045,1,r034_trade_log.csv,7.000000000000001,0.7823330525076441,2.501893850480173,0.04112540996654689,11.963327721852194,1.019003662960209,59.843372690974924,19.585370329393147,1.9172215610808432,0.6541415818974406,13.763756419662363,12,1,London,bull,mixed,0.5319910262343316,2
ETH-USDT-SWAP,2025-05-13 18:00:00+00:00,193.685,1,r034_trade_log.csv,12.0,0.6648069210150236,1.6995037868031395,0.08598110291396427,14.956650464524174,1.2364385272100045,72.10911424375124,25.610393040669106,1.6224313749653452,0.7633515309755464,6.138046333890573,17,1,NY,bull,trending,0.48839424661660524,2
UNI-USDT-SWAP,2025-05-13 18:00:00+00:00,194.9353,1,r034_trade_log.csv,7.000000000000001,1.020573369984873,0.9736047056725239,0.0702835846574592,11.623178598574373,0.8880577144534123,61.42657402905536,21.294230342188133,2.1344101528699118,0.5743243243243253,5.283757338551885,17,1,NY,bull,mixed,0.4983381964909876,2
DOT-USDT-SWAP,2025-05-13 18:00:00+00:00,-108.9409,0,r034_trade_log.csv,12.0,0.8614828964787599,0.9254962921317232,0.058443587150633844,8.935762341337341,0.7132486528037552,59.86881060526868,17.046402873594037,1.8074656188605036,0.5326086956521705,2.7522935779814843,17,1,NY,bull,ranging,0.41431067117549425,2
SUI-USDT-SWAP,2025-05-14 06:00:00+00:00,-111.4155,0,r034_trade_log.csv,1.0,0.6646234355721284,0.5585125592458311,0.03621650559460687,5.150755096043265,0.5275660805197971,53.999476052748086,13.282081124413526,1.2554285429041974,0.5844930417495054,42.35294117647071,5,2,Asia,bull,ranging,0.3634068856211032,0
PEPE-USDT-SWAP,2025-05-14 06:00:00+00:00,-105.477,0,r034_trade_log.csv,9.0,1.0973898825267379,0.5538661670277059,0.08414135101901755,18.268097966181234,1.9368665150457887,55.470981824393085,15.552176775189318,2.5419563232919105,0.6602209944751334,49.65893587994543,5,2,Asia,bull,ranging,0.46557979644557845,2
ADA-USDT-SWAP,2025-05-14 06:00:00+00:00,-108.8672,0,r034_trade_log.csv,5.0,0.6323289765935899,0.6193775832725504,0.06219520690454612,7.138457189390802,0.7077960542298799,58.78295832536761,17.126713174898843,1.6466884610727626,0.6838235294117656,24.806201550387673,5,2,Asia,bull,ranging,0.4291768295872944,2
DOT-USDT-SWAP,2025-05-14 12:00:00+00:00,-119.4981,0,r034_trade_log.csv,4.0,0.7652123654223103,0.9961992439876054,0.043879844475568586,6.967713540890172,0.7912487122132066,49.883009499285386,19.31112438624058,0.7465618860510855,0.36842105263158265,58.03921568627442,11,2,London,bull,mixed,0.4572284506150231,2
BCH-USDT-SWAP,2025-05-14 12:00:00+00:00,-119.1855,0,r034_trade_log.csv,4.0,0.5623580036478029,0.6218602150231723,0.029667610639198948,1.885906030995795,0.18854403050024798,50.95548019130848,16.517999984399154,1.005888125613338,0.5365853658536741,48.79518072289146,11,2,London,bull,ranging,0.3723297534408333,5
ATOM-USDT-SWAP,2025-05-14 12:00:00+00:00,-122.6543,0,r034_trade_log.csv,3.0,0.8432422642839353,0.5486228337151672,0.04907569485173096,5.359581207743466,0.6196940404460457,47.14845360545543,18.793008530237028,0.7555211158465653,0.2820512820512873,65.31365313653157,11,2,London,bull,mixed,0.463432560161038,6
LINK-USDT-SWAP,2025-05-14 20:00:00+00:00,-117.7877,0,r034_trade_log.csv,2.0,0.6391390191937608,0.580045711839998,0.04063390793138578,5.166584489533153,0.5269748889683408,48.90917578767465,16.846151152425477,0.9188902632973953,0.39102564102564363,59.90675990675979,19,2,NY,bull,ranging,0.40395783298121685,6
LTC-USDT-SWAP,2025-05-14 20:00:00+00:00,181.1038,1,r034_trade_log.csv,5.0,0.8400308441346692,0.24233940226348516,0.06785999396947139,1.9490419091790632,0.25379913819318606,41.30152884523691,16.263266226865838,0.9366281387006754,0.46808510638297746,77.89757412398922,19,2,NY,bull,ranging,0.47985035087967687,6
DOGE-USDT-SWAP,2025-05-14 20:00:00+00:00,-120.1453,0,r034_trade_log.csv,1.0,0.9632273036514458,0.3161674743177683,0.06331031462018338,7.8904883288797505,0.8262186397575594,48.46240196673804,16.726556027589467,1.035161262725642,0.58264462809917,67.7403120281832,19,2,NY,bull,ranging,0.4373226824839868,2
BNB-USDT-SWAP,2025-05-14 20:00:00+00:00,-181.8206,0,r034_trade_log.csv,5.0,0.38727923480171883,0.2736987944376376,0.02753190350072624,1.5470983795047069,0.18400660484927184,42.94953631342337,19.327820339255442,0.4745866503368069,0.5483870967742042,70.46632124352318,19,2,NY,bull,mixed,0.38063832350811816,5
DOGE-USDT-SWAP,2025-05-16 11:00:00+00:00,-106.5767,0,r034_trade_log.csv,9.0,1.1597990516578645,0.8023031946583639,0.05821715308312481,4.368963591879646,0.28642217868863706,57.3374277223003,23.500938892225022,2.4441432381618693,0.9320214669051845,1.4742014742014151,10,4,London,bull,mixed,0.46021686005290957,0
LTC-USDT-SWAP,2025-05-16 12:00:00+00:00,-114.7728,0,r034_trade_log.csv,2.0,0.7654555016440161,0.9073272020123468,0.03368011074173827,2.3696680812214517,0.1834417321052753,57.081437822164695,16.74855139940752,1.1511362508683107,0.5948275862068964,10.22443890274308,11,4,London,bull,ranging,0.4693448833870968,0
BTC-USDT-SWAP,2025-05-17 05:00:00+00:00,-137.8255,0,r034_trade_log.csv,4.0,0.28404140167202013,0.7533310374666093,0.012147682014600467,1.1495652366596383,0.10398436848306758,51.402580287051904,12.334710867459277,0.41984684868405864,0.5494935543278091,47.44676556665665,4,5,Asia,bull,ranging,0.5634050093956172,5
ETH-USDT-SWAP,2025-05-18 07:00:00+00:00,174.5164,1,r034_trade_log.csv,2.0,0.48093864811370296,0.9979541811216834,0.01975771689443986,1.7692456988980074,0.13250355731710856,51.613261201035776,33.86791651613724,1.1907606531262482,0.8729096989966498,26.096997690531172,6,6,Asia,bull,trending,0.6493404499824811,5
BTC-USDT-SWAP,2025-05-18 09:00:00+00:00,174.392,1,r034_trade_log.csv,4.0,0.18676158593459338,1.850437677913199,0.01196975717893846,1.2360012735537371,0.08417556491429755,61.921540070083026,17.64470537762258,0.5335450957743656,0.8304167418365733,12.117095700604077,8,6,London,bull,ranging,0.6117274045616249,4
BCH-USDT-SWAP,2025-05-18 15:00:00+00:00,-112.1859,0,r034_trade_log.csv,6.0,0.4226068358965106,3.1000336025801283,0.038773021812687866,1.38552444985856,0.04954188207186248,65.69684529646547,16.391591718014546,1.0468594217347926,0.6904761904761869,17.525773195876194,14,6,London,bull,ranging,0.5169500972469446,7
SOL-USDT-SWAP,2025-05-18 15:00:00+00:00,-110.4432,0,r034_trade_log.csv,5.0,0.5639389841310651,2.378875523247282,0.06180396457426677,2.983574993981688,0.12429902637543465,71.17812145656065,27.06210149408546,0.9261939218523845,0.7187500000000061,4.743833017077803,14,6,London,bull,trending,0.472198413847056,7
BNB-USDT-SWAP,2025-05-18 15:00:00+00:00,-120.4327,0,r034_trade_log.csv,5.0,0.23882839755594887,2.071511504086976,0.01969822195203656,0.8995397996053119,0.018815445685494293,65.27933882306705,21.60783471265595,0.585877274128886,0.7105263157894941,8.724832214765572,14,6,London,flat,mixed,0.4707448970922097,4
ETH-USDT-SWAP,2025-05-18 15:00:00+00:00,-108.3766,0,r034_trade_log.csv,13.0,0.5211237926256823,3.824911279443285,0.03799819644996637,4.044596173356504,0.2464441679955922,67.52900810463689,23.779347082237738,1.649640321742829,0.8086832061068602,9.982891360136962,14,6,London,bull,mixed,0.4612059230805581,7
LTC-USDT-SWAP,2025-05-18 16:00:00+00:00,-105.988,0,r034_trade_log.csv,10.0,0.6733276230749338,2.2390722221225547,0.058412378410738375,3.2189958622321964,0.03539247161816927,72.01338851885133,22.003295705766554,1.3829040986070702,0.5724637681159485,1.1111111111110032,15,6,London,bull,mixed,0.4266929270149504,7
DOT-USDT-SWAP,2025-05-18 16:00:00+00:00,-107.9121,0,r034_trade_log.csv,6.0,0.7582767912607581,2.4498985488743306,0.07690908365809516,2.686924622588368,0.0042814577343656245,70.64097264646678,26.82844364739602,1.278086992372694,0.6612903225806577,2.997275204359464,15,6,London,flat,trending,0.42877211255562564,0
BCH-USDT-SWAP,2025-05-21 07:00:00+00:00,-114.9085,0,r034_trade_log.csv,12.0,0.5756016977348257,1.8333646832124406,0.04771738126781526,1.497253394634752,0.005414761929205699,68.14405517575426,16.877667156666988,0.8274824473420289,0.848484848484849,6.010928961748754,6,2,Asia,flat,ranging,0.4183758109048541,0
SUI-USDT-SWAP,2025-05-21 12:00:00+00:00,191.6296,1,r034_trade_log.csv,5.0,0.8062607042826,1.0918247681766617,0.03076985676512273,1.1246918476552574,0.07808381396724615,53.39511310087982,9.970302516290225,0.7788689468337293,0.6020066889632179,47.64868603042888,11,2,London,bull,ranging,0.44102602640191435,6
ARB-USDT-SWAP,2025-05-21 13:00:00+00:00,183.964,1,r034_trade_log.csv,13.0,1.0642531199690914,0.47721520791659855,0.052285049192896574,1.0496698041492374,0.1160362886929755,55.14578964079402,8.549533461351544,1.8825301204819296,0.43999999999999556,34.628975265017786,12,2,London,bull,ranging,0.4638147465828309,0
ATOM-USDT-SWAP,2025-05-22 17:00:00+00:00,181.0545,1,r034_trade_log.csv,14.000000000000002,0.5679360319595447,1.1203789461349343,0.054683972733168065,5.906930549902115,0.50574764986838,67.99433484116761,26.426356328755183,1.3910355486862453,0.40277777777777624,15.131578947368492,16,3,NY,bull,trending,0.5187850506487979,2
FIL-USDT-SWAP,2025-05-23 00:00:00+00:00,188.6618,1,r034_trade_log.csv,1.0,0.5222590147813063,0.44657676272342733,0.03196492727144482,5.567436914287063,0.5053770630967507,67.00373917506278,33.5935339487332,1.043024771838332,0.46875000000000344,9.345794392523562,23,3,NY,bull,trending,0.5009502339832985,2
LTC-USDT-SWAP,2025-05-23 00:00:00+00:00,186.6629,1,r034_trade_log.csv,13.0,0.5841948009405927,0.5662301195356725,0.02817522038416449,2.7480459424915913,0.2187857392072582,61.86563815732895,31.653390093125243,1.6922158072864852,0.5764705882352872,28.205128205128016,23,3,NY,bull,trending,0.4510388592293545,0
ATOM-USDT-SWAP,2025-05-23 03:00:00+00:00,-107.112,0,r034_trade_log.csv,13.0,0.4807987161097862,2.002941360386339,0.046155681345312595,7.848896480825069,0.6277873395170138,73.79904837251772,31.780453559374454,1.5622023242522358,0.5243902439024309,10.294117647058842,2,4,Asia,bull,trending,0.47622701453143157,2
LINK-USDT-SWAP,2025-05-23 04:00:00+00:00,-107.9472,0,r034_trade_log.csv,9.0,0.6527905404043081,0.9434101896100363,0.03738149522505248,6.90766439959605,0.4907210020113094,69.96350963760338,27.480349376855514,2.29776704177223,0.5692307692307627,4.23620025673957,3,4,Asia,bull,trending,0.5282159859617426,2
ETH-USDT-SWAP,2025-05-24 04:00:00+00:00,-114.3621,0,r034_trade_log.csv,5.0,0.9711872931749977,0.37391840324171866,0.07578948904806226,0.5175420260524872,0.009253814899107836,42.34711399114445,35.38621041744437,1.0579698161644515,0.6055080014886508,72.53263707571807,3,5,Asia,flat,trending,0.45149581894140567,5
SOL-USDT-SWAP,2025-05-25 05:00:00+00:00,-115.4776,0,r034_trade_log.csv,7.000000000000001,0.6365317117504866,0.9411014337718996,0.04219524234606198,0.5193085595019256,0.08514570006343211,44.86596488013706,23.430462576518448,1.0142338500547403,0.7102272727272764,50.88161209068037,4,6,Asia,bull,mixed,0.5019802444472372,5
BNB-USDT-SWAP,2025-05-25 14:00:00+00:00,-124.3502,0,r034_trade_log.csv,1.0,0.297731733356626,0.6951089216576465,0.03018382744951446,0.6125709269207615,0.0043440351774343255,50.63378479428614,35.83419591862801,0.4668674698795215,0.8064516129032199,50.990099009900646,13,6,London,flat,trending,0.5113173196064098,5
BTC-USDT-SWAP,2025-05-25 20:00:00+00:00,-142.9166,0,r034_trade_log.csv,3.0,0.22022496955751053,0.538503388280364,0.014123464109840667,0.4954718017279783,0.014291019626768684,49.5857849145227,32.31322379748734,0.3196259854436041,0.16200466200468033,33.49463619402991,19,6,NY,flat,trending,0.44176345612248774,4
BNB-USDT-SWAP,2025-05-25 21:00:00+00:00,163.52,1,r034_trade_log.csv,1.0,0.24627070403221563,0.3481104439794942,0.01457810008770148,0.6277639989949049,0.038078634549478275,52.13606189935281,26.505782839458575,0.5248950209958009,0.6571428571428442,12.068965517241159,20,6,NY,bull,trending,0.5382633570414721,4
BNB-USDT-SWAP,2025-05-26 00:00:00+00:00,175.5564,1,r034_trade_log.csv,4.0,0.27971996645441544,0.6943035580241089,0.018160872139196236,0.9632253010362964,0.05656710590641787,56.08985435705511,22.647549447737596,0.8503655079814907,0.7894736842105358,15.999999999999847,23,6,NY,bull,mixed,0.613555355712167,4
ADA-USDT-SWAP,2025-05-26 08:00:00+00:00,-112.3325,0,r034_trade_log.csv,5.0,0.5677878420083456,1.3678782609219653,0.056234911842036384,1.6835616663267414,0.02193178935372937,70.2366920658642,23.03887650372922,0.6901940356817257,0.4339622641509608,0.2237136465324135,7,0,Asia,bull,mixed,0.39575947732652206,1
PEPE-USDT-SWAP,2025-05-27 05:00:00+00:00,187.7768,1,r034_trade_log.csv,7.000000000000001,0.9548644523864825,0.4837676020124362,0.0425890771298056,0.18696087986784293,0.03065654773206283,49.22336188431392,19.800373244725353,1.9560791157649817,0.6319702602230478,54.72813238770691,4,1,Asia,bull,mixed,0.4716240685985548,0
PEPE-USDT-SWAP,2025-05-27 08:00:00+00:00,-110.9699,0,r034_trade_log.csv,5.0,0.9839042999771458,0.7369723588031596,0.03954040112392413,2.1118729159842893,0.04341842110205726,57.518541178655816,18.837598254327098,2.2502704652001424,0.3237179487179475,16.517285531370035,7,1,Asia,bull,mixed,0.4131466335374662,0
PEPE-USDT-SWAP,2025-05-28 13:00:00+00:00,-107.8952,0,r034_trade_log.csv,3.0,0.7263100543126757,1.6430437266070983,0.03758156850201215,1.9897664020602117,0.03964489894695155,57.08882429756977,12.685454578182096,1.062753036437238,0.6938775510204143,29.436619718309988,12,2,London,bull,ranging,0.3730121133008039,0
UNI-USDT-SWAP,2025-06-03 00:00:00+00:00,-111.7111,0,r034_trade_log.csv,8.0,0.6279212911487178,1.5240952341648544,0.07299565997930439,1.9264853627189444,0.0030855203287710716,68.43457605369221,21.573634126670385,1.2672090112640726,0.5925925925925967,6.741573033707916,23,0,NY,flat,mixed,0.32874556563116636,1
UNI-USDT-SWAP,2025-06-03 12:00:00+00:00,187.9502,1,r034_trade_log.csv,4.0,0.8221911230994793,0.6691262644136236,0.04611422391392549,2.0636181950625603,0.10299354122864973,61.52106917528408,26.86573120891929,1.0068153655514172,0.8461538461538619,31.08504398826974,11,1,London,bull,trending,0.45920333859519064,0
BNB-USDT-SWAP,2025-06-04 09:00:00+00:00,-180.26,0,r034_trade_log.csv,3.0,0.28190997005112683,0.9685572452327735,0.020090501512799553,0.7982599170651394,0.03988642735889441,61.91232793817482,18.01088836799169,0.3281133482475832,0.8636363636363354,11.842105263158308,8,2,London,bull,mixed,0.37051375194554986,4
BNB-USDT-SWAP,2025-06-05 09:00:00+00:00,-150.02,0,r034_trade_log.csv,1.0,0.21136383062235456,1.4922863392766215,0.01204346808295693,0.5338765839950071,0.016181942846699913,57.347216984621454,14.584131143860397,0.299356383774884,0.9499999999999886,19.318181818182182,8,3,London,flat,ranging,0.5142626329434413,4
BTC-USDT-SWAP,2025-06-07 20:00:00+00:00,-157.3438,0,r034_trade_log.csv,6.0,0.19099239143381744,0.6430974365744246,0.015334976087245246,0.683358955518626,0.042948944087998556,64.92560742824412,30.877218074157152,0.4984356395690806,0.42037248194602495,9.521951219512054,19,5,NY,bull,trending,0.46168243270996034,4
UNI-USDT-SWAP,2025-06-07 21:00:00+00:00,-114.9085,0,r034_trade_log.csv,12.0,0.809407146537304,0.4872304045674365,0.0602039704956712,1.1672457920864496,0.005610570392260627,66.1680157909652,35.7534567829444,1.7263224580297747,0.38532110091742955,13.49397590361447,20,5,NY,flat,trending,0.38806875117646294,0
BCH-USDT-SWAP,2025-06-08 09:00:00+00:00,169.19,1,r034_trade_log.csv,5.0,0.23994274692193174,0.5692753985490263,0.011349677080598699,1.5915301853886363,0.14994965634927251,60.415135538933946,34.64380265785779,0.6609547123622983,0.3333333333333263,35.59322033898323,8,6,London,bull,trending,0.6271718730652099,4
UNI-USDT-SWAP,2025-06-08 13:00:00+00:00,-116.6157,0,r034_trade_log.csv,6.0,0.6002987352697896,0.7772112169503976,0.02815021454638526,0.7436755972498681,0.007097563623132554,56.165231075771906,27.20261786935629,1.3097680290358242,0.9879518072289116,40.69264069264047,12,6,London,flat,trending,0.43187412821846793,5
BTC-USDT-SWAP,2025-06-08 13:00:00+00:00,164.5426,1,r034_trade_log.csv,6.0,0.1498866071087248,1.5937375236553808,0.006890916369427986,0.5844617238424612,0.037289416601497094,58.52532686133146,29.146075294822854,0.3577758253743384,0.8592220164064622,22.62788994664758,12,6,London,bull,trending,0.5963863714332032,4
BCH-USDT-SWAP,2025-06-09 03:00:00+00:00,188.8027,1,r034_trade_log.csv,12.0,0.334412146341392,1.4898040104685921,0.026782335708212795,2.6772602988213356,0.236888039875685,60.43899272280547,25.6864296351044,0.8948004836759482,0.513513513513501,33.33333333333333,2,0,Asia,bull,trending,0.42244732727216155,6
BNB-USDT-SWAP,2025-06-16 14:00:00+00:00,-140.6056,0,r034_trade_log.csv,1.0,0.2237662909526542,1.1022930911755573,0.025158122307262124,0.3481886474170917,0.007855133433921342,65.96895619547855,23.83320483081596,0.3207575989002631,0.1904761904762317,1.388888888889207,13,0,London,flat,mixed,0.33818326757577244,1
FIL-USDT-SWAP,2025-06-16 20:00:00+00:00,-125.2975,0,r034_trade_log.csv,11.0,0.38910604861212056,0.5791103037982896,0.06387364984454151,1.6179784990101524,0.11159112935109326,72.01592328437947,41.46701786792107,0.7474429583005558,0.8421052631578898,8.227848101265764,19,0,NY,bull,trending,0.38580641774258034,7
BCH-USDT-SWAP,2025-06-21 12:00:00+00:00,-122.7961,0,r034_trade_log.csv,1.0,0.5902455827610078,0.3823634759902177,0.047769861282685434,2.0674350942952886,0.18137241694322148,44.54085595698647,18.205685494135324,1.0795935647756187,0.9803921568627407,71.60493827160481,11,5,London,bull,mixed,0.5055997826972526,5
BNB-USDT-SWAP,2025-06-25 20:00:00+00:00,-133.1664,0,r034_trade_log.csv,12.0,0.26916776406181003,0.4574522444618523,0.009756077772708448,1.2527288349944887,0.0992954619284016,59.98978996442501,25.856467250633486,0.27894002789401334,0.38888888888883627,47.74774774774724,19,2,NY,bull,trending,0.3636277045223274,4
ETH-USDT-SWAP,2025-06-25 21:00:00+00:00,-121.4984,0,r034_trade_log.csv,10.0,0.40209654104515813,0.40909504651962536,0.02203711851200351,0.6894378858369237,0.016143703798533516,55.264354129048876,16.875790155908614,0.9068625434923948,0.6412698412698302,38.464428857715404,20,2,NY,flat,ranging,0.34208210762916713,4
XRP-USDT-SWAP,2025-06-25 21:00:00+00:00,-150.5288,0,r034_trade_log.csv,12.0,0.5374842490807195,0.716013998079305,0.020965749463705382,2.6792683181206742,0.2746413730734308,53.93582188256186,27.08694424809315,0.8981628487185321,0.8636363636363678,55.55555555555547,20,2,NY,bull,trending,0.28528463788366937,5
LINK-USDT-SWAP,2025-06-25 21:00:00+00:00,-120.0761,0,r034_trade_log.csv,5.0,0.5126858125688829,0.3839938527276626,0.03564006947073918,3.0236686392568535,0.25785871682261763,52.66477289603133,21.228723797971362,0.8773256693389914,0.8362068965517098,49.71098265895936,20,2,NY,bull,mixed,0.3329051449809326,5
SOL-USDT-SWAP,2025-06-25 21:00:00+00:00,-114.0624,0,r034_trade_log.csv,12.0,0.5486378106185035,0.6175433448857588,0.031184683402793654,1.3988456592226495,0.1385482900233171,51.493719191522906,26.67446040116665,1.0301438053097212,0.9395973154362386,56.177606177606044,20,2,NY,bull,trending,0.29260944459808824,5
UNI-USDT-SWAP,2025-06-25 21:00:00+00:00,-111.2837,0,r034_trade_log.csv,11.0,0.9285423888490396,0.37887918826353817,0.06887434050471551,0.7824496597369649,0.017135206275030724,51.02785025892871,23.778617790371552,1.0303377218088159,0.9027777777777825,63.70808678500981,20,2,NY,flat,mixed,0.3241885367487612,0
LTC-USDT-SWAP,2025-06-25 21:00:00+00:00,-140.0586,0,r034_trade_log.csv,9.0,0.3199326247552996,0.3048463867059627,0.014823855004528432,1.1493144718696424,0.08456876345771194,54.60574202769779,11.467558487558117,0.5189903279075226,0.6818181818181789,38.8888888888885,20,2,NY,bull,ranging,0.3945706769124011,4
LINK-USDT-SWAP,2025-06-26 03:00:00+00:00,-106.6617,0,r034_trade_log.csv,11.0,0.6148958968076076,1.563767806015583,0.03547037325089239,4.225669191365151,0.25586169432518907,60.9896945292768,19.273483319548486,2.0688613711869595,0.4854014598540098,10.472279260780319,2,3,Asia,bull,mixed,0.4382853997907983,0
LTC-USDT-SWAP,2025-06-26 08:00:00+00:00,-129.4559,0,r034_trade_log.csv,1.0,0.3316218641607091,0.6594323313930595,0.01849073763874331,1.7425110476202235,0.12530976967105717,61.65366788006303,15.44110168959048,0.6563525550867183,0.535714285714292,13.51351351351345,7,3,Asia,bull,ranging,0.504915106192691,4
BCH-USDT-SWAP,2025-06-27 04:00:00+00:00,-116.0882,0,r034_trade_log.csv,13.0,0.5068362950258806,1.2623690755270727,0.02929994363130591,5.29641136179081,0.45704361201577887,59.63004420939463,29.944121240115592,0.6902151847340595,0.5588235294117785,47.72727272727273,3,4,Asia,bull,trending,0.4691921836071103,5
BTC-USDT-SWAP,2025-06-27 05:00:00+00:00,-157.1099,0,r034_trade_log.csv,5.0,0.24946112594340128,0.5456413227373325,0.009392441890398765,2.0035095156254368,0.184405250517073,54.7840445562178,17.24400809823314,0.32954757028486314,0.652542372881356,32.54448954105508,4,4,Asia,bull,ranging,0.6082397043265079,4
BNB-USDT-SWAP,2025-06-27 21:00:00+00:00,179.4832,1,r034_trade_log.csv,4.0,0.22565774051529702,0.6005501077519363,0.006148672196577544,0.6833445668590516,0.055968106619912576,53.71758955519168,12.929616533100843,0.48062015503876326,0.8064516129032199,25.000000000000888,20,4,NY,bull,ranging,0.6743217116898869,4
LINK-USDT-SWAP,2025-06-28 03:00:00+00:00,185.7124,1,r034_trade_log.csv,1.0,0.6767696714749775,1.121864317764413,0.029985379383219095,1.229434993461978,0.0314375391204887,54.29453863023282,9.941063632378025,0.9765774013885719,0.6015624999999991,19.583333333333268,2,5,Asia,bull,ranging,0.5839640210795745,4
SOL-USDT-SWAP,2025-06-28 07:00:00+00:00,188.9562,1,r034_trade_log.csv,1.0,0.6134220526826696,0.900335775659331,0.027876811776441992,1.3949727207915075,0.014386258434638456,62.056998916605565,11.174495488368278,0.6328233657858112,0.7142857142857232,1.4613778705635343,6,5,Asia,flat,ranging,0.6042004736779194,4
BTC-USDT-SWAP,2025-06-28 08:00:00+00:00,-176.4559,0,r034_trade_log.csv,1.0,0.23263705460896558,0.3388854865673454,0.009875637952185401,1.6029362378752021,0.14173612343704614,58.503423014982296,8.243467154174555,0.14324726079197936,0.8049414824447371,18.381545221530573,7,5,Asia,bull,ranging,0.5918915292825373,4
LTC-USDT-SWAP,2025-06-28 11:00:00+00:00,183.0387,1,r034_trade_log.csv,1.0,0.4149953253243779,1.1796829555676775,0.028499009833233727,1.5773576552805049,0.11973727526354161,62.153683448506456,13.298777575777152,0.561863513988065,0.5000000000000148,6.367041198501933,10,5,London,bull,ranging,0.5966380863353158,4
XRP-USDT-SWAP,2025-06-28 16:00:00+00:00,-131.0991,0,r034_trade_log.csv,6.0,0.45214186647751015,1.0302951784997287,0.0463277582574193,2.9211819467342015,0.24609108505875701,68.67285581389184,37.163195125332635,0.29599271402549865,0.6615384615384963,2.707423580785921,15,5,London,bull,trending,0.49127326098402707,7
WIF-USDT-SWAP,2025-06-28 17:00:00+00:00,195.2998,1,r034_trade_log.csv,12.0,0.6432150501963382,2.6343270187952252,0.07193144556964641,3.5832897192248754,0.18195848050847593,68.33464361724188,49.8433185681632,1.7702401584550604,0.8111888111888084,16.445182724252515,16,5,NY,bull,trending,0.5043432163756207,3
LTC-USDT-SWAP,2025-06-28 17:00:00+00:00,-115.0265,0,r034_trade_log.csv,9.0,0.2381062217056168,3.6179815460585534,0.023105354157711186,2.746696700155455,0.16312020952610037,72.6700515968364,17.636655253000672,1.0875853291681103,0.7765957446808571,18.14814814814794,16,5,NY,bull,ranging,0.5188439696638691,7
ETH-USDT-SWAP,2025-06-28 17:00:00+00:00,175.4993,1,r034_trade_log.csv,4.0,0.15569467264165843,2.26577587135775,0.008563929677630889,0.3069693529978745,0.0031768545317357164,55.98103819181202,16.75867784373823,0.8370434868323635,0.4965652600589066,23.887051640803573,16,5,NY,flat,ranging,0.6220477253295686,4
UNI-USDT-SWAP,2025-06-28 17:00:00+00:00,-113.8969,0,r034_trade_log.csv,8.0,0.5026368694408904,2.2870244289024,0.04267017679373492,1.8656062469219785,0.08764694745669417,63.757835983960405,23.286485031571264,1.2455767869780494,0.5795454545454617,20.731707317073038,16,5,NY,bull,mixed,0.43443480531419487,7
APT-USDT-SWAP,2025-06-28 17:00:00+00:00,183.4571,1,r034_trade_log.csv,1.0,0.6002678914227544,1.0385514437183545,0.03899332165919778,2.994275123539617,0.26944657700685737,46.52809666612461,11.53608977273224,0.7102569458951287,0.794117647058832,70.51282051282053,16,5,NY,bull,ranging,0.6486189428994006,5
SOL-USDT-SWAP,2025-06-28 17:00:00+00:00,192.4886,1,r034_trade_log.csv,9.0,0.4280271870754502,2.906668824665743,0.06264367132170212,4.131858626383455,0.2846552361427158,72.24294417873509,21.72169538253651,1.3979874383737567,0.6328502415458882,9.08059023836562,16,5,NY,bull,mixed,0.5140587274175525,7
NEAR-USDT-SWAP,2025-06-28 17:00:00+00:00,191.36,1,r034_trade_log.csv,5.0,0.41232131859869886,1.3530468082768867,0.019200615803655126,1.1886823302752174,0.005129020276978637,61.75864749680002,15.093985089391795,1.3176470588235305,0.5357142857142897,24.285714285714686,16,5,NY,flat,ranging,0.5423258570063829,4
DOGE-USDT-SWAP,2025-06-28 23:00:00+00:00,-124.5121,0,r034_trade_log.csv,5.0,0.4145604969596333,0.7914751236741995,0.023414642488774954,0.6881416530530726,0.010877910515083833,60.05025215233701,21.105045599019935,0.8160779537149696,0.8731343283582251,19.251336898395714,22,5,NY,flat,mixed,0.4956755762871699,4
OP-USDT-SWAP,2025-06-28 23:00:00+00:00,190.1018,1,r034_trade_log.csv,8.0,0.3905635538379992,0.8621103227151804,0.04962217714304408,2.2455164464657247,0.08278955469724923,71.0143489945738,20.875912954539075,0.7985480943738583,0.7954545454545661,4.680851063829729,22,5,NY,bull,mixed,0.5417445424145658,7
ARB-USDT-SWAP,2025-06-28 23:00:00+00:00,-108.7877,0,r034_trade_log.csv,11.0,0.5455720536284514,0.815810307877709,0.036800598979077725,2.553419023688612,0.06667993154449063,64.27847041721759,18.470860290056358,1.3251454427924991,0.9512195121951272,8.79999999999991,22,5,NY,bull,mixed,0.36267768208967605,0
LINK-USDT-SWAP,2025-06-28 23:00:00+00:00,-122.2428,0,r034_trade_log.csv,3.0,0.3925087033301363,1.1608837359425757,0.03506502290092812,3.2908577307196,0.23945500871925887,66.4121959095551,23.311394772871466,0.7464357692020575,0.7600000000000078,1.8087855297156756,22,5,NY,bull,mixed,0.47460436642878834,7
ATOM-USDT-SWAP,2025-06-28 23:00:00+00:00,-121.6851,0,r034_trade_log.csv,1.0,0.30327547701616425,0.7309683779652477,0.026398986171015455,0.9026876617780226,0.05209052573636286,62.43577558744585,27.02436042906465,0.751314800901584,0.799999999999994,25.71428571428574,22,5,NY,bull,trending,0.5150055909993312,4
SUI-USDT-SWAP,2025-06-28 23:00:00+00:00,-107.7452,0,r034_trade_log.csv,12.0,0.5385410298172456,1.3564964363216478,0.050439672765766046,3.4572621503287952,0.15180540686491728,70.37274937730159,34.00413833286581,1.6400471647550665,0.8322440087146011,5.227882037533531,22,5,NY,bull,trending,0.4123770670194498,7
BTC-USDT-SWAP,2025-06-28 23:00:00+00:00,-181.3503,0,r034_trade_log.csv,1.0,0.11596613645023328,0.652024518474904,0.003845942499532838,1.282438931287427,0.1285408678502431,53.13807568455487,7.329382786133884,0.17266229976487077,0.8288336933045487,43.13804173354659,22,5,NY,bull,ranging,0.6168050742202899,4
BCH-USDT-SWAP,2025-06-29 03:00:00+00:00,-121.0022,0,r034_trade_log.csv,4.0,0.28795846066537134,1.406135942529785,0.021847620731450513,2.7012896014262355,0.24167785134131467,49.15213496481009,16.976126456869295,0.9545085296506881,0.787234042553191,49.59999999999991,2,6,Asia,bull,ranging,0.6081516647812972,5
BTC-USDT-SWAP,2025-06-29 07:00:00+00:00,80.8027,1,r034_trade_log.csv,1.0,0.11312524809099785,0.5987988713345068,0.0035977831996650456,1.2005882892281996,0.12114906283983094,53.37394797053595,8.943257702978311,0.09211605877526938,0.3643724696356168,40.31572556162909,6,6,Asia,bull,ranging,0.6495533182123254,4
ATOM-USDT-SWAP,2025-06-29 07:00:00+00:00,188.4457,1,r034_trade_log.csv,1.0,0.34181642605968193,0.8112109515154143,0.017014636564437965,0.9344208157560586,0.06055222173093072,59.4065492254406,26.646159322637562,0.5774541802661344,0.7391304347826003,28.57142857142842,6,6,Asia,bull,trending,0.6628551507699894,4
UNI-USDT-SWAP,2025-06-29 07:00:00+00:00,187.4935,1,r034_trade_log.csv,1.0,0.5240455080073547,0.5123099134979051,0.03645435387918226,0.6944678422815251,0.11492054639714352,50.097654713968865,22.400440988824563,0.7567104511707586,0.6226415094339531,67.55555555555546,6,6,Asia,bull,mixed,0.6239178270430155,5
AVAX-USDT-SWAP,2025-06-29 07:00:00+00:00,184.9267,1,r034_trade_log.csv,1.0,0.37843505980593073,0.7965690791179713,0.030554105013527563,1.1828156898207816,0.10363305430032362,59.51000790561168,20.245251124671217,0.44752741105391747,0.5125000000000155,22.180451127819275,6,6,Asia,bull,mixed,0.6383947577412501,4
LINK-USDT-SWAP,2025-06-29 07:00:00+00:00,-121.1736,0,r034_trade_log.csv,1.0,0.38791759278565463,0.8843950148902385,0.03236703126502779,2.7014755668155375,0.2640840863554911,60.31097688010646,25.22361137197354,0.35341003082939015,0.3404255319148896,17.500000000000053,6,6,Asia,bull,trending,0.5457086091401575,4
DOGE-USDT-SWAP,2025-06-29 07:00:00+00:00,185.7286,1,r034_trade_log.csv,1.0,0.4134337136165429,0.8384735418735166,0.02160584536976042,0.48589031753868817,0.02580386431440972,56.99978144841904,19.721988019125398,0.636046724970941,0.6249999999999933,27.540106951871792,6,6,Asia,bull,mixed,0.6313113182708403,4
APT-USDT-SWAP,2025-06-29 08:00:00+00:00,181.3265,1,r034_trade_log.csv,1.0,0.4934538002839308,1.014850583090379,0.028391537260152026,2.6208316252783463,0.25222010533252504,49.20269691367668,13.522706627749908,0.6886477462437471,0.9090909090909066,44.516129032257965,7,6,Asia,bull,ranging,0.6356351374958893,5
ARB-USDT-SWAP,2025-06-29 09:00:00+00:00,-112.064,0,r034_trade_log.csv,1.0,0.5848474040985201,1.0863525807502645,0.0377617287245906,2.3125726496048875,0.1389605032584263,60.938924319752026,18.457539343454844,0.8403361344537787,0.538461538461545,15.267175572519099,8,6,London,bull,mixed,0.526972252224266,4
XRP-USDT-SWAP,2025-06-29 10:00:00+00:00,-168.9805,0,r034_trade_log.csv,1.0,0.2235538375933701,0.9882929293882771,0.011416432871078202,1.8883227947785777,0.17980212055869488,57.12735897040466,24.090942660691113,0.3609778387022982,0.6455696202531944,55.32544378698162,9,6,London,bull,mixed,0.5718020003057572,5
BTC-USDT-SWAP,2025-06-29 10:00:00+00:00,-138.1284,0,r034_trade_log.csv,6.0,0.11801896211407076,3.337330673353964,0.006458202521077273,1.6560446887017466,0.12722859565674544,67.34930801367486,14.553231255676515,0.3111421210620586,0.8432367871006243,9.730337078652338,9,6,London,bull,ranging,0.5841877624723676,4
BCH-USDT-SWAP,2025-06-29 11:00:00+00:00,-129.4751,0,r034_trade_log.csv,4.0,0.3062604339053352,1.4367800395277228,0.012269241500061806,2.61096493781752,0.24343981001681364,52.10485689372324,12.547182379368932,0.6082725060827251,0.7999999999999924,27.65957446808481,10,6,London,bull,ranging,0.6140254310242321,4
ETH-USDT-SWAP,2025-06-29 11:00:00+00:00,-124.6517,0,r034_trade_log.csv,7.000000000000001,0.2069020131416665,1.9815032657450489,0.011450166958742288,1.1199221109590658,0.03763685860667059,66.9721489749679,15.37791166100585,0.7933328973612732,0.2148377125193253,10.277105192358754,10,6,London,bull,ranging,0.49123473764023395,4
APT-USDT-SWAP,2025-06-29 11:00:00+00:00,-113.0978,0,r034_trade_log.csv,2.0,0.5113639007745101,1.1332048478182357,0.02732791074266099,3.67690093180264,0.24798195494420866,58.331225462621646,12.408322386005649,1.2430080795525273,0.5500000000000015,9.677419354838488,10,6,London,bull,ranging,0.523495408131601,4
LINK-USDT-SWAP,2025-06-29 19:00:00+00:00,-134.2232,0,r034_trade_log.csv,9.0,0.29497884903272076,1.21720150515443,0.017545249976113685,2.288783773134298,0.24887816730467358,53.34984052629919,23.120037382495823,0.7843430193471177,0.7619047619047724,48.11715481171577,18,6,NY,bull,mixed,0.5378039163255335,5
APT-USDT-SWAP,2025-06-29 20:00:00+00:00,189.3222,1,r034_trade_log.csv,7.000000000000001,0.5931794174593673,0.6881428881631644,0.03079404320250104,3.241404385299855,0.2931388750961785,55.421371075165766,11.717465949464696,0.8917461634176721,0.5581395348837195,24.999999999999748,19,6,NY,bull,ranging,0.5869020165942976,4
FIL-USDT-SWAP,2025-06-29 20:00:00+00:00,185.4547,1,r034_trade_log.csv,7.000000000000001,0.2872891582749874,1.0724607986379064,0.015303614939880826,1.5655922285309019,0.09502522914536549,64.84774472170844,25.168273233161177,0.9194395796847596,0.7142857142857022,9.30232558139542,19,6,NY,bull,trending,0.5684988344093127,4
DOT-USDT-SWAP,2025-06-29 20:00:00+00:00,-138.4749,0,r034_trade_log.csv,7.000000000000001,0.28624965121362755,0.5984977591245033,0.019818286239739587,0.7379081401028119,0.04887803775900686,61.1542010182924,25.190370897630494,0.5827505827505833,0.5500000000000056,14.516129032257833,19,6,NY,bull,trending,0.49594917918187337,4
BTC-USDT-SWAP,2025-07-04 22:00:00+00:00,172.9176,1,r034_trade_log.csv,15.0,0.21745085828066307,0.35596125693291425,0.023902078592591518,0.27377444621952124,0.018997204475953017,40.648782037400714,31.84666111025158,0.34921313242043883,0.5544027666932412,70.4951551248999,21,4,NY,flat,trending,0.475213309137642,5
ADA-USDT-SWAP,2025-07-05 08:00:00+00:00,-143.2782,0,r034_trade_log.csv,10.0,0.5715932584735617,0.6620295650215157,0.0306769452118511,0.6616747599317313,0.020361724045401854,50.90655536150891,30.00414196032557,0.9969061533172767,0.7586206896551764,22.222222222222403,7,5,Asia,bull,trending,0.4725570077280167,5
BNB-USDT-SWAP,2025-07-05 21:00:00+00:00,174.5406,1,r034_trade_log.csv,6.0,0.10750605202306242,0.4367621200703341,0.005011755755017175,0.23345799327795141,0.015157305677538768,50.275130283431274,30.204998970080524,0.3518971848225145,0.6086956521739152,40.0,20,5,NY,flat,trending,0.577752158323742,4
LTC-USDT-SWAP,2025-07-05 22:00:00+00:00,-123.3233,0,r034_trade_log.csv,7.000000000000001,0.3472240844804702,1.3494324387024312,0.014972588185083015,0.9048434536704443,0.02416566213088974,56.45157961328511,19.93690384130584,0.8927549502117444,0.8589743589743599,15.340909090909626,21,5,NY,bull,mixed,0.5127099733421998,4
ETH-USDT-SWAP,2025-07-05 23:00:00+00:00,-134.0807,0,r034_trade_log.csv,4.0,0.22668663152983326,0.6909838770188258,0.012675357040292129,0.8720974035675949,0.05019118933521538,52.11200429901207,33.02337529155817,0.5358818197719727,0.785608308605351,25.521821631878083,22,5,NY,bull,trending,0.5656728179849759,4
XRP-USDT-SWAP,2025-07-06 06:00:00+00:00,160.6665,1,r034_trade_log.csv,1.0,0.20747395722140885,0.7978724836179518,0.009389176125640487,0.6094075494534689,0.03610758779369371,52.96767507577493,21.94315774944539,0.30640291983959533,0.5735294117647289,25.423728813559094,5,6,Asia,bull,mixed,0.6432356227647026,4
LTC-USDT-SWAP,2025-07-06 12:00:00+00:00,-115.6176,0,r034_trade_log.csv,7.000000000000001,0.31130847333356104,1.366083736827116,0.017585973570412743,1.0081107280597632,0.04059578890509097,58.2189930788137,12.898955834630339,0.9527089072543599,0.7710843373493999,18.47826086956474,11,6,London,bull,ranging,0.5589268717064991,4
SUI-USDT-SWAP,2025-07-06 14:00:00+00:00,-107.6788,0,r034_trade_log.csv,13.0,0.4207647875041944,3.673294313751144,0.0213811136534509,3.2655498466783577,0.15103909692022197,67.61398564309127,12.124286875789341,1.1180295159792286,0.587692307692301,10.030090270812234,13,6,London,bull,ranging,0.47280604479781596,7
UNI-USDT-SWAP,2025-07-08 06:00:00+00:00,193.1064,1,r034_trade_log.csv,16.0,0.6099079441290682,0.8887674691721676,0.028033512029793876,3.166708947568441,0.20454838032328396,59.42260129236962,19.84561161594134,1.4150943396226472,0.4380952380952388,7.7868852459017,5,1,Asia,bull,mixed,0.4430020967705767,0
LTC-USDT-SWAP,2025-07-09 12:00:00+00:00,183.0552,1,r034_trade_log.csv,7.000000000000001,0.28266016110737624,0.9148523691313736,0.018591341002497184,1.7399355199927529,0.13086038928916255,65.80075198023142,21.61497787031727,0.34094783498124465,0.4999999999999763,6.0606060606061165,11,2,London,bull,mixed,0.41553010369050175,4
BTC-USDT-SWAP,2025-07-13 13:00:00+00:00,178.4138,1,r034_trade_log.csv,10.0,0.1778235755670315,3.2588243171259292,0.010494220618900544,4.739350457935295,0.45337122217475095,65.71494857353358,15.097946955299953,0.3184216990961484,0.8696461824953425,15.136770901323526,12,6,London,bull,ranging,0.5855323732399484,7
ETH-USDT-SWAP,2025-07-13 13:00:00+00:00,-114.3725,0,r034_trade_log.csv,8.0,0.3383790824064676,3.0200605895205523,0.01859265213273143,7.756705617456844,0.7190218493670075,64.56546981076112,12.936947021909623,0.5776173285198519,0.9351635514018879,9.973454683352118,12,6,London,bull,ranging,0.5550909565481063,7
UNI-USDT-SWAP,2025-07-13 14:00:00+00:00,-113.0433,0,r034_trade_log.csv,5.0,0.529529429191085,2.3426246794110184,0.031146129785930468,6.297955677203709,0.5507378892185598,58.083867004145745,18.3404115173972,1.5820930505097832,0.5185185185185215,8.737864077670205,13,6,London,bull,mixed,0.4941984264559012,7
ADA-USDT-SWAP,2025-07-15 11:00:00+00:00,-116.5523,0,r034_trade_log.csv,7.000000000000001,0.7257514073624228,0.9656812005961064,0.03582495675926037,6.987558871020362,0.6363032818145304,49.42972474949262,26.97428569906608,1.384320175438596,0.524752475247522,42.780748663101654,10,1,London,bull,trending,0.3662888762063995,2
XRP-USDT-SWAP,2025-07-16 06:00:00+00:00,186.4584,1,r034_trade_log.csv,8.0,0.8925190744739879,0.5997978156342837,0.030422876437087996,8.207287770306273,0.8341202872172391,52.87265557794502,20.803306631989685,0.875476362138225,0.2509803921568692,27.408793264733493,5,2,Asia,bull,mixed,0.4910092034638851,2
XRP-USDT-SWAP,2025-07-16 14:00:00+00:00,189.0735,1,r034_trade_log.csv,3.0,0.6120075819575903,2.1944693373542816,0.04159477465418438,9.68726310944368,0.8938863285800054,62.91629061660754,16.28670477280022,0.9507434004248003,0.457446808510643,11.489361702127653,13,2,London,bull,ranging,0.5012864485395014,2
ADA-USDT-SWAP,2025-07-16 19:00:00+00:00,172.9471,1,r034_trade_log.csv,10.0,0.638949553246453,1.3636368396834362,0.040995557475080636,8.984135664719135,0.8067103704690048,62.47653526967441,15.326252266637828,1.2954723894268396,0.3030303030303061,21.50259067357508,18,2,NY,bull,ranging,0.4621980425801817,2
ATOM-USDT-SWAP,2025-07-16 19:00:00+00:00,185.922,1,r034_trade_log.csv,10.0,0.5517662885329221,1.1427194767017415,0.03408014510565763,5.573069223880185,0.4076412893399689,67.18846410761158,17.09704593864267,0.777637662883563,0.3783783783783855,14.136125654449879,18,2,NY,bull,ranging,0.3834211056329211,7
BTC-USDT-SWAP,2025-07-19 04:00:00+00:00,-154.927,0,r034_trade_log.csv,1.0,0.2651642005692235,0.35638030320672676,0.02268259802383897,0.9585730014441225,0.050335932490794516,49.95353998808656,18.62572034165136,0.3057488564011988,0.4474557522123902,43.18954055251853,3,5,Asia,bull,mixed,0.5044322871808505,5
WIF-USDT-SWAP,2025-07-19 17:00:00+00:00,194.6261,1,r034_trade_log.csv,4.0,0.8458882774835049,1.1512893040542604,0.08630697386035899,4.0820570340036975,0.2830390731216146,58.67743506917805,15.875728138145012,3.059596433599246,0.6349693251533731,11.20597652081105,16,5,NY,bull,ranging,0.5492815804975458,0
ARB-USDT-SWAP,2025-07-19 21:00:00+00:00,193.2092,1,r034_trade_log.csv,6.0,1.1217269633937827,0.7107411763163557,0.05282251889483707,7.748418681601042,0.6580711470662953,53.5080205815836,11.931384352868935,2.5912329950334723,0.8166666666666685,40.44665012406943,20,5,NY,bull,ranging,0.5906210926421724,0
ETH-USDT-SWAP,2025-07-19 21:00:00+00:00,180.6843,1,r034_trade_log.csv,9.0,0.40847687415217154,0.7541997121839574,0.017569018853852123,9.908185971286064,1.0260475203682502,51.547483707479124,12.378941824125677,1.1536526745290985,0.6073158914728582,44.63765300174839,20,5,NY,bull,ranging,0.598189213259047,2
APT-USDT-SWAP,2025-07-19 21:00:00+00:00,-107.8126,0,r034_trade_log.csv,11.0,0.7441223205887769,1.2483412838969952,0.050692793515409625,4.454230134699312,0.2591073120762363,55.168119503637904,24.636027601969293,2.2564874012786786,0.8166666666666648,37.41258741258754,20,5,NY,bull,mixed,0.42033962283001586,0
PEPE-USDT-SWAP,2025-07-19 21:00:00+00:00,194.0347,1,r034_trade_log.csv,1.0,0.9667471298118705,0.714821554617957,0.04829677837224607,4.637980486871432,0.3286944829067738,53.17070563017766,20.432752585219223,2.5133168279690974,0.6955223880597023,27.752808988763988,20,5,NY,bull,mixed,0.6018047052190586,0
UNI-USDT-SWAP,2025-07-20 03:00:00+00:00,194.9647,1,r034_trade_log.csv,8.0,0.6497969754260216,1.1012763859425352,0.03601629104882125,11.949692217175889,0.9789356179463757,64.51746944676806,12.26727863405781,1.931895794711683,0.4595959595959641,5.16129032258046,2,6,Asia,bull,ranging,0.5824805709225666,2
SUI-USDT-SWAP,2025-07-20 07:00:00+00:00,184.4788,1,r034_trade_log.csv,1.0,0.4637192399854689,0.819365624959774,0.04330916347831066,3.5530465191921734,0.27190756968637314,61.01618370973881,24.602848144440678,1.5034320254072322,0.7291311754684795,16.405797101449153,6,6,Asia,bull,mixed,0.6032186484889069,0
BTC-USDT-SWAP,2025-07-20 09:00:00+00:00,-161.5841,0,r034_trade_log.csv,1.0,0.14952450114298005,1.3326225032904118,0.005039388765758952,0.634756135261843,0.04662248641382855,54.96283703945922,26.16362357881662,0.329832288666787,0.5012840267077369,15.640074211503324,8,6,London,bull,trending,0.5635011974624691,4
SUI-USDT-SWAP,2025-07-20 09:00:00+00:00,-106.6685,0,r034_trade_log.csv,6.0,0.5885789881388181,1.8662908524584165,0.06518569730751782,6.135425723297563,0.35394619416788825,72.63932625928666,28.40735623572718,2.4293542766231484,0.7390852390852426,2.1886191802626573,8,6,London,bull,trending,0.4864842777945288,0
SOL-USDT-SWAP,2025-07-20 09:00:00+00:00,193.7205,1,r034_trade_log.csv,7.000000000000001,0.6155313880369336,1.3417873202522272,0.024735840159081108,6.286562355119737,0.49219579478430475,65.00534067339682,19.63053560591634,0.8376433550708394,0.40939597315435,0.0,8,6,London,bull,mixed,0.5508745246711246,7
WIF-USDT-SWAP,2025-07-20 10:00:00+00:00,191.9912,1,r034_trade_log.csv,5.0,0.8894706050050429,1.1699424660751288,0.06432697370055838,7.297642599540595,0.6005885437538645,64.8490987277204,31.743121029346504,2.128041662925369,0.7257383966244727,18.028846153846267,9,6,London,bull,trending,0.5607223146821785,2
BTC-USDT-SWAP,2025-07-20 15:00:00+00:00,-154.8601,0,r034_trade_log.csv,7.000000000000001,0.11468828856081885,2.98036088528603,0.0069453437410354315,0.867744170505587,0.05362447976996486,62.386460480163784,21.17420310339365,0.2782446611383599,0.972390776699012,22.073706320412555,14,6,London,bull,mixed,0.5323873612282751,4
NEAR-USDT-SWAP,2025-07-20 17:00:00+00:00,-109.1994,0,r034_trade_log.csv,13.0,0.544705284535125,2.723627524146473,0.07093687990249181,11.941955677420973,1.054935620200304,72.37382640203556,28.768770241470584,2.034120734908131,0.6612903225806457,8.333333333333352,16,6,NY,bull,trending,0.49305301570821164,2
AVAX-USDT-SWAP,2025-07-21 07:00:00+00:00,-111.0777,0,r034_trade_log.csv,14.000000000000002,0.5628905253080897,1.2849144633778546,0.031056550233846143,11.718943193609995,1.0572454554226416,68.9009366540954,20.027428267629546,1.192384377809921,0.4163934426229476,7.733952049497407,6,0,Asia,bull,mixed,0.39462364263626065,2
NEAR-USDT-SWAP,2025-07-21 07:00:00+00:00,-110.402,0,r034_trade_log.csv,14.000000000000002,0.6725680562714316,1.4120113266635892,0.03802069404802689,10.035531407391153,0.8808689172519739,62.79771492256966,20.44433281366226,1.191658391261173,0.2222222222222222,18.01242236024839,6,0,Asia,bull,mixed,0.4197069188958427,2
DOT-USDT-SWAP,2025-07-21 08:00:00+00:00,-118.6309,0,r034_trade_log.csv,13.0,0.6201750325402754,1.1300701174629675,0.029010222212369735,9.101963193629567,0.7997789612519948,64.9100921151148,19.24284341994207,0.9857612267250805,0.4222222222222257,10.619469026548684,7,0,Asia,bull,mixed,0.4069562006715868,2
ARB-USDT-SWAP,2025-07-21 08:00:00+00:00,-117.7054,0,r034_trade_log.csv,10.0,0.8720549668676807,0.9248388295699989,0.04659066650514744,11.45448833917583,1.0502696262703595,61.693691951401135,21.701450018471643,1.5982197046328064,0.22784810126582689,42.02127659574475,7,0,Asia,bull,mixed,0.40602120900860406,2
ARB-USDT-SWAP,2025-07-21 12:00:00+00:00,-112.4281,0,r034_trade_log.csv,7.000000000000001,0.8176403420609716,1.0635073891352294,0.045117996030193404,10.92431758301802,1.1021299664520572,59.6112776358634,18.678939943230084,1.9943593875906565,0.41414141414141253,42.553191489361716,11,0,London,bull,mixed,0.43759666494292676,2
OP-USDT-SWAP,2025-07-21 12:00:00+00:00,-108.027,0,r034_trade_log.csv,9.0,0.968769473888707,0.9250328653835977,0.0401712071646042,10.555171317220937,1.030324978741696,59.39988928552736,16.65280972921332,2.4097889873891853,0.4559585492227941,24.543610547667335,11,0,London,bull,ranging,0.4355368660379221,2
ATOM-USDT-SWAP,2025-07-21 12:00:00+00:00,-114.6639,0,r034_trade_log.csv,13.0,0.5026624234873255,2.1612563969666927,0.03082180720689029,8.235259676886583,0.8076704389019159,62.363926754289366,17.924472493795996,1.3685611100551238,0.3472222222222269,19.16666666666676,11,0,London,bull,ranging,0.3937688986707459,2
UNI-USDT-SWAP,2025-07-25 23:00:00+00:00,187.3224,1,r034_trade_log.csv,14.000000000000002,1.3323459298067066,0.5579649634022209,0.08359498438095131,2.6838899227398407,0.10157714104942865,55.675478548246765,18.06368359861242,1.2990762124711468,0.9703703703703608,29.72375690607738,22,4,NY,bull,mixed,0.447353685466637,0
LTC-USDT-SWAP,2025-07-25 23:00:00+00:00,-123.6711,0,r034_trade_log.csv,7.000000000000001,1.0850581313124286,0.4936951452058649,0.06668159842423224,2.7219561501821836,0.15208525150096974,54.61256760015841,17.88933509435637,0.6783543300149857,0.8961038961038997,33.00733496332519,22,4,NY,bull,ranging,0.5190901769657031,0
BNB-USDT-SWAP,2025-07-26 00:00:00+00:00,-119.2589,0,r034_trade_log.csv,1.0,0.5677133654243895,0.6634734414906986,0.0390399023018315,3.9895948059247432,0.27728809735459187,62.810398689342556,15.948770826109286,0.7526470213037348,0.7796610169491593,1.1695906432747898,23,4,NY,bull,ranging,0.5348990162208852,4
ETH-USDT-SWAP,2025-07-26 04:00:00+00:00,187.7901,1,r034_trade_log.csv,9.0,0.7481412377364715,0.45216306986050225,0.04323622501170949,4.163852119313984,0.34225276701853413,59.783757013167374,14.91461870176668,1.7593990991833885,0.6133394105135255,17.32311960914398,3,5,Asia,bull,ranging,0.5171057512899582,0
BNB-USDT-SWAP,2025-07-26 08:00:00+00:00,-170.316,0,r034_trade_log.csv,1.0,0.5252366665856733,0.30444275793543735,0.03226128289415864,3.2747043550022568,0.34762190473261995,56.828844812379614,12.1248115144907,0.34487163111507624,0.6666666666666666,14.50980392156836,7,5,Asia,bull,ranging,0.5625396192471679,4
SUI-USDT-SWAP,2025-07-26 10:00:00+00:00,194.0283,1,r034_trade_log.csv,12.0,1.0789009005625976,0.8749005907284826,0.12820179185055247,6.387038133890038,0.4667858638649389,70.26645980839174,32.245144579518985,1.330018645121196,0.6392523364485929,0.9254974548821028,9,5,London,bull,trending,0.5019679750996453,3
LTC-USDT-SWAP,2025-07-26 10:00:00+00:00,-124.3126,0,r034_trade_log.csv,1.0,0.9133896283976091,0.6268126255422544,0.038924911409487145,2.7951889496246864,0.22562333656704503,56.29997295830048,10.082644304961928,0.7550482879719047,0.825581395348847,21.202003338898066,9,5,London,bull,ranging,0.5686061916455796,0
LINK-USDT-SWAP,2025-07-26 10:00:00+00:00,-125.0995,0,r034_trade_log.csv,1.0,0.9590917244811953,0.6608619618264925,0.06845142452109501,1.3198711595424013,0.11174725629305908,57.72532679388437,18.321343764105098,0.9437049967270251,0.6184971098265919,10.253998118532598,9,5,London,bull,mixed,0.511969661878983,0
ADA-USDT-SWAP,2025-07-26 10:00:00+00:00,-118.0297,0,r034_trade_log.csv,1.0,0.9766809191054763,0.4183276338648696,0.07719352432119596,0.923896730581478,0.03739322525626579,60.03331040005988,16.777961538286064,0.8377853326857719,0.6956521739130456,2.968460111317336,9,5,London,bull,ranging,0.5043995241833072,0
SOL-USDT-SWAP,2025-07-26 10:00:00+00:00,-113.3722,0,r034_trade_log.csv,1.0,0.7769903669241844,1.536889011709426,0.07227262764082193,2.647219937685347,0.1388086229086254,64.75683211316505,22.58786555981843,0.8195412697568094,0.9870129870129806,1.6923076923076836,9,5,London,bull,mixed,0.4484271663606972,0
UNI-USDT-SWAP,2025-07-26 10:00:00+00:00,-114.6962,0,r034_trade_log.csv,1.0,1.0410772563918034,0.6680004089519257,0.07046199774086248,4.035084247422792,0.3545809890696267,59.20616341705077,11.795281254288009,1.1816275967219247,0.6693548387096855,4.6979865771809886,9,5,London,bull,ranging,0.5098092932333838,0
AVAX-USDT-SWAP,2025-07-26 16:00:00+00:00,194.0278,1,r034_trade_log.csv,9.0,0.5256529505851586,3.9414100975185886,0.04198876386220242,3.800229497290674,0.18858272927851383,74.08963867627952,27.99769018308128,2.501922999068858,0.5873786407766997,7.253886010362584,15,5,London,bull,trending,0.5371446135800874,7
BCH-USDT-SWAP,2025-07-26 19:00:00+00:00,189.2133,1,r034_trade_log.csv,2.0,0.4156278322286266,0.9958873920236349,0.014070875920531668,6.2322657319520305,0.5866618236553411,62.48840557190651,27.617793776651784,0.9844281367460175,0.7636363636363719,15.740740740741064,18,5,NY,bull,trending,0.664032670644753,7
NEAR-USDT-SWAP,2025-07-26 20:00:00+00:00,-107.0015,0,r034_trade_log.csv,7.000000000000001,0.4921259379064919,0.9739049660611223,0.02936423999468068,4.003789437501173,0.26374952736905094,67.9367097480395,27.053671534961925,2.2984562607204024,0.6119402985074641,7.000000000000112,19,5,NY,bull,trending,0.4603756574264204,0
LTC-USDT-SWAP,2025-07-26 20:00:00+00:00,-121.8761,0,r034_trade_log.csv,1.0,0.4268009962556972,0.6525614062369383,0.02284057938695517,3.2627031539541163,0.27177711587734876,59.676819155356895,8.656428817468532,1.3464211257817904,0.5677419354838782,18.343195266271927,19,5,NY,bull,ranging,0.5373471551029099,4
BNB-USDT-SWAP,2025-07-26 20:00:00+00:00,184.4334,1,r034_trade_log.csv,1.0,0.24899834357264033,0.6317697400606241,0.008227826568962556,3.2297855592281897,0.29400290317114924,59.662989327746885,9.063271942879716,0.4986574606827742,0.6410256410256447,13.157894736842065,19,5,NY,bull,ranging,0.7082086124989647,4
UNI-USDT-SWAP,2025-07-26 20:00:00+00:00,192.9891,1,r034_trade_log.csv,1.0,0.568484507536832,0.46808662989311844,0.02195296143479499,3.9875696666187013,0.31154426093945775,59.86771487039746,9.110439394742691,1.2852246763137831,0.5037037037037017,11.678832116788367,19,5,NY,bull,ranging,0.5476356763164368,4
LINK-USDT-SWAP,2025-07-26 20:00:00+00:00,193.2349,1,r034_trade_log.csv,2.0,0.4452335873151229,0.8915452233904694,0.017689736033829784,2.25029106609651,0.13185964722143156,61.870228088743296,14.87545929366417,1.5507238518679054,0.552447552447561,8.1534772182252,19,5,NY,bull,ranging,0.5854563397270177,4
ARB-USDT-SWAP,2025-07-26 20:00:00+00:00,-110.5177,0,r034_trade_log.csv,2.0,0.5628292500022364,0.5144676821487038,0.029909978704812323,1.9079702425414928,0.0662177550789887,66.39616946850956,26.46682894901516,1.872246696035244,0.5529411764705922,9.411764705882288,19,5,NY,bull,trending,0.4686810210889171,0
BNB-USDT-SWAP,2025-07-26 23:00:00+00:00,186.3114,1,r034_trade_log.csv,9.0,0.20468322218182378,6.390923933520325,0.014943450729709866,3.9577008899948827,0.3100488034636275,68.17857989593318,14.193411705747035,0.6713109563014509,0.8679245283018985,35.32338308457719,22,5,NY,bull,ranging,0.6441188118824157,7
SOL-USDT-SWAP,2025-07-27 02:00:00+00:00,187.2549,1,r034_trade_log.csv,1.0,0.40940468584319023,0.7673056784190686,0.024014870393583708,0.9894018719588863,0.08014125109706201,52.323493530529404,16.04096642528742,0.5340093856195098,0.6161616161615956,63.55311355311344,1,6,Asia,bull,ranging,0.6512403406649458,5
OP-USDT-SWAP,2025-07-27 03:00:00+00:00,-109.6924,0,r034_trade_log.csv,6.0,0.5594404280014406,1.7554691967450464,0.024667726731131923,1.566339572393854,0.041017321416021546,62.17854765391343,24.387813732663137,1.3335166345889373,0.22680412371135117,14.341085271317947,2,6,Asia,bull,mixed,0.4510801851736142,4
BTC-USDT-SWAP,2025-07-27 03:00:00+00:00,-150.3628,0,r034_trade_log.csv,3.0,0.12813732384077467,1.3016190787881465,0.008040057343872264,0.4805365784640829,0.025889808182560297,63.021381142410405,24.187147764727243,0.25845176216340476,0.4475753604194205,7.489268426340345,2,6,Asia,bull,mixed,0.508008921855854,4
LTC-USDT-SWAP,2025-07-27 03:00:00+00:00,-113.8906,0,r034_trade_log.csv,2.0,0.3550587960074341,0.7672579859279183,0.018948885719204642,3.3544977227056973,0.2944478562855131,60.54083444794986,9.22146150160653,1.107719145224593,0.5511811023622087,11.64658634538123,2,6,Asia,bull,ranging,0.577435922166195,4
ARB-USDT-SWAP,2025-07-27 03:00:00+00:00,-110.3905,0,r034_trade_log.csv,6.0,0.4400997815370058,1.4586600609291254,0.026229555876194785,1.8930790310422174,0.12314969725725589,62.35241874918135,27.90492371629342,1.373808996233113,0.2741935483870917,16.447368421052293,2,6,Asia,bull,trending,0.505094233655827,4
SUI-USDT-SWAP,2025-07-27 05:00:00+00:00,-124.6739,0,r034_trade_log.csv,9.0,0.9201732876691757,0.33823696512658696,0.0652007991816304,8.130143482052503,0.8123151851282019,62.74188552835754,47.717944133836276,1.2619720987712932,0.41807909604519583,44.8886176380836,4,6,Asia,bull,trending,0.4770913401725057,2
ADA-USDT-SWAP,2025-07-27 06:00:00+00:00,-116.9538,0,r034_trade_log.csv,1.0,0.41060339135421536,1.572591553704813,0.01904720234044861,1.6806744106121905,0.0847845112664629,60.40896522265936,16.79948367754694,0.9599232061435095,0.5875000000000041,22.972972972972947,5,6,Asia,bull,ranging,0.5978286791451616,4
BTC-USDT-SWAP,2025-07-27 15:00:00+00:00,159.6741,1,r034_trade_log.csv,5.0,0.1150982904057504,3.5442845894500206,0.005174725928990505,0.5278107256167994,0.031480315521293524,62.00672227766298,27.598071188251012,0.13297253677258367,0.6991094147581809,19.52124935995911,14,6,London,bull,trending,0.5639731209648048,4
ADA-USDT-SWAP,2025-07-27 23:00:00+00:00,-117.5394,0,r034_trade_log.csv,13.0,0.5671294511130262,1.262095880969042,0.025526563338624887,1.5022150044266518,0.05492250471236175,58.59967558722506,14.997105740029301,0.7813439115278219,0.7538461538461619,23.046875000000103,22,6,NY,bull,ranging,0.45819211161806606,4
ATOM-USDT-SWAP,2025-07-27 23:00:00+00:00,-111.7369,0,r034_trade_log.csv,15.0,0.4791601433714541,1.3730380317476385,0.02288576075593366,1.6538126355588225,0.03494817245513721,66.34096719905409,25.702225265408803,0.9089031191902415,0.7045454545454742,8.860759493670502,22,6,NY,bull,trending,0.3722345680029746,7
BCH-USDT-SWAP,2025-07-30 03:00:00+00:00,-114.7559,0,r034_trade_log.csv,15.0,0.48911377896434366,1.0286641252657323,0.025293468958010597,2.8039365894948527,0.1967326328845204,51.51450656193487,14.415426903781853,0.8645024700070533,0.1836734693877513,47.78325123152716,2,2,Asia,bull,ranging,0.4030183143954942,6
BNB-USDT-SWAP,2025-07-31 10:00:00+00:00,-114.6731,0,r034_trade_log.csv,11.0,0.5350575047192274,0.6910994104536946,0.04256828137591232,2.4056664255728597,0.10838975629253397,66.07078718516993,25.586077705315393,0.8269563070846759,0.955223880597022,0.21008403361349304,9,3,London,bull,trending,0.4847608887738521,0
LTC-USDT-SWAP,2025-08-04 00:00:00+00:00,190.9351,1,r034_trade_log.csv,12.0,0.4048610171171629,1.912723057495001,0.02980592307628377,1.2827546597444177,0.046859347423529686,62.50916086401956,16.551173714728066,1.0030090270812384,0.4454545454545431,22.435897435897644,23,6,NY,bull,ranging,0.43283821175029824,4
XRP-USDT-SWAP,2025-08-04 23:00:00+00:00,-114.2293,0,r034_trade_log.csv,7.000000000000001,0.5841466931588247,0.551827794096288,0.04447419062821018,1.7492280140751322,0.07402616662739361,70.20315798237594,37.89920561525238,0.9678050052137663,0.7272727272727205,2.442996742670745,22,0,NY,bull,trending,0.35085340097568785,1
ETH-USDT-SWAP,2025-08-07 08:00:00+00:00,173.3198,1,r034_trade_log.csv,13.0,0.4630303138591538,0.6244148467260351,0.031627625246386556,1.9912480232785332,0.13659919300683615,63.503238583072076,20.21081562994956,0.6910034171093742,0.28840125391848265,10.544827586206871,7,3,Asia,bull,mixed,0.5285865720675303,4
BCH-USDT-SWAP,2025-08-07 08:00:00+00:00,-119.8338,0,r034_trade_log.csv,15.0,0.480181366527446,2.545190681884576,0.03201089377535873,3.4143521973389013,0.26526487610977023,66.36764211833902,30.11953413619563,1.0413051023950017,0.8166666666666819,10.666666666666567,7,3,Asia,bull,trending,0.4526389299020559,7
BCH-USDT-SWAP,2025-08-08 18:00:00+00:00,-111.1366,0,r034_trade_log.csv,7.000000000000001,0.42147753389574816,1.4350004448621245,0.022883831462437856,4.295802705499363,0.3277687686060847,67.31449108705539,28.736486517836163,0.4817618719889804,0.7142857142857258,4.347826086956798,17,4,NY,bull,trending,0.5205672317815748,7
LTC-USDT-SWAP,2025-08-09 06:00:00+00:00,-110.5795,0,r034_trade_log.csv,4.0,0.7540685241842024,2.2897957171386363,0.043514325687391976,6.393775734841734,0.6012980277001465,60.12582953899089,34.08668070859926,1.6136801541425858,0.7711442786069618,26.006711409395955,5,5,Asia,bull,trending,0.5353968197580199,2
BTC-USDT-SWAP,2025-08-09 10:00:00+00:00,-127.5197,0,r034_trade_log.csv,6.0,0.20513843639171167,1.6768791160824967,0.010687180547056183,1.5407572990434852,0.09073640708259004,65.79652422457832,20.936426854291685,0.384293426267591,0.8255167815069993,0.0,9,5,London,bull,mixed,0.5438071269620397,4
LTC-USDT-SWAP,2025-08-10 05:00:00+00:00,-109.6839,0,r034_trade_log.csv,9.0,0.6576320813542462,0.9298733110760493,0.04914228206077912,4.41393523089989,0.29588576830225266,57.24687703767872,19.560852916629532,1.7192210543469402,0.5592417061611408,42.74193548387081,4,6,Asia,bull,mixed,0.4553694545291362,0
BCH-USDT-SWAP,2025-08-16 06:00:00+00:00,-148.6061,0,r034_trade_log.csv,1.0,0.3697288907200262,0.3804326376053938,0.024728467512080736,0.94315971627807,0.05841008920055202,54.50066561551136,23.28560998714649,0.6036217303822976,0.7777777777777602,13.186813186813112,5,5,Asia,bull,mixed,0.5638383033463866,4
LINK-USDT-SWAP,2025-08-16 09:00:00+00:00,-126.5712,0,r034_trade_log.csv,11.0,0.8882315116488465,0.9219329105664595,0.03663300958163717,0.9950324513883718,0.1277982715893065,45.81751761164535,18.40902047711057,2.2269593613933223,0.7942973523421534,62.38377007607774,8,5,London,bull,mixed,0.4847812047578908,0
BNB-USDT-SWAP,2025-08-16 09:00:00+00:00,-145.4318,0,r034_trade_log.csv,9.0,0.5533429474820147,0.20452290097775247,0.02855957142816702,1.7950321169845025,0.16448773954564458,51.4491361833584,21.18278548237206,0.5386641129997606,0.7111111111110959,30.51359516616319,8,5,London,bull,mixed,0.5308868199000888,5
ETH-USDT-SWAP,2025-08-16 09:00:00+00:00,-134.0656,0,r034_trade_log.csv,15.0,0.771671402813807,0.29237042045726025,0.03232617592251816,1.9262398903484967,0.2136048963904582,43.54575231013088,29.165625124427695,1.0075266714761835,0.7109078741913885,71.54090427944936,8,5,London,bull,trending,0.49679001547628354,5
LINK-USDT-SWAP,2025-08-16 15:00:00+00:00,191.8801,1,r034_trade_log.csv,4.0,0.8455858364458191,1.5659875022579182,0.035844559369218945,1.606260621048515,0.049139564438225584,51.70344445849627,15.145126452631288,1.5264711307876753,0.21752265861028047,28.976572133168858,14,5,London,bull,ranging,0.5096669816031644,0
BNB-USDT-SWAP,2025-08-16 20:00:00+00:00,-179.7789,0,r034_trade_log.csv,1.0,0.38122488032863927,0.4062525589816845,0.013380797184180702,1.5320633326699555,0.1280099886640686,52.028373157595624,14.006394398841143,0.28759736369084377,0.33333333333330173,22.689075630252525,19,5,NY,bull,ranging,0.5186448453910842,4
ARB-USDT-SWAP,2025-08-16 20:00:00+00:00,-122.5439,0,r034_trade_log.csv,4.0,0.8113097689900877,0.7686597103618715,0.04293956852972867,2.628256958456352,0.1142591083622805,53.70421727901618,13.476636073507706,1.2604187843057497,0.6290322580645201,13.274336283185848,19,5,NY,bull,ranging,0.4978579400917809,0
LINK-USDT-SWAP,2025-08-16 20:00:00+00:00,196.2509,1,r034_trade_log.csv,11.0,0.8793487203423499,2.3512044171987236,0.05633173377272889,4.9146313490807705,0.1613713890771085,65.57929903283451,19.495344467920393,2.7031841460699306,0.7397034596375551,13.244147157190685,19,5,NY,bull,mixed,0.4507281467440384,0
AVAX-USDT-SWAP,2025-08-16 21:00:00+00:00,190.8525,1,r034_trade_log.csv,1.0,0.6521226132475678,0.7985726770061913,0.033659875200494564,1.3648414336720354,0.0033912721437744852,57.74041874723865,13.78090294362918,1.1924478304074206,0.5625000000000084,7.8066914498144016,20,5,NY,flat,ranging,0.5249324632540389,4
BNB-USDT-SWAP,2025-08-17 01:00:00+00:00,-112.6935,0,r034_trade_log.csv,5.0,0.37407462256633256,3.545326202593519,0.021113932381373962,2.998510339232453,0.17470076353942102,66.76851259592186,12.746363340123247,0.46511627906977826,0.5384615384615318,11.95219123505975,0,6,Asia,bull,ranging,0.5367719533004505,4
SOL-USDT-SWAP,2025-08-17 04:00:00+00:00,-109.4275,0,r034_trade_log.csv,6.0,0.5642379931143064,1.2026065415977374,0.03211323670392113,2.4617577361973404,0.1289681014059636,61.39057469748027,15.142114892161155,1.906702188789639,0.8657534246575319,5.16986706056123,3,6,Asia,bull,ranging,0.5564642070917212,0
DOGE-USDT-SWAP,2025-08-17 04:00:00+00:00,191.2853,1,r034_trade_log.csv,2.0,0.47357019483596874,1.1361023366099043,0.030954194969890873,1.7015072066110446,0.05934293770812282,61.137024617927345,12.31079191339442,1.3257819539194273,0.6343042071197358,15.120967741935479,3,6,Asia,bull,ranging,0.645310533682085,4
ARB-USDT-SWAP,2025-08-17 04:00:00+00:00,195.7992,1,r034_trade_log.csv,5.0,0.7936435780049041,1.948024540014846,0.061493879226526105,4.24504993391603,0.2887042041069406,60.57777100581177,14.952469889529958,1.3026663952778263,0.6562500000000098,9.810126582278448,3,6,Asia,bull,ranging,0.5376653869805019,0
ETH-USDT-SWAP,2025-08-17 04:00:00+00:00,189.9215,1,r034_trade_log.csv,1.0,0.3849524789206444,1.4570712267918589,0.01478582313167829,1.9305633320342408,0.13087471610119156,54.194603108277235,19.327370739689275,0.7966518511833675,0.780232228830356,7.949888771806552,3,6,Asia,bull,mixed,0.6721298412025938,4
UNI-USDT-SWAP,2025-08-17 05:00:00+00:00,-110.4544,0,r034_trade_log.csv,2.0,0.5301958934589138,1.4247585523839879,0.031199268164223675,1.850542303385318,0.05720473862330713,63.42199169493584,28.771375617306692,1.100884316910304,0.3934426229508204,6.0301507537686305,4,6,Asia,bull,trending,0.4773686432255058,4
ATOM-USDT-SWAP,2025-08-17 05:00:00+00:00,189.824,1,r034_trade_log.csv,2.0,0.5091838187628618,0.8486200906659565,0.036962845298204455,0.9728843162233146,0.00844609606084114,63.49077435657137,21.525091032955668,0.5469262743382075,0.1200000000000071,0.6329113924052732,4,6,Asia,flat,mixed,0.5323167742382681,4
APT-USDT-SWAP,2025-08-17 06:00:00+00:00,180.78,1,r034_trade_log.csv,5.0,0.46369698124547587,2.1067333133261075,0.03761946501202273,1.4864806789004528,0.08560591453052478,60.78728086688557,21.946670254233783,0.9810060530160656,0.9574468085106427,24.537037037036985,5,6,Asia,bull,mixed,0.5428295182492696,4
APT-USDT-SWAP,2025-08-17 10:00:00+00:00,-112.5101,0,r034_trade_log.csv,7.000000000000001,0.4776836987028003,1.3026529660904937,0.037021318573511555,2.848192612346799,0.14249796319811442,68.30277154514556,27.935640365176564,1.3048881524440887,0.7936507936507973,1.4018691588785608,9,6,London,bull,trending,0.5289769923848984,7
FIL-USDT-SWAP,2025-08-17 10:00:00+00:00,-112.4301,0,r034_trade_log.csv,3.0,0.3993959319560349,1.4454735177951918,0.03151352476842525,1.6841432565033236,0.02651802949485813,71.70820436434806,31.519880521818084,1.0522213561964027,0.6666666666666666,0.0,9,6,London,bull,trending,0.5123878340958425,7
DOT-USDT-SWAP,2025-08-17 10:00:00+00:00,189.5038,1,r034_trade_log.csv,1.0,0.48446817770972933,1.2508460847909144,0.03795182940415183,1.840335733656629,0.02725582112494208,67.0102358434164,20.23793924361597,0.9615384615384541,0.8974358974359079,0.6493506493508666,9,6,London,bull,mixed,0.5270428856544201,4
AVAX-USDT-SWAP,2025-08-17 16:00:00+00:00,-107.3412,0,r034_trade_log.csv,10.0,0.572847357039933,2.3010335245459945,0.05517915094400307,5.540200477308861,0.32274055669984464,72.85553661311553,31.266300679004296,1.102060373742213,0.7717391304347867,1.4788732394366777,15,6,London,bull,trending,0.4321593484898721,7
ATOM-USDT-SWAP,2025-08-17 16:00:00+00:00,-112.0339,0,r034_trade_log.csv,7.000000000000001,0.45261183681067324,1.6005739954282083,0.047238996844272,3.3021271094391444,0.2137272354334878,71.8290630417454,39.64950841607213,0.8322663252240653,0.6666666666666666,1.5384615384615945,15,6,London,bull,trending,0.48540515876957097,7
ADA-USDT-SWAP,2025-08-18 00:00:00+00:00,-121.2223,0,r034_trade_log.csv,7.000000000000001,1.031403692448395,0.6618503957797214,0.04163694831983034,8.000434496185049,0.8477295935854039,54.06964431169851,21.94905092902937,1.5505478602439542,0.9133333333333356,52.76679841897225,23,6,NY,bull,mixed,0.5301318009956614,2
XRP-USDT-SWAP,2025-08-23 21:00:00+00:00,167.9737,1,r034_trade_log.csv,1.0,0.451308068105042,0.5391428577906974,0.025168443687082476,0.8501301692068801,0.06466809688882696,55.29389371095586,14.994315958178273,0.32027999735851687,0.7628865979381486,41.248817407757834,20,5,NY,bull,ranging,0.6363644281470918,4
BCH-USDT-SWAP,2025-08-23 21:00:00+00:00,178.4145,1,r034_trade_log.csv,1.0,0.35172819955372436,0.3712280141165754,0.015994369744081128,2.645269620488088,0.24030585557352158,56.29495706722813,21.345096889568524,0.40719375636239863,1.0,54.07407407407374,20,5,NY,bull,mixed,0.6007117153344603,5
SUI-USDT-SWAP,2025-08-23 21:00:00+00:00,-128.7687,0,r034_trade_log.csv,7.000000000000001,0.8330047110450254,0.40394512769660856,0.04260344059729363,2.7629398458328747,0.2685819539804334,56.856196014027475,21.486859030271663,0.7146119334819798,0.7481203007518966,40.350877192982445,20,5,NY,bull,mixed,0.5248176445212356,0
APT-USDT-SWAP,2025-08-23 21:00:00+00:00,-124.3216,0,r034_trade_log.csv,9.0,0.624198527235698,0.688849624353642,0.0312143490464145,3.868025758849903,0.34313219365317404,62.24176649786086,26.77519668934002,1.1544920235096499,0.7636363636363642,11.176470588235373,20,5,NY,bull,trending,0.41767502153161956,7
LTC-USDT-SWAP,2025-08-24 00:00:00+00:00,-130.6645,0,r034_trade_log.csv,1.0,0.3731910592818722,0.5631566538541379,0.017127206749077823,2.290629481444566,0.2053641777719379,55.88653459971849,10.966643025048588,0.7404360345536747,0.8444444444444423,52.14007782101139,23,5,NY,bull,ranging,0.5906878281222636,4
LINK-USDT-SWAP,2025-08-24 00:00:00+00:00,-136.8298,0,r034_trade_log.csv,1.0,0.43739823990204624,0.5935807370068108,0.032132849963271724,6.2050859290831974,0.582250888021442,58.07671408991595,13.475863005826048,0.551939400860276,0.737931034482738,10.697674418604926,23,5,NY,bull,ranging,0.5946261605218643,4
ETH-USDT-SWAP,2025-08-24 00:00:00+00:00,-129.561,0,r034_trade_log.csv,1.0,0.3695414178157336,0.9394181359228445,0.018080418757022588,7.733434407702987,0.7623321720584235,64.54820240081392,23.164908755611904,0.7842924009386412,0.8751999999999922,18.971746178786102,23,5,NY,bull,mixed,0.5985530544767123,2
XRP-USDT-SWAP,2025-08-24 00:00:00+00:00,179.333,1,r034_trade_log.csv,1.0,0.3965656178660261,0.6719811230497716,0.0202933446245915,1.3691499367616045,0.07494986847699815,60.31612629065808,15.18734960860465,0.5513981882631078,0.8750000000000033,32.764920828258106,23,5,NY,bull,ranging,0.696810644100946,4
WIF-USDT-SWAP,2025-08-24 00:00:00+00:00,-124.573,0,r034_trade_log.csv,1.0,0.8779207508490646,0.44566738643812775,0.045389910404722476,2.1947333370800166,0.16949737838081236,54.956239964778995,14.452392086992628,1.0139975752231882,0.8913043478260867,52.256532066508335,23,5,NY,bull,ranging,0.5054892098576943,0
BCH-USDT-SWAP,2025-08-24 02:00:00+00:00,-119.7614,0,r034_trade_log.csv,3.0,0.3321575725151049,1.8690978486186098,0.019001796413208556,3.58884502256653,0.2673705181483039,65.32045330490325,22.176579082977966,0.7232968881412876,0.7906976744186077,8.759124087591545,1,6,Asia,bull,mixed,0.5786668025772188,4
UNI-USDT-SWAP,2025-08-24 14:00:00+00:00,181.8701,1,r034_trade_log.csv,1.0,0.5701272178516199,1.0014035957294207,0.06068604960907056,1.2783517213037923,0.22364267918754313,38.40052231200236,24.108718822283212,0.8024803939449295,0.8068181818181699,80.55555555555556,13,6,London,bull,mixed,0.6304541892280835,5
LINK-USDT-SWAP,2025-08-24 14:00:00+00:00,183.5981,1,r034_trade_log.csv,2.0,0.39554394364209927,1.4655233575283375,0.043481390254233664,3.1062693228262455,0.3184040000239067,44.2170392322876,18.676865505244326,0.7566892893361518,0.8350515463917546,66.57534246575352,13,6,London,bull,mixed,0.6730870733582919,5
ETH-USDT-SWAP,2025-08-24 14:00:00+00:00,181.1713,1,r034_trade_log.csv,1.0,0.300774980693395,1.6552928709562909,0.013855383626919196,6.459665759452844,0.6764531174520423,55.49227543355115,16.162324813519383,0.420263516583362,0.35785785785784746,50.49153744805886,13,6,London,bull,ranging,0.7021764775390855,5
ETH-USDT-SWAP,2025-08-24 16:00:00+00:00,185.0551,1,r034_trade_log.csv,6.0,0.3204780664599545,2.5730171834300752,0.015004840557846363,6.968347931849547,0.6657071202763207,61.64441767579055,15.818421031166597,0.8598247809762066,0.6404657933042226,29.573033707864845,15,6,London,bull,ranging,0.6904699995849367,7
BCH-USDT-SWAP,2025-08-24 19:00:00+00:00,-118.7781,0,r034_trade_log.csv,9.0,0.3042776431566363,1.369902052729662,0.013386921055095981,3.4001833560008734,0.2925009656341641,62.96048773505105,19.282464163731895,0.9547738693467412,0.7192982456140333,2.4390243902444433,18,6,NY,bull,mixed,0.52087095180294,4
ETH-USDT-SWAP,2025-08-28 09:00:00+00:00,-120.5332,0,r034_trade_log.csv,15.0,0.5569896501916591,1.1942202540913642,0.0406125663554797,1.5140526579875186,0.03487016859103424,57.46327693631544,19.596809232430473,0.781569668741563,0.3686995265942842,30.557813452550548,8,3,London,bull,mixed,0.42273171008730465,1
ATOM-USDT-SWAP,2025-08-28 13:00:00+00:00,-109.839,0,r034_trade_log.csv,10.0,0.5465223243260511,1.4397736246078945,0.03104042559468474,1.7156276533832833,0.018806083142282406,67.69372803885955,12.937194998157128,0.5665722379603355,0.5000000000000342,0.5263157894733939,12,3,London,flat,ranging,0.45435161351032455,4
SOL-USDT-SWAP,2025-08-31 01:00:00+00:00,-109.0266,0,r034_trade_log.csv,4.0,0.5444932221812371,1.505236813455832,0.03918995814462037,2.006588630911893,0.010624402506632017,58.79334861331011,20.833865461919984,0.957599091761685,0.6288659793814434,17.034700315457428,0,6,Asia,flat,mixed,0.47811134512332193,4
ATOM-USDT-SWAP,2025-08-31 13:00:00+00:00,-114.4365,0,r034_trade_log.csv,7.000000000000001,0.42159460037600743,1.788158704664691,0.04020868427720702,1.0346287054006358,0.01954174373188193,62.18859902896813,17.30144910501955,0.7412252016568522,0.8235294117646982,2.6143790849670396,12,6,London,flat,ranging,0.4821947943206057,4
BNB-USDT-SWAP,2025-08-31 18:00:00+00:00,-143.0857,0,r034_trade_log.csv,6.0,0.17863396268152198,0.6915659285742296,0.00958245640664059,0.5287499867550515,0.012513455879776576,60.36484683058167,11.128317333898677,0.7281553398058199,0.6190476190476379,25.000000000000274,17,6,NY,flat,ranging,0.5895230650009263,4
SOL-USDT-SWAP,2025-09-04 01:00:00+00:00,-123.4823,0,r034_trade_log.csv,12.0,0.4491585696512707,0.9090381662898189,0.018732814620552173,3.715913381665935,0.34041660633306176,58.16076963765164,14.00219079175536,0.6267508665305508,0.6515151515151653,36.54223968565784,0,3,Asia,bull,ranging,0.4441318445035396,4
BTC-USDT-SWAP,2025-09-05 07:00:00+00:00,172.7867,1,r034_trade_log.csv,15.0,0.3667346927303382,1.0613236987953667,0.026960275521103343,1.068826353614465,0.045610825458127044,62.10008853260028,27.759686833251983,0.2899904860882527,0.402288188002454,0.003891050583884076,6,4,Asia,bull,trending,0.4830571521162059,4
WIF-USDT-SWAP,2025-09-05 14:00:00+00:00,-112.0141,0,r034_trade_log.csv,10.0,0.6301573265498368,1.8064754457060543,0.07390460046688944,2.080090537396253,0.05713585100208032,67.61797062529894,25.958697698334213,2.169959995150931,0.6815642458100541,11.403508771929749,13,4,London,bull,trending,0.4723564382419703,0
FIL-USDT-SWAP,2025-09-06 23:00:00+00:00,174.4727,1,r034_trade_log.csv,1.0,0.3431285954444257,0.7106984403512769,0.012913313385006805,0.9306508176719612,0.06383487088622941,54.721563446794484,12.649758087631056,0.47250859106529736,0.4545454545454399,21.95121951219491,22,5,NY,bull,ranging,0.6579116938636969,4
BNB-USDT-SWAP,2025-09-07 01:00:00+00:00,161.6,1,r034_trade_log.csv,3.0,0.18153753644651588,0.5748589763174219,0.008226444079887886,0.8353111389982434,0.06167612626297598,61.119616193879764,17.842809868270574,0.4880883207437457,0.2857142857143012,39.36170212766015,0,6,Asia,bull,ranging,0.6596514613550418,4
LTC-USDT-SWAP,2025-09-07 01:00:00+00:00,185.9761,1,r034_trade_log.csv,7.000000000000001,0.20053406228070994,0.5530608430089395,0.012377447618350152,0.5350215483544748,0.021388590998528967,56.54468848435483,11.65050012694033,0.6513786026590559,0.35616438356162944,6.015037593984842,0,6,Asia,bull,ranging,0.6113471595727444,4
FIL-USDT-SWAP,2025-09-07 03:00:00+00:00,192.4084,1,r034_trade_log.csv,7.000000000000001,0.39117155800937603,2.1936961122191208,0.024203461844676366,2.3877985893668447,0.10230691559878557,66.54214723272852,15.01048638955697,1.1063829787234147,0.7307692307692288,5.633802816901399,2,6,Asia,bull,ranging,0.6173690618782972,4
OP-USDT-SWAP,2025-09-07 03:00:00+00:00,-119.5471,0,r034_trade_log.csv,9.0,0.5649819630817964,1.7224704657175818,0.020618868202359496,1.6821283799293132,0.0959927649023078,56.754911077379546,10.777402298470218,1.0822811155820768,0.6923076923076846,18.633540372670822,2,6,Asia,bull,ranging,0.5560645970283735,4
WIF-USDT-SWAP,2025-09-07 03:00:00+00:00,172.5133,1,r034_trade_log.csv,1.0,0.4990552009979342,0.830629272517618,0.03191271482659565,1.6386699579339292,0.09011590826515825,58.29514600858003,18.97559027328436,1.0679611650485472,0.6136363636363571,19.20289855072489,2,6,Asia,bull,mixed,0.6501487295791993,4
DOT-USDT-SWAP,2025-09-07 03:00:00+00:00,181.376,1,r034_trade_log.csv,1.0,0.31752259452818116,1.7455073174764149,0.016862518393989674,0.9671850491847536,0.00397345271603495,61.12405963174611,13.286395194023898,0.5980239209568416,0.6521739130434799,1.2987012987011564,2,6,Asia,flat,ranging,0.5997801990279131,4
PEPE-USDT-SWAP,2025-09-07 12:00:00+00:00,-116.9679,0,r034_trade_log.csv,3.0,0.4026599231559133,1.702543741544341,0.03420455888457957,1.0688711699753792,0.009939001323325501,66.02577784971564,20.30111327304562,0.5294237426186166,0.923076923076918,0.8875739644969851,11,6,London,flat,mixed,0.4439745614646016,4
WIF-USDT-SWAP,2025-09-07 12:00:00+00:00,-108.7833,0,r034_trade_log.csv,10.0,0.5509551314147249,1.9695836395694297,0.034571096190972074,3.349579759156697,0.18201348755834942,66.98171282580722,24.604878531678416,0.6911604219716172,0.9824561403508789,4.407713498622716,11,6,London,bull,mixed,0.4561016615823329,7
SUI-USDT-SWAP,2025-09-07 13:00:00+00:00,-141.555,0,r034_trade_log.csv,13.0,0.33523086026631266,1.373815765480501,0.0347512989605011,1.5202401140266366,0.10037759269559263,61.65404703643571,24.01263752223585,0.9006374641791964,0.8863636363636278,14.703196347032149,12,6,London,bull,mixed,0.4674145160846768,4
BCH-USDT-SWAP,2025-09-07 13:00:00+00:00,-116.1294,0,r034_trade_log.csv,6.0,0.571598357301201,1.1294914706170414,0.02517504778165221,3.709266892931233,0.298095274620397,58.60024015235794,24.168427148022776,0.9636152184748222,0.6034482758620737,17.90123456790117,12,6,London,bull,mixed,0.49476495939952037,4
DOGE-USDT-SWAP,2025-09-07 13:00:00+00:00,158.9187,1,r034_trade_log.csv,2.0,0.3252761980548022,1.0287817598355848,0.030766417174305363,1.017744717729282,0.06164100733572037,61.353044633615816,22.77787636246252,0.7621394669587336,0.6946107784431366,13.975576662143894,12,6,London,bull,mixed,0.57781868851093,4
NEAR-USDT-SWAP,2025-09-07 14:00:00+00:00,190.02,1,r034_trade_log.csv,3.0,0.39209476526961595,1.7857321945261158,0.039071245143211336,1.6661092517624394,0.0794797948154066,68.89576020297926,29.814846034841562,0.44971381847915454,0.36363636363636,1.0869565217394925,13,6,London,bull,trending,0.5398241473638322,7
AVAX-USDT-SWAP,2025-09-07 15:00:00+00:00,-124.759,0,r034_trade_log.csv,3.0,0.31533878490021855,1.9367227585177922,0.015715655058268642,1.0761306586598178,0.08097848315017149,56.93673508030242,24.150975364663793,0.8446014536890485,0.9134615384615189,26.1160714285716,14,6,London,bull,mixed,0.5654471182902733,4
ATOM-USDT-SWAP,2025-09-07 15:00:00+00:00,-132.14,0,r034_trade_log.csv,3.0,0.37145564432972955,1.526465117916036,0.028133526219771717,0.5919966770236152,0.009429778993084472,62.502253592989874,23.751455427565567,0.6468882444791416,0.8965517241379268,6.060606060606081,14,6,London,flat,mixed,0.4141280965460934,4
BNB-USDT-SWAP,2025-09-07 20:00:00+00:00,154.233,1,r034_trade_log.csv,1.0,0.20322843470730462,1.4704085123822361,0.019706079651012853,2.080743951176249,0.1989476417619893,68.9968611667888,45.07193506440495,0.2857469425077152,0.559999999999991,8.695652173912952,19,6,NY,bull,trending,0.564065023923771,7
BTC-USDT-SWAP,2025-09-07 21:00:00+00:00,-176.9923,0,r034_trade_log.csv,5.0,0.12292279929221038,0.7462205012233274,0.010429042755119081,0.4348654105297616,0.03442053357263403,59.709611960159805,19.313353443769124,0.216074387856676,0.8218893050353625,9.25756186984418,20,6,NY,bull,mixed,0.5431197918980232,4
OP-USDT-SWAP,2025-09-08 00:00:00+00:00,181.86,1,r034_trade_log.csv,8.0,0.34748955704510326,1.6258963514059679,0.016510538513259,1.395912123675621,0.08753489672805413,55.70367039849752,13.474708456600588,0.8042151968940693,0.844827586206876,35.80246913580265,23,6,NY,bull,ranging,0.6138493061486078,4
ATOM-USDT-SWAP,2025-09-08 00:00:00+00:00,180.6757,1,r034_trade_log.csv,3.0,0.30567308821570904,1.1783747817928312,0.012477072645701423,0.5830550384751114,0.014840404394992705,60.97768495983849,21.439379045408266,0.4916201117318292,0.8181818181818329,31.250000000000416,23,6,NY,flat,mixed,0.6044618702837985,4
DOT-USDT-SWAP,2025-09-12 07:00:00+00:00,-118.5542,0,r034_trade_log.csv,6.0,0.35574367299130266,0.9423366188641673,0.027182887033876342,5.313522800611238,0.5219861976761075,60.412457876578266,19.257812506287372,0.8705882352941159,0.8108108108108193,16.666666666667044,6,4,Asia,bull,mixed,0.595856958726705,4
FIL-USDT-SWAP,2025-09-12 07:00:00+00:00,-126.7609,0,r034_trade_log.csv,12.0,0.39140955083358564,0.6366522548017475,0.029642417611519305,4.664541611622621,0.47703992295831776,58.94162093990865,21.075092702866257,1.0212097407698448,0.7307692307692117,22.448979591837013,6,4,Asia,bull,mixed,0.5182387989050398,4
AVAX-USDT-SWAP,2025-09-13 01:00:00+00:00,188.6047,1,r034_trade_log.csv,13.0,0.5232391759538518,1.2432810428033338,0.025335618538962566,8.248253003616972,0.7693084073892285,57.99130468001796,14.221204468724554,1.2662595314494611,0.7465940054495992,20.769230769230774,0,5,Asia,bull,ranging,0.5907680695671687,2
UNI-USDT-SWAP,2025-09-13 05:00:00+00:00,-153.917,0,r034_trade_log.csv,15.0,0.4317499227015804,0.6453010880906246,0.03513664478070804,4.727126418339242,0.46598994092931517,60.137794717085804,30.120693099906653,1.1107863197895427,0.7456140350877062,20.304568527918793,4,5,Asia,bull,trending,0.5147406024559917,2
APT-USDT-SWAP,2025-09-13 07:00:00+00:00,-117.357,0,r034_trade_log.csv,8.0,0.36084739230812507,1.4424592314127258,0.04630218323677966,5.112010073416722,0.4649164710003251,67.49442559046625,30.78415977956662,0.7102884201463512,0.484848484848493,8.612440191387865,6,5,Asia,bull,trending,0.49978286205531014,7
ATOM-USDT-SWAP,2025-09-13 07:00:00+00:00,173.7418,1,r034_trade_log.csv,3.0,0.3163772954751202,0.8122207256323093,0.042414842297448394,4.245443165359777,0.37047915876909077,71.82453374386789,23.378744648252848,0.5009392611145903,0.8333333333333518,6.763285024154278,6,5,Asia,bull,mixed,0.610765586275529,7
LTC-USDT-SWAP,2025-09-13 08:00:00+00:00,168.8965,1,r034_trade_log.csv,10.0,0.29324624216817197,0.7578323155318881,0.02983488193670602,3.7869590677729783,0.345629284560754,66.09746946884754,37.76405049321008,0.9747899159663836,0.5603448275862134,15.31728665207886,7,5,Asia,bull,trending,0.5225774769809012,7
UNI-USDT-SWAP,2025-09-13 10:00:00+00:00,-112.9249,0,r034_trade_log.csv,1.0,0.41836812279514896,1.0939687557810012,0.02774460667830337,5.35472475271741,0.4736197911652797,64.69008386976925,32.91587279157,0.8790779449111141,0.9333333333333307,1.497005988024188,9,5,London,bull,trending,0.5226463970126828,7
ARB-USDT-SWAP,2025-09-13 10:00:00+00:00,-107.698,0,r034_trade_log.csv,4.0,0.5955817747969288,1.4939199223272646,0.04767390993185558,7.5926724545859585,0.60915250388225,69.72116529955443,37.316963461614165,1.2004365223717606,0.9848484848484864,1.5432098765430406,9,5,London,bull,trending,0.4968811670928902,2
FIL-USDT-SWAP,2025-09-13 10:00:00+00:00,-112.8737,0,r034_trade_log.csv,9.0,0.45474272399759186,1.9726532481777583,0.044846307068949834,5.977259673900623,0.529043036978368,67.67237686887287,25.83919284650827,0.7358636715724123,0.7894736842105227,5.468750000000087,9,5,London,bull,trending,0.5191240567969149,7
ATOM-USDT-SWAP,2025-09-13 10:00:00+00:00,-113.9476,0,r034_trade_log.csv,6.0,0.3051992908285697,0.7877176036050604,0.04137490648054864,5.292986628203544,0.41081803328185024,78.23131230307521,28.843594762532025,0.7058335063317377,0.9705882352941337,1.4018691588785552,9,5,London,bull,trending,0.5081627264861855,7
BCH-USDT-SWAP,2025-09-13 11:00:00+00:00,-154.1806,0,r034_trade_log.csv,3.0,0.3239849647123451,1.0604511285522096,0.026734374506978898,2.4151764428013753,0.20448776338310762,62.31391281625225,26.174746171762642,0.5789909015715468,0.8857142857142922,9.782608695652497,10,5,London,bull,trending,0.5314059565283642,4
BTC-USDT-SWAP,2025-09-13 21:00:00+00:00,-165.2817,0,r034_trade_log.csv,6.0,0.15236261317157293,0.8649181226970938,0.005923338180625571,2.1607847729882974,0.21560549372668367,54.296005931631214,19.12732938636704,0.20369343360786418,0.7243426632739643,32.790901137358084,20,5,NY,bull,mixed,0.5742026783920523,4
BTC-USDT-SWAP,2025-09-14 10:00:00+00:00,-173.0322,0,r034_trade_log.csv,2.0,0.11421409981639925,1.4215818188578089,0.005495618941158073,2.0290243907670904,0.19703789832470017,57.839089608480506,11.294196725127277,0.20751112622026036,0.6087318087317846,12.522548181905286,9,6,London,bull,ranging,0.5926162565820045,4
BTC-USDT-SWAP,2025-09-14 21:00:00+00:00,-143.3428,0,r034_trade_log.csv,11.0,0.1407120000228767,0.7875352544216171,0.008004787272803104,1.652108599248002,0.15063793732540268,53.296999623202204,13.203132979331247,0.2837975064570254,0.7957939652544992,36.662963337036444,20,6,NY,bull,ranging,0.5185039430638675,4
ETH-USDT-SWAP,2025-09-15 05:00:00+00:00,-136.0759,0,r034_trade_log.csv,13.0,0.29840681512846223,1.4334278620378684,0.017907771422811993,3.0327700208249273,0.2724925761927075,53.9542315891935,25.557456338942114,0.5158607779749892,0.6254180602006685,33.4482758620684,4,0,Asia,bull,trending,0.3622697433226847,6
PEPE-USDT-SWAP,2025-09-16 23:00:00+00:00,-119.7284,0,r034_trade_log.csv,3.0,0.37380758972791467,0.7386886917028617,0.037451440847147494,1.2675111846178966,0.03395035755417314,62.873329200374,22.954800301720088,0.7537916628825786,0.590361445783136,11.023622047243938,22,1,NY,bull,mixed,0.3331342178463979,4
SOL-USDT-SWAP,2025-09-17 07:00:00+00:00,-114.7781,0,r034_trade_log.csv,13.0,0.49166734188200734,0.8217346757071969,0.028535476428789543,1.894197309965777,0.2024492285774518,49.53145590766218,12.722023595439182,0.9534349195539326,0.558035714285712,51.09034267912792,6,2,Asia,bull,ranging,0.37919350161451404,6
BCH-USDT-SWAP,2025-09-17 08:00:00+00:00,-120.7026,0,r034_trade_log.csv,8.0,0.26730003214292203,0.9042387139413838,0.02060654957426556,1.4364944331657608,0.09582446127980042,61.613162144678554,19.788742417676648,0.7656458055925471,0.4130434782608626,6.923076923076748,7,2,Asia,bull,mixed,0.3858971488516535,4
DOT-USDT-SWAP,2025-09-17 08:00:00+00:00,-124.4214,0,r034_trade_log.csv,2.0,0.4834698903348681,0.6724231483071728,0.02836301931743198,0.44670738862954973,0.05408816487909068,50.618270335246756,16.510932672155935,0.8278145695364272,0.5999999999999949,46.25850340136021,7,2,Asia,bull,ranging,0.42196657418849837,5
DOGE-USDT-SWAP,2025-09-17 08:00:00+00:00,-124.5238,0,r034_trade_log.csv,1.0,0.6422643968621765,0.5777553079850101,0.03576079737254093,2.462169716506724,0.2558257087989124,52.08938215892688,13.281022259794105,1.0522401933444874,0.7067137809187287,23.81266490765172,7,2,Asia,bull,ranging,0.3962151640663291,0
AVAX-USDT-SWAP,2025-09-17 08:00:00+00:00,-112.569,0,r034_trade_log.csv,7.000000000000001,0.5681725091532472,0.6071040403898657,0.026086931992527398,4.92755481714861,0.46314008966334524,54.25815986407859,17.190445973548872,1.8919277748274042,0.7473684210526284,43.59698681732584,7,2,Asia,bull,ranging,0.3860078152487012,0
LTC-USDT-SWAP,2025-09-17 08:00:00+00:00,-128.6796,0,r034_trade_log.csv,9.0,0.33906172646862087,0.6101145217986427,0.013713319181596635,0.22026292965177754,0.0024830095234544265,54.49744488714628,10.488083840094369,0.7285974499089283,0.7023809523809535,24.24242424242426,7,2,Asia,flat,ranging,0.47854352501324593,4
XRP-USDT-SWAP,2025-09-17 14:00:00+00:00,175.8649,1,r034_trade_log.csv,3.0,0.28081150464991467,1.2290231180979252,0.0187737277531539,0.2988805162928518,0.01829419565529597,49.25867184249413,12.610506774619923,0.6053989678443821,0.8360655737705097,63.80255941499077,13,2,London,flat,ranging,0.5050968903705606,5
ATOM-USDT-SWAP,2025-09-18 18:00:00+00:00,-117.7404,0,r034_trade_log.csv,13.0,0.41017090948664137,1.5665556346339624,0.017944795727581616,1.7369782529844158,0.07154413619172044,67.31649191704827,20.91714220762359,0.5180228793438382,0.6666666666666666,1.7857142857148807,17,3,NY,bull,mixed,0.42650289019628834,4
ETH-USDT-SWAP,2025-09-19 02:00:00+00:00,-141.7372,0,r034_trade_log.csv,12.0,0.312698484460194,0.9085874088931641,0.013223919504133735,1.7096489874862575,0.17106598490906158,56.377430564896656,13.761110944423327,0.5643328608854382,0.8350000000000014,35.47418967587049,1,4,Asia,bull,ranging,0.6048697059113703,4
FIL-USDT-SWAP,2025-09-19 02:00:00+00:00,-125.8174,0,r034_trade_log.csv,13.0,0.48878545581280225,1.131133367120049,0.032346753786246456,3.555679881253155,0.3188908057669593,60.99741986523813,16.772514628575365,1.340996168582381,0.971428571428562,19.999999999999897,1,4,Asia,bull,ranging,0.47878995979188943,0
SOL-USDT-SWAP,2025-09-19 23:00:00+00:00,-119.4701,0,r034_trade_log.csv,10.0,0.4721699863779373,0.31902325024336076,0.05301032953287384,0.7310430553773722,0.05835077242703834,40.013751447975885,40.41355355888059,0.8814270724029356,0.6666666666666712,72.96238244514115,22,4,NY,bull,trending,0.4420344056583177,5
DOT-USDT-SWAP,2025-09-21 07:00:00+00:00,-121.7078,0,r034_trade_log.csv,9.0,0.4900371125433362,1.008840699999036,0.020766215447386126,0.6807759030969717,0.04324604131540708,48.74832597755062,16.488731425446034,0.9155413138017863,0.7499999999999833,64.58333333333326,6,6,Asia,bull,ranging,0.5288750752690006,5
ADA-USDT-SWAP,2025-09-21 07:00:00+00:00,-157.68,0,r034_trade_log.csv,1.0,0.29204255021128683,1.1029590346702642,0.012251442998512331,0.7413745750225547,0.04251888450399868,53.908798533043495,14.459305985234991,0.42264486708931437,0.2894736842105217,29.999999999999936,6,6,Asia,bull,ranging,0.5804600257089362,4
BNB-USDT-SWAP,2025-09-29 00:00:00+00:00,189.5245,1,r034_trade_log.csv,6.0,0.29281357954769405,1.6050543334953336,0.028291234844067693,1.3167087617891813,0.010610329189258732,73.78902458453125,21.644865689499216,0.839995951826745,0.8192771084337365,2.2653721682849386,23,6,NY,flat,mixed,0.506400267699776,7
SUI-USDT-SWAP,2025-10-04 14:00:00+00:00,191.9415,1,r034_trade_log.csv,13.0,0.40998283639481076,2.3467604707023515,0.03321209546880316,3.6526206325585675,0.31235229068152326,51.11677187542612,18.05085628078547,1.0336136833460696,0.857534246575345,44.59338695263638,13,5,London,bull,mixed,0.5771720577773497,5
SOL-USDT-SWAP,2025-10-04 19:00:00+00:00,153.9241,1,r034_trade_log.csv,4.0,0.3534239496544876,0.6042121443136051,0.03485315745249613,2.6439549786945755,0.3397034867377069,38.695689534099124,27.24389609124251,0.7196467991169958,0.5582822085889565,80.44132397191558,18,5,NY,bull,trending,0.6559634906102009,5
NEAR-USDT-SWAP,2025-10-04 21:00:00+00:00,185.28,1,r034_trade_log.csv,1.0,0.5045052766284136,0.5535901818053597,0.05162397110932073,2.1358093598754584,0.20394059293491573,44.134138820712245,18.840022126535114,0.7544581618655776,0.9090909090909,68.96551724137936,20,5,NY,bull,mixed,0.6051704866784441,5
BTC-USDT-SWAP,2025-10-04 21:00:00+00:00,149.5822,1,r034_trade_log.csv,1.0,0.1609704178333614,0.5349895695590513,0.00894128511203134,4.150735680566573,0.4397999834104816,51.506769940932514,22.413739361091622,0.31204868779631295,0.9997371879106668,71.17124142233322,20,5,NY,bull,mixed,0.6921232524313797,5
SOL-USDT-SWAP,2025-10-04 22:00:00+00:00,93.984,1,r034_trade_log.csv,1.0,0.34802977463676094,0.3733544202091581,0.02680134573778805,3.0976186975401445,0.30590881021235444,44.5746589258643,26.11436906474388,0.47971129301998217,0.36697247706422426,54.53237410071958,21,5,NY,bull,trending,0.6047046459145097,5
ETH-USDT-SWAP,2025-10-04 22:00:00+00:00,-147.2039,0,r034_trade_log.csv,1.0,0.23242068287641635,0.5601126248896143,0.013392368395869835,3.8380022778549017,0.37374966149349237,51.57594607651491,11.226647668701847,0.4019709543568367,0.3859844271412552,42.6850912778905,21,5,NY,bull,ranging,0.6451747719931543,4
LTC-USDT-SWAP,2025-10-04 23:00:00+00:00,184.8875,1,r034_trade_log.csv,14.000000000000002,0.2959257622555266,0.9396910738898623,0.020068537365784133,6.006202269263501,0.5151597937744926,60.74023242678806,15.828508786433554,0.49417874193817674,0.694915254237295,5.454545454545145,22,5,NY,bull,ranging,0.5703827125139377,4
NEAR-USDT-SWAP,2025-10-05 00:00:00+00:00,189.12,1,r034_trade_log.csv,3.0,0.5299752836158759,0.9013954132995622,0.04468934083607634,3.3749298331619526,0.20469582394687347,54.36233773146601,16.787958274622987,1.0179843909059996,0.7000000000000015,39.41605839416045,23,5,NY,bull,ranging,0.5998934712990419,5
ETH-USDT-SWAP,2025-10-05 04:00:00+00:00,-115.6401,0,r034_trade_log.csv,13.0,0.3876704389667606,3.495699985980065,0.02021959670747245,4.6592317991850045,0.39205651458309176,61.1799812421173,13.352236355121025,1.5749122482911437,0.8565842759391206,32.78952373984963,3,6,Asia,bull,ranging,0.5497075553305318,7
SOL-USDT-SWAP,2025-10-05 04:00:00+00:00,-111.4495,0,r034_trade_log.csv,8.0,0.47954353926758075,2.100028907636592,0.027694172000171192,4.503444139033013,0.3381236980729436,59.89523519879225,23.641736993935904,1.7922077922077864,0.8164251207729485,17.15686274509777,3,6,Asia,bull,mixed,0.5135367970885258,0
XRP-USDT-SWAP,2025-10-05 04:00:00+00:00,-111.3455,0,r034_trade_log.csv,13.0,0.43791906183866064,1.931959947810995,0.02929794689065405,2.301472499838959,0.09876514377049118,58.75829332331098,25.466324479932037,1.5413809175044946,0.8725701943844489,21.191294387170647,3,6,Asia,bull,trending,0.5210200905440968,0
UNI-USDT-SWAP,2025-10-05 04:00:00+00:00,-108.2165,0,r034_trade_log.csv,8.0,0.5625929499741354,2.0042812036387625,0.030931809628830954,1.7862922723477979,0.01562729049456315,62.09901622231122,20.206535808220842,2.329002206423148,0.8578947368421002,15.540540540540915,3,6,Asia,flat,mixed,0.5022740646529094,0
LINK-USDT-SWAP,2025-10-05 04:00:00+00:00,189.8382,1,r034_trade_log.csv,12.0,0.5078945893037287,2.3846458294181607,0.02965143955485314,1.6662056284025297,0.04851863010007716,59.22434091288193,17.437160699961304,1.6845670484424444,0.8915343915343906,29.822485207100502,3,6,Asia,bull,ranging,0.5487226997767366,0
ATOM-USDT-SWAP,2025-10-05 09:00:00+00:00,-111.9079,0,r034_trade_log.csv,11.0,0.439713640783862,1.484131690973958,0.05240235532293495,2.2907562610835455,0.020453915069458012,72.08960310717028,31.77960583407136,1.219226260257904,1.0,3.500000000000278,8,6,London,bull,trending,0.4425734263655051,7
ETH-USDT-SWAP,2025-10-06 00:00:00+00:00,-161.3115,0,r034_trade_log.csv,11.0,0.41926654916714834,0.42713964326726667,0.027135823580582658,3.360274675686709,0.3555806008151764,48.54887824437742,18.60394026058858,0.4081243571099177,0.41553503530693137,72.43150684931507,23,6,NY,bull,mixed,0.4466854811509169,5
LTC-USDT-SWAP,2025-10-24 07:00:00+00:00,-116.6498,0,r034_trade_log.csv,5.0,0.35983691397055895,1.2534826957245484,0.03492110718749819,1.4735406135168754,0.012746996191468374,68.37330747743297,18.280600996882114,0.8266192319765683,0.48101265822783856,1.1396011396009158,6,4,Asia,flat,mixed,0.5400426395503266,4
LTC-USDT-SWAP,2025-10-24 19:00:00+00:00,169.6558,1,r034_trade_log.csv,6.0,0.4032844998301466,0.4345775314595716,0.027058712911250754,1.0447601119525605,0.10863814914610606,56.88364667665484,24.99861904509715,0.5749529583943103,0.2545454545454569,45.026178010471455,18,4,NY,bull,mixed,0.5651334860074012,5
SOL-USDT-SWAP,2025-10-24 21:00:00+00:00,-119.1212,0,r034_trade_log.csv,11.0,0.528333686578687,0.6322666382554164,0.0245024712929224,1.8445322781613593,0.09552567225052983,59.710056368663,21.7986167696235,0.9535160905840303,0.6793478260869552,40.44665012406936,20,4,NY,bull,mixed,0.43383266214720967,4
LTC-USDT-SWAP,2025-10-24 22:00:00+00:00,-120.6337,0,r034_trade_log.csv,1.0,0.4078729904035073,0.5154788808222088,0.02370862309157567,2.1998002732104243,0.1331119369997935,65.95890171718341,27.579837230551444,0.86839656776595,0.7142857142857215,18.566775244299873,21,4,NY,bull,trending,0.5235034236334851,4
LTC-USDT-SWAP,2025-10-25 09:00:00+00:00,-157.6662,0,r034_trade_log.csv,2.0,0.32080988130019206,0.42213885824036607,0.018972091891846496,1.4601699335216656,0.14854419007819758,56.45015371803946,25.971537038967995,0.9534666804850261,0.48913043478259544,31.16279069767462,8,5,London,bull,trending,0.5174048694176482,4
LINK-USDT-SWAP,2025-10-25 13:00:00+00:00,-123.5522,0,r034_trade_log.csv,1.0,0.3662524610662252,0.8974245158183362,0.02216353357321922,1.0695225473887973,0.05044256467162029,61.25618027026401,28.250149994010883,0.667259786476854,0.5916666666666919,12.36897274633145,12,5,London,bull,trending,0.5085709553858266,4
PEPE-USDT-SWAP,2025-10-25 13:00:00+00:00,-122.9016,0,r034_trade_log.csv,1.0,0.3168921274185389,0.8802048090862845,0.017863703731739077,1.162303844585312,0.08693705162997667,57.79467307722949,18.233014542789082,0.7407407407407431,0.7547169811320819,28.488372093023145,12,5,London,bull,mixed,0.624207582173444,4
SOL-USDT-SWAP,2025-10-25 19:00:00+00:00,190.173,1,r034_trade_log.csv,3.0,0.43673147545657925,1.624071467616025,0.018546389399154074,1.8417975241825109,0.11076684007169904,57.233879914325904,17.13553707081405,0.3536509257332944,0.6323529411765008,24.81751824817483,18,5,NY,bull,ranging,0.6206596590696687,4
BTC-USDT-SWAP,2025-10-25 20:00:00+00:00,-162.3947,0,r034_trade_log.csv,1.0,0.159155972895688,0.5758188449379819,0.010155404219985153,1.2154042929854014,0.12433308684218017,57.80277695678408,28.22307129519049,0.39853482477901464,0.73730337078653,26.20070584624839,19,5,NY,bull,trending,0.6123551262246116,4
NEAR-USDT-SWAP,2025-10-25 20:00:00+00:00,-117.8391,0,r034_trade_log.csv,1.0,0.40768455495939976,0.9275816424975226,0.03824733552263208,1.509064348972808,0.05022081540407816,66.95716599919564,19.74259524927422,1.0034904013961665,0.4782608695652006,2.702702702702411,19,5,NY,bull,mixed,0.4790520399794451,4
WIF-USDT-SWAP,2025-10-25 20:00:00+00:00,-112.9169,0,r034_trade_log.csv,2.0,0.5291315486558492,0.7051841864777225,0.04119098146015475,2.8502672159334805,0.11665856289704837,68.80406377929597,25.771790049629853,1.3481508471488362,0.7702702702702794,0.4716981132074953,19,5,NY,bull,trending,0.49803250107495517,7
ARB-USDT-SWAP,2025-10-25 20:00:00+00:00,-116.4178,0,r034_trade_log.csv,2.0,0.34727752889856284,0.755605276708684,0.01590664906135381,0.8419047504751368,0.014707080631659167,62.12638067434441,17.41149492658724,1.1515717398070282,0.702702702702704,5.454545454545858,19,5,NY,flat,ranging,0.5107523701653826,4
DOT-USDT-SWAP,2025-10-25 20:00:00+00:00,-117.2539,0,r034_trade_log.csv,2.0,0.3238207195002543,0.5529180258656228,0.0189308415673575,0.9898782158358913,0.009203227773146876,63.42823985434115,21.251341623792374,1.0061668289516437,0.612903225806453,0.0,19,5,NY,flat,mixed,0.4473266445783201,4
LTC-USDT-SWAP,2025-10-25 20:00:00+00:00,184.7771,1,r034_trade_log.csv,1.0,0.2403591618808703,0.5626420108378348,0.010730621214899995,1.9167118138150339,0.14167980816249529,62.15757197980656,20.23710175193498,0.7434944237918204,0.7083333333333416,9.790209790209783,19,5,NY,bull,mixed,0.6235677974711176,4
ETH-USDT-SWAP,2025-10-25 20:00:00+00:00,-125.1714,0,r034_trade_log.csv,2.0,0.26577241210814245,0.7552086114410499,0.011903954185413531,0.6392341199959749,0.030164152629012977,59.67613695089142,19.18625405271554,1.0225196886203891,0.6207066963182608,21.406304121926176,19,5,NY,bull,mixed,0.5568450300463703,4
DOT-USDT-SWAP,2025-10-26 06:00:00+00:00,186.6543,1,r034_trade_log.csv,8.0,0.3308387467151366,0.4455647281204286,0.02221774284874252,0.8236082130624387,0.06766428868229785,57.79076011823153,23.456971888960332,0.9406422315926162,0.724137931034486,22.499999999999723,5,6,Asia,bull,mixed,0.6085900791876162,4
NEAR-USDT-SWAP,2025-10-26 06:00:00+00:00,190.0614,1,r034_trade_log.csv,6.0,0.378950312506462,0.5746987645370308,0.02731019635789192,1.3117123061763034,0.06376618364516098,61.14393994244175,16.67879147700904,0.8775778850372978,0.6499999999999945,9.459459459459637,5,6,Asia,bull,ranging,0.6581305420240442,4
ETH-USDT-SWAP,2025-10-26 06:00:00+00:00,164.4082,1,r034_trade_log.csv,1.0,0.2248853468453724,0.6550965145501717,0.010100207902735074,0.2217736773273093,0.02788220175288938,51.49993258319255,15.032812544690342,0.3260604583130217,0.6168224299065407,53.06866129650967,5,6,Asia,bull,ranging,0.6189293112336466,5
WIF-USDT-SWAP,2025-10-26 06:00:00+00:00,193.0274,1,r034_trade_log.csv,11.0,0.5534410080021714,0.6834162913116623,0.04485876348787543,1.2400576059692086,0.13260319939779355,53.278749502959286,24.135666718739532,1.0408921933085387,0.7857142857143069,45.901639344262286,5,6,Asia,bull,mixed,0.5930832980447267,5
PEPE-USDT-SWAP,2025-10-26 07:00:00+00:00,180.5327,1,r034_trade_log.csv,2.0,0.3396359415230635,0.8764488179702365,0.02734591217840969,0.0772207440199395,0.01859825168510524,45.642679493371425,17.107352256546232,0.8318060059213277,0.42372881355931963,60.52631578947404,6,6,Asia,flat,ranging,0.5555625727671719,5
BTC-USDT-SWAP,2025-10-26 07:00:00+00:00,149.3189,1,r034_trade_log.csv,1.0,0.13901370084980932,0.6541294030882,0.00544695751303307,1.1008021155392413,0.10847225912639284,55.54300430584668,24.292379744311308,0.2679400617454329,0.5961860153897643,42.28780426283332,6,6,Asia,bull,mixed,0.6568147875167059,4
PEPE-USDT-SWAP,2025-10-26 09:00:00+00:00,190.905,1,r034_trade_log.csv,10.0,0.36937200825091804,1.4564631703238982,0.027665801379912605,1.283348603915059,0.016293856634668192,59.633174672046685,16.8114753049815,1.007556675062965,0.7222222222222229,14.736842105263385,8,6,London,flat,ranging,0.5483390075604792,4
ETH-USDT-SWAP,2025-10-26 09:00:00+00:00,174.5089,1,r034_trade_log.csv,2.0,0.22100550794460286,1.4561052076846754,0.010594288086075657,0.6541552066824291,0.02596783340891458,59.33266064311132,14.344144008430503,0.4007919628931946,0.44535691724572074,19.40928270042178,8,6,London,bull,ranging,0.626612944464459,4
BTC-USDT-SWAP,2025-10-26 11:00:00+00:00,182.8955,1,r034_trade_log.csv,12.0,0.18284262790393968,1.079921338030844,0.011787625130517466,1.822934743035735,0.12282886146580067,70.37935602078608,29.55068599722654,1.0080446210209122,0.6662845048064238,20.418470418470804,10,6,London,bull,trending,0.6040354229648565,4
LINK-USDT-SWAP,2025-10-26 11:00:00+00:00,184.6282,1,r034_trade_log.csv,13.0,0.3971273186548657,1.8222565881611432,0.029937429563769213,1.0970876769242641,0.005789299999566301,58.23395433931524,23.12394257325681,1.767565178965976,0.5906249999999996,34.5811051693403,10,6,London,flat,mixed,0.49053186583103003,4
LTC-USDT-SWAP,2025-10-26 11:00:00+00:00,177.2808,1,r034_trade_log.csv,14.000000000000002,0.2664244969338421,1.0709775173748386,0.023837300986209866,2.7143707722046275,0.19929811441686324,66.95822828179924,25.04539394643553,1.1283928026837444,0.6666666666666752,22.568093385214002,10,6,London,bull,trending,0.5821542302884041,4
WIF-USDT-SWAP,2025-11-02 13:00:00+00:00,-113.2233,0,r034_trade_log.csv,13.0,0.6774522549795418,1.0803137935207365,0.030234624251672122,2.119795017813577,0.16070753661098378,59.0676084026995,22.56556399123441,1.875344732487587,0.9019607843137362,23.75000000000014,12,6,London,bull,mixed,0.45195788167988427,0
BCH-USDT-SWAP,2025-11-10 09:00:00+00:00,181.4073,1,r034_trade_log.csv,11.0,0.4066128147500513,1.3039056660378416,0.026377997082195317,1.0122646633721377,0.054757562638954864,62.487327069273434,27.688717282391302,1.0602788140585184,0.833333333333328,18.82352941176464,8,0,London,bull,trending,0.4171181827954794,1
LINK-USDT-SWAP,2025-11-10 11:00:00+00:00,-111.7538,0,r034_trade_log.csv,7.000000000000001,0.5962280092604177,0.9592816450588328,0.05335393710500012,4.382942424191066,0.3409892249634841,71.47544209269398,36.792523007712205,2.0010882050662175,0.743202416918418,9.307604994324693,10,0,London,bull,trending,0.4374813163405263,0
FIL-USDT-SWAP,2025-11-10 21:00:00+00:00,-108.3588,0,r034_trade_log.csv,8.0,1.7695302619943443,0.5234500435700196,0.1257292976680807,14.905165658577909,1.3990542011005798,46.27010622403925,14.621495947912983,2.291262135922336,0.5254237288135603,71.89542483660128,20,0,NY,bull,ranging,0.4314688050277287,2
DOT-USDT-SWAP,2025-11-12 10:00:00+00:00,-107.4952,0,r034_trade_log.csv,2.0,0.9010268884817193,1.0629723022925153,0.06897807016284582,2.5898356034357786,0.09618920883293475,51.524361105630156,20.77785130259693,2.2186495176848857,0.7681159420289851,47.87234042553203,9,2,London,bull,mixed,0.41116608359703927,0
OP-USDT-SWAP,2025-11-12 10:00:00+00:00,-106.2913,0,r034_trade_log.csv,4.0,0.948371050779777,1.0966002618630362,0.06387903944543004,2.9241555896589517,0.039498775191665746,56.60222281314945,27.662197194186152,2.898550724637692,0.7295081967213104,22.14022140221403,9,2,London,bull,trending,0.3865861294713709,0
NEAR-USDT-SWAP,2025-11-12 10:00:00+00:00,-105.8217,0,r034_trade_log.csv,4.0,1.047274469562954,1.5417565757419274,0.08234234311363468,3.8097517641321854,0.16724738992861893,50.78101063978894,30.86440535133018,2.744948532215023,0.819444444444446,43.49999999999993,9,2,London,bull,trending,0.43029099956698047,0
LTC-USDT-SWAP,2025-11-12 10:00:00+00:00,-108.0208,0,r034_trade_log.csv,7.000000000000001,0.6966874636136726,1.42102796670761,0.03850628338359039,2.4098004462090685,0.05199906680757248,55.43106376280884,28.279823590998376,3.180561043065981,0.5279503105590029,27.751196172248676,9,2,London,bull,trending,0.38738118619472645,0
APT-USDT-SWAP,2025-11-12 10:00:00+00:00,-106.6113,0,r034_trade_log.csv,3.0,1.0130126586487045,1.405676395042243,0.06252831330876389,2.6195550409011172,0.07230804754243791,54.472096281638684,18.466519378252876,2.4413443246670883,0.7402597402597398,40.375586854460096,9,2,London,bull,mixed,0.38878239536506404,0
NEAR-USDT-SWAP,2025-11-12 22:00:00+00:00,-108.0885,0,r034_trade_log.csv,11.0,0.9594429753215606,0.7553855191003753,0.07351776291915162,0.3425689303697681,0.009388055585589567,43.79224697759339,30.849089031614923,2.774521297381779,0.8028169014084592,57.83783783783794,21,2,NY,flat,trending,0.38544819066349284,0
NEAR-USDT-SWAP,2025-11-13 14:00:00+00:00,-114.7663,0,r034_trade_log.csv,1.0,0.7757972669740268,1.1939072476636994,0.03782344293849383,0.6477633825560214,0.06861780845877012,49.4689065193612,16.46399057155579,1.631701631701642,0.8809523809523736,31.967213114753886,13,3,London,bull,ranging,0.4377364463235727,0
UNI-USDT-SWAP,2025-11-15 05:00:00+00:00,-113.7724,0,r034_trade_log.csv,1.0,1.4329533210804872,0.7909378647589513,0.06721971805168153,3.060215284514021,0.003392264017104316,54.07337128845676,30.370117690953332,1.9000134752728743,0.6950354609929068,12.410071942446033,4,5,Asia,flat,trending,0.47359570792686717,0
UNI-USDT-SWAP,2025-11-15 19:00:00+00:00,-107.9146,0,r034_trade_log.csv,2.0,1.0983858940674434,1.154455221630063,0.07575780519418421,5.136431121359722,0.2758247044160129,60.202238991099954,18.458831671640382,1.77789571447526,0.8059701492537267,6.71328671328672,18,5,NY,bull,mixed,0.5071053948187196,0
UNI-USDT-SWAP,2025-11-16 04:00:00+00:00,194.5879,1,r034_trade_log.csv,2.0,0.9911823453149468,0.8518111475334262,0.046032966811392725,2.4634132695139583,0.23997172146367576,51.97730372945787,13.67941944451811,2.3558082859463902,0.46551724137931166,51.1261261261262,3,6,Asia,bull,ranging,0.6036778211428602,0
UNI-USDT-SWAP,2025-11-16 07:00:00+00:00,-104.8341,0,r034_trade_log.csv,15.0,1.2173297908389034,2.3852372278910656,0.06269796600697307,5.65958857908509,0.2687064240614499,61.67898623512139,16.452266268873636,4.790341425418677,0.8753387533875334,30.03048780487807,6,6,Asia,bull,ranging,0.5030399568884354,0
XRP-USDT-SWAP,2025-11-26 07:00:00+00:00,-116.6458,0,r034_trade_log.csv,14.000000000000002,0.6303624795126597,0.4916995427472157,0.022508545849049193,3.361880291066837,0.32357924470704064,52.88350263051172,13.189183205621193,1.0814510609171926,0.68354430379746,40.99307159353343,6,2,Asia,bull,ranging,0.3996395437045527,6
BCH-USDT-SWAP,2025-11-26 07:00:00+00:00,-112.0892,0,r034_trade_log.csv,5.0,0.34388664038207234,3.3808388242164362,0.03415127000132278,2.363647712739689,0.08765303129300178,62.01004876370397,23.415230215162918,0.8672699849170481,0.4782608695652002,15.111111111111011,6,2,Asia,bull,mixed,0.38394518644575193,7
SOL-USDT-SWAP,2025-11-27 08:00:00+00:00,-126.2621,0,r034_trade_log.csv,3.0,0.8861599518319397,0.43754074777049773,0.08623253909451553,4.948637044772301,0.4734724709037548,63.6378162565988,24.96864982424076,0.9523809523809555,0.8613138686131409,11.11111111111111,7,3,Asia,bull,mixed,0.4609836157286974,0
WIF-USDT-SWAP,2025-11-27 15:00:00+00:00,193.0364,1,r034_trade_log.csv,1.0,0.6985770766545711,0.8484830523280206,0.04156598406658893,3.1154217404856626,0.2676917009888413,56.90287997712635,16.046162695767524,1.292534951200215,0.7142857142857126,60.0,14,3,London,bull,ranging,0.5295642836513811,0
XRP-USDT-SWAP,2025-11-27 17:00:00+00:00,-110.6595,0,r034_trade_log.csv,4.0,0.36831829200004734,1.4042528148476408,0.029104877783547835,3.1764759012634722,0.22163550847849406,57.349773986618864,17.037306121227243,1.0539226820515202,0.8362068965517047,29.58860759493675,16,3,NY,bull,ranging,0.48922349302319323,4
LINK-USDT-SWAP,2025-11-27 17:00:00+00:00,-117.453,0,r034_trade_log.csv,2.0,0.4255110294297662,1.6651797415728187,0.01984469595864162,2.9708479003315595,0.22179648434862842,60.702645569045835,18.561800679307257,0.9809750297265137,0.5378787878787872,25.373134328358006,16,3,NY,bull,mixed,0.45611488385005045,4
ETH-USDT-SWAP,2025-11-27 17:00:00+00:00,188.1841,1,r034_trade_log.csv,2.0,0.37837699217242604,1.5297434877466727,0.02044781346422937,2.313716786533101,0.2280034039167404,55.58946409661431,22.0919406652543,0.8453428057804986,0.5668238993710529,58.58881347999081,16,3,NY,bull,mixed,0.5566626449821005,5
ARB-USDT-SWAP,2025-11-27 17:00:00+00:00,-110.3948,0,r034_trade_log.csv,6.0,0.42185640837454186,2.36067841274776,0.023874718294949675,2.191648351400152,0.08099200403677473,65.47682316760202,16.860038080359764,1.4479638009049811,0.5624999999999973,10.14492753623199,16,3,NY,bull,ranging,0.4173443421445343,7
SUI-USDT-SWAP,2025-11-27 18:00:00+00:00,-113.1083,0,r034_trade_log.csv,11.0,0.6312774116889446,0.8829217560156457,0.03458055807439334,2.57036505052706,0.09466767716593408,61.613482345618344,18.014458699988758,2.0254777070063725,0.7861635220125816,19.407894736841804,17,3,NY,bull,mixed,0.4188955890932116,0
AVAX-USDT-SWAP,2025-11-27 18:00:00+00:00,-116.1549,0,r034_trade_log.csv,5.0,0.4215722376343013,0.9370053352718368,0.02125899413898807,6.141146814598633,0.5520444966432462,79.29497376215835,52.493487996114986,1.4566642388929396,0.6681818181818173,10.095238095237907,17,3,NY,bull,trending,0.5084792169255834,7
BTC-USDT-SWAP,2025-11-27 18:00:00+00:00,-126.1924,0,r034_trade_log.csv,1.0,0.26791821624592227,0.5617546241162814,0.016524311325832274,2.5923403823603492,0.24694708646171623,65.53394813356066,34.884928959199364,0.793590024064756,0.7002067539627843,25.344206735861434,17,3,NY,bull,trending,0.5193042607764344,4
PEPE-USDT-SWAP,2025-11-27 20:00:00+00:00,-113.4901,0,r034_trade_log.csv,1.0,0.39937456542943356,0.8056952954074101,0.029049670395700323,4.2675702093480306,0.27983506316107276,68.43377958506721,19.330074851313274,1.157894736842094,0.6727272727272912,7.333333333333589,19,3,NY,bull,mixed,0.4731513336030296,7
DOGE-USDT-SWAP,2025-11-27 20:00:00+00:00,-127.5792,0,r034_trade_log.csv,1.0,0.3466126318647955,0.5123089073799356,0.019188185117636012,1.6769360442629209,0.12723250111269954,53.87441360822026,11.480365253548719,0.9412528399870036,0.6275862068965568,47.38372093023236,19,3,NY,bull,ranging,0.4841743536206231,4
SOL-USDT-SWAP,2025-11-28 06:00:00+00:00,-130.6635,0,r034_trade_log.csv,1.0,0.47815034595659045,0.8922068144515463,0.0319701206129629,1.8284256302839832,0.2071480199378599,45.383891527078944,18.852667030351423,0.50028587764436,0.5142857142857016,62.017167381974005,5,4,Asia,bull,mixed,0.5539727543425981,5
BTC-USDT-SWAP,2025-11-29 17:00:00+00:00,-143.6896,0,r034_trade_log.csv,2.0,0.18268372512228856,1.0150086529294362,0.007747531267068181,1.24287687865549,0.0964043990987802,52.818255418306876,17.922947250667598,0.5384199609780169,0.8906345643746069,25.2315554136058,16,5,NY,bull,ranging,0.6581747734168583,4
WIF-USDT-SWAP,2025-11-30 01:00:00+00:00,-116.9198,0,r034_trade_log.csv,3.0,0.570433116913615,0.7258182462552809,0.024084298715976792,0.9773237593284232,0.0022236694383990243,53.56493718679911,9.901097601216817,1.8763213530655378,0.3380281690140866,22.62773722627733,0,6,Asia,flat,ranging,0.53552307443425,0
ETH-USDT-SWAP,2025-11-30 02:00:00+00:00,-132.3637,0,r034_trade_log.csv,1.0,0.40329635915370676,0.9004528249505316,0.012043743975622545,0.7828178596439531,0.04081516725606681,50.000475026586386,24.96732330855703,0.38056831535092706,0.6614035087719213,43.753260302556406,1,6,Asia,bull,mixed,0.5681431444397387,5
WIF-USDT-SWAP,2025-11-30 08:00:00+00:00,190.2494,1,r034_trade_log.csv,2.0,0.5672997227136631,0.6004282694682463,0.026701924249173035,0.5873939285022803,0.03852702396981361,51.69716115271299,10.048050786969227,1.4388489208633135,0.462962962962962,32.8467153284668,7,6,Asia,bull,ranging,0.5807349304513599,4
ETH-USDT-SWAP,2025-11-30 09:00:00+00:00,167.3594,1,r034_trade_log.csv,1.0,0.3867582488121816,1.5222233178069573,0.011567109837287405,0.8170669270238607,0.05566363783737939,52.06228429741694,25.406695145488886,0.44554405991201185,0.5112107623318627,21.52994115610957,8,6,London,bull,trending,0.6074235301249294,4
BTC-USDT-SWAP,2025-11-30 10:00:00+00:00,-134.4727,0,r034_trade_log.csv,6.0,0.2264184454074436,2.1643327983887755,0.00920476939986148,1.5017279591026915,0.10742997935346839,62.32175588515684,16.893931325886786,0.5808939226689176,0.390064223649408,16.913588523160747,9,6,London,bull,ranging,0.5898425733763712,4
XRP-USDT-SWAP,2025-11-30 14:00:00+00:00,-119.0433,0,r034_trade_log.csv,4.0,0.2784915038571149,2.0173165800749273,0.010569002248324497,1.4520184816597081,0.10675601081997317,54.50053284199441,8.323289697378954,0.8288550869842322,0.48901098901100226,31.306990881458752,13,6,London,bull,ranging,0.5813415020681014,4
ETH-USDT-SWAP,2025-11-30 14:00:00+00:00,-110.9785,0,r034_trade_log.csv,10.0,0.32686128499581557,2.745975407113048,0.018957656624849,2.1643229644527078,0.09019946090222597,66.88563266548485,21.47482333647514,1.1562547529774239,0.6508435802116199,5.82273021350022,13,6,London,bull,mixed,0.4975007148468935,7
OP-USDT-SWAP,2025-12-05 08:00:00+00:00,-109.4781,0,r034_trade_log.csv,14.000000000000002,0.7750868936907677,0.7441987001313468,0.034611548073846816,1.8570602521787838,0.05588958286879842,56.04656431592989,19.241585080928875,1.2387736141220203,0.9250000000000084,32.432432432432535,7,4,Asia,bull,mixed,0.42362784604853354,0
BCH-USDT-SWAP,2025-12-05 08:00:00+00:00,-123.9516,0,r034_trade_log.csv,4.0,0.39753904999388556,0.48231422300556215,0.015069902764107777,4.0257730964882965,0.4357638789048228,45.37335482797479,11.98991708058435,1.0243055555555713,0.5932203389830417,55.882352941176414,7,4,Asia,bull,ranging,0.5735942892040192,5
LINK-USDT-SWAP,2025-12-06 11:00:00+00:00,188.1001,1,r034_trade_log.csv,11.0,0.8428467739989514,0.6273957907689607,0.03000833999169303,0.751173845736912,0.06262549221244837,45.026831305381144,25.508058697633203,1.9505094614264842,0.8656716417910524,63.72670807453403,10,5,London,bull,trending,0.5383833693813544,0
BNB-USDT-SWAP,2025-12-06 15:00:00+00:00,-114.3775,0,r034_trade_log.csv,4.0,0.31668049627690015,3.651032282166069,0.015357585944304794,1.3425993138130838,0.025646584677851157,60.73250639924901,21.057745597946063,0.7310763693622765,0.8923076923077028,10.810810810810686,14,5,London,bull,mixed,0.48813151902757645,7
LINK-USDT-SWAP,2025-12-06 16:00:00+00:00,-114.0821,0,r034_trade_log.csv,13.0,0.5464270439520695,4.278791564005979,0.02558672477294151,1.8757596196714779,0.10331444392724838,53.36867451224315,20.246696476862105,2.058951018638926,0.6280701754385971,27.078891257995913,15,5,London,bull,mixed,0.4493277325742308,0
OP-USDT-SWAP,2025-12-07 07:00:00+00:00,-110.9558,0,r034_trade_log.csv,9.0,0.764747387454423,1.8372579018032245,0.05868570479745779,1.4884298465998316,0.023918882782639844,63.22088724895779,29.514448062345103,1.5733165512901035,0.6000000000000066,6.341463414634255,6,6,Asia,bull,trending,0.39843627845759544,0
BCH-USDT-SWAP,2025-12-07 07:00:00+00:00,-119.588,0,r034_trade_log.csv,10.0,0.3588732228738353,0.7694721997202406,0.01814393188114781,5.1494487684863355,0.44281175153548114,63.07708928081451,20.677539747148984,1.0174665083940986,0.6000000000000038,31.055900621118187,6,6,Asia,bull,mixed,0.4893561156861286,4
BCH-USDT-SWAP,2025-12-09 14:00:00+00:00,-110.5632,0,r034_trade_log.csv,7.000000000000001,0.5394434946037538,2.94139141045192,0.0255623037740311,1.6897233641205833,0.0444687731495942,52.90909816334319,30.022125240295875,1.6551724137931072,0.7916666666666672,33.86243386243378,13,1,London,bull,trending,0.35173931295181143,0
LTC-USDT-SWAP,2025-12-12 11:00:00+00:00,-124.2327,0,r034_trade_log.csv,9.0,0.42625347659528806,1.3057391541169618,0.04247295346559125,0.9984183650540724,0.027583510330534192,63.71563878315055,22.63446019021022,0.7867445464298615,0.7727272727272678,12.694300518134952,10,4,London,bull,mixed,0.47481100105697777,4
ARB-USDT-SWAP,2025-12-12 11:00:00+00:00,-122.6001,0,r034_trade_log.csv,13.0,0.7003906518240645,0.5310858046565915,0.07021007361358106,1.1994948753236827,0.0527104167928885,59.136945468952014,35.10808479960375,1.2999071494893206,0.5714285714285785,12.676056338028124,10,4,London,bull,trending,0.45536517031186763,0
SUI-USDT-SWAP,2025-12-12 14:00:00+00:00,-116.2346,0,r034_trade_log.csv,9.0,0.8419960649990346,0.7382394271963365,0.0726003172477895,3.6475212410344335,0.3376152011400375,63.32934008161414,30.166341814314492,1.3808490110950398,0.650655021834063,8.857395925597881,13,4,London,bull,trending,0.46995685438496,0
LINK-USDT-SWAP,2025-12-12 14:00:00+00:00,-114.7829,0,r034_trade_log.csv,10.0,0.6776194863014529,1.200952712724705,0.040732670402129814,2.813369878496018,0.17945008500794601,64.46187398632908,20.74744828843069,0.8395061728395045,0.5294117647058885,11.843711843711773,13,4,London,bull,mixed,0.5012847530957452,0
BNB-USDT-SWAP,2025-12-12 14:00:00+00:00,-159.0341,0,r034_trade_log.csv,4.0,0.4056241580881104,0.3681649681644486,0.021995598648938994,0.058974852780161215,0.009367633236975297,55.48967046953202,16.427022596535018,0.3380281690140845,0.5999999999999849,29.893238434163717,13,4,London,flat,ranging,0.489230571729686,4
WIF-USDT-SWAP,2025-12-13 09:00:00+00:00,-114.7773,0,r034_trade_log.csv,8.0,1.4551682973256552,0.9522736333530821,0.08231027704240218,1.7304668677612984,0.0648533907806624,58.21934556355026,17.947236311644467,1.6072325464590562,0.8906250000000027,14.857142857142817,8,5,London,bull,ranging,0.4451233942941192,0
BNB-USDT-SWAP,2025-12-13 12:00:00+00:00,-145.7394,0,r034_trade_log.csv,1.0,0.20788971995618122,0.7124470246912337,0.024530210431267442,0.6454040910771262,0.019561605422194907,62.535043222596116,16.36482762735535,0.6162464985994398,0.6181818181818141,8.050847457627054,11,5,London,flat,ranging,0.5313886275308685,4
BNB-USDT-SWAP,2025-12-13 17:00:00+00:00,-124.3521,0,r034_trade_log.csv,13.0,0.24481600898233422,4.01943049660068,0.025194044916650338,1.222601329051037,0.06278567137925135,66.72995391495607,20.789208810773975,1.01257371759208,0.8681318681318759,24.47552447552446,16,5,NY,bull,mixed,0.4821649392608512,7
BNB-USDT-SWAP,2025-12-14 00:00:00+00:00,-143.4989,0,r034_trade_log.csv,7.000000000000001,0.25493510359114563,0.5125587550321564,0.017518651974926934,1.071391584759036,0.09159637410180141,62.661807479433335,19.04091678125302,0.40201005025125885,0.3611111111110962,36.966824644549504,23,5,NY,bull,mixed,0.5036898477452053,4
BCH-USDT-SWAP,2025-12-14 01:00:00+00:00,-117.3083,0,r034_trade_log.csv,12.0,0.39492677747428706,1.7097065974896266,0.01719254676892169,1.3767625630006233,0.04738636366254981,58.49826863729707,10.963767942773599,1.1391094235415988,0.545454545454547,6.569343065693298,0,6,Asia,bull,ranging,0.506632280883009,4
SUI-USDT-SWAP,2025-12-14 02:00:00+00:00,-117.5654,0,r034_trade_log.csv,7.000000000000001,0.5437517785438253,1.4328065755909287,0.02310783540807889,1.1105844896004178,0.07873575439804824,56.99816207807213,14.945474617672827,1.417469692259865,0.19298245614034967,31.30590339892675,1,6,Asia,bull,ranging,0.5312168876185884,4
ARB-USDT-SWAP,2025-12-14 02:00:00+00:00,-120.3411,0,r034_trade_log.csv,10.0,0.4736148018394295,0.49532349867524916,0.060195930711148614,2.1909028957205487,0.1861261955173633,65.01646463280686,33.78928380192345,1.063829787234041,0.47826086956521374,19.834710743801534,1,6,Asia,bull,trending,0.5315084408731349,0
WIF-USDT-SWAP,2025-12-14 08:00:00+00:00,-110.9602,0,r034_trade_log.csv,9.0,0.42008670011925275,1.8019373437127062,0.025151172296972137,0.6076390868158912,0.06688395828251785,49.01635423692416,19.622603800675563,1.1731701096658997,0.5652173913043468,53.6764705882355,7,6,Asia,bull,mixed,0.45094944927383585,5
BNB-USDT-SWAP,2025-12-14 09:00:00+00:00,-136.5554,0,r034_trade_log.csv,1.0,0.2342574405300866,1.1197393191642264,0.009064951882994578,0.9910721861106442,0.0903086660092901,60.32841843447221,15.261664889855535,0.46874999999999234,0.6904761904761962,43.575418994413205,8,6,London,bull,ranging,0.6635150435687739,4
FIL-USDT-SWAP,2025-12-20 23:00:00+00:00,-105.4308,0,r034_trade_log.csv,12.0,0.6248348520195232,3.281978076511137,0.041389969252943457,4.1335950606987355,0.12467242611213794,74.9682011015204,44.420379626853844,1.582516955538819,0.6666666666666632,10.81081081081081,22,5,NY,bull,trending,0.4050664110577127,7
BTC-USDT-SWAP,2025-12-21 10:00:00+00:00,-120.9309,0,r034_trade_log.csv,9.0,0.16586108993746052,4.133505640580154,0.009332222586609908,0.7904334088932258,0.004592084738607521,69.4893342060729,18.37340841246936,0.7027533923103865,0.5929260450160818,15.646425073458195,9,6,London,flat,mixed,0.49485962974397163,7
BCH-USDT-SWAP,2025-12-21 21:00:00+00:00,-113.957,0,r034_trade_log.csv,5.0,0.46640175739032064,1.1630345224363692,0.047238080849660524,1.9074478036127842,0.11485034309695923,48.21743746387849,26.072255793368534,0.8743356763243653,0.7058823529411555,59.84848484848473,20,6,NY,bull,trending,0.5233437965385874,5
BCH-USDT-SWAP,2025-12-23 10:00:00+00:00,-126.1664,0,r034_trade_log.csv,5.0,0.4437546890813281,1.464782877346767,0.030490909033301702,0.9271987520194255,0.11231278024062842,46.17205822863337,12.75107364561656,0.9562841530054489,0.7500000000000203,63.1578947368421,9,1,London,bull,ranging,0.4199832039277533,6
UNI-USDT-SWAP,2025-12-24 18:00:00+00:00,-118.5339,0,r034_trade_log.csv,9.0,0.7477859826260033,0.759547183351165,0.05116045394582066,1.4393455725392845,0.03529953071201651,52.58153407867231,29.78860280351172,2.3188405797101472,0.7647058823529411,27.181208053691407,17,2,NY,bull,trending,0.36272591721345265,0
ATOM-USDT-SWAP,2025-12-25 09:00:00+00:00,-116.3075,0,r034_trade_log.csv,13.0,0.4326341003915731,2.5944088901341225,0.04918073455784213,1.4000296376506505,0.06513982311491523,67.57833050713029,32.90990375705795,0.5511022044088236,0.36363636363636,16.52173913043454,8,3,London,bull,trending,0.4819458154051668,7
UNI-USDT-SWAP,2025-12-25 14:00:00+00:00,191.4149,1,r034_trade_log.csv,3.0,0.49422131377864825,1.248869975814207,0.018187246216866137,2.0804348149712997,0.12406886376515794,57.18663748693468,13.635526564954215,1.4552302687895902,0.6823529411764688,7.377049180327427,13,3,London,bull,ranging,0.5306707974141702,4
ATOM-USDT-SWAP,2025-12-25 17:00:00+00:00,-113.3053,0,r034_trade_log.csv,6.0,0.41353142990412783,0.8583299764739417,0.019632122286941948,1.6823754087850613,0.09285486516078881,65.16330357952614,35.03828658583597,1.0978043912175548,0.6363636363636428,17.39130434782617,16,3,NY,bull,trending,0.4597315816718982,4
UNI-USDT-SWAP,2025-12-27 02:00:00+00:00,190.9165,1,r034_trade_log.csv,5.0,0.6786950489777926,0.8622073689778607,0.03859540914552376,2.1243968216022164,0.09597456178862131,55.557229270905,14.873773722278926,1.053884072752002,0.935483870967735,42.996742671009905,1,5,Asia,bull,ranging,0.5914268173373817,0
AVAX-USDT-SWAP,2025-12-27 05:00:00+00:00,175.9013,1,r034_trade_log.csv,1.0,0.4366632020900541,0.2531122514454954,0.025491846529946998,0.7761113362003289,0.062175243720616453,53.010341429803255,11.805897126626256,0.7169324955695217,0.7191011235955029,29.427792915531413,4,5,Asia,bull,ranging,0.621727177392095,4
ATOM-USDT-SWAP,2025-12-27 12:00:00+00:00,188.6982,1,r034_trade_log.csv,4.0,0.4934302511152847,2.467653240588934,0.026450602872068636,2.693430319444995,0.21608089928587015,59.75803318429319,15.752903337781966,0.7342143906020618,0.6666666666666765,4.918032786885437,11,5,London,bull,ranging,0.5869850044736643,4
LTC-USDT-SWAP,2025-12-27 13:00:00+00:00,188.0091,1,r034_trade_log.csv,1.0,0.2499602667072464,3.1583742916648503,0.02081857958545931,1.3512776714953747,0.03721270079444325,65.85239476501314,14.870960994530524,0.6424257998201207,0.8799999999999955,1.904761904761531,12,5,London,bull,ranging,0.6025729736470187,4
PEPE-USDT-SWAP,2025-12-27 13:00:00+00:00,176.7143,1,r034_trade_log.csv,2.0,0.324829532360338,1.1665218304612095,0.016050781480784464,0.8693485005207484,0.04093023388164932,58.6362055244678,10.373521933104865,0.7637349100763788,0.7741935483870677,15.573770491803426,12,5,London,bull,ranging,0.6252255286897985,4
ARB-USDT-SWAP,2025-12-27 13:00:00+00:00,182.1015,1,r034_trade_log.csv,1.0,0.42355575610555535,0.5559152616358237,0.0224304169517192,1.2327307274752364,0.11914885269164316,54.59036371965745,11.443837199160921,0.7784120394395441,0.8666666666666815,25.0,12,5,London,bull,ranging,0.6422370023367988,4
NEAR-USDT-SWAP,2025-12-27 13:00:00+00:00,193.0444,1,r034_trade_log.csv,4.0,0.5148691928923502,1.133554013135165,0.020247117190578614,1.716715207200579,0.08732751038825233,60.051952068316545,14.612247051073712,1.5022860875245025,0.6521739130434703,14.285714285714091,12,5,London,bull,ranging,0.6168339628643613,4
APT-USDT-SWAP,2025-12-27 13:00:00+00:00,-113.3943,0,r034_trade_log.csv,11.0,0.5839441632304966,2.3198318216819196,0.042048534535440954,5.631687305615984,0.47600657628756643,64.10066145513218,25.477440044388885,1.849710982658961,0.7812499999999966,14.141414141414124,12,5,London,bull,trending,0.44963140382162875,0
AVAX-USDT-SWAP,2025-12-27 16:00:00+00:00,181.046,1,r034_trade_log.csv,3.0,0.21331021243776058,1.7467947591706314,0.019809337429949374,1.9928673794079446,0.13528635599791766,65.86245242893987,14.79809103547647,0.4795779713851709,0.5500000000000029,7.462686567164664,15,5,London,bull,ranging,0.6095400709176986,4
OP-USDT-SWAP,2025-12-27 17:00:00+00:00,-122.3941,0,r034_trade_log.csv,1.0,0.45939629707981744,1.5467340212719236,0.03578792167536487,1.4715293349562493,0.040199254655746634,64.85446954660466,22.073728382719626,0.5476451259583794,0.2666666666666371,5.0,16,5,NY,bull,mixed,0.46934891901883363,4
PEPE-USDT-SWAP,2025-12-27 17:00:00+00:00,192.5918,1,r034_trade_log.csv,14.000000000000002,0.3507584457000897,6.958913490533226,0.027021562855029043,2.6954683503703505,0.09242032962233639,73.0412284090938,17.312566402156303,0.6612784717119744,0.5925925925925764,27.999999999999925,16,5,NY,bull,ranging,0.5605913638144601,7
OP-USDT-SWAP,2025-12-27 23:00:00+00:00,-117.589,0,r034_trade_log.csv,11.0,0.5072149861155262,2.2142706482025227,0.029864858396729838,1.4809137140775661,0.09737928962347671,61.640847903348664,24.96210986054805,1.4120202751629307,0.8974358974358949,34.78260869565217,22,5,NY,bull,mixed,0.362526560139633,7
ARB-USDT-SWAP,2025-12-27 23:00:00+00:00,186.8933,1,r034_trade_log.csv,7.000000000000001,0.3659057240662911,2.7970848693304804,0.020792067849542364,2.1682527667276843,0.1646907180646903,60.5460435915974,14.1457193081389,1.180092355053872,0.7826086956521734,32.35294117647029,22,5,NY,bull,ranging,0.5756646903372693,4
ATOM-USDT-SWAP,2025-12-28 07:00:00+00:00,-117.0847,0,r034_trade_log.csv,15.0,0.3551506628081842,1.2334975328811657,0.035164900888825644,4.6669781888522435,0.37696510405983724,71.82581038056843,34.87886811383111,0.6214149139579302,0.7692307692307929,4.1666666666668215,6,6,Asia,bull,trending,0.5039191982121533,7
LTC-USDT-SWAP,2025-12-28 16:00:00+00:00,-140.6691,0,r034_trade_log.csv,2.0,0.36723048985223383,0.5084616301874433,0.018155761713005505,2.1938785711229336,0.23081277976386483,55.703997903664536,27.92030509553122,0.693568726355608,0.6,71.51162790697703,15,6,London,bull,trending,0.5698246269866631,5
BCH-USDT-SWAP,2025-12-30 12:00:00+00:00,-129.0517,0,r034_trade_log.csv,6.0,0.5055007330709154,0.4681306222263257,0.02059725416842144,0.2076691335396338,0.02197509661031322,45.317285072411934,17.717356316598813,0.9334889148191404,0.5535714285714304,54.545454545454476,11,1,London,bull,ranging,0.41265767649501245,6
AVAX-USDT-SWAP,2025-12-31 13:00:00+00:00,175.1974,1,r034_trade_log.csv,15.0,0.3380178869005274,1.352234475029372,0.015422330337936089,0.5069350129917174,0.04667821519096169,50.896492039946985,14.642978180609541,0.6921241050119311,0.9080459770115041,61.111111111110894,12,2,London,bull,ranging,0.4895655912949523,5
ETH-USDT-SWAP,2026-01-01 10:00:00+00:00,-189.6513,0,r034_trade_log.csv,15.0,0.15751723312047833,0.5769452035951181,0.007131883798500425,0.6517870358565638,0.056519937616003685,54.045574621671605,13.622856931115798,0.17710988863545554,0.7291666666666218,62.861915367483604,9,3,London,bull,ranging,0.44416427969352135,5
APT-USDT-SWAP,2026-01-01 13:00:00+00:00,187.8165,1,r034_trade_log.csv,5.0,0.39830806396663027,1.0392503319420612,0.04388833790464036,1.6142964339303596,0.0069503350872252056,64.13230781351098,17.513520777438835,0.8787346221441197,0.799999999999994,4.225352112676206,12,3,London,flat,ranging,0.482062254936435,4
LTC-USDT-SWAP,2026-01-01 17:00:00+00:00,187.0984,1,r034_trade_log.csv,14.000000000000002,0.2888155867867144,2.899983999389476,0.03177353098934003,1.3173886763640268,0.01097595401137784,70.19407219996702,24.091987230643156,1.332656428480768,0.6761904761904856,12.301587301587412,16,3,NY,flat,mixed,0.46763512106204125,7
BTC-USDT-SWAP,2026-01-01 19:00:00+00:00,152.1649,1,r034_trade_log.csv,16.0,0.14059917933363897,0.9990426150238176,0.0085086077453259,0.2232149311344063,0.0014621199817151508,56.58951982427085,15.189626759513002,0.6434117132649293,0.5795774647887273,34.66853595032997,18,3,NY,flat,ranging,0.5741226556295086,4
BNB-USDT-SWAP,2026-01-02 05:00:00+00:00,154.7965,1,r034_trade_log.csv,7.000000000000001,0.15450875093136285,0.8270298726641572,0.010843626134722952,0.987710971028193,0.08457186931656588,56.06595352349214,14.636806104877092,0.5663430420712079,0.5918367346938851,21.929824561403333,4,4,Asia,bull,ranging,0.6757436321556699,4
BNB-USDT-SWAP,2026-01-03 23:00:00+00:00,133.4837,1,r034_trade_log.csv,9.0,0.1655203901277412,0.5408103298592155,0.00952847443213445,1.7810775351446761,0.16448215199196364,56.50544188284357,16.087318029115092,0.3072721065210021,0.7407407407407283,16.101694915254107,22,5,NY,bull,ranging,0.6061365682421895,4
BNB-USDT-SWAP,2026-01-04 02:00:00+00:00,175.2521,1,r034_trade_log.csv,14.000000000000002,0.16006314360163942,1.973681308582981,0.012208106980823133,2.2286437261035164,0.1804454331009968,65.59339396813613,16.427189177782786,0.5564387917329068,0.4489795918367461,8.333333333333758,1,6,Asia,bull,ranging,0.6136060796527791,4
PEPE-USDT-SWAP,2026-01-07 04:00:00+00:00,194.9078,1,r034_trade_log.csv,1.0,1.5104204656719127,0.6106281012973587,0.08843759990785964,13.917834451750737,1.3455591228689727,48.664770207824915,13.506298857427941,1.7708490994399866,0.6410256410256354,49.47368421052637,3,2,Asia,bull,ranging,0.4874862917719909,2
WIF-USDT-SWAP,2026-01-08 17:00:00+00:00,-106.5633,0,r034_trade_log.csv,16.0,0.9473916995502165,0.9566628300426547,0.04578779042988807,5.336758643130295,0.40814160402561056,49.14558526317903,21.457546054204474,3.4131431482424777,0.7462686567164204,24.882629107981362,16,3,NY,bull,mixed,0.41829397356394876,0
FIL-USDT-SWAP,2026-01-08 23:00:00+00:00,-115.782,0,r034_trade_log.csv,13.0,0.9168163141101809,0.47859618249112706,0.04255873696996948,1.3380707372601364,0.03612830811498679,51.950534325304744,26.95047194979856,1.3962765957446748,0.8571428571428616,32.91139240506334,22,3,NY,bull,trending,0.39052125522419856,0
BNB-USDT-SWAP,2026-01-09 05:00:00+00:00,-136.4941,0,r034_trade_log.csv,10.0,0.24800002924383918,0.7048153255755097,0.0176805870067092,0.7783956035576174,0.04221013355502468,56.13736979183118,34.80303717316491,0.5809406770193198,0.7307692307692535,4.255319148935938,4,4,Asia,bull,trending,0.5153732788667658,4
WIF-USDT-SWAP,2026-01-09 05:00:00+00:00,192.5848,1,r034_trade_log.csv,1.0,0.9990485525530401,0.4007706569616942,0.04444024848587029,3.158510534920162,0.2693239524589423,47.438071364393956,16.498394834387003,2.082248828735036,0.8874999999999986,52.38095238095239,4,4,Asia,bull,ranging,0.5741031113490098,0
BCH-USDT-SWAP,2026-01-09 23:00:00+00:00,189.1493,1,r034_trade_log.csv,6.0,0.4256018486254317,0.3530749246952641,0.01999854874360108,0.9479780840669959,0.06344162507188297,53.33633198452279,8.802899636037143,0.8379446640316313,0.5283018867924375,42.69005847953212,22,4,NY,bull,ranging,0.5575735968000908,4
OP-USDT-SWAP,2026-01-10 08:00:00+00:00,-108.9391,0,r034_trade_log.csv,1.0,0.8337318461289907,1.3481690024621873,0.0328916916477391,2.038009297716741,0.12728841199412322,54.50301504093045,13.741328742268147,1.0828025477706873,0.3529411764705863,44.999999999999865,7,5,Asia,bull,ranging,0.49461634390711806,0
SUI-USDT-SWAP,2026-01-10 10:00:00+00:00,-106.713,0,r034_trade_log.csv,4.0,0.7927557475511317,1.5094306947539435,0.036103609935272035,5.32581107498801,0.33500131641287956,60.96785200875746,10.99176182586873,1.1913297666979243,0.5555555555555544,11.029411764706012,9,5,London,bull,ranging,0.46486554001036773,0
WIF-USDT-SWAP,2026-01-10 11:00:00+00:00,-110.8475,0,r034_trade_log.csv,1.0,0.935323918486864,0.496314592830603,0.05448947984161876,2.4894252402725683,0.1468202631962631,51.714311725034484,11.667593762302374,1.127720954628908,0.7209302325581333,59.16666666666658,10,5,London,bull,ranging,0.5210136707123878,0
DOT-USDT-SWAP,2026-01-10 14:00:00+00:00,-117.2565,0,r034_trade_log.csv,1.0,0.5388382565058284,1.0880818369915934,0.031075680164983327,1.7358453337803996,0.06669584668590994,61.04423479866258,16.65197423531892,1.0362694300518247,0.81818181818182,6.7567567567566265,13,5,London,bull,ranging,0.5216674005369866,4
NEAR-USDT-SWAP,2026-01-10 14:00:00+00:00,-130.8729,0,r034_trade_log.csv,1.0,0.6269269396346223,0.7044921543080496,0.035217701230799744,1.7477636226186244,0.07055206574787193,58.634171243584504,12.65057878349131,1.0982658959537646,0.8947368421052521,18.03278688524605,13,5,London,bull,ranging,0.5168513117291148,0
ARB-USDT-SWAP,2026-01-10 14:00:00+00:00,-129.1894,0,r034_trade_log.csv,1.0,0.5406742550575351,0.5287748608055707,0.0426226374835267,1.3850203128070016,0.014445572775450203,61.949319678223,21.67645352246448,0.988700564971747,0.8095238095238164,18.181818181818066,13,5,London,flat,mixed,0.4850116261073436,4
BNB-USDT-SWAP,2026-01-10 15:00:00+00:00,180.8337,1,r034_trade_log.csv,3.0,0.25053411787850555,0.8370050512676188,0.020254801107272194,1.5543383209820087,0.1442918739408371,59.9177940100984,18.564665686341453,0.4322287487531838,0.7692307692307737,28.500000000000224,14,5,London,bull,mixed,0.6642906973433043,4
AVAX-USDT-SWAP,2026-01-10 18:00:00+00:00,-142.8771,0,r034_trade_log.csv,1.0,0.280787465788585,1.7929437417860812,0.020503924486222257,0.225491152709584,0.011527670087475184,53.0371194844317,11.23047123974043,0.4977636704660283,0.5217391304347703,26.82119205298001,17,5,NY,flat,ranging,0.5554924270236898,4
DOT-USDT-SWAP,2026-01-10 21:00:00+00:00,-127.0573,0,r034_trade_log.csv,5.0,0.49008946217647315,1.0318389559353265,0.029659018539589174,1.1328140783578462,0.11906333783504777,54.03700757401559,13.62214843459979,1.3164080865068184,0.9642857142857024,26.15384615384603,20,5,NY,bull,ranging,0.5050642110042837,4
FIL-USDT-SWAP,2026-01-10 21:00:00+00:00,-133.5142,0,r034_trade_log.csv,5.0,0.49074696298572346,0.928157411375207,0.0341453181491256,0.7073203984719153,0.06202591770441378,53.1302196545077,12.675151920656331,1.32802124833996,0.90000000000001,24.0,20,5,NY,bull,ranging,0.5192678149547669,4
FIL-USDT-SWAP,2026-01-11 02:00:00+00:00,-113.3247,0,r034_trade_log.csv,1.0,0.5477707369967676,1.3921718287389235,0.027240771029912483,0.5820120067103726,0.012105285979611125,53.08454755272089,11.180895607687075,0.9433962264150951,0.2857142857142857,30.434782608695656,1,6,Asia,flat,ranging,0.5017115746614116,4
SOL-USDT-SWAP,2026-01-11 02:00:00+00:00,169.6067,1,r034_trade_log.csv,1.0,0.1768209421555776,0.843901817246128,0.009520900043578778,0.8416185754499145,0.07271545677967148,48.95261910202137,9.402834199332743,0.49886288606852525,0.7647058823529486,45.4545454545453,1,6,Asia,bull,ranging,0.6680763959873478,4
SUI-USDT-SWAP,2026-01-11 04:00:00+00:00,158.3046,1,r034_trade_log.csv,1.0,0.5306415345223778,0.3385977023332659,0.03534177181485511,2.502978826943974,0.2344772114567437,49.04990506323843,14.206362643017032,0.5160359560537169,0.4946236559139672,65.23605150214587,3,6,Asia,bull,ranging,0.6005633721595899,5
ATOM-USDT-SWAP,2026-01-11 04:00:00+00:00,-113.2912,0,r034_trade_log.csv,6.0,0.7405084804669485,0.4821251628881835,0.03890232949604667,8.518472377711252,0.7745885599463366,57.382307857074224,21.577421251146628,1.2336160370084823,0.5312499999999966,53.73134328358184,3,6,Asia,bull,mixed,0.5508224046649004,2
SUI-USDT-SWAP,2026-01-11 06:00:00+00:00,-118.218,0,r034_trade_log.csv,1.0,0.40451092214906725,0.9521182388357905,0.030900950969823163,3.1153356096275053,0.2420459570691288,54.53448144961404,13.01422384249556,0.9927748055816015,0.6388888888888796,48.211731044349264,5,6,Asia,bull,ranging,0.6042883819072246,5
FIL-USDT-SWAP,2026-01-11 13:00:00+00:00,-112.7787,0,r034_trade_log.csv,5.0,0.5380272069526448,1.7816897258164217,0.02404064498295312,1.3000619849099524,0.02112259697987248,60.86783337872186,10.607754163499596,1.3953488372092961,0.9047619047619042,5.714285714285732,12,6,London,bull,ranging,0.48089830658381827,4
ATOM-USDT-SWAP,2026-01-13 05:00:00+00:00,190.0361,1,r034_trade_log.csv,14.000000000000002,0.6701776349461316,0.6519063097405876,0.04773897712470575,3.108996240820414,0.19930127110496676,50.08859585467002,18.36164810099341,0.9471191791633791,0.8749999999999953,46.875,4,1,Asia,bull,mixed,0.5140986139042931,6
ATOM-USDT-SWAP,2026-01-13 15:00:00+00:00,-107.1609,0,r034_trade_log.csv,14.000000000000002,0.5870359597682606,2.2331999973038212,0.03903987773349788,4.6478391123750935,0.311090375904105,62.146770720161776,14.255439966920257,1.8345042935206932,0.553191489361696,17.985611510791593,14,1,London,bull,ranging,0.3661684882941835,0
ATOM-USDT-SWAP,2026-01-15 08:00:00+00:00,-135.1288,0,r034_trade_log.csv,5.0,0.514241700071871,0.9453759678868991,0.05497608921193698,1.0375417999081533,0.15329749020983738,38.10913054515555,22.74968796265968,0.6291781360597725,0.6250000000000139,80.98591549295794,7,3,Asia,bull,mixed,0.501869165737148,5
BTC-USDT-SWAP,2026-01-16 22:00:00+00:00,-120.2528,0,r034_trade_log.csv,12.0,0.24594072241844406,0.6873638293487049,0.012929279581639641,2.0309150867730144,0.17498547666909453,51.1155367142918,24.907222543815625,0.9337683940335132,0.6362107623318386,21.416112151947882,21,4,NY,bull,mixed,0.5346520974740304,4
BNB-USDT-SWAP,2026-01-17 00:00:00+00:00,175.4209,1,r034_trade_log.csv,10.0,0.23804348561365862,1.039741096366714,0.012892951160332069,1.960869729417597,0.14730267630004484,58.33238298104492,15.578230150700675,0.5120546191593722,0.5624999999999911,9.316770186335392,23,4,NY,bull,ranging,0.6132218924565764,4
OP-USDT-SWAP,2026-01-17 02:00:00+00:00,189.8585,1,r034_trade_log.csv,7.000000000000001,0.6866918775331933,0.8594520046898494,0.05397145459822323,2.8579002295168414,0.10267370242950291,58.3057547093233,29.636153811417678,1.0547905068854357,0.44444444444444275,6.382978723404426,1,5,Asia,bull,trending,0.5626932732706458,0
LINK-USDT-SWAP,2026-01-17 06:00:00+00:00,169.4244,1,r034_trade_log.csv,1.0,0.44913545354594103,0.41527198863530945,0.01924460706704151,0.9234499471909905,0.09198605685608051,49.64275064294271,20.122909563954934,0.43053123175715885,0.5084745762711966,27.2959183673468,5,5,Asia,bull,mixed,0.5871946525681668,4
OP-USDT-SWAP,2026-01-17 09:00:00+00:00,-107.7542,0,r034_trade_log.csv,16.0,0.728049667982673,2.430547573492593,0.07228827579476535,4.902046252422199,0.3032073137515737,69.40508649628144,22.864956006158685,1.6719515710579336,0.6551724137931014,9.025270758122751,8,5,London,bull,mixed,0.46521651567673716,0
NEAR-USDT-SWAP,2026-01-17 09:00:00+00:00,-108.0992,0,r034_trade_log.csv,11.0,0.7263462571989083,2.8574926171036017,0.06029169455795345,2.4071446042941766,0.02703066495334639,68.68598577998223,15.980733442280009,1.7514124293785263,0.7741935483870995,12.096774193548319,8,5,London,bull,ranging,0.4452315004406667,0
ARB-USDT-SWAP,2026-01-17 09:00:00+00:00,-108.3,0,r034_trade_log.csv,11.0,0.6289035903610153,1.8909058253488065,0.050540752440791814,2.14566006809682,0.0441699986480124,67.6103852737069,18.962870634432626,1.2212306247064308,0.6923076923076932,4.724409448818818,8,5,London,bull,mixed,0.4342052870979334,0
FIL-USDT-SWAP,2026-01-17 09:00:00+00:00,-108.5304,0,r034_trade_log.csv,11.0,0.6597018507129332,1.7377364648502795,0.0340027642489533,1.4697719139359573,0.01540589214969118,59.254811296099255,11.991120216956116,1.8954248366013016,0.6551724137931098,10.81081081081081,8,5,London,flat,ranging,0.4427703858216133,0
DOT-USDT-SWAP,2026-01-17 10:00:00+00:00,-113.9186,0,r034_trade_log.csv,7.000000000000001,0.6638450680865574,1.9193605725703309,0.05947241755906112,2.261708619980661,0.0310971377929552,70.25796992979811,20.697529967963185,1.6483516483516498,0.7500000000000031,13.636363636363583,9,5,London,bull,mixed,0.4448808710894636,0
ETH-USDT-SWAP,2026-01-17 10:00:00+00:00,159.7921,1,r034_trade_log.csv,1.0,0.2642177560672327,0.7085232890294647,0.010026040796753243,2.104342918331158,0.20209062543135042,52.40638267435811,20.573498972708318,0.23188194659430592,0.6649214659686474,30.856269113150248,9,5,London,bull,mixed,0.6321704176166825,4
LINK-USDT-SWAP,2026-01-17 15:00:00+00:00,-117.4093,0,r034_trade_log.csv,4.0,0.23648357291408675,1.9269138737348381,0.013250964864040718,1.7505709705932806,0.10829915942893577,62.37496216177106,14.881697136330594,0.7399347116430797,0.7647058823529463,4.9079754601227235,14,5,London,bull,ranging,0.5837292559919275,4
ETH-USDT-SWAP,2026-01-17 16:00:00+00:00,-121.0829,0,r034_trade_log.csv,4.0,0.1666236568498063,4.8050810270383035,0.011214326687901552,2.915315333180213,0.21910507748107494,70.2826891040892,17.560762831368354,0.3276201298995725,0.6143911439114175,1.9179304192684499,15,5,London,bull,ranging,0.550152366520458,7
ETH-USDT-SWAP,2026-01-18 05:00:00+00:00,-167.8219,0,r034_trade_log.csv,2.0,0.20325129238388862,0.5450077862899373,0.010464639915313921,2.082768371293451,0.2118000454302444,53.784744176227896,15.921856498326022,0.5140736718255036,0.7335680751173724,47.875064004096465,4,6,Asia,bull,ranging,0.601998337428465,5
BNB-USDT-SWAP,2026-01-18 05:00:00+00:00,-170.9879,0,r034_trade_log.csv,13.0,0.34604760527413087,0.24702679019589943,0.01839776888839892,2.433590950823198,0.254778491973199,56.58935403862185,28.84076508491026,0.51578947368422,0.8571428571428505,48.000000000000306,4,6,Asia,bull,trending,0.5514554366003652,5
ETH-USDT-SWAP,2026-01-18 11:00:00+00:00,165.1075,1,r034_trade_log.csv,1.0,0.21573086073219372,0.7130296583281523,0.00912883104693927,2.352657453829669,0.21065159097784814,60.5451446249071,13.077302213436585,0.3480606757676424,0.6894463667820051,15.552486187845489,10,6,London,bull,ranging,0.6625528467848477,4
BNB-USDT-SWAP,2026-01-18 13:00:00+00:00,-141.4822,0,r034_trade_log.csv,1.0,0.1933398685900366,0.789744323625506,0.012464697545050392,2.198654625085921,0.2175841812781159,55.39235547535421,20.7616537271772,0.33819488480236015,0.6250000000000133,54.46428571428523,12,6,London,bull,mixed,0.5424618822737306,5
LINK-USDT-SWAP,2026-02-14 09:00:00+00:00,-110.8479,0,r034_trade_log.csv,3.0,0.5979950011478546,1.2315703525731274,0.04749058163773832,2.156738701548776,0.09144875355457989,72.04086393594216,42.699406206023944,0.9234234234234316,0.7682926829268298,3.008849557522031,8,5,London,bull,trending,0.5227602017069372,7
LTC-USDT-SWAP,2026-02-14 09:00:00+00:00,-119.4945,0,r034_trade_log.csv,2.0,0.4747421064512908,1.1063286661781093,0.0383848241832838,1.7845610924973694,0.12269625292218567,67.10607748591951,31.075685816644345,0.5066039442735681,0.678571428571443,5.9440559440560055,8,5,London,bull,trending,0.5571104904327111,4
AVAX-USDT-SWAP,2026-02-14 09:00:00+00:00,187.6703,1,r034_trade_log.csv,2.0,0.4542574068430503,1.1755982558721714,0.03403499011801793,1.7347173045402744,0.09656861025679446,69.09641437468315,30.40787679082088,0.43525571273123964,0.44999999999996226,4.5351473922901455,8,5,London,bull,trending,0.5754758183635343,4
ADA-USDT-SWAP,2026-02-14 09:00:00+00:00,192.448,1,r034_trade_log.csv,14.000000000000002,0.5412074693867174,1.3015227745934186,0.050177428794784505,3.016234447704582,0.19382030662360444,71.35009541167832,40.92231304406282,0.761973875181419,0.6666666666666755,5.617977528089898,8,5,London,bull,trending,0.5564671834780488,7
DOGE-USDT-SWAP,2026-02-14 10:00:00+00:00,192.8693,1,r034_trade_log.csv,4.0,0.46800617773225456,1.1430225004659558,0.03437673807329888,2.187891898677697,0.09193230972641175,74.91348484158286,32.4702187430351,1.2908513471980303,0.8809523809523828,2.209944751381379,9,5,London,bull,trending,0.5724214858241403,7
FIL-USDT-SWAP,2026-02-14 10:00:00+00:00,192.9995,1,r034_trade_log.csv,7.000000000000001,0.6735681426673249,0.792072444090497,0.054664185287440964,2.5726068437852465,0.16767884304686012,69.54851820401322,42.44025821709039,1.3690105787181188,0.8560606060605978,6.738544474393543,9,5,London,bull,trending,0.5663982990608922,0
DOT-USDT-SWAP,2026-02-14 10:00:00+00:00,191.2716,1,r034_trade_log.csv,2.0,0.5168626867454619,0.6378577036417545,0.054148770071448665,2.101185185311349,0.09553347229696031,75.65088638850614,46.58032083298174,1.4705882352941189,0.8,2.2222222222222223,9,5,London,bull,trending,0.5984789271273029,7
ATOM-USDT-SWAP,2026-02-14 10:00:00+00:00,188.7409,1,r034_trade_log.csv,7.000000000000001,0.5757864670086216,0.5113463059584394,0.05808323610402373,7.300345585573931,0.718416678500506,72.84112082017593,59.84801441019937,0.9863785814936546,0.761904761904766,2.307692307692397,9,5,London,bull,trending,0.5812379900914174,2
ARB-USDT-SWAP,2026-02-14 10:00:00+00:00,190.496,1,r034_trade_log.csv,1.0,0.5283047800842415,1.0666152631291124,0.04381912143797427,1.033620955654267,0.001812213275934801,72.60611715417704,41.505283009701785,1.4505119453924857,0.7647058823529417,3.9999999999999334,9,5,London,flat,trending,0.5271558795582004,7
PEPE-USDT-SWAP,2026-02-14 10:00:00+00:00,189.6507,1,r034_trade_log.csv,1.0,0.6076098930087466,0.5959094853221719,0.03152247296956316,1.0894848552913203,0.03991435732018481,62.00235401296173,28.630584408940713,1.4077163712200051,0.8148148148148302,17.808219178082147,9,5,London,bull,trending,0.5662977808855494,0
NEAR-USDT-SWAP,2026-02-14 13:00:00+00:00,188.4255,1,r034_trade_log.csv,4.0,0.41393998864208975,2.1553079408224494,0.03940767846029025,1.6909950961109625,0.02384984872289189,74.56874982030482,44.96251485172625,1.3320647002854438,0.8571428571428571,24.999999999999787,12,5,London,bull,trending,0.5734738457674214,7
SOL-USDT-SWAP,2026-02-14 16:00:00+00:00,189.9879,1,r034_trade_log.csv,9.0,0.5700137012912523,1.4457740015582865,0.04594568868752612,1.9557825359800767,0.06571352475263365,71.40605120906503,45.94642808802337,1.341743119266057,0.6923076923076933,7.202216066482137,15,5,London,bull,trending,0.5016974652421197,7
LTC-USDT-SWAP,2026-02-14 16:00:00+00:00,-112.341,0,r034_trade_log.csv,12.0,0.5089565494119117,2.079047237076849,0.02209552283941446,2.5688829982926076,0.16749573468525203,65.45144623677241,33.7950464254567,1.673491187466615,0.8829787234042556,13.88888888888911,15,5,London,bull,trending,0.4094404630015525,7
OP-USDT-SWAP,2026-02-14 16:00:00+00:00,-110.9095,0,r034_trade_log.csv,11.0,0.5625118658731151,1.7487040027194698,0.040112979254571135,2.0049167369595438,0.05296073893869895,71.47607345083111,46.14780587579236,1.5840572304547873,0.8064516129032214,2.7777777777778527,15,5,London,bull,trending,0.43221344732056094,7
ETH-USDT-SWAP,2026-02-14 16:00:00+00:00,-120.5467,0,r034_trade_log.csv,9.0,0.5065080092417958,1.2216112312122938,0.03053389838605694,1.1904630114246326,0.07001722038887506,66.13962191868009,40.50614237558627,0.9758578337299524,0.6597836774827914,30.50187481972894,15,5,London,bull,trending,0.46397696496240587,7
AVAX-USDT-SWAP,2026-02-14 18:00:00+00:00,191.0744,1,r034_trade_log.csv,14.000000000000002,0.46994854629596716,1.7281084737005377,0.04259428507464278,3.768704575426317,0.24920252461581158,74.3744522952498,38.798826179629955,1.2401950392198526,0.4615384615384452,7.086614173228611,17,5,NY,bull,trending,0.4880096275000049,7
BCH-USDT-SWAP,2026-02-15 06:00:00+00:00,-163.2562,0,r034_trade_log.csv,7.000000000000001,0.39268052326084674,0.5378060181355541,0.015873622725273585,5.731214172645373,0.6095132293978089,54.8373590129845,28.579664810942337,0.6560283687943343,0.40540540540540043,55.49132947976906,5,6,Asia,bull,trending,0.6313619502058961,5
UNI-USDT-SWAP,2026-02-18 04:00:00+00:00,-118.6458,0,r034_trade_log.csv,4.0,0.7544907818278777,0.3155963168677483,0.02490939150741505,0.8580851684828439,0.04491197000791179,52.843955262145855,10.616967244659177,0.7365439093484363,0.7307692307692242,25.581395348837145,3,2,Asia,bull,ranging,0.4454895678869081,0
ADA-USDT-SWAP,2026-02-18 09:00:00+00:00,-115.9097,0,r034_trade_log.csv,11.0,0.6693127043245133,0.9285626037811913,0.023999813927051184,2.0910374808060594,0.11414458059945182,56.98552842142436,10.408803632724105,1.0903974674639436,0.7096774193548341,18.556701030928107,8,2,London,bull,ranging,0.40795384661193046,0
XRP-USDT-SWAP,2026-02-18 09:00:00+00:00,-121.3123,0,r034_trade_log.csv,7.000000000000001,0.6725212706668956,0.6254520489202295,0.03532389201363349,1.7535942154871202,0.10311726330265929,57.68295681100485,14.390847599764028,0.8074283407347606,0.5666666666666592,8.625730994152068,8,2,London,bull,ranging,0.39918074745479737,0
BCH-USDT-SWAP,2026-02-19 08:00:00+00:00,-119.3112,0,r034_trade_log.csv,7.000000000000001,0.45565221366422076,0.8098768461074703,0.02117307710605776,2.054843129865381,0.14889184691222543,54.81620533118524,10.145312472338361,1.2268847795163547,0.8550724637681154,21.27659574468082,7,3,Asia,bull,ranging,0.487177557374961,4
ATOM-USDT-SWAP,2026-02-20 10:00:00+00:00,-107.2182,0,r034_trade_log.csv,10.0,0.8176348793805652,1.3182694090349838,0.02993181716768949,5.638814689827516,0.3953992030815045,58.4192482911647,11.328688097719432,0.8322382829610219,0.7368421052631419,16.049382716049728,9,4,London,bull,ranging,0.4952964262231196,0
PEPE-USDT-SWAP,2026-02-20 11:00:00+00:00,-144.5579,0,r034_trade_log.csv,4.0,0.6150958712455645,0.7692893279065198,0.024990687220553316,0.06082413584130738,0.002824581608369128,49.50091647051631,23.186052206205208,1.0172699313934095,0.5348837209302504,37.078651685393226,10,4,London,flat,mixed,0.43295922843344853,5
LINK-USDT-SWAP,2026-02-21 10:00:00+00:00,181.7417,1,r034_trade_log.csv,4.0,0.6923073193328052,0.6679689073072511,0.03441629557373017,1.7462880661157505,0.15937239636159606,60.367138657337726,11.080679650235838,0.6513194834362699,0.7068965517241158,17.533718689787918,9,5,London,bull,ranging,0.5966664707487229,4
SOL-USDT-SWAP,2026-02-21 10:00:00+00:00,185.5375,1,r034_trade_log.csv,1.0,0.4932014456554231,0.6753447928514785,0.020038241047275356,0.5973822329204322,0.013517805257647663,59.90132893993883,12.296797825765687,0.6260335459485012,0.9056603773584693,17.4556213017752,9,5,London,flat,ranging,0.6387251653255631,4
AVAX-USDT-SWAP,2026-02-21 10:00:00+00:00,187.3005,1,r034_trade_log.csv,9.0,0.4414271607128274,0.7654012165124189,0.01807247538278773,1.3533349495053673,0.08258202838134943,61.40767698097693,14.5991075815041,0.836411036280686,0.714285714285711,10.344827586207256,9,5,London,bull,ranging,0.6200019081518885,4
BCH-USDT-SWAP,2026-02-21 10:00:00+00:00,183.6771,1,r034_trade_log.csv,1.0,0.5688685653105227,0.5465919146183194,0.03689398088569152,2.506443883449262,0.21862275876820078,59.51450707629475,17.26676798900518,0.6182653241476771,0.3999999999999935,9.764309764309672,9,5,London,bull,ranging,0.5996827714275175,4
BNB-USDT-SWAP,2026-02-21 11:00:00+00:00,165.5327,1,r034_trade_log.csv,1.0,0.3756437587780802,0.4513215939767591,0.019448201765085042,1.4265431272696396,0.10922220336795634,66.1639561871942,20.282616967370995,0.509229789942719,0.18750000000000444,4.545454545454546,10,5,London,bull,mixed,0.5930043623167393,4
LTC-USDT-SWAP,2026-02-21 15:00:00+00:00,-123.0893,0,r034_trade_log.csv,2.0,0.35655782930755353,2.4754323520025556,0.01191462589027983,2.130901197700834,0.17438342147123234,63.33446321382825,24.72945182642939,0.6142728093947539,0.6764705882353131,27.17391304347842,14,5,London,bull,mixed,0.5868091503145489,4
BNB-USDT-SWAP,2026-02-21 15:00:00+00:00,-145.4227,0,r034_trade_log.csv,2.0,0.24551916117458217,1.7322166027891428,0.01507404441379242,1.8235898983126635,0.13455682220995688,68.72175152711112,23.30249925314677,0.5998421468034656,0.7631578947368453,19.626168224299196,14,5,London,bull,mixed,0.5873554605157628,4
SOL-USDT-SWAP,2026-02-21 15:00:00+00:00,-113.5018,0,r034_trade_log.csv,5.0,0.3189313131581067,3.006545229773475,0.02595833115498547,2.1972822351611456,0.07533164161382973,71.43018770132178,17.287811489574814,0.932292273627779,0.6499999999999974,13.86861313868644,14,5,London,bull,ranging,0.511618407108364,7
AVAX-USDT-SWAP,2026-02-21 15:00:00+00:00,-122.9325,0,r034_trade_log.csv,12.0,0.28427490636124586,4.294333783862423,0.03009788299199809,2.616986804385262,0.15429198720758847,71.2683077787468,21.669979333064543,0.7703830515728756,0.9166666666666646,27.27272727272736,14,5,London,bull,mixed,0.5245917290623369,7
BTC-USDT-SWAP,2026-02-21 16:00:00+00:00,-129.0927,0,r034_trade_log.csv,2.0,0.19101089221965345,1.3294163832592647,0.014075696886763838,0.7275447339649138,0.00974326517372101,66.46818543019229,11.902040835049629,0.6832024860735864,0.38639281129653924,9.105892047795633,15,5,London,flat,ranging,0.5108270327329345,4
BCH-USDT-SWAP,2026-02-21 16:00:00+00:00,-121.3616,0,r034_trade_log.csv,4.0,0.32264480318162453,1.0378632563701922,0.028348251513107076,3.3544133615162397,0.2652394911720405,65.63286876592605,22.418774885077006,1.4173228346456732,0.19753086419753313,15.596330275229725,15,5,London,bull,mixed,0.48455305804522397,4
LINK-USDT-SWAP,2026-02-21 19:00:00+00:00,-117.6152,0,r034_trade_log.csv,6.0,0.3272540879186565,0.8096242398518942,0.014423174503981779,2.1106857807960577,0.18580218693965456,60.24382694062291,14.496618513705014,0.9610012291876221,0.7209302325581299,37.438423645320555,18,5,NY,bull,ranging,0.5829042397911229,4
BCH-USDT-SWAP,2026-02-22 05:00:00+00:00,192.227,1,r034_trade_log.csv,9.0,0.5107818442666985,0.9908186901630425,0.02362347432840048,2.189713692396317,0.1667682440325437,55.57804778996357,17.30582672887108,1.9687115486025544,0.776785714285713,49.142857142857274,4,6,Asia,bull,ranging,0.6060996315864956,0
BNB-USDT-SWAP,2026-02-22 11:00:00+00:00,-150.8804,0,r034_trade_log.csv,1.0,0.2859143133882517,0.5553763988420112,0.0169352413156592,0.24249116681426758,0.007455876380990222,48.719794994016866,20.410109022914018,0.4490057729313589,0.7142857142857258,67.11409395973165,10,6,London,flat,mixed,0.5280826270422199,5
BNB-USDT-SWAP,2026-02-27 04:00:00+00:00,-130.4818,0,r034_trade_log.csv,2.0,0.47935504067706897,0.772439968982906,0.024874532888329713,2.3909759708943534,0.18316370205710206,59.27239909120659,22.166289321935725,0.7466243050039787,0.8510638297872258,7.975460122699129,3,4,Asia,bull,mixed,0.5909804812696694,4
LTC-USDT-SWAP,2026-02-28 01:00:00+00:00,-114.5821,0,r034_trade_log.csv,6.0,0.4650930798123604,0.8784633426113003,0.05133456512042813,0.8163320936311034,0.005850764732456891,47.74830222953439,26.32008610593205,0.8620689655172393,0.9574468085106467,51.78571428571431,0,5,Asia,flat,trending,0.4805301782208101,5
DOT-USDT-SWAP,2026-03-02 02:00:00+00:00,-105.1562,0,r034_trade_log.csv,6.0,0.8241418504672822,1.262310912433004,0.07108616780553695,6.63150800639907,0.3593840407390812,57.72662713134701,19.95358902984788,2.688860435339311,0.6904761904761931,32.47863247863245,1,0,Asia,bull,mixed,0.41626162163418534,0
DOT-USDT-SWAP,2026-03-02 16:00:00+00:00,-104.0434,0,r034_trade_log.csv,16.0,1.0063830404571035,3.246235585518755,0.06328282019563401,5.534043639736532,0.2195948244057268,60.226534240379436,15.961534599922619,2.677988242978455,0.48780487804877914,25.49019607843137,15,0,London,bull,ranging,0.4086692464368477,0
BNB-USDT-SWAP,2026-03-04 07:00:00+00:00,187.19,1,r034_trade_log.csv,11.0,0.401358140683481,0.8215710680781241,0.02223675644988863,2.126867162316875,0.18075521936296002,55.91740140376591,12.38527802617669,0.7593735168485927,0.5416666666666765,21.311475409835996,6,2,Asia,bull,ranging,0.47725376660581637,4
FIL-USDT-SWAP,2026-03-05 05:00:00+00:00,-131.6624,0,r034_trade_log.csv,1.0,0.6131250616028233,0.7008906202411261,0.024020231540767465,3.8644482481326867,0.3983827833362986,55.79692123922919,21.282769775605455,0.7326365146038939,0.5999999999999882,34.834834834834886,4,3,Asia,bull,mixed,0.5158407183332175,5
OP-USDT-SWAP,2026-03-05 11:00:00+00:00,-114.4811,0,r034_trade_log.csv,1.0,0.8784468748230254,1.6018967443838954,0.034447697743907824,2.5887207327016375,0.14976384717350652,57.2049443919734,17.745601903977295,1.239349341595655,0.5,43.85964912280698,10,3,London,bull,ranging,0.3921470121785293,0
ARB-USDT-SWAP,2026-03-05 11:00:00+00:00,-109.8866,0,r034_trade_log.csv,9.0,1.0512112210848072,0.9213882033873352,0.04629961822920394,3.7353484834198736,0.22377784989102784,56.440082598906365,14.905538076455336,1.3256484149855834,0.6086956521739117,41.36029411764684,10,3,London,bull,ranging,0.3922656393456813,0
APT-USDT-SWAP,2026-03-06 03:00:00+00:00,-112.2118,0,r034_trade_log.csv,13.0,0.8769772078482004,0.38803651784009596,0.041014103575108894,4.595526174272694,0.3485843073912438,55.030575959340304,14.288352247856178,2.079619726678552,0.6761904761904751,22.00357781753124,2,4,Asia,bull,ranging,0.4815977206524298,0
ARB-USDT-SWAP,2026-03-06 03:00:00+00:00,-109.453,0,r034_trade_log.csv,4.0,0.9351977455662926,0.5169317797039445,0.04349207879763258,2.627481811658939,0.1467850042877607,53.928489466173374,11.359776677298223,1.777137367915457,0.8108108108108156,29.678638941398887,2,4,Asia,bull,ranging,0.5379991462724478,0
LINK-USDT-SWAP,2026-03-06 03:00:00+00:00,-117.9819,0,r034_trade_log.csv,11.0,0.7720708334728696,0.43292768624607014,0.04353308822365447,3.281714432486905,0.2932492504686473,50.66711107962189,17.205309880888656,1.4556825533750248,0.5481481481481478,55.02392344497585,2,4,Asia,bull,ranging,0.4825353300176449,0
LTC-USDT-SWAP,2026-03-06 03:00:00+00:00,-127.6672,0,r034_trade_log.csv,4.0,0.6955358494390278,0.19513680548643791,0.03473171776549077,1.352348089674102,0.1282068054118757,46.732281941438636,12.614762843460285,1.1304503857886283,0.5079365079365064,72.85067873303161,2,4,Asia,bull,ranging,0.49126899151512826,5
WIF-USDT-SWAP,2026-03-06 03:00:00+00:00,-111.7097,0,r034_trade_log.csv,10.0,1.0253170499971103,0.5938935095972432,0.059124694372089,5.019837029134151,0.39031555714614447,56.639717768142624,22.843463001741537,1.8876611418047848,0.6097560975609773,34.61538461538453,2,4,Asia,bull,mixed,0.4681946408058223,0
ENA-USDT-SWAP,2026-03-06 08:00:00+00:00,-107.6259,0,r034_trade_log.csv,10.0,0.9186024585587297,0.7551202179920307,0.04100327239179886,4.683900498626361,0.38968345868040305,52.404618408367426,14.859040946261633,1.3142907211075103,0.4866666666666626,32.075471698113084,7,4,Asia,bull,ranging,0.4348311242330905,0
UNI-USDT-SWAP,2026-03-12 08:00:00+00:00,-116.9432,0,r034_trade_log.csv,10.0,0.4035647862050092,0.6935418343568046,0.027372120975002173,0.999569138453451,0.07223102329862789,51.90109892218807,13.790855348971366,0.6974941875484406,0.7037037037037049,61.90476190476184,7,3,Asia,bull,ranging,0.5025394266496102,5
ATOM-USDT-SWAP,2026-03-12 09:00:00+00:00,-129.8061,0,r034_trade_log.csv,10.0,0.2698226963816744,0.9316302377914062,0.015528251736636465,0.974513932650414,0.08910695147224455,55.861875733846105,26.745190329304776,0.8747949699289237,0.43749999999999306,53.48837209302314,8,3,London,bull,trending,0.43131595029115394,5
LTC-USDT-SWAP,2026-03-12 09:00:00+00:00,-125.6174,0,r034_trade_log.csv,1.0,0.37534220200066826,0.63707598284109,0.027046828169528185,0.33696233867252534,0.03488872353203683,49.5533413865981,18.478574850483223,0.6451612903225833,0.5428571428571342,68.18181818181806,8,3,London,bull,mixed,0.4874315678175726,5
DOT-USDT-SWAP,2026-03-12 09:00:00+00:00,-124.5703,0,r034_trade_log.csv,1.0,0.43630926212551563,1.2037231473907568,0.036735486938585,0.655447827179156,0.06032122954176541,48.43642981132193,16.35267681230232,0.7294429708222744,0.6363636363636529,73.01587301587314,8,3,London,bull,ranging,0.449875119637405,5
AVAX-USDT-SWAP,2026-03-12 23:00:00+00:00,169.4284,1,r034_trade_log.csv,6.0,0.41416806153290225,0.8967726458614749,0.022250994825280965,3.3190793219325423,0.28056023231501853,56.7110866323591,12.015553751579715,0.600973992332399,0.7931034482758537,17.322834645669392,22,3,NY,bull,ranging,0.569018386160107,4
LTC-USDT-SWAP,2026-03-12 23:00:00+00:00,180.0764,1,r034_trade_log.csv,9.0,0.3028480460205592,0.5145630195628755,0.011685326935076564,0.5059939999200868,0.015429796797326567,53.073044320629485,16.430559307579248,0.6062832996509246,0.9090909090909052,20.879120879120546,22,3,NY,flat,ranging,0.5877533632295467,4
LTC-USDT-SWAP,2026-03-13 10:00:00+00:00,184.7709,1,r034_trade_log.csv,13.0,0.3696641979591888,1.1791264518239817,0.034765439306131955,2.0782928392302913,0.1710438514983885,64.20249431317342,23.5687537781742,0.7972458778764229,0.3863636363636261,5.649717514124363,9,4,London,bull,mixed,0.578019573851561,4
ATOM-USDT-SWAP,2026-03-13 12:00:00+00:00,144.35,1,r034_trade_log.csv,6.0,0.3094085947598482,1.3010253389767308,0.028632764931290473,1.8859500420996864,0.17985913446278678,59.570229304670335,28.857407813725366,1.0198604401503022,0.8421052631578898,22.950819672131107,11,4,London,bull,trending,0.5832453226567524,4
BTC-USDT-SWAP,2026-03-13 12:00:00+00:00,163.6593,1,r034_trade_log.csv,11.0,0.46395657190224404,0.8046206400322373,0.0443990174454414,3.9370151301355802,0.33580736548663476,66.12416388604545,26.37575780449454,0.8217241155522664,0.7509662241640073,12.557794797585494,11,4,London,bull,trending,0.564796575408917,7
BTC-USDT-SWAP,2026-03-14 05:00:00+00:00,-151.24397273070915,0,r033_trade_log.csv,7.000000000000001,0.5401997671443799,0.3631360649340957,0.04347453405619024,1.7821149691279612,0.17766986338088503,47.8817924526577,18.220990433108664,0.5311159628993087,0.7537768354095058,82.591513543139,4,5,Asia,bull,mixed,0.5504421971396958,5
ATOM-USDT-SWAP,2026-03-14 10:00:00+00:00,101.0204,1,r034_trade_log.csv,12.0,0.4332946386259207,0.5527250457420829,0.01940802725212261,1.9437593513302833,0.215752526557407,52.51463343565504,23.79596073135871,0.4294149221685457,0.3749999999999861,61.818181818181536,9,5,London,bull,mixed,0.558538274340461,5
BTC-USDT-SWAP,2026-03-14 13:00:00+00:00,-160.67207572206337,0,r033_trade_log.csv,1.0,0.3368458888428914,0.5130790582506355,0.01333028866007931,1.2899181914033913,0.13330479068594037,46.10510353186088,17.29806878814847,0.37311005190725766,0.6747536012130699,75.67883657073114,12,5,London,bull,ranging,0.5598692184386607,5
DOGE-USDT-SWAP,2026-03-14 13:00:00+00:00,-130.9318,0,r034_trade_log.csv,1.0,0.507351561242318,0.761159492376273,0.028570093113374745,1.0269164395758466,0.11534364252998573,43.65996934271489,17.057954387981763,1.1869747899159726,0.7522123893805301,74.21874999999986,12,5,London,bull,ranging,0.56004433520724,5
BNB-USDT-SWAP,2026-03-14 13:00:00+00:00,169.7369,1,r034_trade_log.csv,1.0,0.27489679979708204,0.9718494603469735,0.012775120181196697,1.4119102377559893,0.14437598900079054,45.03004995823709,19.841163013573794,0.45941807044410415,0.8333333333333334,75.51020408163238,12,5,London,bull,mixed,0.6080616939701798,5
SOL-USDT-SWAP,2026-03-14 14:00:00+00:00,-147.36254199999476,0,r033_trade_log.csv,1.0,0.29894030115256165,0.707886518149069,0.03337643501404129,0.5890885401308619,0.07912311560089628,40.51996387509451,16.09175902989877,0.39053526303697356,0.5000000000000209,76.60377358490554,13,5,London,bull,ranging,0.54040639636884,5
SUI-USDT-SWAP,2026-03-14 18:00:00+00:00,179.7424,1,r034_trade_log.csv,2.0,0.4096581471149022,0.5244733377025964,0.018871677935327614,2.686295150249984,0.24582186950280824,47.12200636600185,17.562513906752137,1.215347529128164,0.7190082644628133,50.60240963855416,17,5,NY,bull,ranging,0.6352952092352528,5
LTC-USDT-SWAP,2026-03-14 18:00:00+00:00,173.6816,1,r034_trade_log.csv,1.0,0.3355840489549976,0.838046281576585,0.03166684595865691,0.10472594553676215,0.0032935278217142965,42.60507676243372,19.267939201785026,0.5496518871381537,0.5333333333333143,83.44827586206887,17,5,NY,flat,mixed,0.5870228094031499,5
ETH-USDT-SWAP,2026-03-14 22:00:00+00:00,177.1248363636364,1,r033_trade_log.csv,1.0,0.2692909427105288,0.38008297086008797,0.01740812353055088,1.7504068545361036,0.13860124113500788,51.834627111368654,14.7413612872482,0.6048251714710599,0.6994448850119013,42.8090643930892,21,5,NY,bull,ranging,0.6237522184759927,4
AVAX-USDT-SWAP,2026-03-14 23:00:00+00:00,178.5,1,r034_trade_log.csv,1.0,0.25315508257452635,0.5236578567025821,0.0219845309337703,1.4277939827696937,0.10300604575114737,48.308932244629915,15.945697068369864,0.4476368936081539,0.5813953488372275,57.19557195571981,22,5,NY,bull,ranging,0.6077210965911432,5
BCH-USDT-SWAP,2026-03-14 23:00:00+00:00,-133.3639,0,r034_trade_log.csv,1.0,0.3733805842633998,0.4523443779848721,0.024023486945416637,1.7540213815891037,0.1161158298229658,60.80700137030393,15.401477852323058,0.5590195656847916,0.3846153846153897,9.599999999999909,22,5,NY,bull,ranging,0.5562328948353015,4
LINK-USDT-SWAP,2026-03-14 23:00:00+00:00,178.9446,1,r034_trade_log.csv,1.0,0.3168720188121308,0.4772775364633542,0.021330906400943744,0.8706939280361308,0.034654079721188176,53.058744285873765,12.606490660297307,0.7815079801871186,0.7042253521126888,28.947368421052982,22,5,NY,bull,ranging,0.6489394785995242,4
XRP-USDT-SWAP,2026-03-14 23:00:00+00:00,168.8622,1,r034_trade_log.csv,1.0,0.16575238750441296,0.5835482064118944,0.009155501761712679,0.6336986172251216,0.032384013768600874,51.89681446944319,17.39264668215197,0.4659832246039107,0.36923076923076553,37.93103448275885,22,5,NY,bull,ranging,0.6586778133586612,4
NEAR-USDT-SWAP,2026-03-15 00:00:00+00:00,190.5341,1,r034_trade_log.csv,2.0,0.3439244814880857,1.345762225727807,0.018435565810207753,2.503596563250895,0.14681337035528055,55.04913428600641,22.893744519228015,0.5785186876760334,0.6578947368421161,27.882037533511888,23,5,NY,bull,mixed,0.6487062123004939,4
DOGE-USDT-SWAP,2026-03-15 00:00:00+00:00,-115.0332,0,r034_trade_log.csv,3.0,0.4548502378204135,1.442833410134003,0.01989635256916281,2.0689962301593217,0.10249855702182736,57.38841166948278,11.298500676933367,0.35763121910172185,0.17647058823530373,17.13147410358566,23,5,NY,bull,ranging,0.5230721875231115,4
SUI-USDT-SWAP,2026-03-15 01:00:00+00:00,182.9904,1,r034_trade_log.csv,2.0,0.41043865547537756,0.7981777427404751,0.02089423536340831,3.424937796441289,0.28265846515388543,56.016435885366455,15.582309107434973,0.9995002498750634,0.8299999999999966,11.934156378600886,0,6,Asia,bull,ranging,0.7003602546229313,4
XRP-USDT-SWAP,2026-03-15 01:00:00+00:00,180.5076,1,r034_trade_log.csv,5.0,0.21680334733026782,1.3276562949896014,0.013799114182315506,1.23487903488654,0.053952819093468406,59.79444114167843,19.419101793428833,0.8466135458167345,0.823529411764707,18.390804597700814,0,6,Asia,bull,mixed,0.691362802509698,4
AVAX-USDT-SWAP,2026-03-15 01:00:00+00:00,181.7206,1,r034_trade_log.csv,5.0,0.3446206477272697,0.8560399456426159,0.02037538568830964,2.0662749938913025,0.1322814624169125,55.23756773915182,17.606829873164195,1.069518716577532,0.9903846153846206,22.649572649572246,0,6,Asia,bull,ranging,0.67450385631427,4
LINK-USDT-SWAP,2026-03-15 01:00:00+00:00,183.7506,1,r034_trade_log.csv,2.0,0.3701611476786244,0.8913323960117575,0.026554464240366053,1.602386080329162,0.0709758689332109,59.02903792680601,15.358070839414353,1.058489742470551,0.9484536082474153,14.760147601475754,0,6,Asia,bull,ranging,0.6839473664374108,4
SOL-USDT-SWAP,2026-03-15 01:00:00+00:00,177.48595744680847,1,r033_trade_log.csv,3.0,0.3461411583482554,1.1381737301244228,0.018170767040415443,1.2696373794361462,0.06842872122142263,53.37083058957089,14.707465680568676,0.9888611047965499,0.8390804597701151,33.157894736842515,0,6,Asia,bull,ranging,0.7219933230445554,4
BTC-USDT-SWAP,2026-03-15 01:00:00+00:00,168.25523031203534,1,r033_trade_log.csv,2.0,0.23363614222677986,0.9345575642083765,0.009936600562961946,1.450767581179092,0.12244466249391306,52.90269166065199,14.773469017132465,0.7536587010768281,0.9267337807606222,27.778355338393723,0,6,Asia,bull,ranging,0.7148613851392587,4
ARB-USDT-SWAP,2026-03-15 03:00:00+00:00,194.7763,1,r034_trade_log.csv,8.0,0.5004149640784886,1.7916357961429217,0.02506884624007625,2.0141055640841974,0.01852824022020567,61.18718564202668,16.366910449087754,1.1262596324837009,0.7456140350877211,8.163265306122515,2,6,Asia,flat,ranging,0.5772467295143227,4
NEAR-USDT-SWAP,2026-03-15 03:00:00+00:00,196.2287,1,r034_trade_log.csv,11.0,0.5457356375093255,2.8641388472657496,0.04290848471159939,5.179585478540259,0.2155298488669398,70.58649027849009,24.71216567445094,2.2696829885399756,0.8163934426229503,3.8167938931296828,2,6,Asia,bull,mixed,0.5501223027799071,0
ENA-USDT-SWAP,2026-03-15 03:00:00+00:00,194.0512,1,r034_trade_log.csv,8.0,0.5244145146404079,2.2843882267558846,0.024005642250594077,2.615491303553475,0.10485349362906703,58.48931019764338,13.819662353178458,1.5659543109801097,0.7647058823529436,21.649484536082618,2,6,Asia,bull,ranging,0.6005866241282429,0
LTC-USDT-SWAP,2026-03-15 04:00:00+00:00,177.0676,1,r034_trade_log.csv,5.0,0.2654470812570266,0.8049094002866166,0.015449657901494725,1.0632269941556638,0.04990366124986177,56.82643888606216,16.158323604497046,0.8156606851549678,0.7333333333333365,19.387755102041233,3,6,Asia,bull,ranging,0.6915396275229401,4
UNI-USDT-SWAP,2026-03-15 04:00:00+00:00,176.168,1,r034_trade_log.csv,9.0,0.3855660425906543,1.1850791542555041,0.015487833069943014,1.176316834418314,0.06511584892436603,51.68124383870342,20.5908630390628,1.2591286829514043,0.7799999999999988,37.03703703703716,3,6,Asia,bull,mixed,0.6590099025984317,5
BTC-USDT-SWAP,2026-03-15 04:00:00+00:00,176.31648678414078,1,r033_trade_log.csv,6.0,0.23954207000861988,1.3367918849642575,0.014927462561908671,1.9296232688697796,0.14574144448590742,59.6556607526809,17.343130127421563,0.9004328519355105,0.7066874027993915,22.06102657100073,3,6,Asia,bull,ranging,0.7004485708993748,4
SUI-USDT-SWAP,2026-03-15 04:00:00+00:00,-115.5757,0,r034_trade_log.csv,8.0,0.45077094267110507,1.6809226575220029,0.03559952202212211,4.5747111214100125,0.32626387834113985,65.11532372555129,20.992161427648362,1.738958600928768,0.6874999999999977,14.861460957178856,3,6,Asia,bull,mixed,0.4856305213444799,0
ETH-USDT-SWAP,2026-03-15 04:00:00+00:00,169.40130909090908,1,r033_trade_log.csv,5.0,0.2766493827509236,1.2469116341822317,0.018904943620829385,2.0942290928662173,0.17937651023971,55.57837958093999,17.01981787563246,1.0008947608894398,0.6633380884450635,26.726663876098637,3,6,Asia,bull,ranging,0.6779903349199523,4
BNB-USDT-SWAP,2026-03-15 04:00:00+00:00,177.2994,1,r034_trade_log.csv,8.0,0.20334310108589537,1.1945189609172064,0.01400391736053764,2.018119418740908,0.1604252104682613,60.5510193967309,17.285624539571337,0.7890743550834495,0.7500000000000054,19.642857142856656,3,6,Asia,bull,ranging,0.6864762621771667,4
LINK-USDT-SWAP,2026-03-15 10:00:00+00:00,-132.5697,0,r034_trade_log.csv,4.0,0.36182397883768064,1.5359983592045594,0.04370915764450439,2.7528703086385637,0.2269993545845225,67.86450577546265,29.10992155863928,0.5615550755939482,0.923076923076931,14.876033057851332,9,6,London,bull,trending,0.48660454537554765,7
BCH-USDT-SWAP,2026-03-15 10:00:00+00:00,-132.1591,0,r034_trade_log.csv,5.0,0.3726586485839352,1.2632544329375737,0.020556116637917732,1.8072782654548043,0.16196313961245676,57.00932363679718,16.524751850340866,0.9826960051271144,0.8260869565217375,24.799999999999727,9,6,London,bull,ranging,0.6265310800013107,4
ETH-USDT-SWAP,2026-03-15 11:00:00+00:00,-158.89098937770422,0,r033_trade_log.csv,1.0,0.2496485480757384,0.8957900745258032,0.028032427712604474,3.00260706103497,0.25174131394769206,66.17411609456836,29.292635224050716,0.5453273854528942,0.3838821490467808,9.010129731651261,10,6,London,bull,trending,0.5417767785138757,4
ATOM-USDT-SWAP,2026-03-15 12:00:00+00:00,-123.8048,0,r034_trade_log.csv,3.0,0.369474628970465,1.473679535006352,0.02301125746013244,1.4552736130621045,0.10279109819495247,52.33404107441407,14.170191844230171,0.6989247311828022,0.9230769230769152,55.10204081632642,11,6,London,bull,ranging,0.5680402733317576,5
WIF-USDT-SWAP,2026-03-21 10:00:00+00:00,-123.0591,0,r034_trade_log.csv,1.0,0.6286738862172535,0.5099715012905037,0.02466485532551923,1.2636984102586597,0.06833050213285377,60.004057897552386,21.121473565448536,0.9972299168975048,0.8888888888888855,23.076923076923077,9,5,London,bull,mixed,0.5410296674915889,4
WIF-USDT-SWAP,2026-03-21 17:00:00+00:00,-109.8008,0,r034_trade_log.csv,3.0,0.5509388585350299,1.561263494133806,0.023531194070209992,2.0866028316130563,0.1075507299051977,63.63967923400268,22.28480507453417,2.0329670329670226,0.91891891891892,15.254237288135824,16,5,NY,bull,mixed,0.4463695661101726,0
NEAR-USDT-SWAP,2026-04-03 22:00:00+00:00,-151.7191,0,r034_trade_log.csv,10.0,0.48106810480010526,0.8399160905312403,0.05197507022148338,0.7810080153638231,0.08018423859071315,58.89517829009633,32.75992387475614,0.7984196230142432,0.9278350515464,27.49287749287761,21,4,NY,bull,trending,0.41278491939439504,4
NEAR-USDT-SWAP,2026-04-04 05:00:00+00:00,188.493,1,r034_trade_log.csv,2.0,0.4253782538907508,0.8924566537628167,0.022804534846985185,1.9158951451440638,0.09676972759984748,67.16970869124104,31.398587732856157,1.0231644429892737,0.8320000000000002,14.67889908256915,4,5,Asia,bull,trending,0.6324245415580687,4
NEAR-USDT-SWAP,2026-04-04 14:00:00+00:00,187.459,1,r034_trade_log.csv,14.000000000000002,0.4508360234507068,2.255383090674033,0.04086223844679585,3.1969791268320327,0.2299978583945488,68.1842494892139,43.22054784680632,1.5724027276373898,0.8010204081632651,25.122349102773324,13,5,London,bull,trending,0.5550962445975853,7
OP-USDT-SWAP,2026-04-04 19:00:00+00:00,-117.8782,0,r034_trade_log.csv,10.0,0.38318049471829796,1.010930264491126,0.014820657435119887,0.8417192900096565,0.027228198259226503,55.285016058294474,19.691752557642825,1.5440508628519591,0.5882352941176452,29.629629629629516,18,5,NY,bull,mixed,0.4593077658405369,4
ATOM-USDT-SWAP,2026-04-04 19:00:00+00:00,-125.5575,0,r034_trade_log.csv,8.0,0.29539050598922717,1.2551242193303436,0.01912601767171609,0.9967619477077012,0.03751907963328021,63.27186570920887,14.490300416007317,1.109813084112157,0.6315789473684174,17.500000000000277,18,5,NY,bull,ranging,0.4883188454175512,4
FIL-USDT-SWAP,2026-04-04 19:00:00+00:00,-116.8123,0,r034_trade_log.csv,14.000000000000002,0.40278336962752387,0.668517688460708,0.017668341342678317,0.7456169108804306,0.0019185866889641307,59.60128050871856,22.629275569228373,1.5577059240028308,0.6893939393939397,21.499999999999833,18,5,NY,flat,mixed,0.420306687892711,4
ATOM-USDT-SWAP,2026-04-05 04:00:00+00:00,-123.693,0,r034_trade_log.csv,1.0,0.26824099650782174,1.7060574526269936,0.01807108095444174,1.392070175801562,0.08561331760790274,64.82347176259475,17.238837765929816,0.641399416909615,0.6363636363636529,3.2258064516132503,3,6,Asia,bull,ranging,0.6075053822772987,4
FIL-USDT-SWAP,2026-04-10 20:00:00+00:00,-122.4567,0,r034_trade_log.csv,9.0,0.5257018908164274,0.8055857012636656,0.025223748299110307,4.843555330575155,0.41422518939725217,63.507644798261246,18.658146019446,0.7559158632778283,0.463768115942025,7.053941908713835,19,4,NY,bull,mixed,0.4564461654424671,4
BNB-USDT-SWAP,2026-04-11 04:00:00+00:00,-145.3555,0,r034_trade_log.csv,1.0,0.28365537063989127,1.1980538654946724,0.01902594748324993,0.4624702719217176,0.056118803748499646,54.11250335044892,19.180509689149666,0.363336085879446,0.3181818181818323,28.46153846153881,3,5,Asia,bull,mixed,0.5146893343704034,4
SOL-USDT-SWAP,2026-04-11 09:00:00+00:00,-143.42817524669942,0,r033_trade_log.csv,1.0,0.4008203363199803,0.6000019201196478,0.020905233968155947,1.6946918286726513,0.21380491528554552,47.592378847545305,28.769673375966953,0.33242312715184746,0.5357142857143038,72.5118483412323,8,5,London,bull,trending,0.5512058219766022,5
NEAR-USDT-SWAP,2026-04-11 10:00:00+00:00,180.1678,1,r034_trade_log.csv,16.0,0.5017789281625672,0.5434060593140625,0.04227742050325614,3.6172827845729434,0.37383673513638427,45.355701024248695,16.573315827223052,0.8702119747117921,0.4358974358974432,72.82608695652164,9,5,London,bull,ranging,0.567603666933743,5
ETH-USDT-SWAP,2026-04-11 11:00:00+00:00,166.3739650872817,1,r033_trade_log.csv,1.0,0.35512095142639255,0.5666197545369938,0.014349253696107102,3.6822793998360597,0.38191973848618216,55.026298929201786,32.73410882248897,0.7732131151926874,0.6101499423298798,46.686671667917416,10,5,London,bull,trending,0.681725055121849,5
LINK-USDT-SWAP,2026-04-11 17:00:00+00:00,-114.6158,0,r034_trade_log.csv,7.000000000000001,0.2912402603326323,1.7224966534686936,0.019231152868903076,2.0828618448760805,0.1286514565172141,60.0234312251012,17.75508503509246,0.7316262055204406,0.5757575757575888,32.54716981132119,16,5,NY,bull,ranging,0.5524317982128634,4
WIF-USDT-SWAP,2026-04-11 17:00:00+00:00,-107.9588,0,r034_trade_log.csv,14.000000000000002,0.5171666254551124,1.604241201470815,0.040337533994061404,3.951851509949699,0.2536522867064925,57.632976110925036,15.443194390365566,1.381074168797958,0.8148148148148152,33.333333333333435,16,5,NY,bull,ranging,0.44048169866111825,0
FIL-USDT-SWAP,2026-04-11 17:00:00+00:00,-109.1049,0,r034_trade_log.csv,10.0,0.43014900592827665,1.6755472980320845,0.03404761677896337,3.245804917242917,0.20907122056825866,58.34560501856776,23.352859682418767,0.8812046848856685,0.8860759493670873,32.91925465838491,16,5,NY,bull,mixed,0.44639773790394366,4
SOL-USDT-SWAP,2026-04-11 17:00:00+00:00,-120.26117968000104,0,r033_trade_log.csv,10.0,0.27386211701025404,1.550960238383034,0.016238165511992607,2.541815120234924,0.18828675658496746,60.05816968746466,24.19530050064674,0.779957456865985,0.43939393939395116,27.647058823529296,16,5,NY,bull,mixed,0.5043008350309836,4
BNB-USDT-SWAP,2026-04-11 17:00:00+00:00,177.11,1,r034_trade_log.csv,6.0,0.15474588207681444,1.0630201667425903,0.005448685933720961,0.5534793436049434,0.03140024314771383,57.197185690918474,14.280085709132798,0.39636663914120185,0.45833333333334714,40.57971014492701,16,5,NY,bull,ranging,0.6540031071596114,4
AVAX-USDT-SWAP,2026-04-11 17:00:00+00:00,-109.4251,0,r034_trade_log.csv,7.000000000000001,0.3948839863684255,2.0674410184030814,0.027441113877651257,3.0724483198876738,0.15159752459161407,63.6363851549603,17.48531512314796,0.7828418230563047,0.8356164383561591,21.212121212121293,16,5,NY,bull,ranging,0.5219592622250883,4
ETH-USDT-SWAP,2026-04-11 17:00:00+00:00,184.39958857142855,1,r033_trade_log.csv,7.000000000000001,0.2711471457250408,3.2039561323753643,0.012184489632985615,4.285002608897613,0.3773759862523472,63.60370375720926,33.070488924508034,0.6867533114497457,0.4818652849740951,36.72813036020519,16,5,NY,bull,trending,0.6377870512374365,7
BTC-USDT-SWAP,2026-04-11 17:00:00+00:00,174.97935190449036,1,r033_trade_log.csv,4.0,0.18366351933124464,2.027213417907101,0.007177593744823587,3.621387695605415,0.3516170528232426,58.39905976431443,20.680584713271823,0.30963960970304805,0.697560975609769,38.1614936377697,16,5,NY,bull,mixed,0.6938914472821138,4
NEAR-USDT-SWAP,2026-04-11 17:00:00+00:00,-107.4949,0,r034_trade_log.csv,16.0,0.4653322204484202,3.9742623936526806,0.031572980360623504,6.108402789474054,0.408674892747589,65.95635841802178,15.57307981474137,1.2729533982003134,0.9252873563218349,18.768768768768705,16,5,NY,bull,ranging,0.4393692015796895,7
SUI-USDT-SWAP,2026-04-11 17:00:00+00:00,-110.7932,0,r034_trade_log.csv,6.0,0.3574883061614716,2.047914174620504,0.02298930114359244,3.7427120077284854,0.2640180704231067,61.448347686926404,20.403702730241598,0.6520577231427038,0.7540983606557463,28.676470588235397,16,5,NY,bull,mixed,0.5336670562552832,4
DOT-USDT-SWAP,2026-04-11 18:00:00+00:00,174.24,1,r034_trade_log.csv,9.0,0.37308692434829027,1.2672720918901383,0.030556345183915187,0.4756637469300252,0.02215567093267686,46.772399706348885,19.05683811968046,1.3953488372093035,0.7222222222222284,57.99999999999977,17,5,NY,bull,mixed,0.5078195568674109,5
XRP-USDT-SWAP,2026-04-11 18:00:00+00:00,178.8036,1,r034_trade_log.csv,10.0,0.2023266583200351,0.9930800331270735,0.013348484807136287,0.8923255124954624,0.04619809026969919,55.99849404056196,16.056083070319566,1.0045797015807398,0.6323529411764637,37.21973094170394,17,5,NY,bull,ranging,0.5718264929927384,4
LTC-USDT-SWAP,2026-04-11 18:00:00+00:00,-121.3761,0,r034_trade_log.csv,9.0,0.22420857798192928,1.8262268006467548,0.012420818445794983,1.379561829634301,0.0810129297613694,58.955044406819475,18.781751227233176,0.8565700747220812,0.7021276595744556,27.586206896552035,17,5,NY,bull,mixed,0.5608462536783467,4
BTC-USDT-SWAP,2026-04-11 20:00:00+00:00,-120.06485680511624,0,r033_trade_log.csv,10.0,0.2015522674650658,1.8292403070383805,0.014607630041562734,4.427047813414831,0.3691829140778511,70.26231465549866,24.51796788433232,1.0141811272819716,0.6261231058066388,10.578600136497974,19,5,NY,bull,mixed,0.4713233035974069,7
BNB-USDT-SWAP,2026-04-11 20:00:00+00:00,-119.2233,0,r034_trade_log.csv,13.0,0.1674325740148741,2.2348228203707166,0.013505961300602023,1.432205570745129,0.0517569246189635,71.3011843477872,19.120616658147274,0.7369800196528005,0.688888888888894,11.111111111110526,19,5,NY,bull,mixed,0.47150482560588314,4
ETH-USDT-SWAP,2026-04-12 19:00:00+00:00,-130.4219634999977,0,r033_trade_log.csv,15.0,0.6712445947033302,0.5155818453444188,0.04996482698467832,0.9101554712046792,0.07481249015979408,41.20433597266518,32.19303636875167,0.8405192965248439,0.8600756347920192,78.64409538536681,18,6,NY,bull,trending,0.5118370485953944,5
BTC-USDT-SWAP,2026-04-12 19:00:00+00:00,-155.78129494102356,0,r033_trade_log.csv,8.0,0.4543130628303428,0.39771072202742386,0.03424995191474727,0.4540787991963319,0.04781187903817615,35.896538473655525,42.18009870598474,0.4357411818301892,0.7102291061632636,81.0623556581985,18,6,NY,bull,trending,0.4947971136367777,5
ENA-USDT-SWAP,2026-04-12 19:00:00+00:00,189.3627,1,r034_trade_log.csv,6.0,1.2395827953902014,0.29957742248788893,0.07283072054992709,1.3204545979561915,0.12837312279061314,41.73386985245154,27.135497976017856,1.6735943994749547,0.7973856209150301,84.80519480519474,18,6,NY,bull,trending,0.5383094873255777,0
ARB-USDT-SWAP,2026-04-13 02:00:00+00:00,-119.581,0,r034_trade_log.csv,2.0,0.6917840112207617,0.6868245132422267,0.02867130062706864,6.084657788059159,0.6297248013209342,48.47753190228298,16.454558329926737,0.9791591807402028,0.3853211009174368,35.135135135135116,1,0,Asia,bull,ranging,0.4222226289647903,2
ENA-USDT-SWAP,2026-04-15 01:00:00+00:00,-109.7363,0,r034_trade_log.csv,10.0,0.5213198488413409,1.1569961610631962,0.030734780172545002,5.131070750961996,0.3954259343645793,56.58135883006668,19.599656117453296,1.2366205964875927,0.798319327731079,34.924623115577845,0,2,Asia,bull,mixed,0.32085811123706465,0
NEAR-USDT-SWAP,2026-04-16 04:00:00+00:00,-112.1188,0,r034_trade_log.csv,14.000000000000002,0.4574319825812587,1.1946881465609864,0.06269168894381578,5.419285556854252,0.4447023997628753,71.6816927271762,34.1145761928155,0.9174311926605434,0.6923076923077067,1.136363636363513,3,3,Asia,bull,trending,0.43832388951411777,7
BNB-USDT-SWAP,2026-04-19 13:00:00+00:00,-136.039,0,r034_trade_log.csv,12.0,0.22910114513024218,0.9136729865423943,0.028676284857989072,0.27146336357735606,0.004377186926363243,38.221631348890114,45.69542132823678,0.5145521788068712,0.6250000000000133,67.70186335403774,12,6,London,flat,trending,0.48209161160351316,5
APT-USDT-SWAP,2026-04-19 13:00:00+00:00,-107.0253,0,r034_trade_log.csv,11.0,0.5331986507608979,1.9288934116761578,0.03312382067818593,4.045344374383093,0.1921572864586235,59.69064796763542,32.34724377640702,1.6895122728721734,0.7735849056603817,3.254437869822461,12,6,London,bull,trending,0.4269414555101816,7
OP-USDT-SWAP,2026-04-19 13:00:00+00:00,-111.1469,0,r034_trade_log.csv,8.0,0.4972792800991766,0.7687353416304665,0.046971646663328585,3.0772611673759465,0.19068320924927668,46.676456619756074,43.662718367296314,1.3665594855305412,0.7058823529411751,51.724137931034406,12,6,London,bull,trending,0.5299366790479907,5
DOT-USDT-SWAP,2026-04-19 13:00:00+00:00,-111.3539,0,r034_trade_log.csv,6.0,0.4586472438944413,0.9409048695312913,0.02728260122723097,0.9297452822817308,0.016862163342480457,47.65777343775714,30.039075334375827,1.571091908876671,0.8499999999999944,38.29787234042562,12,6,London,flat,trending,0.48997432921847434,5
PEPE-USDT-SWAP,2026-04-19 13:00:00+00:00,-113.6982,0,r034_trade_log.csv,8.0,0.4233390580770157,2.11332123051071,0.024537938373139504,0.6624990154370436,0.029722472357542024,43.95408745401194,30.349298220839827,1.2286324786324803,0.5869565217391276,48.18181818181863,12,6,London,bull,trending,0.4219438546635867,5
ETH-USDT-SWAP,2026-04-19 13:00:00+00:00,-131.23713627523975,0,r033_trade_log.csv,6.0,0.25708331232940934,1.5328443034456762,0.025675533492389144,0.7231585365670633,0.05246784219035763,41.080148522967626,39.542559585984876,0.6431158252890068,0.729458917835686,49.823943661971995,12,6,London,bull,trending,0.4835481775008004,5
BTC-USDT-SWAP,2026-04-19 13:00:00+00:00,-138.74532490566114,0,r033_trade_log.csv,5.0,0.18169447973824437,1.3201532257303623,0.0115116857901594,1.6846882886296863,0.1537132659891142,46.190142950458245,35.783614140242776,0.5423454255982315,0.8867740361151576,36.627643161811655,12,6,London,bull,trending,0.537403031814522,5
APT-USDT-SWAP,2026-04-20 02:00:00+00:00,191.9151,1,r034_trade_log.csv,12.0,0.6839496827161885,0.6000685286502948,0.046710636029789934,0.6079709362364685,0.060487736821111075,42.85814118609669,22.103699137205748,1.5294500488122356,0.8368794326241157,72.57142857142863,1,0,Asia,bull,mixed,0.5675382194805569,6
OP-USDT-SWAP,2026-04-20 02:00:00+00:00,-112.7858,0,r034_trade_log.csv,6.0,0.6862430267065792,0.9263941115803118,0.04995145460287711,0.23115799710374785,0.03311558387509811,40.4004206484588,31.62722538035757,1.3190436933223446,0.562500000000006,70.0000000000001,1,0,Asia,bull,trending,0.41714500505289126,6
BNB-USDT-SWAP,2026-04-21 02:00:00+00:00,-180.8976,0,r034_trade_log.csv,6.0,0.3106356994293374,2.315543449147813,0.01758803451124671,1.261883373101475,0.12466613428453378,58.699699391504666,19.29236364086435,0.4436697829187241,0.8214285714285757,17.36111111111114,1,1,Asia,bull,mixed,0.39432723887166626,4
PEPE-USDT-SWAP,2026-04-21 06:00:00+00:00,-114.0536,0,r034_trade_log.csv,1.0,0.6521624697171648,1.0481320612986633,0.02854184139944163,1.019641419364082,0.06914157418505194,53.80998976844437,15.784088997129237,0.9832580387988258,0.6216216216216142,47.79411764705866,5,1,Asia,bull,ranging,0.3800257162382355,6
APT-USDT-SWAP,2026-04-21 06:00:00+00:00,-116.5506,0,r034_trade_log.csv,1.0,0.5406342061407425,0.5712828878205747,0.02612506985223378,1.5717547501892903,0.16754448417220869,51.13749431741351,13.513073788567231,0.7831777706254663,0.6849315068493181,57.14285714285721,5,1,Asia,bull,ranging,0.43399031498708013,6
LINK-USDT-SWAP,2026-04-21 06:00:00+00:00,-121.1726,0,r034_trade_log.csv,5.0,0.3877041020278756,0.5808977428776764,0.021105970032361022,1.2660094625269693,0.09554756319965096,58.46856353738785,20.45221204837841,0.5793991416309042,0.7037037037037049,20.437956204379322,5,1,Asia,bull,mixed,0.442457926031073,4
XRP-USDT-SWAP,2026-04-21 06:00:00+00:00,178.43,1,r034_trade_log.csv,1.0,0.34794091646960545,0.8243721429486609,0.01531124481954062,1.595346026564643,0.1379671160703065,56.464835353653775,17.561240045601583,0.420462508759636,0.6666666666666666,20.68965517241387,5,1,Asia,bull,ranging,0.5174196810864373,4
BNB-USDT-SWAP,2026-04-21 06:00:00+00:00,160.0589,1,r034_trade_log.csv,1.0,0.2488301395300787,0.9643033604372411,0.015468931026872315,1.2779118440746138,0.12346384098194088,58.42835671719062,18.62194807663385,0.3330161750713642,0.3809523809524093,17.073170731707407,5,1,Asia,bull,mixed,0.46749851418594335,4
ENA-USDT-SWAP,2026-04-21 10:00:00+00:00,-108.71,0,r034_trade_log.csv,2.0,0.7627170991487716,1.4243104285183232,0.05667791646129467,3.3378258738519,0.19133968260591053,49.98689238176527,16.92455458564009,1.8635755684351392,0.49282296650717655,59.54487989886209,9,1,London,bull,ranging,0.38080814092729737,0
BNB-USDT-SWAP,2026-04-21 10:00:00+00:00,-125.3295,0,r034_trade_log.csv,4.0,0.2541403742024211,1.3966602072485523,0.017416481406331032,2.120512128676689,0.14630778045726647,69.88632923695096,23.26871966204393,0.8192847014337553,0.4038461538461547,4.790419161676361,9,1,London,bull,mixed,0.4057214477787492,4
ATOM-USDT-SWAP,2026-04-21 12:00:00+00:00,-115.4442,0,r034_trade_log.csv,9.0,0.2952127261260706,1.3251243978164835,0.0196204639787067,1.9534218595584216,0.07223719965162408,67.18001705022294,15.699832385432973,0.8834897846493658,0.8124999999999931,0.0,11,1,London,bull,ranging,0.4045880021498216,4
BCH-USDT-SWAP,2026-04-21 12:00:00+00:00,-179.791,0,r034_trade_log.csv,7.000000000000001,0.25503557102435565,1.0882380615774176,0.012771148726007757,0.6556881853503002,0.03272827262911059,58.1424250476167,21.69373275339573,0.6052454606590425,0.7407407407407438,27.14285714285763,11,1,London,bull,mixed,0.4194374989887691,4
ARB-USDT-SWAP,2026-04-21 16:00:00+00:00,-109.3246,0,r034_trade_log.csv,7.000000000000001,0.47766665012702286,1.7769116795213526,0.027462895475780305,4.667924858872019,0.36312297160018076,58.42345475888579,13.961917861786604,1.6571969696969842,0.44285714285713246,23.855421686746762,15,1,London,bull,ranging,0.31270125144812844,0
DOT-USDT-SWAP,2026-04-22 01:00:00+00:00,178.0229,1,r034_trade_log.csv,14.000000000000002,0.39991382768181644,0.47799470769081,0.02091041929699189,0.6750040580284922,0.03380115287602949,51.55715598485336,12.86704132644199,0.861393891934213,0.8181818181818163,47.222222222221916,0,2,Asia,bull,ranging,0.5136416977729806,5
NEAR-USDT-SWAP,2026-04-22 04:00:00+00:00,-112.5058,0,r034_trade_log.csv,16.0,0.6183746864182691,0.8741994217172169,0.03653835769385846,2.4251390578465406,0.0713981449963147,66.81677581059186,17.13160744226588,1.2847965738758043,1.0,3.636363636363644,3,2,Asia,bull,ranging,0.3977506926565749,0
OP-USDT-SWAP,2026-04-22 19:00:00+00:00,-122.7377,0,r034_trade_log.csv,11.0,0.7055990195748596,0.9050183421876523,0.049177401696961526,3.4055554910347645,0.32576642864252753,58.895822618378816,23.821340802574905,1.1006289308176198,0.6428571428571457,24.285714285714366,18,2,NY,bull,mixed,0.32203284644005786,0
NEAR-USDT-SWAP,2026-04-23 07:00:00+00:00,-120.7279,0,r034_trade_log.csv,9.0,0.34633568224625455,0.6932321108909928,0.04056385654784907,0.8068853433510317,0.12952602063711793,42.36334673270816,28.71381687670338,0.7215007215007222,0.2999999999999889,73.21428571428581,6,3,Asia,bull,trending,0.4888295730236098,5
BNB-USDT-SWAP,2026-04-23 14:00:00+00:00,-128.4747,0,r034_trade_log.csv,2.0,0.22038430007437926,0.8508556558647232,0.022359663381202544,1.070475307528801,0.09619559908665157,46.66981068929884,25.965373366293015,0.4573411133890518,0.379310344827597,69.18238993710702,13,3,London,bull,trending,0.4450397355594386,5
PEPE-USDT-SWAP,2026-04-23 16:00:00+00:00,-109.743,0,r034_trade_log.csv,13.0,0.5947199787709532,1.2297809301307154,0.03417039103477782,1.6009804853118685,0.03091943655874047,55.69007539619935,21.672844065741874,1.284740429994753,0.7142857142857093,22.784810126582382,15,3,London,bull,mixed,0.37602568768086825,0
AVAX-USDT-SWAP,2026-04-24 07:00:00+00:00,-122.6672,0,r034_trade_log.csv,3.0,0.43227370427971445,0.5766214343828471,0.02280305715824851,0.09096471564543065,0.00022939495378677447,52.75882991640904,15.980844213968814,0.8550662676357426,0.6250000000000083,25.41254125412533,6,4,Asia,flat,ranging,0.5701366480394546,4
LINK-USDT-SWAP,2026-04-24 12:00:00+00:00,189.1943,1,r034_trade_log.csv,9.0,0.35183944725328925,1.422147268973947,0.01832750121561604,0.6603727990892834,0.005058198320675345,56.97921884326278,16.24161471070908,0.7208176438945688,0.4925373134328267,15.5737704918034,11,4,London,flat,ranging,0.5179949212093792,4
FIL-USDT-SWAP,2026-04-24 12:00:00+00:00,-113.4247,0,r034_trade_log.csv,10.0,0.5326689387242801,1.2511487645213129,0.03129792677395353,1.156113534770651,0.01679560487143425,61.21781519561717,14.902767483603748,1.174460815716422,0.5636363636363616,6.965174129353293,11,4,London,flat,ranging,0.4256870079296366,4
LTC-USDT-SWAP,2026-04-24 12:00:00+00:00,-125.8897,0,r034_trade_log.csv,13.0,0.26259482258432715,1.707957993673186,0.01989901710994151,1.7467639271222328,0.1204994241812348,66.39369675715403,11.035434480882659,0.5701051131302338,0.31250000000000416,8.450704225352423,11,4,London,bull,ranging,0.5169274897443284,4
BTC-USDT-SWAP,2026-04-24 13:00:00+00:00,-126.78213455025,0,r033_trade_log.csv,7.000000000000001,0.2797025739361422,0.8141928610702719,0.014333724494891488,2.5709973405566933,0.2113806201282094,56.14863445416306,17.69721572337445,0.815052314004247,0.7555311470265147,19.171047805354778,12,4,London,bull,ranging,0.6087007313808422,4
BNB-USDT-SWAP,2026-04-24 13:00:00+00:00,-132.6985,0,r034_trade_log.csv,11.0,0.2848665016648513,0.6097822021888041,0.01325271923039032,1.2537834505154966,0.0808133238518278,55.55366619722646,15.164299669863667,0.6114769520225741,0.7948717948717762,20.40816326530598,12,4,London,bull,ranging,0.60246760909448,4
APT-USDT-SWAP,2026-04-24 13:00:00+00:00,-118.9245,0,r034_trade_log.csv,13.0,0.668686618719518,1.258384273810521,0.04063851666027087,2.8736918550092287,0.15949655923733205,61.79679978288763,12.017702183553947,1.0707973801850479,0.7864077669902927,7.328605200945606,12,4,London,bull,ranging,0.46931261892040416,0
PEPE-USDT-SWAP,2026-04-25 02:00:00+00:00,-117.3653,0,r034_trade_log.csv,1.0,0.4568031632793423,0.8571162570444832,0.026651883856465483,2.3740935988959584,0.23210910054476697,57.54796004642282,8.86745019575233,0.7997936016511923,0.45161290322581,30.281690140845242,1,5,Asia,bull,ranging,0.588827365886658,4
ADA-USDT-SWAP,2026-04-25 03:00:00+00:00,176.7108,1,r034_trade_log.csv,1.0,0.3111236356350275,1.3173977081028987,0.01731533025983961,0.6229228820136222,0.06758629228355731,53.768790150246744,14.594623410793037,0.7560684440907222,0.8421052631579109,36.734693877551386,2,5,Asia,bull,ranging,0.6704162641758584,4
NEAR-USDT-SWAP,2026-04-25 05:00:00+00:00,-136.2364,0,r034_trade_log.csv,1.0,0.37966907690111995,0.3748012450964767,0.01546754824515329,1.8841637783298164,0.1629283989533991,54.224741173338465,12.565864834467058,0.6360424028268479,0.7777777777777997,52.94117647058824,4,5,Asia,bull,ranging,0.557367222929292,5
BTC-USDT-SWAP,2026-04-25 10:00:00+00:00,-161.24368786743028,0,r033_trade_log.csv,1.0,0.13570557038747352,0.6354200284994381,0.009228218075658427,1.4928775006688815,0.13896813822682927,50.93482009288566,10.996200400512564,0.23414948453607873,0.8018712162905857,53.43756263780271,9,5,London,bull,ranging,0.5552009415855735,5
ADA-USDT-SWAP,2026-04-25 10:00:00+00:00,-121.5807,0,r034_trade_log.csv,2.0,0.2974566010622133,1.4488460417339273,0.013103811359414795,1.4441991970015537,0.07477905126913238,63.29913941861802,14.612464732145542,0.4365079365079325,0.7272727272727548,10.000000000000057,9,5,London,bull,ranging,0.5848384223762522,4
SOL-USDT-SWAP,2026-04-25 10:00:00+00:00,-159.77941207692052,0,r033_trade_log.csv,1.0,0.25066678171307083,0.8828510508170615,0.008596360171325453,0.6613308878006465,0.046425572984380506,56.4358999489589,16.115692741519982,0.5891186323206713,0.49019607843136764,26.573426573427124,9,5,London,bull,ranging,0.6395873337805752,4
BTC-USDT-SWAP,2026-04-25 22:00:00+00:00,160.12100897819482,1,r033_trade_log.csv,1.0,0.14030790103932586,0.6275087656624612,0.007822974620427645,1.131389867455763,0.10733536677587162,49.19113698764782,16.310774085449715,0.2289736221870699,0.7924421883812617,42.578561669357896,21,5,NY,bull,ranging,0.6513417585077959,4
PEPE-USDT-SWAP,2026-04-25 22:00:00+00:00,181.5104,1,r034_trade_log.csv,1.0,0.31108411921863116,0.6052306818367859,0.029959583026714136,0.5879431300725488,0.0452606886656248,45.57921067849356,17.41413067346301,0.49751243781094934,0.5789473684210691,57.98319327731084,21,5,NY,bull,ranging,0.6051975768641601,5
ARB-USDT-SWAP,2026-04-26 00:00:00+00:00,-119.5713,0,r034_trade_log.csv,1.0,0.3582977930652411,0.4390744010045215,0.04579699108967079,2.156834277668852,0.17703996087357773,48.0667020290708,16.914265226982693,0.8400746733042919,0.4907407407407443,66.90140845070431,23,5,NY,bull,ranging,0.5624398265810945,5
NEAR-USDT-SWAP,2026-04-26 06:00:00+00:00,-120.9529,0,r034_trade_log.csv,7.000000000000001,0.2931272685932591,1.2504552056754836,0.016343040956062857,1.0304841191553584,0.0465585265433318,55.213350452644875,16.295605254254067,0.6437768240343275,0.4444444444444499,34.48275862068952,5,6,Asia,bull,ranging,0.558172831252102,4
APT-USDT-SWAP,2026-04-26 06:00:00+00:00,188.8887,1,r034_trade_log.csv,7.000000000000001,0.29662660614828606,1.4939361409743264,0.018208154242102453,2.496095365569734,0.18240753647539373,57.08829500876276,17.76854291840869,1.2719751809720763,0.4146341463414636,36.947791164658696,5,6,Asia,bull,ranging,0.5822137289206197,4
BCH-USDT-SWAP,2026-04-26 06:00:00+00:00,-158.1556,0,r034_trade_log.csv,12.0,0.1484596973343877,2.4893203883495136,0.006903592251665618,0.4142307325660257,0.026384274245631476,48.61350415408129,14.874783742914838,0.41933348046789537,0.6315789473684337,54.76190476190518,5,6,Asia,bull,ranging,0.523951770372966,5
ARB-USDT-SWAP,2026-04-26 06:00:00+00:00,-113.4546,0,r034_trade_log.csv,7.000000000000001,0.40634040881796896,2.336419634766314,0.028739571808389434,3.114017203628531,0.1908428751323167,58.13104058733438,16.9503345905949,1.101949603144014,0.587412587412598,30.257510729613635,5,6,Asia,bull,ranging,0.5454298711786698,4
BTC-USDT-SWAP,2026-04-26 06:00:00+00:00,184.47351013012695,1,r033_trade_log.csv,12.0,0.18196223147016943,3.373932841052782,0.00962435961586816,1.6195095252767628,0.11611019786855639,62.467241421208044,15.039353146843784,0.5802668121085589,0.8437153624473529,20.224522013681096,5,6,Asia,bull,ranging,0.6479439910913365,4
DOGE-USDT-SWAP,2026-04-26 07:00:00+00:00,172.4195,1,r034_trade_log.csv,6.0,0.19429001297419773,0.47206333580685833,0.008606914743117413,1.8424078673624964,0.1468743150764641,60.29570263048775,9.666733327096663,0.6820032573289943,0.3582089552238639,22.666666666666185,6,6,Asia,bull,ranging,0.667803559712297,4
PEPE-USDT-SWAP,2026-04-26 07:00:00+00:00,-112.8587,0,r034_trade_log.csv,14.000000000000002,0.39045147945844083,1.8472703495062521,0.022345247693463983,2.2557404941052384,0.09707286492691479,64.58109018552203,14.853057759163534,1.0605276771857246,0.536585365853656,7.8740157480314075,6,6,Asia,bull,ranging,0.5054844470234328,4
LTC-USDT-SWAP,2026-04-26 07:00:00+00:00,-133.5606,0,r034_trade_log.csv,7.000000000000001,0.17276188306458104,0.8608625170955655,0.013788071108985856,0.790223585141922,0.045473114607373244,52.02780062103115,15.620858166613148,0.6782081028020622,0.4473684210526414,50.0,6,6,Asia,bull,ranging,0.5497112376085995,5
ADA-USDT-SWAP,2026-04-26 11:00:00+00:00,-130.177,0,r034_trade_log.csv,12.0,0.235868924582442,0.7755128142916686,0.019157195240159273,1.1028684925802388,0.03453496974936355,64.23570047354256,12.3885068006873,0.7933359777865934,0.39999999999998337,9.803921568627471,10,6,London,bull,ranging,0.4871051709435551,4
SOL-USDT-SWAP,2026-04-26 16:00:00+00:00,180.2928301886793,1,r033_trade_log.csv,8.0,0.23817375587706568,0.7537131951243874,0.011830928083037753,0.575191252152982,0.04590668260772672,56.131151596557956,14.02161704209029,0.5559416261292446,0.5833333333333481,18.487394957983135,15,6,London,bull,ranging,0.6185629547378984,4
DOT-USDT-SWAP,2026-04-26 20:00:00+00:00,-137.9162,0,r034_trade_log.csv,16.0,0.33018270686413986,0.9831659028278447,0.03345368227320611,0.6033650944344229,0.03597345841805928,60.128468567715,17.72057823402796,0.7103393843725255,0.4444444444444499,15.384615384615428,19,6,NY,bull,ranging,0.42474167830362075,4
OP-USDT-SWAP,2026-04-27 04:00:00+00:00,-112.6987,0,r034_trade_log.csv,16.0,0.42243686389137863,2.0162989975769148,0.024506765785474883,3.4713670559056347,0.2360871978420423,65.30663864619612,13.617435005338645,1.1746280344557567,0.1999999999999963,18.181818181818066,3,0,Asia,bull,ranging,0.3778648934475748,1
BTC-USDT-SWAP,2026-05-01 10:00:00+00:00,158.09321911631883,1,r033_trade_log.csv,9.0,0.2200019681918604,0.703405889919795,0.02095168205344393,0.6683563389066004,0.031747662843340047,64.52708942196347,27.48641249449692,0.589584820551013,0.486290853257325,16.496370939328088,9,4,London,bull,trending,0.5560565357648283,4
PEPE-USDT-SWAP,2026-05-02 08:00:00+00:00,-133.5538,0,r034_trade_log.csv,1.0,0.3817716918307223,0.40632454310909366,0.02708273009423354,1.229504386261377,0.13122880065807144,48.00919213630797,14.553069462358238,0.9137055837563492,0.8888888888889046,72.99270072992663,7,5,Asia,bull,ranging,0.5510238211278972,5
APT-USDT-SWAP,2026-05-02 10:00:00+00:00,-118.6488,0,r034_trade_log.csv,12.0,0.4787398633618369,0.696984434899744,0.02673082913683316,2.031831932313467,0.181208773499708,50.686355797293764,14.427925107775277,0.41189471569218333,0.5121951219512182,56.98324022346415,9,5,London,bull,ranging,0.5018867510814493,5
PEPE-USDT-SWAP,2026-05-02 15:00:00+00:00,-119.628,0,r034_trade_log.csv,1.0,0.3496756319483713,1.1619555999081355,0.018522853535838824,1.7114739661399123,0.11875407414392272,55.78941683960354,11.30495920556388,0.711382113821127,0.7857142857142965,42.718446601941444,14,5,London,bull,ranging,0.6233677116389944,4
ADA-USDT-SWAP,2026-05-02 15:00:00+00:00,-121.2807,0,r034_trade_log.csv,5.0,0.22262077697761104,1.5017612715311355,0.010292476769479052,0.6032601751869469,0.0005011329967268241,60.53541374918549,13.254136164890904,0.5631536604987982,0.7142857142857086,19.44444444444528,14,5,London,flat,ranging,0.587840611333408,4
BTC-USDT-SWAP,2026-05-02 15:00:00+00:00,153.2507486365883,1,r033_trade_log.csv,1.0,0.1929918238309391,1.1054236505500683,0.006245250513476571,1.6632483681388477,0.15649979261236519,60.32113818267716,31.16564731065065,0.3028163709781366,0.6618887015177147,15.772709899348868,14,5,London,bull,trending,0.6409048819298494,4
APT-USDT-SWAP,2026-05-02 17:00:00+00:00,-116.6017,0,r034_trade_log.csv,5.0,0.5044883780734629,0.5753287095452573,0.021885502397061937,2.158541597457126,0.15362086721617554,54.29882039294199,14.323131459988716,1.1658031088082834,0.9230769230769311,46.686746987951494,16,5,NY,bull,ranging,0.5420532975292115,5
BTC-USDT-SWAP,2026-05-02 23:00:00+00:00,-135.33647200000203,0,r033_trade_log.csv,8.0,0.13228068011814575,1.2619172826305494,0.008971313472167395,2.069555070133001,0.17370567856119803,69.12843284902299,33.055337019102396,0.982111316961839,0.3677060421788061,31.964683696210955,22,5,NY,bull,trending,0.5330666557733621,7
ETH-USDT-SWAP,2026-05-02 23:00:00+00:00,-125.93092851648912,0,r033_trade_log.csv,11.0,0.1635793131841412,1.8186840480698454,0.012630565863620264,1.168907736664065,0.05638227887233321,72.04409154302004,28.71361122172963,1.446694284202516,0.4225393993458219,36.33540372670772,22,5,NY,bull,trending,0.4444677639411622,7
UNI-USDT-SWAP,2026-05-02 23:00:00+00:00,-125.4453,0,r034_trade_log.csv,5.0,0.2480463309398757,0.9928698300841801,0.028344721089905493,1.043752377910869,0.045723369212673864,68.03937632873729,24.38829641392274,1.0729613733905488,0.34285714285714614,13.483146067415747,22,5,NY,bull,mixed,0.42854615098113186,4
PEPE-USDT-SWAP,2026-05-03 05:00:00+00:00,182.3733,1,r034_trade_log.csv,12.0,0.4198289330875779,0.5503278295925552,0.02767216651858021,1.1296793608068614,0.177810228551054,46.53030476180651,14.562605780698702,0.812388931200809,0.5312500000000024,67.3267326732671,4,6,Asia,bull,ranging,0.5898495832866079,5
BTC-USDT-SWAP,2026-05-03 08:00:00+00:00,169.15717554756543,1,r033_trade_log.csv,3.0,0.1482711356397728,1.293753985827734,0.00970929863951967,1.322818027735663,0.14112247847976964,52.090289038856156,24.79084631557689,0.38788569705040726,0.13871499176273894,73.6565621770574,7,6,Asia,bull,mixed,0.5732751654624099,5
ETH-USDT-SWAP,2026-05-03 09:00:00+00:00,110.23413661580427,1,r033_trade_log.csv,7.000000000000001,0.20902826778410413,0.4279696172714897,0.0121267936330855,0.32293828095820554,0.027312612276009098,52.31025627016852,24.62080431793944,0.4453165949741691,0.5058365758754588,77.05508474576278,8,6,London,bull,mixed,0.5543273166353736,5
DOGE-USDT-SWAP,2026-05-03 13:00:00+00:00,189.7665116279069,1,r033_trade_log.csv,7.000000000000001,0.30187057547683793,2.2287673791578633,0.016143137641424478,4.400892306579142,0.39531037409222586,57.960426643020156,12.717367196854871,1.1872986654394841,0.7984496124031035,28.27004219409286,12,6,London,bull,ranging,0.6502236562057335,4
WIF-USDT-SWAP,2026-05-03 15:00:00+00:00,182.5815,1,r034_trade_log.csv,1.0,0.3798083068370217,0.9527167050269526,0.03283260921237736,1.151664763383114,0.060680731237343376,50.07821331510205,15.095456863476423,0.9610250934330079,0.5555555555555487,58.82352941176434,14,6,London,bull,ranging,0.6037150466478075,5
SOL-USDT-SWAP,2026-05-07 16:00:00+00:00,-130.42850130768912,0,r005_attribution_trades.csv,100.0,0.5306103499572118,1.2460120997512614,0.029384959528269288,2.741511543466647,0.3982359243714803,46.31570187255399,21.112910069042552,1.2257405515832462,0.45370370370369967,76.34408602150503,15,3,London,bull,mixed,0.41500020976455315,6
BTC-USDT-SWAP,2026-05-07 18:00:00+00:00,-122.56015807020312,0,r005_attribution_trades.csv,70.0,0.30864772680273916,1.2471362802328259,0.025435882853370003,0.6964452288783533,0.1323930854931954,36.61041322240544,21.38213494698168,0.40707842559566354,0.3036649214659892,71.92540545317935,17,3,NY,bull,mixed,0.396236577048537,6
ETH-USDT-SWAP,2026-05-08 00:00:00+00:00,-182.99904397579675,0,r023_master_trades.csv,8.0,0.2901709853432193,0.33483338925584427,0.034661516511077385,-1.7317889863246019,-0.1732083515437228,32.412363232070774,40.024311116280074,0.432538814782413,0.07280080889785735,81.58205430932695,23,3,NY,bear,trending,0.41732612623075466,5
BTC-USDT-SWAP,2026-05-08 00:00:00+00:00,-183.7777514528679,0,r023_master_trades.csv,17.0,0.29614371194609906,0.31357023420067226,0.02969139880270813,0.5669784082731142,0.05558914371230059,39.47134320596532,27.32549784446724,0.5413221329894704,0.4227567067530189,75.33253789385309,23,3,NY,bull,trending,0.42782211012930593,5
BTC-USDT-SWAP,2026-05-08 04:00:00+00:00,176.92410475889028,1,r005_attribution_trades.csv,14.000000000000002,0.27222417286841016,1.0296638065190307,0.026663202229103355,0.003941655662050587,0.0368003615644651,34.52619838953254,32.313922878306485,0.5337354811990418,0.6318396226414957,82.91962417429113,3,4,Asia,bull,trending,0.5638936832638668,5
AVAX-USDT-SWAP,2026-05-08 09:00:00+00:00,189.37064220183487,1,r033_trade_log.csv,10.0,0.40307524925543325,2.205259395208001,0.014165234066147028,1.949841818229683,0.15033280990168946,55.302313205511936,10.613677141032102,0.9145380006307132,0.3563218390804675,34.965034965035294,8,4,London,bull,ranging,0.5825395006583843,4
BTC-USDT-SWAP,2026-05-08 10:00:00+00:00,56.555331881056986,1,r023_master_trades.csv,1.0,0.2110623851763754,0.8939764021388479,0.010910819050274665,0.36323562869870213,0.014073604235689095,44.17365311924903,36.36540419705328,0.41302442078898294,0.6479684657367957,53.795572916666856,9,4,London,flat,trending,0.5089129708777996,5
BTC-USDT-SWAP,2026-05-08 11:00:00+00:00,-132.22824216812296,0,r023_master_trades.csv,4.0,0.21715907011921173,1.1761760433155213,0.011059383615571756,0.7942167504998934,0.018657308107226617,52.38352251175931,35.146208147874276,0.3622770843459184,0.07434301521438526,14.147883898167565,10,4,London,flat,trending,0.3987478538218398,4
BTC-USDT-SWAP,2026-05-08 12:00:00+00:00,-154.07158197079093,0,r023_master_trades.csv,1.0,0.20269497597549258,1.3053474172019537,0.011897646386529018,0.8056650526264105,0.024542785192989375,52.71804667650145,33.794138002663345,0.6453173953822441,0.6751063007344547,12.883087400681662,11,4,London,bull,trending,0.48524797334929237,4
SOL-USDT-SWAP,2026-05-08 13:00:00+00:00,-146.4842228506784,0,r023_master_trades.csv,36.0,0.20538438816071058,1.0033241909994413,0.010781007397175687,2.3722420571663143,0.23502941722183288,50.85163799270023,12.554881951403965,0.2934868495315556,0.03846153846155738,43.24324324324317,12,4,London,bull,ranging,0.43864225493074527,4
SOL-USDT-SWAP,2026-05-08 15:00:00+00:00,186.840975609756,1,r023_master_trades.csv,42.0,0.26915614276776134,2.592082123742964,0.012574248930551065,3.1276499925092525,0.24261210807964695,61.28561304126002,12.687759749683966,0.6570748838790057,0.22413793103450008,14.444444444444752,14,4,London,bull,ranging,0.5901368357939004,4
BTC-USDT-SWAP,2026-05-08 16:00:00+00:00,182.06596998332444,1,r023_master_trades.csv,43.0,0.2561172902089924,1.315549023814204,0.01181301301110963,0.6915942632096734,0.044380992890649756,51.376403887374146,27.416416253646165,1.0236905536117586,0.6146811364467775,28.65196603154208,15,4,London,bull,trending,0.5409973094812489,4
SOL-USDT-SWAP,2026-05-08 18:00:00+00:00,194.6688151658768,1,r023_master_trades.csv,93.0,0.5279193983979049,4.412340154015708,0.03853382984087225,5.905067151984688,0.3102120056733757,79.77637178041901,16.987234790583432,0.4914004914004888,0.022727272727252175,7.305936073059213,17,4,NY,bull,ranging,0.4944009616760148,7
ETH-USDT-SWAP,2026-05-08 18:00:00+00:00,182.6302432938243,1,r023_master_trades.csv,28.000000000000004,0.26459512970773025,2.3296049817059097,0.01283102168542844,-0.8186189095325307,-0.1605008011844335,56.72110266931338,33.57860289766611,0.36916490093712284,0.41775147928995104,20.21743276749924,17,4,NY,bear,trending,0.5192502338190712,4
SOL-USDT-SWAP,2026-05-08 19:00:00+00:00,183.5952941176472,1,r023_master_trades.csv,99.0,0.5377829255236664,2.0414268875263235,0.05297980200907749,6.585817912534943,0.3526133358854486,82.20187609295768,20.093361907816238,2.64134468456669,0.8636363636363644,5.231388329979984,18,4,NY,bull,mixed,0.5069981433331553,3
SOL-USDT-SWAP,2026-05-09 02:00:00+00:00,-115.7439031509427,0,r023_master_trades.csv,96.0,0.5770471973337281,1.7549024564623268,0.0862608478458533,7.423350584193946,0.6192210732385659,79.1002181950542,32.93825753071043,0.8223328283921284,0.6052631578947433,6.119162640901704,1,5,Asia,bull,trending,0.47576950668317264,3
BTC-USDT-SWAP,2026-05-09 03:00:00+00:00,63.08494227707007,1,r023_master_trades.csv,1.0,0.2459446917642905,0.38389335487360216,0.010605002041979898,0.9487322204531378,0.07329216075686051,57.37976261536646,14.750914026842224,0.28647941707666436,0.35521739130433516,10.349288486416514,2,5,Asia,bull,ranging,0.5724438433572429,4
DOGE-USDT-SWAP,2026-05-09 03:00:00+00:00,-118.81241028571463,0,r033_trade_log.csv,13.0,0.4048446502990136,1.0968107926849127,0.046727118278203174,1.579370172149255,0.0530129512932053,68.57165277207288,32.875251866089805,1.303993480032597,0.6875000000000048,13.018867924528232,2,5,Asia,bull,trending,0.5208047864613361,7
BTC-USDT-SWAP,2026-05-09 03:00:00+00:00,-170.79998411765072,0,r029_fvg_low_atr_1h_9sym_trades.csv,1.0,0.2459446917642905,0.38389335487360216,0.010605002041979898,0.9487322204531378,0.07329216075686051,57.37976261536646,14.750914026842224,0.28647941707666436,0.35521739130433516,10.349288486416514,2,5,Asia,bull,ranging,0.5724438433572429,4
SOL-USDT-SWAP,2026-05-09 14:00:00+00:00,-137.23628199999874,0,r005_attribution_trades.csv,37.0,0.3801327236996983,0.6000592432624199,0.026431082346450082,6.512086450928862,0.6947830436069581,66.68117849848284,38.371825962536505,0.5140286999357507,0.3541666666666673,28.174603174603373,13,5,London,bull,trending,0.5642225911008721,2
SOL-USDT-SWAP,2026-05-09 16:00:00+00:00,181.88967741935497,1,r005_attribution_trades.csv,35.0,0.3805799099276288,1.3793323392543606,0.02487517500624538,5.86359605523049,0.6678786727448104,58.69186993671221,34.510507278089044,0.7326007326007247,0.8529411764706158,47.95081967213126,15,5,London,bull,trending,0.5819325360506596,2
BTC-USDT-SWAP,2026-05-09 16:00:00+00:00,167.93102216341416,1,r023_master_trades.csv,3.0,0.10941330267183563,2.1984929220332208,0.0046942525046281365,0.9696629154287684,0.07787388516175292,59.02788116617573,13.239334442172959,0.2347844715917017,0.36445623342181244,27.0376432078555,15,5,London,bull,ranging,0.6463489726989713,4
BTC-USDT-SWAP,2026-05-09 17:00:00+00:00,114.38029287665154,1,r023_master_trades.csv,5.0,0.10995659252613152,2.618187795838374,0.005288953465895395,1.0782638090689771,0.08156800722893964,61.74444997072986,14.487734243257375,0.480339741590645,0.5131919296430191,26.511886556373742,16,5,NY,bull,ranging,0.6852012234641603,4
XRP-USDT-SWAP,2026-05-09 18:00:00+00:00,184.38909090909075,1,r033_trade_log.csv,6.0,0.22962290190269324,1.3397886776605061,0.014967530917317421,1.1557722921963927,0.10181407287477812,56.65218726317708,23.66068406705066,0.7062146892655374,0.2999999999999889,53.84615384615385,17,5,NY,bull,mixed,0.5656183416918612,5
BTC-USDT-SWAP,2026-05-09 18:00:00+00:00,-175.79341806788418,0,r023_master_trades.csv,6.0,0.11596952472804893,2.0712575290912953,0.007305419096037304,1.3051879300660212,0.08801438142552652,66.54464119466769,16.075537569916577,0.4111442045172536,0.2873528523996265,14.639639639639537,17,5,NY,bull,ranging,0.5505873559740629,4
DOGE-USDT-SWAP,2026-05-09 18:00:00+00:00,-120.39046675000031,0,r033_trade_log.csv,2.0,0.3146517703169852,0.8153239990456893,0.02465489030225371,0.48357092435024784,0.043046496873638915,52.10622111607687,22.37031589710173,0.6613999632555562,0.38888888888889317,58.15384615384619,17,5,NY,bull,mixed,0.5246831584167085,5
ETH-USDT-SWAP,2026-05-09 18:00:00+00:00,-142.9560182939313,0,r023_master_trades.csv,8.0,0.16848848964702323,3.0211614164234977,0.008194484200202664,0.32180625787981615,-0.025418382633206664,65.4915744903173,13.204231065541455,0.4575267681188848,0.24599434495755337,11.756373937677402,17,5,NY,bear,ranging,0.46750519209893704,4
WIF-USDT-SWAP,2026-05-09 19:00:00+00:00,-115.4692,0,r034_trade_log.csv,12.0,0.7048525117990165,0.25603234585442425,0.04096202740325957,7.930567436258813,0.8445926812726077,51.09650924740556,25.414532400748378,1.291759465478848,0.6551724137931048,70.58823529411764,18,5,NY,bull,trending,0.4971920509439742,2
BNB-USDT-SWAP,2026-05-09 19:00:00+00:00,-141.713,0,r034_trade_log.csv,1.0,0.19573519862757005,0.3747119216357412,0.012912550259646065,2.250293623891025,0.20407443874699496,58.614975213318054,14.332574731176855,0.3386178236109043,0.7727272727272774,48.48484848484873,18,5,NY,bull,ranging,0.5498212637723036,4
LINK-USDT-SWAP,2026-05-09 19:00:00+00:00,-116.9374,0,r034_trade_log.csv,14.000000000000002,0.4917490593681661,0.7438595913829208,0.029710903244216793,6.388141527125526,0.6374231442112753,58.30431840672665,28.37216167466033,0.9031514219831014,0.9893617021276467,53.91566265060237,18,5,NY,bull,trending,0.46269924976472154,2
ADA-USDT-SWAP,2026-05-09 19:00:00+00:00,-132.4928,0,r034_trade_log.csv,9.0,0.40938923757613743,0.5195119638433913,0.03198857942024791,4.072022774017555,0.43567761579970044,50.25320508857468,25.073721320390913,0.773480662983422,0.5714285714285903,71.42857142857152,18,5,NY,bull,trending,0.519703055138577,5
PEPE-USDT-SWAP,2026-05-09 19:00:00+00:00,-122.5154,0,r034_trade_log.csv,1.0,0.3200754330261473,0.5476552068648439,0.028856208966924,3.8540623390277617,0.4148831763389589,49.619203611646896,22.31616491942969,0.9840674789128343,0.6190476190476085,63.57142857142865,18,5,NY,bull,mixed,0.5884986181821713,5
ETH-USDT-SWAP,2026-05-10 02:00:00+00:00,150.80105633803066,1,r005_attribution_trades.csv,1.0,0.1579814456516205,0.9620101181165975,0.012922201866606628,0.058247551251911334,0.022432357157971004,55.763415939426636,12.262825661170988,0.37322909895522,0.2825836216839968,36.519790888722326,1,6,Asia,bull,ranging,0.6117332345502452,4
BTC-USDT-SWAP,2026-05-10 02:00:00+00:00,77.92810040944836,1,r005_attribution_trades.csv,1.0,0.12277099765076341,0.6599031890007351,0.011966267347058853,1.049097337113077,0.12127104119358446,57.252562741060096,22.767867092535536,0.19097624825920187,0.043506493506474606,41.98162455627528,1,6,Asia,bull,mixed,0.5945733054446404,4
SOL-USDT-SWAP,2026-05-10 03:00:00+00:00,155.23999999999998,1,r024_trade_log.csv,1.0,0.24503747675981497,1.0497643968333878,0.011633284747972686,5.243464223766822,0.5764639005179948,54.03386185643611,21.9935591626181,0.4843396835647431,0.155555555555571,59.259259259259586,2,6,Asia,bull,mixed,0.6902983726215679,5
APT-USDT-SWAP,2026-05-10 04:00:00+00:00,189.1961,1,r034_trade_log.csv,3.0,0.5581945130356868,0.9089261093805852,0.0307143209458102,5.7219952901969195,0.6835562005914463,45.79924140901985,19.205475684528903,1.3697379234773195,0.5933333333333223,69.59314775160598,3,6,Asia,bull,mixed,0.6107121364907147,5
SOL-USDT-SWAP,2026-05-10 05:00:00+00:00,89.99571183533507,1,r023_master_trades.csv,1.0,0.2540379619600745,0.8428076290802039,0.009934996120783694,5.465813658572443,0.566040061539331,58.04600421935526,20.25420583739183,0.5142489822155603,0.7083333333333346,28.888888888888747,4,6,Asia,bull,mixed,0.7755317089633634,4
ATOM-USDT-SWAP,2026-05-10 07:00:00+00:00,176.768,1,r034_trade_log.csv,5.0,0.3993515402754646,0.588396551503273,0.032290435341141135,0.6556138411446824,0.04707269701891834,46.86502343850316,28.396871146639935,0.8294453084499748,0.75,57.33333333333327,6,6,Asia,bull,trending,0.604146464457601,5
LINK-USDT-SWAP,2026-05-10 08:00:00+00:00,185.0028571428571,1,r033_trade_log.csv,2.0,0.3155054608267288,1.0640986958851535,0.01545565637596051,5.523090519398212,0.5271810821737247,58.12986703931763,15.96533826299,0.5680177144507488,0.5593220338983331,30.882352941176677,7,6,Asia,bull,ranging,0.7325564702150789,4
SOL-USDT-SWAP,2026-05-10 09:00:00+00:00,-126.31206203124783,0,r023_master_trades.csv,3.0,0.266064651456992,2.2065144120035085,0.012173547406747769,6.020069927632166,0.5498032626821414,67.55647807893155,19.48790634357181,0.2891101831031269,0.1111111111111111,2.352941176470952,8,6,London,bull,mixed,0.5616294759156792,7
ADA-USDT-SWAP,2026-05-10 09:00:00+00:00,190.5234,1,r034_trade_log.csv,6.0,0.3133467014526162,1.2697950932476747,0.016842184465527463,3.9945216364714535,0.3141209520561769,59.22402208169684,18.312698011186185,0.5914972273567637,0.6249999999999827,7.843137254902195,8,6,London,bull,mixed,0.6516650018883707,4
ENA-USDT-SWAP,2026-05-10 09:00:00+00:00,-108.3211,0,r034_trade_log.csv,4.0,0.8124150238349572,1.2998539777536429,0.04364841157582337,11.166067282588049,0.9854941835543408,58.72874531166222,18.689461096868687,1.724938118811867,0.4887892376681688,24.273504273504262,8,6,London,bull,mixed,0.5300530570290354,2
LTC-USDT-SWAP,2026-05-10 09:00:00+00:00,184.6113043478261,1,r033_trade_log.csv,5.0,0.22330486513448566,1.5465101370554064,0.012911595572297695,3.069691704255182,0.23275727656964112,65.2513604163886,14.889733777670084,0.44604563389946483,0.8461538461538483,15.929203539822948,8,6,London,bull,ranging,0.649787674528947,4
DOT-USDT-SWAP,2026-05-10 09:00:00+00:00,191.3158,1,r034_trade_log.csv,5.0,0.3613281042751212,1.603342889760901,0.020683793265983935,4.439154567910722,0.3342824428076908,59.387164157655526,21.548650152328662,0.8190618019359732,0.4545454545454399,6.451612903225783,8,6,London,bull,mixed,0.6142706683476598,4
NEAR-USDT-SWAP,2026-05-10 09:00:00+00:00,-111.2333,0,r034_trade_log.csv,6.0,0.388574295884533,1.2306164190239963,0.016328246643250655,8.839640778936065,0.8030404857771276,59.16470826815221,12.706591878386506,1.3444302176696483,0.380952380952383,8.82352941176438,8,6,London,bull,ranging,0.5888276018201808,2
ARB-USDT-SWAP,2026-05-10 10:00:00+00:00,185.8241,1,r034_trade_log.csv,10.0,0.5566739052091988,0.5170194217826438,0.0313265447293101,8.721539869810412,0.8271396302926094,53.90574216856782,18.833359974110365,1.7926186291739872,0.6313725490196088,27.454909819638956,9,6,London,bull,mixed,0.5897569108561042,2
PEPE-USDT-SWAP,2026-05-10 10:00:00+00:00,184.8306,1,r034_trade_log.csv,3.0,0.36711043954353095,1.0641395351631624,0.018662736582305658,3.1488709018719065,0.2555595729083952,53.73343529200733,21.365502798838357,1.1952191235059766,0.6862745098039147,27.551020408163247,9,6,London,bull,mixed,0.6689972762424748,4
SOL-USDT-SWAP,2026-05-10 10:00:00+00:00,-162.7137339999914,0,r023_master_trades.csv,5.0,0.271334273811583,3.341402312815495,0.015709400258172877,6.257758328866939,0.557567399386243,70.41760425628766,21.457712813276185,0.7234812214065399,0.8823529411764534,22.489959839356995,9,6,London,bull,mixed,0.633723628027386,7
BNB-USDT-SWAP,2026-05-10 10:00:00+00:00,-133.367,0,r034_trade_log.csv,5.0,0.1747094308746354,1.6837420590216527,0.01044507230075869,2.0078684133587634,0.1617928324651969,60.4168171548622,12.487145698210082,0.43070296877402775,0.7500000000000203,12.820512820512707,9,6,London,bull,ranging,0.5797588142869273,4
WIF-USDT-SWAP,2026-05-10 10:00:00+00:00,190.2114,1,r034_trade_log.csv,1.0,0.5420722361609954,1.2260640050384424,0.023511644216736294,7.011308664705172,0.6414709357711619,54.82858064842439,13.399252219012064,1.1550422034651227,0.8076923076923068,20.967741935483765,9,6,London,bull,ranging,0.6506726622993071,2
BTC-USDT-SWAP,2026-05-10 11:00:00+00:00,148.8230947368421,1,r023_master_trades.csv,3.0,0.10054110725813956,1.0346429057583342,0.004924808728478944,1.1906024345460442,0.1114325827398689,62.9935294758505,26.02879009171731,0.2230891031743736,0.15982241953387,24.003235871951507,10,6,London,bull,trending,0.6079944661852957,4
SOL-USDT-SWAP,2026-05-10 12:00:00+00:00,182.61846153846167,1,r023_master_trades.csv,13.0,0.26754299466106213,2.4055699155684507,0.015512899663630897,5.273889019932741,0.5616303201668624,55.05839666523396,20.805624922471708,0.8209830472331762,0.610389610389612,58.07860262008746,11,6,London,bull,mixed,0.6530837935980959,5
BTC-USDT-SWAP,2026-05-10 13:00:00+00:00,125.0969560594482,1,r023_master_trades.csv,5.0,0.09152279658605707,0.7993733319548136,0.003958072351278192,1.219389000647467,0.11257073101066506,63.30235916281475,27.056763989151587,0.28385176822445074,0.25512429132140974,32.30079875316617,12,6,London,bull,trending,0.605571760598124,4
SOL-USDT-SWAP,2026-05-10 15:00:00+00:00,146.26285714285558,1,r023_master_trades.csv,13.0,0.2693967044654155,1.1260137601315552,0.015125974570381931,5.499516165883762,0.5574254486430349,58.98528131315816,19.259637364596948,0.8109261630388294,0.6052631578947358,42.79475982532721,14,6,London,bull,mixed,0.6550149169404271,5
LINK-USDT-SWAP,2026-05-10 15:00:00+00:00,169.06341463414662,1,r033_trade_log.csv,13.0,0.3185308626102957,1.762102469517233,0.02923399868620526,6.2004437170657924,0.6004182432579356,61.7401339856383,19.577662756391653,0.9927200529450736,0.8190476190476186,20.37617554858913,14,6,London,bull,mixed,0.554298643269138,7
BNB-USDT-SWAP,2026-05-10 15:00:00+00:00,168.608,1,r034_trade_log.csv,12.0,0.15720462256694123,1.3851181731169502,0.01034184525621291,1.961211785708466,0.17886234306005527,59.71450687129117,11.912775956097008,0.3534111862323225,0.6521739130434911,11.249999999999716,14,6,London,bull,ranging,0.566762803249605,4
ETH-USDT-SWAP,2026-05-10 15:00:00+00:00,105.56583690987672,1,r023_master_trades.csv,4.0,0.10511121282479208,1.486673603372804,0.004612598613078193,0.3296030193016933,0.019549417364212125,59.314379214982075,12.717399581420917,0.3709587394272411,0.6759259259259001,25.925925925927412,14,6,London,flat,ranging,0.647918652773118,4
ENA-USDT-SWAP,2026-05-10 15:00:00+00:00,193.6438,1,r034_trade_log.csv,3.0,0.7487342572124215,0.8514797348854541,0.0418307200712847,10.155569468902012,0.9846245849510555,55.738480662976,16.95291990495004,2.144174608054115,0.6774193548387071,31.623931623931817,14,6,London,bull,ranging,0.6670668505794639,2
BTC-USDT-SWAP,2026-05-10 16:00:00+00:00,-129.97858614056403,0,r023_master_trades.csv,12.0,0.13382674565616567,4.553661523897656,0.008124467429591256,1.791490948983996,0.12321666457967206,77.59101190934754,29.809164053305736,0.24771802893050054,0.043890274314228976,6.7599067599061575,15,6,London,bull,trending,0.4222538832958065,7
ETH-USDT-SWAP,2026-05-10 16:00:00+00:00,-125.0961946376115,0,r023_master_trades.csv,11.0,0.18264489836241168,4.473315302409156,0.008815608953579086,1.0407208341224348,0.028152349308053708,72.5471693198665,14.902249472191102,0.35450795926163714,0.1077481840193522,13.084665482534183,15,6,London,bull,ranging,0.4046693307250678,7
PEPE-USDT-SWAP,2026-05-10 17:00:00+00:00,194.2568,1,r034_trade_log.csv,13.0,0.4126287423037843,3.3745847528655943,0.03224165470143165,5.139182406803704,0.3358907953011199,73.13427435559241,18.923933707362913,1.2285581826611076,0.8679245283018853,4.651162790697549,16,6,NY,bull,mixed,0.49769914861054,7
BTC-USDT-SWAP,2026-05-10 17:00:00+00:00,-180.22222446871345,0,r023_master_trades.csv,15.0,0.12839458177288002,2.7964354042831676,0.010105795023988317,1.7209808129496074,0.1297405383272522,74.85499198573973,31.677383915461025,0.6726923053290579,0.796127146510792,14.207356420736222,16,6,NY,bull,trending,0.51974347355556,7
ETH-USDT-SWAP,2026-05-10 17:00:00+00:00,-143.4597832989714,0,r023_master_trades.csv,13.0,0.17945943214585902,2.5654859721162744,0.011952378810655568,1.1133638140644564,0.03647615269871897,73.62213690190043,16.9310386564777,0.9025247682965927,0.790840415486297,7.312018946122676,16,6,NY,bull,ranging,0.49470985293636205,7
SOL-USDT-SWAP,2026-05-10 18:00:00+00:00,-110.15070680473356,0,r023_master_trades.csv,43.0,0.46036209876736406,3.5904454314406022,0.03511710844979101,8.196737492461018,0.6033203577403639,78.39088119054895,23.482179330424945,0.9182058047493452,0.3103448275862007,0.7614213197969836,17,6,NY,bull,mixed,0.4547348923285119,7
OP-USDT-SWAP,2026-05-10 18:00:00+00:00,-110.1514,0,r034_trade_log.csv,6.0,0.6163811099321811,1.7197111517241424,0.03070310927679769,13.717310038761177,1.2725747755803618,59.43990747112424,14.664414755449956,1.1564211807668976,0.7894736842105217,3.773584905660486,17,6,NY,bull,ranging,0.5356923254011922,2
SOL-USDT-SWAP,2026-05-10 21:00:00+00:00,189.4818348623853,1,r023_master_trades.csv,100.0,0.6498669215130243,2.5459912807506133,0.04762677061261002,5.7434947197864235,0.6421817886864792,53.33429659762134,25.489895109316354,1.1925749248159196,0.04347826086957542,55.32407407407417,20,6,NY,bull,trending,0.4629913128061077,2
ETH-USDT-SWAP,2026-05-10 23:00:00+00:00,-108.93044337542352,0,r023_master_trades.csv,91.0,0.5672804398388922,3.980846464654972,0.027459601025182988,2.1028561953505878,0.10239730902660756,65.5583555642633,22.982219302546667,0.5623355383182265,0.1625954198473377,5.972139893302014,22,6,NY,bull,mixed,0.3944408668643193,7
BTC-USDT-SWAP,2026-05-10 23:00:00+00:00,-110.46241509929048,0,r023_master_trades.csv,64.0,0.42026787708541924,5.05322241370918,0.01791579167548589,2.48031722931335,0.1543814549534833,68.54827719599827,33.84327779868162,0.4880304247364575,0.06350012700025447,7.773250116057014,22,6,NY,bull,trending,0.37925031834137757,7
SOL-USDT-SWAP,2026-05-11 00:00:00+00:00,-134.58774687999738,0,r023_master_trades.csv,100.0,0.6959702654854635,0.9652389989812546,0.05125114127610639,7.71543579522977,0.7016995480897799,65.65502600670435,22.418908268190382,1.5595757953836555,0.7866666666666712,12.039312039311891,23,6,NY,bull,mixed,0.4189390345901016,2
BTC-USDT-SWAP,2026-05-11 00:00:00+00:00,-188.4515312203483,0,r023_master_trades.csv,69.0,0.42048336615266685,2.5703143489392186,0.02200065105928086,2.661270941529476,0.1684252309772124,70.26794151562633,34.186358465792765,1.8846322668747524,0.8700912208061051,12.579938285407726,23,6,NY,bull,trending,0.38506992865748346,7
ETH-USDT-SWAP,2026-05-11 00:00:00+00:00,-163.72277966102317,0,r023_master_trades.csv,90.0,0.568725490587125,1.9400356450942131,0.030029805193615415,1.960588254210248,0.11916133888426211,64.04843961464601,23.244987997292956,2.1580399839895428,0.8568918391253425,17.097524278484446,23,6,NY,bull,mixed,0.37917047057603087,0
BTC-USDT-SWAP,2026-05-11 01:00:00+00:00,-175.86890357698522,0,r023_master_trades.csv,99.0,0.4690437672943618,2.523802748606836,0.022034822218992615,1.719420439698396,0.173003715850602,55.715471435547215,32.37581735039311,0.5453695907172932,0.37237840249889426,45.66879835427794,0,0,Asia,bull,trending,0.3490647207174332,6
ETH-USDT-SWAP,2026-05-11 01:00:00+00:00,-150.75932859856093,0,r023_master_trades.csv,100.0,0.5979101060819939,1.841967203989936,0.030064553840435694,1.1484905028346593,0.12740212205445162,55.09394093333779,21.93575228056111,0.6745099362611411,0.17823639774858455,42.55231842429226,0,0,Asia,bull,mixed,0.3811718680920589,6
SOL-USDT-SWAP,2026-05-11 05:00:00+00:00,177.97769230769214,1,r005_attribution_trades.csv,96.0,0.7473231511582695,0.4743306449120155,0.04547107549747258,5.6830860656122795,0.6729458775095234,51.652346117481144,17.491690401321765,0.9395122981104046,0.6179775280898939,49.38574938574942,4,0,Asia,bull,ranging,0.48083054011506116,6
FIL-USDT-SWAP,2026-05-11 07:00:00+00:00,-177.7282,0,r034_trade_log.csv,13.0,1.369254402841448,0.3837613525378692,0.07911904391489162,3.9373570900241517,0.41953517932388174,39.20127567119111,29.982888869331433,1.3248496469972875,0.7105263157894741,62.67123287671218,6,0,Asia,bull,trending,0.4525309516895854,0
BTC-USDT-SWAP,2026-05-11 11:00:00+00:00,145.09844243792685,1,r032_all_variants_trades.csv,53.0,0.4945023673354281,0.671235515741588,0.02189137732911544,0.9348887236167039,0.09818124008627004,48.51394600481692,19.931674896188895,0.3114233033609001,0.7694444444444791,70.21152900138617,10,0,London,bull,mixed,0.4842488137562016,6
SOL-USDT-SWAP,2026-05-11 14:00:00+00:00,183.79492957746496,1,r005_attribution_trades.csv,85.0,0.6595836451162078,1.204335695993249,0.02564345863001699,5.419982435010446,0.5710840893522567,52.187057323381985,11.971121175457656,0.7598142676234686,0.6388888888888812,49.43820224719112,13,0,London,bull,ranging,0.4694666093876392,6
SOL-USDT-SWAP,2026-05-11 16:00:00+00:00,-108.94848606250024,0,r023_master_trades.csv,96.0,0.7583496565787466,1.6940108538428502,0.02542976569800072,7.048463931316287,0.5732453060189816,63.18582287923766,11.528997533366837,1.6824395373291212,0.04375000000000477,4.775280898876449,15,0,London,bull,ranging,0.33487747342974494,2
BTC-USDT-SWAP,2026-05-11 17:00:00+00:00,157.54289917784348,1,r023_master_trades.csv,89.0,0.4626401016909219,1.824659436949506,0.021439793778975837,1.6573216020641177,0.10901313282297041,60.04961693139081,15.400944823845167,0.7944190434541162,0.7658883562702808,45.14954360069946,16,0,NY,bull,ranging,0.3203538626517122,6
BTC-USDT-SWAP,2026-05-11 17:00:00+00:00,-119.54854552231748,0,r032_all_variants_trades.csv,89.0,0.4626401016909219,1.824659436949506,0.021439793778975837,1.6573216020641177,0.10901313282297041,60.04961693139081,15.400944823845167,0.7944190434541162,0.7658883562702808,45.14954360069946,16,0,NY,bull,ranging,0.3203538626517122,6
SOL-USDT-SWAP,2026-05-11 17:00:00+00:00,-120.4805459764698,0,r023_master_trades.csv,100.0,0.6105152718651796,2.594604270255438,0.029579529448427493,7.553172275604295,0.587440749243488,65.99528201064167,12.886630994947192,2.0051679586563433,0.8453608247422632,18.010752688172094,16,0,NY,bull,ranging,0.4033624162001005,3
ETH-USDT-SWAP,2026-05-12 00:00:00+00:00,-176.0013381989123,0,r023_master_trades.csv,51.0,0.23509558517182844,0.3982173638243224,0.010689495186909372,0.5058344311729688,0.03287595053996241,52.56888144819113,14.16208701163182,0.3922741646013286,0.032679738562060745,14.61770857541235,23,0,NY,bull,ranging,0.35697419800117963,1
SOL-USDT-SWAP,2026-05-12 02:00:00+00:00,-122.66431828947243,0,r023_master_trades.csv,90.0,0.6023301210530493,2.2695869192740967,0.049702288469172594,5.683789435854355,0.7364035124462499,49.80186536167234,19.580143538858664,0.513083632632119,0.30000000000001137,51.81598062954003,1,1,Asia,bull,mixed,0.4029985577911203,6
SOL-USDT-SWAP,2026-05-12 10:00:00+00:00,-135.04629693877732,0,r005_attribution_trades.csv,63.0,0.5834238210222724,0.8988808129375402,0.03395949510726138,4.720056066794092,0.5564489537740402,45.9389735991515,16.965839279635812,0.7844367743959836,0.4933333333333394,63.19612590799038,9,1,London,bull,ranging,0.35244879767279,6
BTC-USDT-SWAP,2026-05-12 12:00:00+00:00,-152.6224528479137,0,r005_attribution_trades.csv,46.0,0.18810065318099886,1.0189208854363616,0.021703463614698732,0.4266254035528042,0.07077425978532215,39.305353844092046,27.42004895245207,0.2916995841544583,0.6981292517007384,83.22372427231758,11,1,London,bull,trending,0.4254097879009733,6
SOL-USDT-SWAP,2026-05-12 13:00:00+00:00,-120.03164969411684,0,r005_attribution_trades.csv,68.0,0.46159743136306886,2.0665285685410573,0.04007811017089583,3.954163539736095,0.48395982777087504,42.144544296481264,18.685695165982,0.47398356856962587,0.08888888888890223,79.20792079207915,12,1,London,bull,mixed,0.43901993801240513,6
SOL-USDT-SWAP,2026-05-12 19:00:00+00:00,140.1894736842143,1,r023_master_trades.csv,56.99999999999999,0.42974816061950266,0.4081089403538415,0.044446143873724434,3.063522357347121,0.33903823294799595,41.17318913309486,20.818136267732292,0.9208298052497932,0.7816091954023026,76.35467980295549,18,1,NY,bull,mixed,0.4902130223119528,6
SOL-USDT-SWAP,2026-05-12 19:00:00+00:00,-123.18152323287504,0,r032_all_variants_trades.csv,56.99999999999999,0.42974816061950266,0.4081089403538415,0.044446143873724434,3.063522357347121,0.33903823294799595,41.17318913309486,20.818136267732292,0.9208298052497932,0.7816091954023026,76.35467980295549,18,1,NY,bull,mixed,0.4902130223119528,6
BTC-USDT-SWAP,2026-05-12 20:00:00+00:00,-187.631833371148,0,r023_master_trades.csv,66.0,0.26319464062605963,0.611487963345795,0.01819272589487346,0.48613356346659237,0.0164520111174409,49.06976355100669,33.03008706313669,0.43297130433381315,0.4460040103122157,48.810912225546524,19,1,NY,flat,trending,0.3406875052053784,6
BTC-USDT-SWAP,2026-05-13 01:00:00+00:00,168.30657534246637,1,r005_attribution_trades.csv,52.0,0.2487664831196958,0.4885531678876409,0.012979295827950023,0.3273032971543468,0.013388712895776159,48.05116149888037,32.47381852543109,0.35247240250458145,0.5105782792665986,40.92687131207331,0,2,Asia,flat,trending,0.43997618814022443,5
SOL-USDT-SWAP,2026-05-13 01:00:00+00:00,174.12636363636432,1,r005_attribution_trades.csv,33.0,0.3520813467645809,0.5868201753692905,0.0310939884313434,2.7880983159854917,0.2926674580452334,42.007479912925575,19.549913636795782,0.5623938879456568,0.7169811320755076,74.04129793510296,0,2,Asia,bull,mixed,0.5285749713257045,5
BTC-USDT-SWAP,2026-05-13 02:00:00+00:00,-144.59082723289453,0,r023_master_trades.csv,56.99999999999999,0.261802153922786,1.1729463713675123,0.011972186049489042,0.6804615411254448,0.021581480505730704,54.02142314618724,30.511278786043846,0.46188174042395663,0.5630703166935042,21.326224591802735,1,2,Asia,bull,trending,0.354371541525228,4
SOL-USDT-SWAP,2026-05-13 02:00:00+00:00,-124.33700062856924,0,r023_master_trades.csv,36.0,0.38931311386701745,1.0540502712927724,0.027004796257274918,3.5134910057023676,0.3039121500135488,50.67498538287595,18.211569418313605,0.6353912951392655,0.3166666666666821,53.39233038348088,1,2,Asia,bull,mixed,0.3413844263325608,6
OP-USDT-SWAP,2026-05-13 03:00:00+00:00,-111.4664,0,r034_trade_log.csv,9.0,0.5401300056099086,0.6373196981652658,0.04730122107553233,2.9492398796515538,0.16584889326320915,54.400901247187875,37.514663306034585,1.3716525146962708,0.4761904761904787,25.925925925925824,2,2,Asia,bull,trending,0.42613564077821264,0
ARB-USDT-SWAP,2026-05-13 03:00:00+00:00,-108.2606,0,r034_trade_log.csv,4.0,0.6260670661246381,0.7470980759717007,0.03596959893481251,3.486659237096563,0.18151083905139637,58.62442438654841,21.172120811381895,2.0513927877348244,0.7859649122807013,0.7117437722422091,2,2,Asia,bull,mixed,0.45234155217430766,0
UNI-USDT-SWAP,2026-05-13 03:00:00+00:00,-115.1305,0,r034_trade_log.csv,7.000000000000001,0.45557598917010517,1.2426501545050275,0.035646382907082004,4.018084782940127,0.2987932021832449,55.636469185904986,30.290121687065877,1.2365167061299698,0.7021276595744735,14.47368421052617,2,2,Asia,bull,trending,0.3570963679721182,0
BTC-USDT-SWAP,2026-05-13 03:00:00+00:00,-170.73923410557174,0,r023_master_trades.csv,56.99999999999999,0.25741675757919374,0.6260539055507409,0.01210867897590625,0.7468920873082923,0.034600580597057395,55.1619802343547,28.45296474798454,0.6599596094343324,0.5416432715702798,14.829315200219456,2,2,Asia,bull,trending,0.3959289275659591,4
SOL-USDT-SWAP,2026-05-13 03:00:00+00:00,145.49714285714492,1,r023_master_trades.csv,35.0,0.38424322132890665,0.4027685858871889,0.024078569730717737,3.5311422663296272,0.3158003225873842,51.23562202545644,17.103571752469215,1.0301692420897761,0.7142857142856998,40.073529411764326,2,2,Asia,bull,ranging,0.4694425878802597,6
BTC-USDT-SWAP,2026-05-13 04:00:00+00:00,-153.34270338405037,0,r023_master_trades.csv,56.00000000000001,0.25718612958279136,0.6714449664886645,0.013614804861854743,0.9768482328913503,0.04339902778293596,58.735816901262105,26.44144816839787,0.42817116972561275,0.1715191697895676,4.173075636996496,3,2,Asia,bull,trending,0.36402611455295736,1
SOL-USDT-SWAP,2026-05-13 08:00:00+00:00,157.62222222222158,1,r005_attribution_trades.csv,23.0,0.34490057972371774,0.6172787521380257,0.02007795499713882,3.230013137917008,0.33193365194994584,49.1773116512613,13.6708260066078,0.6522882693319354,0.24193548387097513,36.13445378151303,7,2,Asia,bull,ranging,0.47256304445649905,6
SOL-USDT-SWAP,2026-05-13 10:00:00+00:00,-173.5201808488368,0,r023_master_trades.csv,22.0,0.3338989157317896,0.8432032789890468,0.02252062311270849,3.782029376393261,0.3499980274487259,56.65394187083044,13.802697349463584,0.8061983038425254,0.5584415584415702,11.76470588235294,9,2,London,bull,ranging,0.36142684546566345,4
BTC-USDT-SWAP,2026-05-13 10:00:00+00:00,-186.4208098019969,0,r023_master_trades.csv,39.0,0.23365642768233105,1.0768384736062988,0.01714599567376755,0.9842552060756581,0.0755420869418672,58.90092864086349,19.010948468669504,0.3245465097080488,0.6685649202733301,4.100966841866939,9,2,London,bull,mixed,0.3330650285439152,4
FIL-USDT-SWAP,2026-05-13 10:00:00+00:00,-115.5937,0,r034_trade_log.csv,1.0,0.5349893999871166,0.659101807208005,0.03674720267482183,0.7427799428527464,0.01669240825246381,54.54083127675195,26.841258243454963,0.9973705685012149,0.2818181818181736,11.037527593818774,9,2,London,flat,trending,0.37143124429223745,1
ETH-USDT-SWAP,2026-05-13 10:00:00+00:00,-163.9249012147176,0,r023_master_trades.csv,40.0,0.26175223080387283,1.6231070277911979,0.02844865233301086,0.12851152541962615,-0.0746874635298851,64.725584456995,25.59208798093531,0.715025906735749,0.9438405797101547,3.9131718842293246,9,2,London,bear,trending,0.38100856384714404,1
ATOM-USDT-SWAP,2026-05-14 15:00:00+00:00,-113.4987,0,r034_trade_log.csv,13.0,0.5133211483948571,1.879083207197883,0.04279360987161713,2.189796031229708,0.08989707823124858,51.76485179984821,17.122096789852183,0.9364218827008441,0.47368421052630716,52.000000000000114,14,3,London,bull,ranging,0.432054059223969,5
SOL-USDT-SWAP,2026-05-14 15:00:00+00:00,-109.99851824390282,0,r023_master_trades.csv,40.0,0.5364485170740109,2.3851038776943096,0.01984825560220474,0.2830335057698753,-0.09716468183994212,55.266269286284576,33.368187923324655,0.8377425044091767,0.5789473684210458,2.400000000000091,14,3,London,bear,trending,0.43614507213897497,1
BTC-USDT-SWAP,2026-05-14 15:00:00+00:00,-110.2767409307525,0,r023_master_trades.csv,99.0,0.4280786786842937,4.384710446918269,0.01885584343015466,0.8233278119141676,-0.06311452868379079,64.9389622333932,26.228185080689375,0.5325419273196985,0.17562470532767682,2.754508022149522,14,3,London,bear,trending,0.3935285853534372,1
ETH-USDT-SWAP,2026-05-14 16:00:00+00:00,-122.49946261269103,0,r023_master_trades.csv,87.0,0.4862783100611245,2.825569159596126,0.021805295377280123,-0.25631718763255995,-0.16923841057312566,61.59483807301633,23.377692903988503,1.879429521392949,0.8687150837988857,2.0058708414873188,15,3,London,bear,mixed,0.4104267496259141,1
SOL-USDT-SWAP,2026-05-14 16:00:00+00:00,-113.61323470491666,0,r023_master_trades.csv,46.0,0.5682173824914148,2.3362956754605686,0.028914042223610298,1.249221706470834,-0.07598588995253412,61.21926161829397,32.4758999983614,1.843817787418658,0.876470588235298,2.9069767441862964,15,3,London,bear,trending,0.4042435996271157,0
ETH-USDT-SWAP,2026-05-14 17:00:00+00:00,-118.36562267080794,0,r023_master_trades.csv,92.0,0.5047484058931566,2.9993832670601783,0.03027510768553788,0.5066091497801332,-0.14665888413832848,66.28530609905997,23.883597542334897,0.8488040568481077,0.5917948717948699,3.5226990821138044,16,3,NY,bear,mixed,0.41567854866684195,1
BTC-USDT-SWAP,2026-05-14 20:00:00+00:00,-151.90905335279902,0,r023_master_trades.csv,98.0,0.45067619630123124,0.4941531189850095,0.04591700933143014,1.322144674792148,0.04929336418135437,64.34721534867943,30.75597837802032,0.6585732874335142,0.17337057728120264,19.76418100701074,19,3,NY,bull,trending,0.4276979852200408,1
SOL-USDT-SWAP,2026-05-15 03:00:00+00:00,-118.33817199999844,0,r005_attribution_trades.csv,38.0,0.5619546530383158,1.6064140035782686,0.04141762717764666,0.3145553435906224,0.06089271106620534,51.388278819418645,22.977914064582812,0.9706620133057047,0.7640449438202319,41.45569620253158,2,4,Asia,bull,mixed,0.4857971496031764,5
BTC-USDT-SWAP,2026-05-15 03:00:00+00:00,-125.5524268056864,0,r005_attribution_trades.csv,94.0,0.45494780017781133,1.5226771197105908,0.043795066804010296,1.0905707107031255,0.12738891900417162,58.11306971381502,28.1267837020769,0.6501578531965236,0.7279969650986439,26.315414991639642,2,4,Asia,bull,trending,0.5058045022581644,1
SOL-USDT-SWAP,2026-05-20 17:00:00+00:00,-116.42687378723402,0,r023_master_trades.csv,85.0,0.416184970361244,2.9456469283154085,0.03115724909627914,-1.0958729988055083,-0.2638542555879281,68.05921078340924,20.318003242230834,1.0363297624592462,0.10112359550560578,11.409395973154039,16,2,NY,bear,mixed,0.3369504792028101,1
SOL-USDT-SWAP,2026-05-21 05:00:00+00:00,-171.00563199999897,0,r023_master_trades.csv,41.0,0.4298833702887293,1.4024690466929781,0.033958156443666475,-0.3763428312056107,-0.10759155994113198,67.76405577477945,22.468115852024553,0.437737587835514,0.6842105263157855,10.725552050473288,4,3,Asia,bear,mixed,0.41220927975364324,1
SOL-USDT-SWAP,2026-05-21 18:00:00+00:00,-110.9017129230766,0,r023_master_trades.csv,94.0,0.4674638882216401,3.3932616633702755,0.022379840191188376,0.494947081475471,-0.10900506576874992,66.01087899679199,18.75775660726994,0.6610995128740352,0.35087719298246534,14.391143911439169,17,3,NY,bear,mixed,0.41462898246829655,1
SOL-USDT-SWAP,2026-05-21 19:00:00+00:00,165.06799999999967,1,r023_master_trades.csv,96.0,0.49083343078550884,1.0735273752865009,0.02300299757334434,-0.12344468338182045,-0.10518853505664509,59.056410217090345,20.459293939169978,2.089518154829868,0.7377049180327845,34.31734317343154,18,3,NY,bear,mixed,0.4837073793835928,1
SOL-USDT-SWAP,2026-05-22 02:00:00+00:00,-131.84702506122187,0,r023_master_trades.csv,37.0,0.519000833135632,0.4476371861750251,0.03106879953229274,-0.14355176860295832,0.001718607736347827,54.73619113516625,23.865522498967444,0.6221914967162023,0.9259259259259396,34.68634686346863,1,4,Asia,flat,mixed,0.5150838284500971,5
SOL-USDT-SWAP,2026-05-22 04:00:00+00:00,-158.88960979534858,0,r024_trade_log.csv,19.0,0.5137555385384193,0.2486152515235311,0.031215719189663226,-0.19864222147341126,0.005120732605859917,53.833127201102684,22.716297079432195,0.28692757947893954,0.39999999999997726,36.53136531365303,3,4,Asia,flat,mixed,0.44356138820297547,5
SOL-USDT-SWAP,2026-05-22 12:00:00+00:00,-124.81752400000002,0,r023_master_trades.csv,8.0,0.46394587394187786,0.8532337889069305,0.015840144484854417,0.16069743238590606,-0.017376372883022097,56.84234851139549,18.369397709363586,0.4715353651523825,0.6585365853658495,34.67336683417083,11,4,London,flat,mixed,0.520278639243897,4
SOL-USDT-SWAP,2026-05-22 13:00:00+00:00,-130.24159692307336,0,r023_master_trades.csv,8.0,0.46964834848012466,1.450706873423383,0.014219093363914666,0.6703254388709017,-0.010353475758810146,61.897089586619735,18.52573382323302,0.7332722273143911,0.5000000000000111,13.114754098360388,12,4,London,flat,mixed,0.454732310696396,4
SOL-USDT-SWAP,2026-05-23 21:00:00+00:00,-106.6616774285714,0,r023_master_trades.csv,100.0,0.814889149450369,2.388752256394568,0.06163503961865807,0.7436753762582707,-0.2778788532872406,71.63867640582302,33.296440548565286,0.5770816158285184,0.4897959183673416,0.1754385964910684,20,5,NY,bear,trending,0.43164029684576194,1
ETH-USDT-SWAP,2026-05-23 21:00:00+00:00,-105.2634673312882,0,r023_master_trades.csv,100.0,0.8056643856137005,4.068348556286182,0.052582926439565476,0.18576072425466897,-0.37298005910448323,76.68564331257232,41.20522121352938,0.5475427993546936,0.2840809146877792,0.8786969567081155,20,5,NY,bear,trending,0.4269172125906149,1
BTC-USDT-SWAP,2026-05-23 21:00:00+00:00,-110.19521634732892,0,r023_master_trades.csv,95.0,0.46225000999091775,3.3801262685405153,0.032820695300794574,-0.1379640931059234,-0.24354933825541766,73.34023659529032,39.63376125096735,0.30967823483407675,0.5693027210884443,0.9974093264249646,20,5,NY,bear,trending,0.38873676155337905,1
SOL-USDT-SWAP,2026-05-24 10:00:00+00:00,136.4138728323719,1,r023_master_trades.csv,55.00000000000001,0.6400591136676212,1.193996006004223,0.043026582712874,0.156380281727063,-0.03237588099533606,62.12591913743199,33.12336012731941,0.5668016194331924,0.8571428571428695,22.544642857142954,9,6,London,bear,trending,0.5584841893172364,1
ETH-USDT-SWAP,2026-05-24 12:00:00+00:00,-176.0053213835302,0,r023_master_trades.csv,22.0,0.7629315801880643,0.43569800761451905,0.04349867404592979,-0.6231560632299367,-0.0830117344692955,63.15390134575103,44.23239008547672,0.6146623363767901,0.08358895705522612,26.150380778719406,11,6,London,bear,trending,0.4477839726966394,1
SOL-USDT-SWAP,2026-05-24 14:00:00+00:00,-181.21293652631465,0,r023_master_trades.csv,38.0,0.6339670488844875,0.6274170958465707,0.025378740726290046,-0.5710192534927151,-0.011123682184255298,52.294045629388684,32.4989133509112,0.6024794345962182,0.615384615384607,48.52071005917168,13,6,London,flat,trending,0.49933938035006364,5
BTC-USDT-SWAP,2026-05-25 01:00:00+00:00,-151.50551548073466,0,r023_master_trades.csv,74.0,0.31771972488842243,0.8574484950968091,0.015025505622391553,-0.1215654619920416,-0.07457740656895429,58.82511174323284,23.335441887976113,0.5815923427136735,0.6033482142856883,27.301630250964287,0,0,Asia,bear,mixed,0.42644474417507633,1
SOL-USDT-SWAP,2026-05-25 05:00:00+00:00,-116.48287367741932,0,r023_master_trades.csv,76.0,0.5334966494556755,0.961335714558089,0.031944885810565773,-0.4675128848968629,-0.14361586726757955,54.62629082083959,22.497922771514126,0.459472196041471,0.3589743589743599,35.56851311953342,4,0,Asia,bear,mixed,0.4092442286969235,1
ETH-USDT-SWAP,2026-05-25 06:00:00+00:00,121.6504522632109,1,r023_master_trades.csv,66.0,0.42628383012600113,0.7624198563035295,0.023006007496252236,-1.1548372597489176,-0.17797184055549228,53.81989095456944,25.36796055426404,0.761955432257695,0.6483790523690844,34.25991251587447,5,0,Asia,bear,trending,0.5316268994950607,1
ETH-USDT-SWAP,2026-05-25 08:00:00+00:00,176.20138059701446,1,r023_master_trades.csv,62.0,0.4320277697707656,1.3008192189368815,0.01963841485956945,-0.7558455335210051,-0.14602456181681664,57.79430638248901,22.986185104513034,0.5830170777988597,0.06672091131002165,16.03990790483481,7,0,Asia,bear,mixed,0.4585511332057646,1
BTC-USDT-SWAP,2026-05-25 10:00:00+00:00,-178.6133621522836,0,r023_master_trades.csv,54.0,0.3099650680156544,1.1295612010638243,0.02125332186449709,0.4357106705867437,0.005068166791370061,64.09286655401891,23.57079173899604,0.27277165447890167,0.24810606060603646,10.274542429284162,9,0,London,flat,mixed,0.2871417418614601,1
BTC-USDT-SWAP,2026-05-25 11:00:00+00:00,-169.56635208750842,0,r032_all_variants_trades.csv,38.0,0.2917606658585869,0.6029139098386368,0.02132797612857788,0.36238745786741844,0.009932438901055576,62.51116687669855,24.598729536958253,0.4515208206281284,0.37892632781271485,13.471594960779457,10,0,London,flat,mixed,0.337125041244195,1
SOL-USDT-SWAP,2026-05-25 15:00:00+00:00,-139.6975743076932,0,r023_master_trades.csv,1.0,0.49232600577054514,1.3015673805324026,0.028473181871212547,0.1497687249487705,-0.025478838382021966,59.35156493523667,12.58920996842184,0.32569500988717126,0.5,4.2253521126757105,14,0,London,bear,ranging,0.4166491823214816,1
APT-USDT-SWAP,2026-05-25 15:00:00+00:00,-110.8019,0,r034_trade_log.csv,5.0,0.6517683608799886,2.0873736884205045,0.05295585287993061,1.455979696482004,0.008035840582937992,65.25957151185017,17.731294185207858,0.8774646433364367,0.8352941176470521,3.3644859813084564,14,0,London,flat,ranging,0.38192223622431404,1
BTC-USDT-SWAP,2026-05-25 16:00:00+00:00,-143.98959270372333,0,r032_all_variants_trades.csv,26.0,0.30378181090436207,1.5465344199543318,0.01956159651132102,0.45914765912116867,0.028714363076304098,61.55712488096307,26.596327277351758,0.6119995159616711,0.7946992006731333,15.594371132891775,15,0,London,bull,trending,0.3260317600657796,1
ETH-USDT-SWAP,2026-05-25 17:00:00+00:00,-132.28785615008064,0,r023_master_trades.csv,28.000000000000004,0.4006203758469328,1.1921764621023891,0.028172206366797584,0.23852386244591442,-0.05224481481954694,67.74533994097982,17.00054673084205,0.7671250917163634,0.0870631514408386,7.286898428801036,16,0,NY,bear,ranging,0.32542664986731223,1
FIL-USDT-SWAP,2026-05-25 18:00:00+00:00,-114.7769,0,r034_trade_log.csv,11.0,0.4794756523206026,1.1212469388624582,0.06438717642079556,2.080165921110203,0.017567404404797052,73.34520265116926,25.275815011532014,1.675810473815465,0.5654761904761865,6.89655172413781,17,0,NY,flat,trending,0.3530183585306642,1
BTC-USDT-SWAP,2026-05-25 22:00:00+00:00,-155.46466933445254,0,r023_master_trades.csv,3.0,0.18816268356413154,0.34674054698426926,0.009201431430219054,0.11922361709710257,0.02879444362275707,52.67635504113574,25.444862774642136,0.4031172328086089,0.5009633911368109,54.68302658486738,21,0,NY,bull,trending,0.3993455980677893,5
ETH-USDT-SWAP,2026-05-26 11:00:00+00:00,-111.34012935928128,0,r023_master_trades.csv,65.0,0.4368203375148986,4.137522778950769,0.028070345106844793,0.02665262332224946,-0.13797531307748453,62.1555058708539,21.811369546424707,0.2758173115924489,0.12629757785467005,25.33585945573553,10,1,London,bear,mixed,0.36985909964105373,1
BTC-USDT-SWAP,2026-05-26 11:00:00+00:00,-116.0010605198484,0,r005_attribution_trades.csv,59.0,0.2983154195714609,3.0447509641739146,0.019724516548531745,0.2563514036318327,-0.05621287538719927,59.014489962693666,21.833108357981484,0.22169563889837773,0.33490288404941804,33.09367438644985,10,1,London,bear,mixed,0.3192159961346952,1
SOL-USDT-SWAP,2026-05-26 11:00:00+00:00,-112.6007292727258,0,r023_master_trades.csv,30.0,0.3996114083565699,3.008368867376624,0.03567900585249321,-0.48406244009636124,-0.18350383342769888,57.70394252015497,23.937223963933924,0.4738213693437641,0.049999999999989345,35.55555555555581,10,1,London,bear,mixed,0.40291618325902895,1
ETH-USDT-SWAP,2026-05-26 13:00:00+00:00,-124.51483695041462,0,r023_master_trades.csv,65.0,0.43523798943626507,1.6147817830192606,0.025708961948363966,-0.0200474558846309,-0.10541924647222445,60.28756842325343,22.04396576899343,0.6458065033516864,0.5018261504747892,25.295884119413163,12,1,London,bear,mixed,0.42518646009008376,1
NEAR-USDT-SWAP,2026-05-28 20:00:00+00:00,191.9167,1,r034_trade_log.csv,2.0,1.298460276614589,0.6380922715318712,0.07478033642919656,3.5483415007082444,0.2115758383323175,46.317903778676424,23.08866047346384,2.9387417218542935,0.8450704225352152,49.57983193277325,19,3,NY,bull,mixed,0.5398927457018454,0
WIF-USDT-SWAP,2026-05-31 04:00:00+00:00,-120.1862,0,r034_trade_log.csv,1.0,0.4222271262769949,0.8252760332079234,0.018713913822279094,0.655239474687148,0.04873620951505881,54.53636149802387,8.45955819164607,0.9932043910088932,0.4736842105263043,46.511627906976805,3,6,Asia,bull,ranging,0.5449172241594179,4
DOGE-USDT-SWAP,2026-06-04 16:00:00+00:00,-140.14649094999538,0,r023_master_trades.csv,87.0,1.1040649773712843,0.5821120792251174,0.06649427872672987,-8.025025388605615,-0.912633703622809,44.60238405005135,51.77525217950481,0.8734602463605856,0.0897435897435902,49.0144546649146,15,3,London,bear,trending,0.43894862744854846,1
LINK-USDT-SWAP,2026-06-07 23:00:00+00:00,-107.31232732631564,0,r023_master_trades.csv,25.0,0.7777295806251188,3.7812073429725825,0.03629492021716209,-3.5511293454108244,-0.5490916221470333,64.68254666777366,24.763933846042782,0.7305936073059367,0.19642857142857342,36.61417322834634,22,6,NY,bear,mixed,0.3594625696397664,1
ETH-USDT-SWAP,2026-06-07 23:00:00+00:00,-106.76376332463924,0,r023_master_trades.csv,27.0,0.7055937091837177,3.398966091889346,0.04202734561578625,-5.533921876824167,-0.8194955788303756,70.66550964454086,25.189374510720036,0.6916264238017531,0.6079646017698921,36.87302952135286,22,6,NY,bear,trending,0.4049938778625609,1
XRP-USDT-SWAP,2026-06-07 23:00:00+00:00,-108.17358856000008,0,r023_master_trades.csv,27.0,0.8402560997502427,3.1915188447555067,0.03744932481154134,-3.15046343626128,-0.48450668178004525,61.96987901345486,23.322206641410716,0.7964601769911415,0.11111111111112482,30.645161290322758,22,6,NY,bear,mixed,0.353224464581616,1
DOGE-USDT-SWAP,2026-06-08 00:00:00+00:00,-119.04032400000008,0,r023_master_trades.csv,18.0,0.6926275016759399,0.9445837609354085,0.032972323345946124,-3.8761254645146646,-0.5926085944561534,65.28538625943348,22.513964188158898,4.4215697742426086,0.3994708994708982,28.6637931034482,23,6,NY,bear,mixed,0.35525523848550833,0
LINK-USDT-SWAP,2026-06-08 00:00:00+00:00,-119.93660369014115,0,r023_master_trades.csv,23.0,0.7889808843843736,0.7178201438144539,0.04066418173810037,-2.7255640972063255,-0.5180246932292888,67.64077981503702,25.647826231529006,4.804383840958325,0.48541114058355656,23.818897637795228,23,6,NY,bear,trending,0.36127034401608177,0
XRP-USDT-SWAP,2026-06-08 00:00:00+00:00,-134.52655299999546,0,r023_master_trades.csv,23.0,0.8374646301801831,0.7054080823832108,0.03894980100490913,-2.870240511169028,-0.4516609002032909,62.981874350748306,24.28957552046559,3.819444444444448,0.5,25.806451612903224,23,6,NY,bear,mixed,0.351594818672869,0
BTC-USDT-SWAP,2026-06-08 00:00:00+00:00,-120.98448263418942,0,r023_master_trades.csv,32.0,0.6354260566800671,0.8012004505069391,0.030790376070044576,-3.542624524287567,-0.5594335387366949,65.66598629324952,23.803021441761796,4.3154281130685135,0.3992992808408619,33.721821806471404,23,6,NY,bear,mixed,0.37470673063432036,0
SOL-USDT-SWAP,2026-06-08 01:00:00+00:00,-117.02201791428504,0,r023_master_trades.csv,24.0,0.865102744547754,0.9285177288235474,0.044497949456282715,-5.776897051569611,-0.8143667123869517,65.85429940847757,25.01745284853775,1.3391513692446595,0.7752808988764014,28.571428571428758,0,0,Asia,bear,trending,0.42061425174111605,1
DOGE-USDT-SWAP,2026-06-08 04:00:00+00:00,-141.65043513513675,0,r023_master_trades.csv,15.0,0.6987558532750264,0.4477819144984314,0.04121005426702566,-4.119320900295474,-0.5158766561463181,60.98367023496205,23.519444978349814,0.6523765144454857,0.3214285714285679,36.58008658008652,3,0,Asia,bear,mixed,0.4754066491468666,1
BTC-USDT-SWAP,2026-06-08 07:00:00+00:00,170.69608342989588,1,r023_master_trades.csv,27.0,0.6384429509804413,0.7059578577520482,0.04174433557447719,-3.8098149165949238,-0.40517128143657377,57.923988470765835,26.64683861659226,0.6745126040776843,0.2065217391304361,44.26314982364659,6,0,Asia,bear,trending,0.4980022968412243,1
BTC-USDT-SWAP,2026-06-08 13:00:00+00:00,-109.64146847157792,0,r023_master_trades.csv,35.0,0.6131263152941586,2.3595120960650853,0.04367091537674441,-2.305984692623073,-0.34672265954892906,64.08905209052409,28.580521444021954,1.3280815321641275,0.38594825539995836,17.712007360834228,12,0,London,bear,trending,0.41293318538911394,1
BTC-USDT-SWAP,2026-06-08 15:00:00+00:00,-128.2423774380068,0,r023_master_trades.csv,33.0,0.6137502322349246,0.9454748975455065,0.04391125466910789,-2.1052225686877875,-0.3113972073301034,64.36145621638474,28.508066173845442,0.9529145343006927,0.1806653491436039,14.586719828247158,14,0,London,bear,trending,0.39746214344358516,1
ETH-USDT-SWAP,2026-06-08 20:00:00+00:00,141.48716763005842,1,r023_master_trades.csv,12.0,0.5462984128796712,0.48900932494681926,0.029439481737307413,-3.9295858115659095,-0.40657471405990575,58.254749309905435,30.42062333995359,0.8340016038492495,0.14814814814814095,40.81451969898164,19,0,NY,bear,trending,0.4496315964697828,1
SOL-USDT-SWAP,2026-06-08 21:00:00+00:00,-121.55499314285376,0,r023_master_trades.csv,1.0,0.6206477399072662,0.9168730774672478,0.04325378228068646,-3.642476404395672,-0.42441133271808706,62.66031980246175,26.59022584202573,0.8306140611094665,0.053571428571430386,11.888111888112011,20,0,NY,bear,trending,0.34521354485805256,1
SOL-USDT-SWAP,2026-06-09 00:00:00+00:00,-166.6533400000018,0,r023_master_trades.csv,1.0,0.6084098059934934,0.6227183758089135,0.044638422007498145,-4.455336308665531,-0.4018973070701516,53.96271026967004,25.42279700735506,0.9532320524277638,0.4531250000000094,41.925465838509155,23,0,NY,bear,trending,0.37383334063195744,1
DOGE-USDT-SWAP,2026-06-09 00:00:00+00:00,-173.8183377142821,0,r023_master_trades.csv,2.0,0.5220044609837601,0.9551107215184972,0.034077664187062304,-3.008462246536621,-0.26253004889748904,53.01683381905839,24.98686069375905,0.5635422656699302,0.08163265306122044,37.812499999999986,23,0,NY,bear,mixed,0.364178997204353,1
SOL-USDT-SWAP,2026-06-09 05:00:00+00:00,-109.9245134499988,0,r023_master_trades.csv,9.0,0.7471729790139795,1.5065007164021966,0.037598802353421765,-3.9382070484597076,-0.4647340838763805,55.896465246752385,21.524003075445563,0.666868748105483,0.25,40.206185567010415,4,1,Asia,bear,mixed,0.38198965368030935,1
DOGE-USDT-SWAP,2026-06-09 05:00:00+00:00,-113.8440268648642,0,r023_master_trades.csv,9.0,0.6015414322751631,1.396664087338078,0.03177313678981661,-2.9841009812385773,-0.3259969236558971,53.01799473229309,20.712498591832407,0.6566604127579633,0.03571428571429722,45.791245791245785,4,1,Asia,bear,mixed,0.38881217906781557,1
SOL-USDT-SWAP,2026-06-09 07:00:00+00:00,-164.5060835571475,0,r023_master_trades.csv,4.0,0.7133839917174165,0.515444879847508,0.03617847058495978,-3.7945973278086798,-0.46563956208564866,55.916387218014656,20.517779728749108,1.0126582278480902,0.26470588235295406,38.48797250859127,6,1,Asia,bear,mixed,0.3782590372888238,1
BTC-USDT-SWAP,2026-06-10 16:00:00+00:00,-114.27278399591104,0,r023_master_trades.csv,69.0,0.45329275099744976,2.5134900479286215,0.025572311818837144,-2.35326843451116,-0.4017017489737487,61.19306669336121,26.412088734093714,0.7143764849331043,0.12136906102229596,10.971345533808579,15,2,London,bear,trending,0.3659957821202529,1
BTC-USDT-SWAP,2026-06-11 12:00:00+00:00,-139.9507236928631,0,r023_master_trades.csv,1.0,0.37134460072241554,1.0389960320909732,0.03684751814233481,-1.1014755348776761,-0.1692289793644691,65.50455985673047,27.664232386703354,0.676966959828852,0.4988295880149813,7.531668808518399,11,3,London,bear,trending,0.41952705945822927,4
BTC-USDT-SWAP,2026-06-11 13:00:00+00:00,-122.07950204113564,0,r023_master_trades.csv,13.0,0.3420069752228156,2.654628704600904,0.03816182997438988,-1.259104836566358,-0.15421969143518752,62.70415142556355,27.029722069145507,0.36004756242568137,0.13210039630118975,12.511474205984904,12,3,London,bear,trending,0.3563613755493344,1
DOGE-USDT-SWAP,2026-06-11 14:00:00+00:00,-131.08669293877537,0,r023_master_trades.csv,6.0,0.5014698130629399,1.1130744748356525,0.0493998964209427,-2.2150845450467234,-0.2308714917947144,55.67531025610422,20.699546406496005,1.2980882700023646,0.46363636363637156,15.466666666666947,13,3,London,bear,mixed,0.3971093193917454,1
SOL-USDT-SWAP,2026-06-11 16:00:00+00:00,185.8421428571429,1,r023_master_trades.csv,17.0,0.6651055662050407,1.356489145981291,0.06262915655744447,-2.9865391344780794,-0.3367162635877724,57.23346993348242,25.39111790157041,1.2249272699433427,0.22499999999999157,17.223650385604124,15,3,London,bear,trending,0.4489568530762369,1
DOGE-USDT-SWAP,2026-06-11 18:00:00+00:00,195.4715254237288,1,r023_master_trades.csv,40.0,0.6093731477950003,3.0504211902262743,0.0442518535942305,-0.14175096899640754,-0.20131324094716865,68.68537785204258,21.68118241707389,0.6376948512045333,0.42592592592591594,2.5896414342630445,17,3,NY,bear,mixed,0.5391169857694184,1
BTC-USDT-SWAP,2026-06-11 18:00:00+00:00,194.03560863573725,1,r023_master_trades.csv,37.0,0.45183536440073374,3.149795420996809,0.03594966000077145,-0.1763241187953633,-0.126630884925869,67.25161621811566,24.607611493679965,0.4713029576338859,0.5902306648575393,2.0653714986397484,17,3,NY,bear,mixed,0.47860134953989864,1
ETH-USDT-SWAP,2026-06-11 18:00:00+00:00,196.2928586609989,1,r023_master_trades.csv,55.00000000000001,0.7307466210650388,4.0332843444977415,0.03873553337033256,-0.7379564409060339,-0.27484979023370204,65.76437890965731,20.287590356678628,0.7078004490871759,0.5034482758620659,5.65236818588019,17,3,NY,bear,mixed,0.5124637469801325,1
SOL-USDT-SWAP,2026-06-11 18:00:00+00:00,196.08075471698115,1,r023_master_trades.csv,46.0,0.7867094835425392,2.7073666472147724,0.05851721250149925,-0.5499492491577194,-0.2953688323893405,68.66308700175726,27.191349935913383,0.7652280379553107,0.3400000000000034,0.6198347107438256,17,3,NY,bear,trending,0.5362023596194303,1
XRP-USDT-SWAP,2026-06-11 20:00:00+00:00,-120.45196059999896,0,r023_master_trades.csv,50.0,0.7313274294428191,1.0168963984496042,0.0372101516831341,-0.9617278200790008,-0.2897463971558843,65.25071163963418,20.30496012701075,1.1443661971831096,0.15384615384615252,12.72727272727255,19,3,NY,bear,mixed,0.36008528148797386,1
LINK-USDT-SWAP,2026-06-11 20:00:00+00:00,-135.6019454500001,0,r023_master_trades.csv,34.0,0.7753474541752473,1.0030995768417406,0.04250809989369765,0.01882277542284306,-0.144807416288328,63.29959007378085,19.310854377940494,0.8078767987881855,0.07812499999999827,9.647058823529482,19,3,NY,bear,mixed,0.3631839632733202,1
SOL-USDT-SWAP,2026-06-11 20:00:00+00:00,-136.35636999999966,0,r023_master_trades.csv,40.0,0.8051364971305189,0.8715545158490162,0.04902791056053129,-0.8859912250589882,-0.24523114909747565,65.2035567632798,30.29845635389283,1.018421446757536,0.5147058823529486,10.952380952380816,19,3,NY,bear,trending,0.3675857163105266,1
ETH-USDT-SWAP,2026-06-11 20:00:00+00:00,-158.3766048936209,0,r023_master_trades.csv,47.0,0.7416959915934948,1.0195810771927731,0.03687116303115187,-1.152902263336691,-0.24263409306814454,61.96659309878185,23.58810198080289,0.886512180629832,0.31836461126005206,18.990775908844267,19,3,NY,bear,mixed,0.3971855267419093,1
XRP-USDT-SWAP,2026-06-12 02:00:00+00:00,172.5440000000006,1,r023_master_trades.csv,15.0,0.6740778066654056,0.4593333121076074,0.04603039265598717,-1.2373172142405082,-0.1512361275324936,59.81039636553545,26.572796875117383,0.7011393514461005,0.12499999999998612,23.404255319148756,1,4,Asia,bear,trending,0.5273825019086902,1
DOGE-USDT-SWAP,2026-06-12 05:00:00+00:00,-125.53777983606322,0,r023_master_trades.csv,2.0,0.5614552993276043,1.352585681818236,0.03509121534684315,0.20651737510099555,-0.05615805064757514,67.00113794399694,27.90599562644145,0.49688005546568037,0.44186046511630156,4.5138888888890545,4,4,Asia,bear,trending,0.4673651726279095,4
XRP-USDT-SWAP,2026-06-12 09:00:00+00:00,-120.43396239999988,0,r023_master_trades.csv,4.0,0.7149042054915545,0.9902752805320945,0.0424454003333785,-0.9814925307981707,-0.1164901441507933,56.89918345076835,26.76901593780177,0.7060900264783766,0.6250000000000139,19.148936170212576,8,4,London,bear,trending,0.470015994671519,4
XRP-USDT-SWAP,2026-06-12 15:00:00+00:00,-110.2109847999996,0,r023_master_trades.csv,24.0,0.5361122885729183,2.3049153518976735,0.01802436900875978,-0.3987034342901479,-0.12264126517578912,58.41029265317312,24.63267998987616,0.9734513274336195,0.45454545454546924,15.384615384615385,14,4,London,bear,mixed,0.42652943798714316,1
SOL-USDT-SWAP,2026-06-12 15:00:00+00:00,-109.2778473538469,0,r023_master_trades.csv,11.0,0.5608927021417924,2.707677083604146,0.021319169595205918,0.7512279229477762,-0.088799049585988,65.26361346402322,22.593789763913264,0.9599520023998809,0.10937499999998924,3.864734299516839,14,4,London,bear,mixed,0.36560780352159133,1
BTC-USDT-SWAP,2026-06-12 15:00:00+00:00,190.5219017432638,1,r023_master_trades.csv,16.0,0.40495698618374215,2.3664524853374655,0.014797984615231395,0.45258532763355014,-0.03774667578826421,60.59337843753867,20.736672486970036,0.7981707268828797,0.46669310071372083,1.8007304850078287,14,4,London,bear,mixed,0.5176343733017512,4
LINK-USDT-SWAP,2026-06-12 15:00:00+00:00,-108.16543215028877,0,r023_master_trades.csv,13.0,0.6157090857667527,2.7493785393567305,0.023104228802744865,0.4644332891502857,-0.08613592733582995,59.59016320227929,15.182560588336429,1.422347514095344,0.7027027027026932,6.896551724137931,14,4,London,bear,ranging,0.42865789673802895,0
BCH-USDT-SWAP,2026-06-12 15:00:00+00:00,-108.73341828571448,0,r023_master_trades.csv,9.0,0.665818533341187,1.73103092271229,0.024126317329125565,-6.062195304006508,-0.7589710895593985,59.82659110116762,26.99354911008842,1.8253576714356277,0.43243243243243656,40.229885057471314,14,4,London,bear,trending,0.40761964629815783,1
DOGE-USDT-SWAP,2026-06-12 15:00:00+00:00,-104.3328513606552,0,r023_master_trades.csv,100.0,0.9725828149915531,8.099543391540156,0.04742599173636077,4.332819445273479,0.021622068540312015,77.19291278133382,25.879694696358435,0.8279668813247453,0.013888888888883535,25.672043010752617,14,4,London,bull,trending,0.4634772907503756,3
BTC-USDT-SWAP,2026-06-12 17:00:00+00:00,-124.20352792476572,0,r023_master_trades.csv,39.0,0.4382268530486755,1.3605490488860406,0.016026190760540248,0.4183389802292919,-0.017848480980195848,58.53310146334028,21.207425101257865,1.3499737273496808,0.47337140193450833,27.39708514446468,16,4,NY,flat,mixed,0.4269784157303969,4
XRP-USDT-SWAP,2026-06-13 02:00:00+00:00,-140.8439211999988,0,r023_master_trades.csv,1.0,0.6156234449192102,0.7012358893498526,0.02043707451987914,-0.9173636248815958,-0.15730846777708482,54.84639036383218,26.051139487647827,0.4413062665489952,0.39999999999999114,56.25,1,5,Asia,bear,trending,0.518027636439731,5
LINK-USDT-SWAP,2026-06-13 07:00:00+00:00,183.49379310344824,1,r023_master_trades.csv,2.0,0.7275769417759436,0.7561344396179722,0.021261328379551376,0.0033021851835275348,-0.04737791782863248,55.65474860228054,12.510137074575539,0.4949866734357114,0.1538461538461381,38.69565217391291,6,5,Asia,bear,ranging,0.5616937938762806,4
XRP-USDT-SWAP,2026-06-13 07:00:00+00:00,177.16000000000005,1,r023_master_trades.csv,1.0,0.5603208943844541,0.4689385021926299,0.01600816063494782,-1.1089439865301136,-0.14543495609460877,52.7345801697981,26.120014197683656,0.4420866489832109,0.19999999999997337,65.62500000000034,6,5,Asia,bear,trending,0.5535597032345959,5
DOGE-USDT-SWAP,2026-06-13 08:00:00+00:00,182.4799999999997,1,r023_master_trades.csv,62.0,1.267110153671895,0.6881769584637837,0.05014329584312272,0.24758144204050006,-0.05433358989620485,53.143085105569554,31.585142886328764,0.8085008085008156,0.6571428571428544,78.75722543352602,7,5,Asia,bear,trending,0.5651824639403878,6
BTC-USDT-SWAP,2026-06-13 08:00:00+00:00,156.07272311212705,1,r023_master_trades.csv,1.0,0.38139667974422664,0.7026252892446514,0.012206990757517765,0.2209115145012199,-0.010746013166453856,56.98469431677368,16.59244258223246,0.30799225780930595,0.7410805300713467,41.07194662024962,7,5,Asia,flat,ranging,0.6423951871122954,4
LTC-USDT-SWAP,2026-06-13 09:00:00+00:00,177.1217391304345,1,r023_master_trades.csv,5.0,0.5396493516766575,1.2648373541377174,0.02268530635283559,0.017518999949644357,-0.07719044751814377,63.65061579358636,18.226248293526123,0.7131354957441967,0.5161290322580497,15.652173913043473,8,5,London,bear,mixed,0.5050608900440561,4
ARB-USDT-SWAP,2026-06-13 09:00:00+00:00,-115.2865,0,r034_trade_log.csv,12.0,0.9488851454502085,0.863764292702114,0.035021537512622596,1.7038134655609252,0.047703325458514495,63.198708447514484,23.709639714398147,1.634750116767864,0.4357142857142858,15.690866510538747,8,5,London,bull,mixed,0.4220795879461742,0
SOL-USDT-SWAP,2026-06-13 12:00:00+00:00,184.79777777777795,1,r023_master_trades.csv,2.0,0.46743594519405657,1.099514376977846,0.024602803744163505,0.8192642247530619,-0.02571299255581726,62.58888448281371,26.906580473468146,0.44516990651431537,0.20000000000000948,17.045454545454334,11,5,London,bear,trending,0.5079607916511675,4
BTC-USDT-SWAP,2026-06-13 12:00:00+00:00,142.0640542577261,1,r023_master_trades.csv,1.0,0.21227809466400543,0.7636685562881638,0.010334485953948994,0.4048946773444604,0.0021376205170913778,59.24423102967171,18.619340759487187,0.32598917339802963,0.49807692307695106,20.7425343018559,11,5,London,flat,mixed,0.6021258763291086,4
XRP-USDT-SWAP,2026-06-13 13:00:00+00:00,-125.81992375000128,0,r023_master_trades.csv,3.0,0.2473986290151414,1.2692045261924474,0.024002580586377966,0.3887754160920382,-0.07447871607334008,66.49392741292958,32.23262882008247,0.5226480836236939,0.6666666666666666,6.896551724137905,12,5,London,bear,trending,0.4544737834694026,4
BTC-USDT-SWAP,2026-06-13 13:00:00+00:00,-152.94614599907936,0,r023_master_trades.csv,2.0,0.1784078927867464,2.029146715673148,0.011368311997522947,0.6551880446110981,0.009739040145782382,62.6013971449789,20.040238060100624,0.21115261172319297,0.9548148148148256,10.636277302943778,12,5,London,flat,mixed,0.44008741276740454,4
DOGE-USDT-SWAP,2026-06-13 13:00:00+00:00,-119.54694000000028,0,r023_master_trades.csv,38.0,0.46653626900514056,1.522809614328392,0.03312257657170943,1.9307588503944477,0.020845472998287547,63.833096568610515,34.02158945975493,0.8077360637087625,0.8873239436619768,15.142857142856869,12,5,London,bull,trending,0.45471933512252277,7
LINK-USDT-SWAP,2026-06-13 13:00:00+00:00,-141.04961491428165,0,r023_master_trades.csv,1.0,0.2935945255886735,1.479552412262729,0.027635064946531937,1.052519206714836,0.02167902854588716,63.75755803658397,19.66429971966587,0.45090180360722043,0.7499999999999938,9.813084112149097,12,5,London,bull,mixed,0.4733838870480195,4
WIF-USDT-SWAP,2026-06-13 13:00:00+00:00,-118.1594,0,r034_trade_log.csv,4.0,0.5565205733142954,2.036539765732806,0.04686630272906896,1.7274222877018561,0.025719153196711416,64.7505548279215,26.1821594866604,1.5309246785058188,0.8800000000000022,13.513513513513493,12,5,London,bull,trending,0.4099035056074133,0
BCH-USDT-SWAP,2026-06-13 14:00:00+00:00,-141.59584599999894,0,r023_master_trades.csv,1.0,0.4937735201565094,0.7787194923461367,0.043554642463499334,-3.7622891303763213,-0.4971788105971417,64.32130151602081,22.862782031215538,0.672753483901973,0.21428571428570123,5.88235294117647,13,5,London,bear,mixed,0.4652156261652561,1
BTC-USDT-SWAP,2026-06-13 14:00:00+00:00,-161.0544198419094,0,r029_fvg_low_atr_1h_9sym_trades.csv,1.0,0.17398626296966996,1.6574188892677653,0.012518220957517121,0.6038568130901144,0.018581079138227714,61.638827896905596,21.443092608290804,0.4787951025298626,0.5330726621049129,16.943902718825697,13,5,London,flat,mixed,0.49212467166088353,4
SOL-USDT-SWAP,2026-06-13 16:00:00+00:00,-128.57249730232778,0,r023_master_trades.csv,3.0,0.3210505328254221,1.617375693320566,0.035175331005986465,1.7640518208721045,0.056026252550112454,69.54818129093586,32.831171911578664,0.6594372801875775,0.5999999999999873,5.7522123893803165,15,5,London,bull,trending,0.4849846827848683,7
BTC-USDT-SWAP,2026-06-13 16:00:00+00:00,-185.8882512834001,0,r023_master_trades.csv,1.0,0.15823576908675924,1.7358864380820327,0.016237836645058,0.889776591273758,0.04028352363239053,65.56863906150329,24.29117754959348,0.23305956105038597,0.8021390374331628,5.161357054199556,15,5,London,bull,mixed,0.4741945556672656,4
BCH-USDT-SWAP,2026-06-13 17:00:00+00:00,-153.05184314285194,0,r023_master_trades.csv,2.0,0.5099048608696444,1.5339858371620358,0.048344999519031456,-4.432427779903184,-0.42736154329877957,55.35488263979237,24.72650268165413,0.5755395683453183,0.08333333333332939,29.999999999999872,16,5,NY,bear,mixed,0.45145590612567427,1
LINK-USDT-SWAP,2026-06-13 17:00:00+00:00,-129.8320224999995,0,r023_master_trades.csv,3.0,0.2899917459326922,2.8252798360252305,0.029499454065653657,0.8109218478316085,0.07574528563380853,58.740049648360426,24.464416302936847,0.5360927565141522,0.3488372093023376,21.68141592920371,16,5,NY,bull,mixed,0.4925583693608209,4
XRP-USDT-SWAP,2026-06-13 17:00:00+00:00,-151.48985649999614,0,r023_master_trades.csv,7.000000000000001,0.3094544971577849,2.3602007314179314,0.03077283133821823,-0.14455979903162022,-0.006822204462690843,55.72921645524078,36.652804131738854,0.7785467128027592,0.11111111111110014,38.23529411764673,16,5,NY,flat,trending,0.42116191048694207,4
DOGE-USDT-SWAP,2026-06-13 18:00:00+00:00,152.11999999999955,1,r023_master_trades.csv,6.0,0.3973949656036432,1.0025232886385078,0.03958895546345894,0.7694926973163632,0.11091153033000063,52.94587156875337,36.413450499008825,0.9787185615113232,0.5116279069767397,37.654320987654366,17,5,NY,bull,trending,0.5416759700383573,5
LTC-USDT-SWAP,2026-06-13 18:00:00+00:00,123.41821518698188,1,r023_master_trades.csv,5.0,0.3111821137236078,0.612005943907668,0.028849200822419107,-0.10497246559048588,0.031024887063751956,54.60500000387499,28.863186000219148,0.844941767526843,0.6216216216216247,39.51612903225816,17,5,NY,bull,trending,0.573902662425875,5
XRP-USDT-SWAP,2026-06-13 19:00:00+00:00,-168.63314199999738,0,r023_master_trades.csv,5.0,0.3100975996263479,0.67574356147463,0.028146005181928377,-0.22533029039535946,-0.0006583494908065261,54.42826284453352,35.182801034423164,0.6993006993007,0.3750000000000139,42.424242424242564,18,5,NY,flat,trending,0.48675786914669467,5
BCH-USDT-SWAP,2026-06-13 19:00:00+00:00,158.55999999999963,1,r023_master_trades.csv,2.0,0.48600224206949244,0.4318716921848862,0.04564622878115942,-4.436576303351032,-0.42427430411318123,54.14158364756933,23.122364887839694,1.0189228529839855,0.33333333333334236,32.222222222222285,18,5,NY,bear,mixed,0.5015953190423104,4
LTC-USDT-SWAP,2026-06-13 20:00:00+00:00,159.4861538461524,1,r023_master_trades.csv,1.0,0.31067897648907944,0.5880005576768773,0.024270639862532625,0.2586839538848397,0.03565171784092923,58.322841307687604,28.03638674498168,0.38937242327071603,0.4117647058823259,28.205128205128627,19,5,NY,bull,trending,0.5677011884698104,4
BTC-USDT-SWAP,2026-06-13 20:00:00+00:00,148.7087193098862,1,r023_master_trades.csv,4.0,0.18998725177869877,0.9435763183946356,0.015833773087964898,0.8657515949274275,0.059457369735087674,62.178246802074035,24.238425351847724,0.495138287835193,0.57133858267717,5.757182976885153,19,5,NY,bull,mixed,0.5457870857057765,4
BTC-USDT-SWAP,2026-06-13 20:00:00+00:00,-135.96772868080853,0,r029_fvg_low_atr_1h_9sym_trades.csv,4.0,0.18998725177869877,0.9435763183946356,0.015833773087964898,0.8657515949274275,0.059457369735087674,62.178246802074035,24.238425351847724,0.495138287835193,0.57133858267717,5.757182976885153,19,5,NY,bull,mixed,0.5457870857057765,4
SOL-USDT-SWAP,2026-06-13 22:00:00+00:00,-111.85920457692332,0,r023_master_trades.csv,13.0,0.44090565228645884,2.193643393197291,0.039650864216779325,2.6757711247990983,0.13053819659972418,71.7534758770067,36.96697206728919,0.3516998827666983,0.2916666666666445,11.290322580645405,21,5,NY,bull,trending,0.39557244333482067,7
BTC-USDT-SWAP,2026-06-13 22:00:00+00:00,-145.6667850951454,0,r023_master_trades.csv,10.0,0.18706458720260882,2.7129910214979582,0.017776771370379623,1.1223919658730188,0.07302096834827115,65.65766131244224,26.37989429879246,0.10116747263419865,0.1953846153845706,22.60516605166073,21,5,NY,bull,trending,0.3608648309586988,4
LTC-USDT-SWAP,2026-06-13 22:00:00+00:00,-123.27767799999806,0,r023_master_trades.csv,9.0,0.32742095573109925,1.5494560898416303,0.02648608775323954,1.249141914963881,0.04859492534457877,67.02858553475536,29.465557460027725,0.5243958048335542,0.43478260869566426,11.940298507462463,21,5,NY,bull,trending,0.41125460829447824,7
DOGE-USDT-SWAP,2026-06-13 22:00:00+00:00,-128.7164067999975,0,r023_master_trades.csv,2.0,0.3553189631285849,0.8437475278566406,0.0353463827489507,1.3754100094094748,0.12420086147055176,58.3229601931381,34.926983630367296,0.2967697751398359,0.15384615384614153,21.56862745098024,21,5,NY,bull,trending,0.4682971072015908,4
XRP-USDT-SWAP,2026-06-13 22:00:00+00:00,-122.91771399999858,0,r023_master_trades.csv,5.0,0.3128447573453426,1.336346429277314,0.026453785076208942,0.21232832123856005,0.006214819621549558,58.68055332580713,34.469294681864135,0.2620087336244641,0.666666666666642,28.124999999999655,21,5,NY,flat,trending,0.4477957176145982,4
LINK-USDT-SWAP,2026-06-13 22:00:00+00:00,-122.07872098461344,0,r023_master_trades.csv,8.0,0.2626995369247637,1.41157661939808,0.02281965870414945,1.1241766527071524,0.0895267914598631,61.85089643652971,23.555742639859588,0.32589621459012036,0.23076923076924127,17.91044776119466,21,5,NY,bull,mixed,0.39197658906699234,4
DOGE-USDT-SWAP,2026-06-13 23:00:00+00:00,-165.73093224999417,0,r029_fvg_low_atr_1h_9sym_trades.csv,2.0,0.355644294574048,0.42156509482991733,0.034014239186283726,0.9971515890239954,0.11480527857773533,54.39248189980913,35.31883194734304,1.1348161597821163,0.5,32.026143790849574,22,5,NY,bull,trending,0.49115013073079083,5
PEPE-USDT-SWAP,2026-06-13 23:00:00+00:00,-173.1327,0,r034_trade_log.csv,2.0,0.38883605347523753,0.4764738513789743,0.02749533081857851,0.14503627052442203,0.026883186714875835,54.93983362703546,23.83547157258668,1.4669926650366667,0.40476190476190715,35.71428571428547,22,5,NY,bull,mixed,0.49349067696699256,4
SOL-USDT-SWAP,2026-06-13 23:00:00+00:00,-118.3751832238812,0,r032_all_variants_trades.csv,13.0,0.4277924807831027,1.0420170776596027,0.0408717681578381,2.105253165837907,0.14267699266493633,64.96315110141902,38.83702077004003,1.9939315127871633,0.7028985507246391,23.2258064516128,22,5,NY,bull,trending,0.40226978598506535,7
DOGE-USDT-SWAP,2026-06-14 01:00:00+00:00,65.4238448374204,1,r023_master_trades.csv,1.0,0.3499134294573952,0.4866953608568116,0.027312415224641395,0.8059747595940087,0.10232686459793133,52.39299456244722,35.30553599983918,0.35291438979964107,0.09677419354839287,36.928104575163225,0,6,Asia,bull,trending,0.540322944839582,5
AVAX-USDT-SWAP,2026-06-14 02:00:00+00:00,-163.35682757894313,0,r023_master_trades.csv,1.0,0.352146145201829,0.7009331615471603,0.01965597481430351,-2.330901450980066,-0.23184409872899825,55.538504700554164,30.971826150671372,0.3882335374048184,0.6153846153845997,33.99014778325116,1,6,Asia,bear,trending,0.5260103556091742,4
LINK-USDT-SWAP,2026-06-14 02:00:00+00:00,-184.02817486818543,0,r023_master_trades.csv,2.0,0.2625616469268506,1.0291210392587826,0.012290271785797164,0.45936164090147874,0.06920491114506849,52.165673740285726,24.71917448990297,0.3391959798994992,0.7407407407407541,45.549738219895445,1,6,Asia,bull,mixed,0.5684263120697605,5
DOGE-USDT-SWAP,2026-06-14 03:00:00+00:00,-180.90465843667496,0,r023_master_trades.csv,1.0,0.33689751216123154,0.6210214408986068,0.018909732798517046,1.072873373117635,0.0947202088370404,55.273828313919545,35.239673004317936,0.48980521699510166,0.32558139534884023,36.97478991596615,2,6,Asia,bull,trending,0.5788610537001243,5
ATOM-USDT-SWAP,2026-06-14 04:00:00+00:00,-143.7056,0,r034_trade_log.csv,1.0,0.3396374008073696,0.8222336924097896,0.03331469229554891,3.8344724534060495,0.41432231913176965,43.122297157157085,20.481589694151534,0.61506919528447,0.8333333333333334,73.84615384615397,3,6,Asia,bull,mixed,0.6503082292997695,5
LINK-USDT-SWAP,2026-06-14 04:00:00+00:00,-171.56156376428638,0,r023_master_trades.csv,1.0,0.22348773033010286,0.9230888132037511,0.010421426460935981,0.3639591240944073,0.060330723112235765,50.85943320938509,25.078809302911818,0.6283775292195529,0.18000000000000746,83.18584070796534,3,6,Asia,bull,trending,0.5501571653381673,5
SOL-USDT-SWAP,2026-06-14 06:00:00+00:00,-151.03990149999777,0,r023_master_trades.csv,4.0,0.4474004646681984,1.616214247985622,0.026808163372634117,1.0439880124997418,0.186377684931569,51.53162735904811,40.8158794125251,0.8614396262227906,0.6949152542373191,59.210526315789814,5,6,Asia,bull,trending,0.5350129364920564,5
LTC-USDT-SWAP,2026-06-14 06:00:00+00:00,-146.59064058823677,0,r023_master_trades.csv,10.0,0.3160251318641197,0.8190326746105687,0.024849016973619305,0.9516168034162628,0.13062135289646243,57.76068241697428,35.70477629210667,0.8837525492862011,0.7435897435897403,46.01769911504442,5,6,Asia,bull,trending,0.5454742951190772,5
DOGE-USDT-SWAP,2026-06-14 06:00:00+00:00,-138.3303189268288,0,r023_master_trades.csv,2.0,0.34846398914549254,0.9654097989130868,0.014107939439727156,0.7017376030138437,0.09683577218989849,50.66023606952214,32.902710122752055,0.7994518044769371,0.6857142857142715,69.00584795321627,5,6,Asia,bull,trending,0.5652236890305202,5
BTC-USDT-SWAP,2026-06-14 08:00:00+00:00,-151.858981018831,0,r005_attribution_trades.csv,3.0,0.17895562350922972,0.6716771357396257,0.0109825239483945,0.9617232606619345,0.10287141469154902,58.90699344266092,34.15791828222379,0.3725838080119548,0.2652464494569742,38.27670987930251,7,6,Asia,bull,trending,0.5668490025550053,4
LTC-USDT-SWAP,2026-06-14 08:00:00+00:00,-146.49535599999615,0,r023_master_trades.csv,1.0,0.3117878557505328,1.1058497937852414,0.023166441633302125,0.7289967357527825,0.12977931564037898,54.41705215309003,33.30284738202656,0.3854001360235813,0.05882352941175241,53.98230088495558,7,6,Asia,bull,trending,0.4507467631632992,5
LINK-USDT-SWAP,2026-06-14 10:00:00+00:00,-122.21184709375054,0,r023_master_trades.csv,3.0,0.24996072985244294,0.687033456545018,0.018310366849525642,0.14756107477628455,0.005050026124722097,49.99800133925312,17.651806659054547,0.4299443601416375,0.2352941176470542,63.636363636363825,9,6,London,flat,ranging,0.4830957543702781,5
LTC-USDT-SWAP,2026-06-14 10:00:00+00:00,-136.04003799999776,0,r023_master_trades.csv,2.0,0.3024919465459976,0.6534083757738631,0.02286080009650157,1.1199978624066633,0.12083260866508981,59.67938920981423,31.100021469745503,0.45330915684497475,0.44999999999997514,38.05309734513263,9,6,London,bull,trending,0.5637868140441532,4
DOGE-USDT-SWAP,2026-06-14 10:00:00+00:00,-120.31148114285762,0,r023_master_trades.csv,5.0,0.2702645182949736,1.287431994564312,0.014696088377303235,0.46949579320994234,0.06827902984262546,48.8098837483721,26.2592145390398,0.5047608122060455,0.06818181818182177,64.01869158878478,9,6,London,bull,trending,0.45179615587972427,5
XRP-USDT-SWAP,2026-06-14 10:00:00+00:00,-125.70743500000158,0,r023_master_trades.csv,3.0,0.2704835969219331,0.8884463532764361,0.011030962148238281,-0.04375635809526801,-0.005012564634555003,53.54921415670913,30.847092402681547,0.3493449781659392,0.24999999999997224,60.0,9,6,London,flat,trending,0.45369097446610696,5
SOL-USDT-SWAP,2026-06-14 10:00:00+00:00,-121.11789400000065,0,r005_attribution_trades.csv,2.0,0.4294533115868934,0.7887422769976331,0.020751457912695646,1.3409460314796962,0.14718414598559498,55.61606939187356,33.72824212271046,0.36651517372819237,0.1199999999999477,62.92134831460696,9,6,London,bull,trending,0.522384607817358,5
LTC-USDT-SWAP,2026-06-14 21:00:00+00:00,179.38769230769216,1,r023_master_trades.csv,3.0,0.2522476769610462,0.7459491053608781,0.014571349961947278,1.4771266700269408,0.06927164505516215,64.42181733381582,18.709425186544856,0.4301562146253061,0.7894736842105283,25.000000000000185,20,6,NY,bull,mixed,0.6493834967409261,4
XRP-USDT-SWAP,2026-06-14 22:00:00+00:00,195.5,1,r023_master_trades.csv,43.0,0.6065038212705464,4.90261495671845,0.031555069334869776,1.713317346637496,-0.09153659863198457,71.42746324621523,27.69720511686627,0.7915567282321808,0.5555555555555748,16.0,21,6,NY,bear,trending,0.5209588772568362,7
SOL-USDT-SWAP,2026-06-14 22:00:00+00:00,196.3150847457627,1,r023_master_trades.csv,45.0,0.7936570174776199,4.378851321189863,0.040672848222447815,3.765108652393355,0.03059481804392791,73.66479123015365,27.653761445928218,0.9447888987304408,0.34374999999999795,10.833333333333366,21,6,NY,bull,trending,0.4878283255989576,7
ETH-USDT-SWAP,2026-06-14 22:00:00+00:00,195.6729224489796,1,r023_master_trades.csv,43.0,0.6322084110499655,6.102534926545521,0.030733319806415478,1.9186961691527182,-0.10244110268040861,78.36281816257954,25.134166297940766,0.6972356165204169,0.4072164948453581,17.802788080316965,21,6,NY,bear,trending,0.5298567839532811,7
BTC-USDT-SWAP,2026-06-14 22:00:00+00:00,-108.88006933736762,0,r023_master_trades.csv,42.0,0.4752225373105061,5.92017422972858,0.02286256713296691,2.24516090652777,0.04152334626116405,71.42202905182643,27.567680570535792,0.4834716169491783,0.6666666666666745,19.73244147157179,21,6,NY,bull,trending,0.4552760088087724,7
BCH-USDT-SWAP,2026-06-14 22:00:00+00:00,196.8317073170732,1,r023_master_trades.csv,57.99999999999999,0.9979781081138939,3.0287722416006826,0.056382361499310266,-2.465446248664867,-0.5791949739004738,62.81449096750723,35.686459703194096,1.1976047904191645,0.6666666666666627,8.661417322834813,21,6,NY,bear,trending,0.4191629383355399,1
LINK-USDT-SWAP,2026-06-14 22:00:00+00:00,195.5002714932127,1,r023_master_trades.csv,42.0,0.6454932182245161,4.669949117615617,0.03216920610988264,1.8110908061272606,-0.08211216102937427,69.36788156565231,22.347252419887827,0.828236493374113,0.5076923076922966,20.441988950276144,21,6,NY,bear,mixed,0.5310020579226016,7
DOGE-USDT-SWAP,2026-06-14 22:00:00+00:00,-107.96641740101428,0,r023_master_trades.csv,25.0,0.5426505012359114,3.275786486442039,0.032105183385885645,1.7798260296185395,-0.046049992290086016,67.11870152120224,27.172411481447256,0.7854915097608873,0.3235294117647029,16.129032258064385,21,6,NY,bear,trending,0.4243367533111133,7
AVAX-USDT-SWAP,2026-06-14 22:00:00+00:00,-104.52632255384574,0,r023_master_trades.csv,65.0,0.950171914209818,3.2538624990276044,0.061001600576331715,-1.489186041707405,-0.4504937280008127,61.155892433306605,33.84089591905369,1.1310814998450498,0.38356164383561325,14.285714285714255,21,6,NY,bear,trending,0.4143394294354386,1
LTC-USDT-SWAP,2026-06-14 22:00:00+00:00,189.3317647058823,1,r023_master_trades.csv,30.0,0.3196252936203875,2.9257649130337193,0.019824387332649674,2.4122112853682016,0.08632681403828399,72.7871876537768,20.574399388135777,0.6981981981982034,0.7096774193548299,12.97709923664133,21,6,NY,bull,mixed,0.5110519668749646,7
LTC-USDT-SWAP,2026-06-14 23:00:00+00:00,185.63473684210535,1,r023_master_trades.csv,36.0,0.3389158271177244,2.307350061977171,0.027652450084042605,3.0207164695147144,0.11163112241399714,76.71747972123286,22.60518314853825,1.4948683623382455,0.626865671641792,2.7397260273972,22,6,NY,bull,mixed,0.4488110740778552,7
LTC-USDT-SWAP,2026-06-15 00:00:00+00:00,-113.04483041935444,0,r032_all_variants_trades.csv,37.0,0.35212957187244515,2.0931872873620443,0.03624828026920528,3.5547751444790507,0.14259729782847513,79.55652763572488,24.972909652858277,0.9090909090909172,0.6585365853658554,4.022988505747138,23,6,NY,bull,mixed,0.4026997209603948,7
XRP-USDT-SWAP,2026-06-15 01:00:00+00:00,-142.4997556000014,0,r023_master_trades.csv,49.0,0.6368725053020199,1.3660919280733388,0.05874887364353731,3.021082224005333,0.02970958459968164,76.12719212476394,32.455548548351075,1.6877637130801704,0.6,7.936507936507773,0,0,Asia,bull,trending,0.47351697502490603,3
XRP-USDT-SWAP,2026-06-15 01:00:00+00:00,191.5223529411764,1,r032_all_variants_trades.csv,49.0,0.6368725053020199,1.3660919280733388,0.05874887364353731,3.021082224005333,0.02970958459968164,76.12719212476394,32.455548548351075,1.6877637130801704,0.6,7.936507936507773,0,0,Asia,bull,trending,0.47351697502490603,3
BCH-USDT-SWAP,2026-06-15 02:00:00+00:00,130.72519083969738,1,r023_master_trades.csv,65.0,0.9540266650888577,0.9617367865658787,0.07237316184048309,-1.7891237333272778,-0.4129366104263243,62.46131003972602,31.555847219472202,0.9952606635071063,0.28571428571428376,14.56953642384099,1,0,Asia,bear,trending,0.4833058451261704,1
AVAX-USDT-SWAP,2026-06-15 03:00:00+00:00,167.56640000000044,1,r023_master_trades.csv,68.0,0.9739187160469581,0.5586093525588632,0.07032365035232671,-1.1446808814153826,-0.29235406197827873,59.34133296905925,29.69616538948666,0.9234435507893861,0.5967741935483917,16.363636363636395,2,0,Asia,bear,trending,0.5308834536361098,1
LTC-USDT-SWAP,2026-06-15 09:00:00+00:00,-189.60537965424925,0,r023_master_trades.csv,38.0,0.4153970963496953,0.47426924241670915,0.05274076295358037,2.7674205171442194,0.3131577532300928,59.95790297878234,33.34588014258767,0.5327413984461754,0.9583333333333419,22.043010752687994,8,0,London,bull,trending,0.45756743219771095,6
DOGE-USDT-SWAP,2026-06-15 10:00:00+00:00,178.1942857142859,1,r023_master_trades.csv,23.0,0.5331464678789618,0.8596140054382312,0.051811658543326755,1.6072224952271512,0.17786880731893395,59.20672159498068,29.01599754666832,0.6101694915254224,0.01851851851851138,17.847025495750515,9,0,London,bull,trending,0.47850102534617034,1
LTC-USDT-SWAP,2026-06-15 10:00:00+00:00,163.95999999999967,1,r023_master_trades.csv,44.0,0.4344327269485253,1.5902753967278442,0.05010907222012647,2.243391609406513,0.2999337642839067,54.40621690503442,31.629387967581447,0.46532240194992436,0.3333333333333333,33.87096774193563,9,0,London,bull,trending,0.4750046458327496,6
BCH-USDT-SWAP,2026-06-15 10:00:00+00:00,189.135,1,r023_master_trades.csv,52.0,0.954805769511406,0.7905487077073242,0.10502681063101346,0.7877865601292224,-0.07415946494020202,70.82359729137116,30.2590713764567,0.8446738620365944,0.5555555555555608,0.0,9,0,London,bear,trending,0.5228864581032378,3
LTC-USDT-SWAP,2026-06-15 11:00:00+00:00,-110.14799110000024,0,r023_master_trades.csv,87.0,0.5332701557939474,5.994640951081027,0.049315537216000016,3.8649696076991495,0.3063928302207697,65.74148628601876,32.372743041701,0.935203740814967,0.5,21.585903083700497,10,0,London,bull,trending,0.37993481999663054,3
ETH-USDT-SWAP,2026-06-15 11:00:00+00:00,189.03816857440168,1,r023_master_trades.csv,59.0,0.6425437831211208,2.6313680260929786,0.06362451539523868,2.765183638351244,0.18645641677821018,74.53153259880516,40.9269516615271,0.8877685863813388,0.11147540983606856,14.461773366779346,10,0,London,bull,trending,0.5425905720790083,3
LINK-USDT-SWAP,2026-06-15 11:00:00+00:00,192.4728888888889,1,r023_master_trades.csv,56.00000000000001,0.6944163791170601,2.704181759149635,0.08493869085643785,4.759056480370543,0.31930479223016417,76.45845402295895,37.05955023698037,0.8290660814435673,0.014705882352932725,0.5376344086021702,10,0,London,bull,trending,0.5281987477524985,3
XRP-USDT-SWAP,2026-06-15 11:00:00+00:00,190.29599999999996,1,r023_master_trades.csv,51.0,0.630828381953309,1.4684864170436225,0.07963605653906551,4.021659696737624,0.2938729621649351,77.6826704318366,44.28709807884245,0.7601351351351452,0.444444444444439,1.4285714285715874,10,0,London,bull,trending,0.5202545714298826,3
AVAX-USDT-SWAP,2026-06-15 11:00:00+00:00,189.99807228915668,1,r023_master_trades.csv,59.0,0.9647143977156408,1.4696301939457497,0.08540761244301369,0.4247961064274797,-0.06751172364511045,65.18427583475263,26.778064489382608,0.7397544015386865,0.21999999999998543,2.8806584362140413,10,0,London,bear,trending,0.515378367416678,1
DOGE-USDT-SWAP,2026-06-15 12:00:00+00:00,-122.29527624999962,0,r023_master_trades.csv,33.0,0.5295892235695356,2.6526855376649903,0.04885932113599489,2.8280509714774817,0.19344735982054426,69.93574324747699,29.954718940794614,1.1440107671601538,0.5980392156862779,10.050251256281353,11,0,London,bull,trending,0.43833407983121914,1
XRP-USDT-SWAP,2026-06-15 12:00:00+00:00,-105.86806778378362,0,r023_master_trades.csv,89.0,0.8198641459276123,4.280855576595251,0.08846618131782415,6.8996809414838935,0.33504612817742374,86.2267814736123,46.7330327634761,1.3355592654424053,0.875,0.9615384615385683,11,0,London,bull,trending,0.46984970338315585,3
LTC-USDT-SWAP,2026-06-15 12:00:00+00:00,-122.1491422162135,0,r023_master_trades.csv,95.0,0.5334832735298489,2.599653709406679,0.048994916694074964,4.1177104283375145,0.3189243479243387,67.30057733153858,33.063001324812014,2.8264680105170883,0.5736434108527151,15.85903083700436,11,0,London,bull,trending,0.42898573500391995,3
ETH-USDT-SWAP,2026-06-15 12:00:00+00:00,192.92973399014775,1,r023_master_trades.csv,66.0,0.6994109236928857,3.591574415614733,0.06674255802027643,4.325946867431802,0.21320750064429211,81.7096112008843,43.05811736851346,1.8698639208979049,0.5756082537727145,6.633059166887759,11,0,London,bull,trending,0.5513533289356957,3
ETH-USDT-SWAP,2026-06-15 12:00:00+00:00,-106.72838163883436,0,r032_all_variants_trades.csv,66.0,0.6994109236928857,3.591574415614733,0.06674255802027643,4.325946867431802,0.21320750064429211,81.7096112008843,43.05811736851346,1.8698639208979049,0.5756082537727145,6.633059166887759,11,0,London,bull,trending,0.5513533289356957,3
LINK-USDT-SWAP,2026-06-15 12:00:00+00:00,84.42196531792455,1,r023_master_trades.csv,73.0,0.7073386537106062,4.606794177577168,0.08384352449643363,4.348852621013731,0.33901064719211194,72.05264350420101,38.999258959047495,1.6560662426497046,0.9565217391304331,21.257485029940035,11,0,London,bull,trending,0.5262254614524705,3
BCH-USDT-SWAP,2026-06-15 12:00:00+00:00,-105.50137361643792,0,r023_master_trades.csv,100.0,1.2043429832216621,2.702974638825727,0.1398727428617936,6.86052412399943,0.06530973203617506,84.36810521783991,35.32539525636215,4.142278253039167,0.7826086956521736,1.2539184952978233,11,0,London,bull,trending,0.5208560260658106,3
XRP-USDT-SWAP,2026-06-15 13:00:00+00:00,188.4523076923076,1,r023_master_trades.csv,94.0,0.8191709991476879,2.8197417375137226,0.0958749080087897,7.2552624354458,0.3792474607911647,87.01413762289643,49.2546050068519,3.1655844155844277,0.8717948717948694,9.243697478991512,12,0,London,bull,trending,0.5373793020662044,3
ETH-USDT-SWAP,2026-06-15 13:00:00+00:00,187.4358669001752,1,r023_master_trades.csv,67.0,0.6994171289709813,1.8575946491112783,0.07019100888806715,5.027656716327213,0.24666491824688694,83.99374087526968,45.16280358278792,2.1518118879810415,0.7148880105401865,0.4123884867867433,12,0,London,bull,trending,0.5634853620415592,3
LINK-USDT-SWAP,2026-06-15 14:00:00+00:00,-111.59961515384626,0,r023_master_trades.csv,91.0,0.7246853511091291,2.006034178466865,0.08266711453446147,6.265474694168052,0.3911592908823503,79.53703191637145,42.500549779721084,0.9700598802395152,0.5679012345678969,6.901217861975666,13,0,London,bull,trending,0.3935735211928703,3
ETH-USDT-SWAP,2026-06-15 14:00:00+00:00,-108.07123192921703,0,r023_master_trades.csv,94.0,0.7819347077360603,4.656876666023051,0.08113150007844505,7.124890125572652,0.2990762015802633,88.46435614307524,47.82424860723841,0.9913363619475525,0.7245883021010732,8.094335150509515,13,0,London,bull,trending,0.46084656847732236,3
AVAX-USDT-SWAP,2026-06-15 14:00:00+00:00,-122.28777699999976,0,r023_master_trades.csv,79.0,0.9424477006014306,1.9630341824220026,0.08940125293629671,2.3810269749404607,0.02029724874205438,73.69530302735451,31.26766360732245,1.1263537906137226,0.26923076923076705,5.434782608695543,13,0,London,bull,trending,0.413490581072734,3
LINK-USDT-SWAP,2026-06-15 15:00:00+00:00,166.08800000000127,1,r023_master_trades.csv,85.0,0.7300203115294969,0.8024962576494288,0.07845550359988347,5.988264282819925,0.42300657822061494,77.15367126503776,44.4266492066991,2.149775572879738,0.6373626373626403,9.49720670391057,14,0,London,bull,trending,0.4902936080084958,3
LINK-USDT-SWAP,2026-06-15 15:00:00+00:00,-113.3356634513275,0,r032_all_variants_trades.csv,85.0,0.7300203115294969,0.8024962576494288,0.07845550359988347,5.988264282819925,0.42300657822061494,77.15367126503776,44.4266492066991,2.149775572879738,0.6373626373626403,9.49720670391057,14,0,London,bull,trending,0.4902936080084958,3
LTC-USDT-SWAP,2026-06-15 16:00:00+00:00,-110.50818584615423,0,r023_master_trades.csv,100.0,0.5652696281036704,1.778311215256144,0.037910860627359086,4.5926269636685575,0.3658694909398975,66.96352074786937,34.331368955856796,0.8300567933595512,0.7631578947368347,10.280373831775645,15,0,London,bull,trending,0.2671273834969673,3
AVAX-USDT-SWAP,2026-06-15 16:00:00+00:00,-110.08238475806384,0,r023_master_trades.csv,89.0,0.9200837987464805,1.6386094732241123,0.07249212956937472,3.165144737468238,0.08479639008395654,74.19335153890282,34.30831291810674,0.9938067117960528,0.4202898550724757,0.16077170418011802,15,0,London,bull,trending,0.3415268705672322,3
ETH-USDT-SWAP,2026-06-15 16:00:00+00:00,-110.13949256798456,0,r023_master_trades.csv,96.0,0.8211927417723854,2.1127807701167267,0.09806421473317833,8.80963384734817,0.42341916778402544,90.96529451109441,52.848786180356875,0.7851396875982118,0.03651685393258297,2.1565794402526874,15,0,London,bull,trending,0.33947271770169285,3
XRP-USDT-SWAP,2026-06-15 16:00:00+00:00,-109.0087050399992,0,r023_master_trades.csv,100.0,0.8535696162860447,2.272569692568922,0.10602437678618006,9.672100112494803,0.5384660037726332,90.95442875993893,56.130086639372806,1.1263073209975873,0.3571428571428651,1.4388489208633104,15,0,London,bull,trending,0.3683266881054508,3
SOL-USDT-SWAP,2026-06-15 16:00:00+00:00,-109.08726044898008,0,r023_master_trades.csv,95.0,0.8394922781966223,1.776638430645203,0.08611992881188588,10.144426859908455,0.6556030211844679,88.40514660753878,48.98156745559131,1.043926247288517,0.20779220779221905,0.1278772378515462,15,0,London,bull,trending,0.36691204964663426,3
LINK-USDT-SWAP,2026-06-15 16:00:00+00:00,-110.35692938775516,0,r023_master_trades.csv,98.0,0.7489012871387588,2.4837149480649696,0.07620210035248177,7.264694196430865,0.4628913210702159,81.04058450110367,46.67711620437904,0.6391288909930202,0.29629629629629506,7.361963190184098,15,0,London,bull,trending,0.3565939944822599,3
AVAX-USDT-SWAP,2026-06-15 17:00:00+00:00,-157.38426700000036,0,r023_master_trades.csv,88.0,0.9248524876111146,1.0745051748653605,0.062362211569679395,3.132664159435857,0.12210860685848932,74.19335153890282,36.17425122005635,1.778346848769384,0.695999999999998,7.234726688102884,16,0,NY,bull,trending,0.3495158643716521,3
SOL-USDT-SWAP,2026-06-15 17:00:00+00:00,-125.98779157691904,0,r023_master_trades.csv,96.0,0.8399036817010129,1.9125970582400338,0.08376321880414737,10.366202094592728,0.7093036884688957,88.88570808762556,51.07784233840649,1.968085106382965,0.9797297297297384,7.469879518072176,16,0,NY,bull,trending,0.4388047693996809,3
LINK-USDT-SWAP,2026-06-15 17:00:00+00:00,-132.6214243829751,0,r023_master_trades.csv,95.0,0.7572258264523805,0.7328798587038593,0.07122639426639561,7.1004639682378805,0.5024833233390592,80.08949162291658,48.76683555936756,2.419072104709603,0.5265700483091768,8.678756476683947,16,0,NY,bull,trending,0.4048042614491523,3
BCH-USDT-SWAP,2026-06-15 20:00:00+00:00,-110.49421963157914,0,r023_master_trades.csv,95.0,0.9834664059932333,0.7552083228127953,0.1373949179504294,4.512417679730272,0.5646749687252395,66.95718931755225,39.34019910374514,1.0752688172043037,1.0,31.963470319634695,19,0,NY,bull,trending,0.3105986556091229,3
LINK-USDT-SWAP,2026-06-15 22:00:00+00:00,-173.7227516167622,0,r023_master_trades.csv,88.0,0.6176152837092231,0.4235029636997991,0.06530134679301786,4.308831126933304,0.5804837051046349,56.76584785667166,47.59186435233182,0.7168458781362067,0.5666666666666735,53.386454183267,21,0,NY,bull,trending,0.2966910359775492,6
XRP-USDT-SWAP,2026-06-15 23:00:00+00:00,-174.21258399999746,0,r023_master_trades.csv,100.0,0.8659832589689769,0.8604381493552102,0.1292581188640062,6.560620378479169,0.8959781851102645,59.42823575953346,60.22138007120295,1.3599999999999923,0.8235294117647113,45.614035087719294,22,0,NY,bull,trending,0.3313393731466946,3
LINK-USDT-SWAP,2026-06-16 00:00:00+00:00,-129.73183251999666,0,r023_master_trades.csv,88.0,0.6581803346073823,0.32138235410413946,0.060717478323048746,3.5512465949163117,0.5362361022202331,51.54587490915955,42.91004002603656,1.4278799612778357,0.7288135593220344,68.72340425531914,23,0,NY,bull,trending,0.3143811834948215,6
ETH-USDT-SWAP,2026-06-16 00:00:00+00:00,-123.95375047540855,0,r005_attribution_trades.csv,93.0,0.7713976597779509,0.6186110312651749,0.10849189215293373,5.308007601842242,0.707017949493041,60.37708503348202,50.0691936788177,1.4922118728405172,0.8235294117647048,39.064889665719924,23,0,NY,bull,trending,0.31988736459531225,3
XRP-USDT-SWAP,2026-06-16 00:00:00+00:00,-137.01630399999897,0,r023_master_trades.csv,96.0,0.8700187577945346,0.5162059426049979,0.12481778500828523,6.321160435530232,0.886415413721548,58.25495953740175,57.62937191232357,1.5322580645161215,0.5263157894736873,47.368421052631575,23,0,NY,bull,trending,0.3344896172495553,3
AVAX-USDT-SWAP,2026-06-16 00:00:00+00:00,-130.62994269999714,0,r023_master_trades.csv,81.0,0.5825756480146516,0.600104763871543,0.05606743019165853,0.19145850544586393,0.16278209296081395,50.04084468175962,29.00837456628958,1.2897552396306622,0.5340909090909053,69.97084548104962,23,0,NY,bull,trending,0.34625213965235274,6
BTC-USDT-SWAP,2026-06-16 00:00:00+00:00,-152.93245344419088,0,r023_master_trades.csv,52.0,0.3541438525652012,0.42039955920035815,0.03059777487737798,2.9883624613971764,0.3702690007024994,55.983530525890416,38.85611883452409,0.5763984917522336,0.4496591504981715,54.6693143582103,23,0,NY,bull,trending,0.32579707767872806,6
BCH-USDT-SWAP,2026-06-16 03:00:00+00:00,-110.17591138461452,0,r023_master_trades.csv,90.0,0.9842668765801005,1.0537915478511786,0.08432694918570466,3.6785475300321875,0.4498384567706845,59.23705778923828,33.56681271197,0.6263982102908303,0.14285714285713416,41.538461538461505,2,1,Asia,bull,trending,0.35579438214081704,3
SOL-USDT-SWAP,2026-06-16 04:00:00+00:00,189.8300000000001,1,r023_master_trades.csv,93.0,0.6955706685248499,0.8456447335662023,0.07167180413342494,6.855603655033677,0.8014748327279532,57.58266977902024,41.13262379584432,1.5348773468548782,0.7678571428571392,44.52830188679246,3,1,Asia,bull,trending,0.46433534131961823,2
BTC-USDT-SWAP,2026-06-16 04:00:00+00:00,-123.34300663998113,0,r005_attribution_trades.csv,67.0,0.4092143610998877,0.8860083733747842,0.027008698799853938,2.6125581970283664,0.3034823101143897,51.77479200751254,31.963455019016422,1.0460639447293447,0.8760546988652926,64.19548789232678,3,1,Asia,bull,trending,0.4167084730846768,6
ETH-USDT-SWAP,2026-06-16 04:00:00+00:00,-121.93630973810988,0,r005_attribution_trades.csv,93.0,0.8305339913687383,0.6997087895686253,0.08277025183104375,4.134456219680244,0.5607290053633072,52.192594935850956,39.728941215536544,1.5305228532834423,0.8094534711964598,51.336392105454756,3,1,Asia,bull,trending,0.43615327913580515,3
XRP-USDT-SWAP,2026-06-16 07:00:00+00:00,185.072,1,r023_master_trades.csv,85.0,0.9020402309726128,0.4964195078632712,0.06825090430031752,5.598193029242288,0.5650931079352279,55.48736623241507,37.966728585564496,0.490196078431373,0.4999999999999815,59.183673469387756,6,1,Asia,bull,trending,0.47861379179223434,6
BCH-USDT-SWAP,2026-06-16 07:00:00+00:00,-109.50048442857158,0,r023_master_trades.csv,94.0,0.84574586587251,2.6466814671209127,0.04213026126393082,4.203216422358249,0.38080053960275334,60.494913102023126,26.723319440914043,0.7720254314259714,0.23529411764704702,54.918032786885206,6,1,Asia,bull,trending,0.38060257161970823,6
BTC-USDT-SWAP,2026-06-16 07:00:00+00:00,-131.32132501499282,0,r023_master_trades.csv,75.0,0.43139412397648663,0.8918139914791796,0.023179535925237683,2.9697675153368643,0.2701587016631205,55.93482977915892,27.388159580373465,0.46637311970143747,0.6973043195842986,52.88450029922185,6,1,Asia,bull,trending,0.35782652048951696,6
SOL-USDT-SWAP,2026-06-16 08:00:00+00:00,173.6176470588238,1,r023_master_trades.csv,80.0,0.6747281514985553,0.7134373346981476,0.04337776745022862,7.599265243485226,0.7055479133178025,62.51246747499709,34.19947358132421,0.8904479222881767,0.7727272727272845,43.27176781002649,7,1,Asia,bull,trending,0.5177242268770614,2
BCH-USDT-SWAP,2026-06-16 08:00:00+00:00,166.2050000000005,1,r023_master_trades.csv,84.0,0.6204671976403421,0.6185100453335719,0.03964325744512878,4.2515246025558575,0.3703211156766801,60.92312794979882,26.016143023759163,2.228163992869875,0.8199999999999988,53.27868852459021,7,1,Asia,bull,trending,0.4803882620021367,0
LINK-USDT-SWAP,2026-06-16 08:00:00+00:00,175.04299999999947,1,r023_master_trades.csv,76.0,0.6527289300227773,0.533654802431862,0.0570022343816102,3.141359603210873,0.284000033967566,51.864484635694346,27.122425997521287,0.7994186046511715,0.8030303030303066,71.61016949152543,7,1,Asia,bull,trending,0.5780516360617769,6
DOGE-USDT-SWAP,2026-06-16 08:00:00+00:00,172.87076923076933,1,r023_master_trades.csv,44.0,0.5478605546701601,0.5239914919042151,0.05292715236129832,0.3972786651146046,0.013031982760804327,46.24015279778178,27.430362527066727,0.5253540429419851,0.7391304347825903,73.52245862884169,7,1,Asia,flat,trending,0.5366540305755021,6
ETH-USDT-SWAP,2026-06-16 08:00:00+00:00,158.80247104247158,1,r023_master_trades.csv,80.0,0.7838235126809088,0.40271181099769193,0.05916622946390325,3.7030513187626943,0.41656834586475183,50.863704565921594,30.59139530075135,0.6896473817686849,0.7518427518427548,82.52597047566975,7,1,Asia,bull,trending,0.5510642601265681,6
SOL-USDT-SWAP,2026-06-16 08:00:00+00:00,-116.6205937749988,0,r032_all_variants_trades.csv,80.0,0.6747281514985553,0.7134373346981476,0.04337776745022862,7.599265243485226,0.7055479133178025,62.51246747499709,34.19947358132421,0.8904479222881767,0.7727272727272845,43.27176781002649,7,1,Asia,bull,trending,0.5177242268770614,2
DOGE-USDT-SWAP,2026-06-16 08:00:00+00:00,-127.11936275861989,0,r032_all_variants_trades.csv,44.0,0.5478605546701601,0.5239914919042151,0.05292715236129832,0.3972786651146046,0.013031982760804327,46.24015279778178,27.430362527066727,0.5253540429419851,0.7391304347825903,73.52245862884169,7,1,Asia,flat,trending,0.5366540305755021,6
AVAX-USDT-SWAP,2026-06-16 08:00:00+00:00,-117.66738194285584,0,r023_master_trades.csv,70.0,0.6525506829245634,0.6893532029902333,0.04847674722053649,1.419171007344412,0.005983261138329635,58.29976932700688,20.724904577011355,0.8897316219369887,0.9016393442622913,46.01769911504422,7,1,Asia,flat,mixed,0.4622440039766991,6
BCH-USDT-SWAP,2026-06-16 09:00:00+00:00,-113.0883744516126,0,r023_master_trades.csv,86.0,0.6805710458415997,1.2762993861348895,0.03964325744512878,5.538821409947961,0.3822300634975354,66.5799050419578,25.990393912967097,0.8459483526268949,0.052631578947365275,29.508196721311457,8,1,London,bull,trending,0.36479275803691275,1
ETH-USDT-SWAP,2026-06-16 09:00:00+00:00,-110.6420936423347,0,r023_master_trades.csv,93.0,0.8414470581644907,1.5568121438576772,0.05800333332480502,5.345393296897168,0.42016569647451,60.57594103471067,30.255097448286936,0.4381957838459706,0.3474903474903542,50.7599781301258,8,1,London,bull,trending,0.37603663325663766,6
XRP-USDT-SWAP,2026-06-16 09:00:00+00:00,-114.83052280000032,0,r023_master_trades.csv,87.0,0.7121808955053165,0.6908353084699483,0.06770985307445121,6.496144586118099,0.5447067587964518,61.0277824262593,35.858014820861946,0.8103727714748791,0.0,58.2278481012659,8,1,London,bull,trending,0.40655930120248884,2
LTC-USDT-SWAP,2026-06-16 09:00:00+00:00,-116.52475336000056,0,r023_master_trades.csv,84.0,0.4596671395594131,1.3958169912691858,0.01937781258293846,4.398279721692666,0.33368497916574064,63.472024309604826,18.980573935852593,0.742844658072981,0.4411764705882476,4.716981132075225,8,1,London,bull,mixed,0.3267942749351524,1
LINK-USDT-SWAP,2026-06-16 09:00:00+00:00,-111.8773895714276,0,r023_master_trades.csv,82.0,0.7119570089972248,1.2784422988746342,0.05729263014181085,4.58809309487675,0.29786034243775583,60.28904355670005,27.30894030645747,0.5918589201594333,0.4489795918367443,46.186440677966345,8,1,London,bull,trending,0.394502899052815,6
ETH-USDT-SWAP,2026-06-16 10:00:00+00:00,83.59275679120351,1,r023_master_trades.csv,94.0,0.7356902096981168,1.152766140475445,0.057842921054766704,4.507165622977199,0.4120795527756986,55.11207613390777,29.942820870998553,1.9625685955732683,0.8213175007068096,65.55494805904868,9,1,London,bull,trending,0.47286094213132573,6
LINK-USDT-SWAP,2026-06-16 10:00:00+00:00,-178.9300069473725,0,r023_master_trades.csv,81.0,0.659027006517372,0.7427839999639595,0.055716370852424854,3.875189371664651,0.3011270184547905,55.57535395544916,27.482132164755352,1.8216454339802415,0.7843137254901885,57.627118644067686,9,1,London,bull,trending,0.42545756943182494,6
OP-USDT-SWAP,2026-06-16 10:00:00+00:00,-116.7404,0,r034_trade_log.csv,7.000000000000001,0.6833167064390158,0.8445262618745808,0.05535495487478853,3.391016562090414,0.3571938254919971,45.28922484176212,30.435426099901953,2.0944332169759363,0.9298245614035057,74.00000000000001,9,1,London,bull,trending,0.4530160796625093,0
DOGE-USDT-SWAP,2026-06-16 10:00:00+00:00,-180.29843037975195,0,r023_master_trades.csv,52.0,0.5943343950367475,0.9262784845946165,0.04721108252565417,1.1705914055375317,0.0259977029840152,52.43018995393288,24.670686005857714,1.678494987045163,0.6644295302013493,55.39215686274505,9,1,London,bull,mixed,0.4031817543877647,6
AVAX-USDT-SWAP,2026-06-16 12:00:00+00:00,-141.55185040000043,0,r023_master_trades.csv,80.0,0.6985083428251387,0.6066876202672937,0.048516976581732416,1.728165859743445,0.08660678551098006,57.30249666932148,23.6728381178511,0.6761617033520315,0.08510638297873345,38.05309734513267,11,1,London,bull,mixed,0.4512725292069203,6
LINK-USDT-SWAP,2026-06-16 12:00:00+00:00,-142.71059165714362,0,r023_master_trades.csv,74.0,0.5890738486990565,0.8018359281175622,0.048299247919715224,3.5869095180108808,0.31178646780515384,54.06444658226007,27.223214441582336,0.5515587529975944,0.10869565217393151,58.21917808219188,11,1,London,bull,trending,0.4016424431354939,6
XRP-USDT-SWAP,2026-06-16 13:00:00+00:00,-127.84472125000126,0,r023_master_trades.csv,82.0,0.5475084642995849,0.8926119971051614,0.06079130175648473,6.07892104409026,0.5561627385747977,58.995945057494765,34.12058445522922,0.8084074373484242,0.0999999999999889,60.256410256410284,12,1,London,bull,trending,0.3548500875911012,6
ETH-USDT-SWAP,2026-06-16 13:00:00+00:00,-117.83792499999868,0,r023_master_trades.csv,100.0,0.6683473106721368,2.924886478021885,0.046993445926815834,5.81531927075086,0.43236661104716884,62.639277866536375,30.6368639960205,0.5269945744018509,0.6023206751054879,32.99468399291185,12,1,London,bull,trending,0.3954489177909899,3
ETH-USDT-SWAP,2026-06-16 18:00:00+00:00,-117.9724942857147,0,r023_master_trades.csv,98.0,0.7367148490361001,0.7185071045017957,0.031475360654659564,4.460121593325049,0.4599418786416643,54.51127587276554,27.631460808729127,0.7231329382832716,0.35097276264591615,54.529872673849354,17,1,NY,bull,trending,0.3007364677823187,6
LINK-USDT-SWAP,2026-06-16 19:00:00+00:00,-128.0658783773603,0,r023_master_trades.csv,96.0,0.7309293573291086,1.3670772635313375,0.03451869141320781,3.0742130664812453,0.2847854198319088,52.585474590683326,21.016604168275656,1.0666666666666784,0.86363636363636,44.64285714285718,18,1,NY,bull,mixed,0.27407663393313586,6
SOL-USDT-SWAP,2026-06-16 19:00:00+00:00,-130.13744649999958,0,r023_master_trades.csv,95.0,0.692650162784255,1.0827572904723999,0.036653023341577246,6.161673080222104,0.6514864821970052,53.05148944323091,24.812197941997105,1.0729322287111125,0.7215189873417708,49.549549549549745,18,1,NY,bull,mixed,0.3178826639351847,6
AVAX-USDT-SWAP,2026-06-16 19:00:00+00:00,-139.7895750322572,0,r023_master_trades.csv,94.0,0.8247281896477694,1.0963942659617154,0.0459428427549717,0.6685868191588572,0.05994111978927704,51.82267793852146,19.21425482006539,1.1249086924762595,0.896103896103896,50.877192982456044,18,1,NY,bull,mixed,0.324012527802255,6
BCH-USDT-SWAP,2026-06-16 19:00:00+00:00,-132.72673299999897,0,r023_master_trades.csv,87.0,0.923588273953509,0.39426174275720527,0.06237323643790915,1.4589802312212106,0.134667691706872,48.24663238566693,21.698392337847665,0.9633027522935754,0.952380952380955,58.940397350993436,18,1,NY,bull,mixed,0.34798150465322203,6
ETH-USDT-SWAP,2026-06-16 19:00:00+00:00,-146.59145028571334,0,r023_master_trades.csv,96.0,0.6911603035878741,0.8876907729674046,0.032148186116542146,4.657942397330854,0.45299779597313033,55.861998705651764,27.63256906798059,1.251156414057539,0.772383073496654,49.33888344760057,18,1,NY,bull,trending,0.2496230212368503,6
LTC-USDT-SWAP,2026-06-16 19:00:00+00:00,-137.20173999999653,0,r023_master_trades.csv,90.0,0.6216430944327425,0.7197635916179851,0.03063514281366969,2.7605100872337185,0.20990142026224437,53.74666772347606,16.580037572367434,1.1889035667106982,0.8518518518518547,38.0952380952384,18,1,NY,bull,ranging,0.26793174979072404,6
ETH-USDT-SWAP,2026-06-16 21:00:00+00:00,-136.42490551864051,0,r023_master_trades.csv,92.0,0.6851706405372537,0.30343510120699585,0.03257891968010461,4.471916001013466,0.4491496258026804,55.070414057101296,27.21147728524796,0.652006731830191,0.3512820512820414,51.29774730656227,20,1,NY,bull,trending,0.2601932944776034,6
BCH-USDT-SWAP,2026-06-16 22:00:00+00:00,-149.4875567499999,0,r023_master_trades.csv,84.0,0.9490621540226563,1.1330826133254626,0.05928631805243914,2.0564760679332883,0.10677980188475754,51.69416080160961,19.1562554498722,1.3636363636363635,0.6333333333333352,49.668874172185454,21,1,NY,bull,mixed,0.2756247917034237,6
LINK-USDT-SWAP,2026-06-17 00:00:00+00:00,-156.39255916837303,0,r023_master_trades.csv,79.0,0.7120971776365489,0.258713565066466,0.03368061081407844,2.5655412642427686,0.24804547610925406,49.828453038417926,19.025537854467533,0.5902192242832991,0.1428571428571377,52.0408163265306,23,1,NY,bull,mixed,0.2899075151012823,6
LTC-USDT-SWAP,2026-06-17 02:00:00+00:00,-121.54890352631423,0,r023_master_trades.csv,68.0,0.5810225185347073,0.9121592919576798,0.031302247297993434,2.851145422011599,0.26131362144855963,54.82107264161301,12.080974442702491,0.722891566265072,0.030303030303023778,31.216931216931386,1,2,Asia,bull,ranging,0.39296189979786006,6
BTC-USDT-SWAP,2026-06-17 02:00:00+00:00,-123.88599603278574,0,r005_attribution_trades.csv,54.0,0.34485762913082346,0.9296406563357088,0.022533316081108912,1.7863795133674636,0.16643778855854074,49.25332431727278,16.04506870090905,0.26780548704364776,0.18931210915293495,64.97790690636195,1,2,Asia,bull,ranging,0.36440039042080047,6
DOGE-USDT-SWAP,2026-06-17 02:00:00+00:00,-120.12107061538369,0,r023_master_trades.csv,49.0,0.5270446613882345,0.6142727518576536,0.026766469252250395,0.31750728678868323,-0.016653126815290683,50.807598486987494,18.67988818721485,0.43503148254149,0.5789473684210603,45.454545454545276,1,2,Asia,flat,mixed,0.44686159276069537,6
LINK-USDT-SWAP,2026-06-17 02:00:00+00:00,-115.0603180000008,0,r023_master_trades.csv,74.0,0.7047837930788031,0.8901548030551991,0.03156360005453911,3.46800403928847,0.27887260356132126,55.842076235896165,18.80690804350705,0.5428881650380014,0.35555555555555646,32.14285714285735,1,2,Asia,bull,mixed,0.3629224049617788,6
AVAX-USDT-SWAP,2026-06-17 02:00:00+00:00,-113.20634480850975,0,r023_master_trades.csv,74.0,0.7897111943784565,0.9373795266698164,0.04089995582419215,1.879617491499018,0.0782386719642732,58.41182104242822,15.958419966868533,0.623821267952998,0.41860465116278445,25.14619883040921,1,2,Asia,bull,ranging,0.43484896666498796,1
ETH-USDT-SWAP,2026-06-17 02:00:00+00:00,-117.0368379554364,0,r005_attribution_trades.csv,66.0,0.5762069726054916,1.0640383175095198,0.023493773294969645,4.244809724836973,0.42812675969298103,54.96773324127474,25.431751519638848,0.39478526581092277,0.13700564971751938,54.143575202990256,1,2,Asia,bull,trending,0.30198486937807895,6
SOL-USDT-SWAP,2026-06-17 02:00:00+00:00,-116.71403063291064,0,r005_attribution_trades.csv,68.0,0.6334270766972644,0.7637727215598321,0.03467429270674866,5.642311771564781,0.5671903064287876,52.35426446272578,16.30327455028976,0.6819421713038735,0.36000000000001364,51.65165165165164,1,2,Asia,bull,ranging,0.39173467666815265,6
XRP-USDT-SWAP,2026-06-17 02:00:00+00:00,-115.57701957142902,0,r023_master_trades.csv,64.0,0.609321484257896,0.6733903972952154,0.037315996289576416,3.547038081456342,0.3635772220103581,48.36257344879696,17.58801695784681,0.57660626029655,0.2857142857142812,68.6274509803921,1,2,Asia,bull,ranging,0.3744809541317371,6
DOGE-USDT-SWAP,2026-06-17 03:00:00+00:00,-156.27866328571227,0,r023_master_trades.csv,48.0,0.5214060660720008,0.6895734206861325,0.02681313654315087,0.32565837299632056,-0.00249519544564152,50.9076605601588,17.353263699592567,0.9916790151601457,0.4252873563218517,45.104895104895064,2,2,Asia,flat,ranging,0.4405545994538001,6
LINK-USDT-SWAP,2026-06-17 03:00:00+00:00,-132.6210913912985,0,r023_master_trades.csv,76.0,0.6952981204323904,0.8345558780920488,0.03245717024339327,3.6529803595340518,0.30016126545447036,57.1390096573591,19.597671150168548,1.305389221556886,0.5504587155963349,27.551020408163318,2,2,Asia,bull,mixed,0.32826651991203426,6
AVAX-USDT-SWAP,2026-06-17 03:00:00+00:00,-132.93513321052424,0,r023_master_trades.csv,77.0,0.7758763224105097,1.3568792849266993,0.04211919456430418,2.1212850729048176,0.1072000170336129,59.80848463699175,16.871954755486396,1.4365752047119742,0.6699999999999982,19.883040935672426,2,2,Asia,bull,ranging,0.43085423560341296,0
LINK-USDT-SWAP,2026-06-17 04:00:00+00:00,-145.41546399999547,0,r023_master_trades.csv,69.0,0.6964975261390494,0.43467599201544904,0.03291697925654726,3.370218835986704,0.3092126808453284,55.19909265439224,20.21979012088237,1.1113766730401526,0.1935483870967816,32.65306122448972,3,2,Asia,bull,mixed,0.37933959084100777,6
LINK-USDT-SWAP,2026-06-17 06:00:00+00:00,-145.31729200000058,0,r023_master_trades.csv,62.0,0.6114645799331565,0.43847919798922547,0.031177678386490833,3.093073910750043,0.31830402820205694,53.41148029871867,21.235868159952044,0.7786296118830798,0.015384615384606976,36.98979591836758,5,2,Asia,bull,mixed,0.43493103001690364,6
XRP-USDT-SWAP,2026-06-17 10:00:00+00:00,-153.73963150000105,0,r023_master_trades.csv,54.0,0.47375489891055417,0.7956633520530786,0.02562068702261317,1.387419104421962,0.2713811777081543,35.26934230631851,14.63881258814545,1.3389121338912144,0.875,89.18918918918915,9,2,London,bull,ranging,0.5183581091901868,6
LTC-USDT-SWAP,2026-06-17 13:00:00+00:00,-117.99820600000037,0,r023_master_trades.csv,52.0,0.3581194633008234,0.9984981378008995,0.01920245688657919,1.635611196354974,0.1951934115697196,46.15529795331465,11.366345130706065,0.6215316315205354,0.25,61.34453781512591,12,2,London,bull,ranging,0.4189009596084101,6
LINK-USDT-SWAP,2026-06-17 13:00:00+00:00,189.66625,1,r023_master_trades.csv,63.0,0.5220022623791352,1.6275626993623151,0.03346621944474388,1.018102216852987,0.20497293506326733,40.95144517085323,19.451976884538517,0.8955956324377425,0.26027397260274004,71.47058823529372,12,2,London,bull,mixed,0.5175906831089464,6
SOL-USDT-SWAP,2026-06-17 13:00:00+00:00,188.3152,1,r005_attribution_trades.csv,51.0,0.4629167154320645,1.9116021749267433,0.0379993172868964,2.892602044591372,0.391225788668034,39.32406650348147,18.88901884464694,0.7502083912197919,0.22222222222220175,73.70242214532855,12,2,London,bull,mixed,0.5355627164113059,6
AVAX-USDT-SWAP,2026-06-17 13:00:00+00:00,190.2178823529412,1,r023_master_trades.csv,46.0,0.5437236346949799,1.4044073123400098,0.031247176947571276,0.1100202275312869,0.05043386003668591,47.01467759813234,15.897307767183694,0.7647058823529354,0.15384615384615516,67.04980842911891,12,2,London,bull,ranging,0.4662331900484505,6
BTC-USDT-SWAP,2026-06-17 16:00:00+00:00,-115.24357046369684,0,r023_master_trades.csv,98.0,0.34620579469237156,1.9910142133491397,0.025303562879319865,1.3840219491582824,0.05215401746676524,54.07108645172215,20.83505788547821,1.0704186389623163,0.2343144292892995,23.968714519994933,15,2,London,bull,mixed,0.29325654321145467,1
BCH-USDT-SWAP,2026-06-17 16:00:00+00:00,-109.84363692307588,0,r023_master_trades.csv,51.0,0.8942991367079456,1.4182621983360557,0.04859680734380113,0.09641416754898981,-0.10949665765340917,51.0484608036481,27.322598803720197,0.8949599623174778,0.1052631578947455,56.83453237410073,15,2,London,bear,trending,0.38596507561871435,6
SOL-USDT-SWAP,2026-06-17 17:00:00+00:00,-109.16104784615376,0,r032_all_variants_trades.csv,76.0,0.593104608400109,1.8333254734808635,0.039047153326339124,4.792719641044362,0.3446916015149969,56.257301209066206,18.634532882355742,2.0740138267588466,0.9411764705882331,29.16666666666697,16,2,NY,bull,mixed,0.31575824651804824,0
LINK-USDT-SWAP,2026-06-17 17:00:00+00:00,-111.5043242031255,0,r032_all_variants_trades.csv,88.0,0.5392594546807071,1.7942722921553498,0.03677479874690806,2.115546740348875,0.14024787847532025,51.587388414600596,17.56825900080682,1.8943050193050197,0.8535031847133778,43.82352941176447,16,2,NY,bull,ranging,0.2944017328640307,6
ETH-USDT-SWAP,2026-06-17 17:00:00+00:00,-170.63718488466122,0,r023_master_trades.csv,83.0,0.3667259498381312,1.8889294176490699,0.034013606032213047,2.323078714399162,0.21830479880128878,46.20110595876917,21.285135453898224,1.5296938919452616,0.6724455920324635,55.10813887307916,16,2,NY,bull,mixed,0.2980259874076983,6
AVAX-USDT-SWAP,2026-06-17 17:00:00+00:00,-114.00655975000008,0,r032_all_variants_trades.csv,94.0,0.637113808331792,2.1635080582194925,0.03369934363980761,0.9902953607367914,0.019860112488231257,53.14790681574866,15.297496683467998,2.1389606660924496,0.8993288590604048,43.29501915708808,16,2,NY,flat,ranging,0.36265551548058556,0
LTC-USDT-SWAP,2026-06-17 17:00:00+00:00,-144.82192775581345,0,r023_master_trades.csv,67.0,0.3615733015987251,1.1039736324347955,0.021600644782648778,2.0578635978692006,0.1657723414397561,52.28598564595972,10.64655036082835,1.3143483023000972,0.9000000000000071,42.85714285714277,16,2,NY,bull,ranging,0.32252329637532595,6
XRP-USDT-SWAP,2026-06-17 17:00:00+00:00,-172.40025577556867,0,r023_master_trades.csv,62.0,0.5172836229776,1.4385912018892986,0.03428718369111377,2.4596188675043953,0.1617217315259353,50.713325385541985,16.409767916413266,1.7312448474855837,0.9047619047619052,40.0,16,2,NY,bull,ranging,0.31027078662098445,6
DOGE-USDT-SWAP,2026-06-17 18:00:00+00:00,-123.7549029999969,0,r023_master_trades.csv,63.0,0.4570827539045287,0.805341091178774,0.031327710949769494,0.22362530419892168,-0.11319891682669612,56.09969757183837,20.60283100587445,0.8618708342909684,0.2933333333333304,20.224719101123508,17,2,NY,bear,mixed,0.3965875819381315,1
AVAX-USDT-SWAP,2026-06-17 18:00:00+00:00,-115.15873387804837,0,r023_master_trades.csv,95.0,0.6573226624994561,1.0804523483560817,0.03489670847903409,1.7763019985845931,0.02955516659394478,57.69730403218489,15.209789627488082,1.6360214275372744,0.5221238938053133,22.22222222222222,17,2,NY,bull,ranging,0.27429450264635674,1
LINK-USDT-SWAP,2026-06-17 18:00:00+00:00,-118.79407577215204,0,r023_master_trades.csv,89.0,0.5468751473003876,1.2127104800896138,0.03668909558056426,2.546382854794539,0.14090984683464186,54.866669247750636,16.465711668739097,1.258165981127522,0.22115384615384107,32.941176470587756,17,2,NY,bull,ranging,0.24795057945588625,6
BCH-USDT-SWAP,2026-06-17 18:00:00+00:00,-125.84542120000002,0,r023_master_trades.csv,46.0,0.8748130657510634,0.6670065070668301,0.0369145990366173,0.37081099693213354,-0.09403552700690312,52.65863350732938,24.722364183625192,1.2053778395920234,0.07692307692308364,43.589743589743584,17,2,NY,bear,mixed,0.3512097428848721,1
XRP-USDT-SWAP,2026-06-17 18:00:00+00:00,-124.197586000001,0,r023_master_trades.csv,60.0,0.5251261833651168,0.9781384171014689,0.0341330577549628,2.936871430164698,0.16681760934291084,54.4285904767132,15.59792893429465,1.1560693641618507,0.0714285714285635,25.0,17,2,NY,bull,ranging,0.2876493978572958,1
LTC-USDT-SWAP,2026-06-17 19:00:00+00:00,-112.8901454285706,0,r023_master_trades.csv,95.0,0.3837576590764362,3.0695176643801685,0.0201863725310383,2.033292091572661,0.17241971231255426,51.736049886059874,10.632774991751264,0.808566433566428,0.5945945945945956,37.83783783783801,18,2,NY,bull,ranging,0.3061074697782945,6
BTC-USDT-SWAP,2026-06-17 19:00:00+00:00,-116.26198264220092,0,r023_master_trades.csv,100.0,0.4013427656618651,3.907209468680434,0.026141274809853825,0.9686599864914751,0.07205472557425031,48.47782795217657,20.502335594949034,0.6275954332481765,0.5847600675186924,49.518828451882804,18,2,NY,bull,mixed,0.31440380509197186,6
SOL-USDT-SWAP,2026-06-17 19:00:00+00:00,-109.89492549999896,0,r023_master_trades.csv,100.0,0.6360873937249139,3.6752968917276543,0.039388972116690554,4.279777542725858,0.3671173811083223,51.94907356390799,17.658013529544522,1.2001078748651572,0.47191011235955216,38.461538461538495,18,2,NY,bull,ranging,0.2956375719650145,6
XRP-USDT-SWAP,2026-06-17 23:00:00+00:00,-115.1013528571427,0,r023_master_trades.csv,84.0,0.7639551835809227,0.8868001022253119,0.04158592654080022,0.037015189481288124,0.130978092968815,39.14627827241888,19.615435326427637,1.0152284263959401,0.5833333333333426,75.92592592592572,22,2,NY,bull,mixed,0.39230968806093364,6
SOL-USDT-SWAP,2026-06-17 23:00:00+00:00,-114.21058479999871,0,r005_attribution_trades.csv,99.0,0.8309656414307923,0.6887607088008957,0.046777856410210324,1.6498993327517888,0.32638579882632013,39.849412608532965,19.80959952756551,1.27130483375246,0.626373626373627,77.12082262210795,22,2,NY,bull,mixed,0.4461302533430723,6
SOL-USDT-SWAP,2026-06-17 23:00:00+00:00,177.83076923076925,1,r026_trade_log_liqsweep.csv,99.0,0.8309656414307923,0.6887607088008957,0.046777856410210324,1.6498993327517888,0.32638579882632013,39.849412608532965,19.80959952756551,1.27130483375246,0.626373626373627,77.12082262210795,22,2,NY,bull,mixed,0.4461302533430723,6
ETH-USDT-SWAP,2026-06-17 23:00:00+00:00,148.2113861386134,1,r026_trade_log_liqsweep.csv,98.0,0.6561976885689802,0.5892213981056118,0.042786167421047835,0.4274981362383195,0.15169763538425188,38.35526294845617,22.53696598893661,0.6748748633565399,0.7152600170503058,81.1995386389849,22,2,NY,bull,mixed,0.4858292471395396,6
LTC-USDT-SWAP,2026-06-17 23:00:00+00:00,-118.20545799999783,0,r023_master_trades.csv,98.0,0.540616154921591,0.8939108862461878,0.02861548749709255,0.3581348042475001,0.13301059083315525,40.81337103432463,15.565131314499919,0.7601162530740072,0.8529411764705981,71.24183006535965,22,2,NY,bull,ranging,0.3811177063533195,6
ETH-USDT-SWAP,2026-06-17 23:00:00+00:00,-121.20702677520347,0,r005_attribution_trades.csv,98.0,0.6561976885689802,0.5892213981056118,0.042786167421047835,0.4274981362383195,0.15169763538425188,38.35526294845617,22.53696598893661,0.6748748633565399,0.7152600170503058,81.1995386389849,22,2,NY,bull,mixed,0.4858292471395396,6
SOL-USDT-SWAP,2026-06-18 01:00:00+00:00,-123.93427900000066,0,r032_all_variants_trades.csv,95.0,0.83878180273573,0.5397868470374646,0.04455949894603206,2.3558487932870436,0.31242814034340294,44.84862293111889,20.279749086007126,0.6389776357827587,0.71739130434781,63.496143958868856,0,3,Asia,bull,mixed,0.5655346323307924,6
SOL-USDT-SWAP,2026-06-18 01:00:00+00:00,156.5780000000006,1,r023_master_trades.csv,95.0,0.83878180273573,0.5397868470374646,0.04455949894603206,2.3558487932870436,0.31242814034340294,44.84862293111889,20.279749086007126,0.6389776357827587,0.71739130434781,63.496143958868856,0,3,Asia,bull,mixed,0.5655346323307924,6
ETH-USDT-SWAP,2026-06-18 01:00:00+00:00,110.53828857107035,1,r023_master_trades.csv,89.0,0.6757790359012211,0.42956778996222705,0.03927448365886758,1.1400723687067065,0.1417180649341979,44.29417224835956,22.72618858803441,0.7349999428460329,0.7892690513219417,62.845903418339546,0,3,Asia,bull,mixed,0.5929035329583633,6
SOL-USDT-SWAP,2026-06-18 06:00:00+00:00,182.47510204081613,1,r005_attribution_trades.csv,87.0,0.8502952072553819,0.7279364294903763,0.04808412043353519,0.716014545594314,0.18080547096585467,37.66488972253408,21.984912494961932,1.1546043368065437,0.7073170731707232,87.71498771498773,5,3,Asia,bull,mixed,0.5600277000531645,6
ETH-USDT-SWAP,2026-06-18 09:00:00+00:00,-146.87386250436015,0,r023_master_trades.csv,49.0,0.6868433792087558,0.6486731021466653,0.03531712592915986,0.7987962592968014,0.06751483359016304,45.971101290481904,23.205120974327514,1.1705905563593335,0.6795310210063539,65.14600995828303,8,3,London,bull,mixed,0.4786992461133892,6
SOL-USDT-SWAP,2026-06-18 09:00:00+00:00,-153.73213224999057,0,r023_master_trades.csv,63.0,0.8539816800252137,0.5425930321915426,0.050241194559043384,1.7203717093410638,0.1678196075456379,45.63181433562635,21.607235341336445,0.9620747350808867,0.608695652173905,69.53316953316971,8,3,London,bull,mixed,0.4953036563900334,6
SOL-USDT-SWAP,2026-06-18 15:00:00+00:00,-131.84482119999916,0,r005_attribution_trades.csv,73.0,0.7480260176372409,1.4423973163764452,0.025500501543270347,0.5470604507157296,0.10477703228971816,41.02093706973803,21.813146696276377,1.549077594704983,0.4636363636363518,85.43689320388343,14,3,London,bull,mixed,0.4803280313817782,6
LTC-USDT-SWAP,2026-06-19 16:00:00+00:00,-120.914230157893,0,r023_master_trades.csv,11.0,0.3671505359552573,1.8249960744403093,0.02610847531365716,0.042120116973310494,-0.16350096165943898,63.85476988744883,32.26735398120976,0.7034263671431865,0.25806451612902487,2.3622047244095326,15,4,London,bear,trending,0.4051576001894635,1
SOL-USDT-SWAP,2026-06-20 05:00:00+00:00,191.20816326530604,1,r023_master_trades.csv,4.0,0.5076836771602319,2.082007324605225,0.03677766300436683,0.9210472200358215,-0.08570401118334152,64.79665628901672,22.897173121084535,0.6861063464837107,0.7708333333333068,7.232704402515864,4,5,Asia,bear,mixed,0.5149276878157479,4
ENA-USDT-SWAP,2026-06-20 06:00:00+00:00,-105.8621,0,r034_trade_log.csv,14.000000000000002,0.9243580581720171,1.4901935691688042,0.04410443662326543,2.5970873524042664,0.0396001144306197,54.9923146126095,9.17758174145287,1.5280135823429428,0.77777777777778,29.233870967741836,5,5,Asia,bull,ranging,0.4585231189112565,0
ETH-USDT-SWAP,2026-06-20 06:00:00+00:00,-122.34846557597491,0,r023_master_trades.csv,4.0,0.30815006979864673,2.668879367641323,0.01826211287580669,0.10238865023149213,-0.08644928064982137,62.208326719551835,17.171641256849735,0.541837693920089,0.5657327586206913,16.39985770188549,5,5,Asia,bear,ranging,0.47917560713159557,4
LTC-USDT-SWAP,2026-06-20 07:00:00+00:00,-139.78202739999765,0,r023_master_trades.csv,2.0,0.37254820666574023,0.9546093129512941,0.0201074003158482,0.0018161507473811519,-0.08573908323987985,60.48988312564454,19.530917737503483,0.7925724637681193,0.5428571428571342,18.40000000000032,6,5,Asia,bear,mixed,0.5193542239661088,4
UNI-USDT-SWAP,2026-06-20 07:00:00+00:00,-145.4605,0,r034_trade_log.csv,1.0,0.6912767798137643,0.6485419965614838,0.03164920558059631,3.7113225531774976,0.4022331712743508,47.532515282833444,8.708971370487678,1.0163934426229408,0.5806451612903216,71.8749999999999,6,5,Asia,bull,ranging,0.5460704936653634,5
SOL-USDT-SWAP,2026-06-20 12:00:00+00:00,-137.85621999999648,0,r023_master_trades.csv,8.0,0.549668975063639,1.035993877448156,0.06683337257355745,2.0867283550048845,0.14051505208593934,65.83585505385216,33.35970982174214,0.5025125628140695,0.36111111111109906,18.205128205128382,11,5,London,bull,trending,0.4950004396166549,7
SOL-USDT-SWAP,2026-06-20 14:00:00+00:00,183.13882352941192,1,r023_master_trades.csv,11.0,0.5065459859423007,1.7751763632466873,0.06414978570012193,1.217190294462384,0.18129846251171808,57.63320236280834,33.34964997118061,0.755244755244764,0.4444444444444298,34.482758620689616,13,5,London,bull,trending,0.545061165801669,5
ETH-USDT-SWAP,2026-06-20 15:00:00+00:00,-111.93137070401868,0,r005_attribution_trades.csv,14.000000000000002,0.34091086594155934,4.346497267696083,0.024278525900988505,0.5359424817207944,0.011290895660978498,62.05023150922001,23.689612815228962,0.8616671715877027,0.6517917511832249,28.000806939681055,14,5,London,flat,mixed,0.46043028067728636,7
SOL-USDT-SWAP,2026-06-20 15:00:00+00:00,194.010612244898,1,r005_attribution_trades.csv,49.0,0.5278199588122796,2.4818820794643264,0.06350000611861847,2.260890336506141,0.19479170169545865,63.963623128802915,33.25084591889621,1.2789880534082876,0.3846153846153798,14.588859416445562,14,5,London,bull,trending,0.5185338596511265,7
BTC-USDT-SWAP,2026-06-20 16:00:00+00:00,-135.60335338718346,0,r023_master_trades.csv,24.0,0.30715970879641674,2.6195620730770623,0.015360691493226108,0.0030966854012094416,-0.07378732325071723,63.90695034401242,20.53207807405647,1.5634311957315745,0.5722861430715358,15.851175851176055,15,5,London,bear,mixed,0.407007398195382,4
SOL-USDT-SWAP,2026-06-20 16:00:00+00:00,-132.27677799999796,0,r023_master_trades.csv,57.99999999999999,0.5225777215578163,1.9101493764633246,0.06152835471432804,2.364562082169777,0.19621269019968443,64.64628851316259,33.62184261618943,2.4061196105702223,0.4335260115606962,15.345268542199719,15,5,London,bull,trending,0.45978929186678286,0
ETH-USDT-SWAP,2026-06-20 16:00:00+00:00,-127.6676737391276,0,r023_master_trades.csv,18.0,0.34468337194955434,2.7866221452786117,0.025644873673000213,0.938338597807287,0.019694143748735522,65.6274137323611,24.55431168631553,2.2944329992094126,0.4137323943661984,19.13509376195944,15,5,London,flat,mixed,0.3976874526009359,7
SOL-USDT-SWAP,2026-06-20 22:00:00+00:00,179.68930232558105,1,r023_master_trades.csv,11.0,0.5239658969222611,0.5205763716819096,0.03762420408523024,2.747377071332524,0.20184194738075462,66.06485099958208,32.02937576657623,0.5140316754654133,0.4324324324324563,7.594936708861056,21,5,NY,bull,trending,0.4963459924670288,7
LTC-USDT-SWAP,2026-06-20 23:00:00+00:00,175.61818181818168,1,r023_master_trades.csv,9.0,0.29374369713307136,0.7784936143240423,0.013004293266628147,0.3863416498237344,-0.028687106347309393,61.491046209657085,16.922669935636264,0.5189530685920667,0.8260869565217149,14.606741573033984,22,5,NY,bear,ranging,0.5972483741442924,4
SOL-USDT-SWAP,2026-06-20 23:00:00+00:00,-110.72762165573756,0,r023_master_trades.csv,56.99999999999999,0.5934519394798143,2.2817945053668227,0.037272152714338654,4.363160661779371,0.22839569884871228,74.00379395247964,33.852109812146125,0.691085003455425,0.7599999999999909,15.811965811965983,22,5,NY,bull,trending,0.43184124126411044,7
ETH-USDT-SWAP,2026-06-20 23:00:00+00:00,-130.62570782941205,0,r023_master_trades.csv,12.0,0.3456529499129841,1.0176380662755709,0.01903202891879384,1.0487300002737794,0.040927684921720116,64.37692764368265,24.237539090669657,0.5124894072071402,0.5309336332958351,16.318172019831685,22,5,NY,bull,mixed,0.3958500979330605,4
ENA-USDT-SWAP,2026-06-21 00:00:00+00:00,194.0882,1,r034_trade_log.csv,3.0,0.9949528703936921,1.3457140456797625,0.03892117370249083,1.9570335981702869,0.06525157854477824,55.184886280635425,12.500033975041237,2.825237297599096,0.7667984189723392,29.768270944741598,23,5,NY,bull,ranging,0.570622348541557,0
ETH-USDT-SWAP,2026-06-21 00:00:00+00:00,-140.708007804433,0,r029_fvg_low_atr_1h_9sym_trades.csv,6.0,0.348960155600576,0.4801732998016094,0.017030007925976698,0.8940996693577279,0.05407154874500426,61.98091401930052,25.028032827885927,0.7696192651599546,0.5779269202087959,22.769369776372105,23,5,NY,bull,trending,0.46569807945712327,4
BTC-USDT-SWAP,2026-06-21 04:00:00+00:00,-159.68038411455152,0,r023_master_trades.csv,1.0,0.2918435564281897,1.0972640030784433,0.01875879094360241,0.41877325086697464,-0.0004074332694097035,66.51477031071894,27.37666155424184,0.09670818422208083,0.006441223832551764,4.279105628373169,3,6,Asia,flat,trending,0.42491924152521127,4
ETH-USDT-SWAP,2026-06-21 05:00:00+00:00,42.69724802419872,1,r024_trade_log.csv,3.0,0.322396713812351,0.739581141193883,0.014683302163247272,0.41595393200073666,0.06254712415779261,53.862740006403335,24.79166889484671,0.5607304463967029,0.1889117043121064,41.39134481154015,4,6,Asia,bull,mixed,0.5816274319625986,5
BTC-USDT-SWAP,2026-06-21 07:00:00+00:00,-180.378872034153,0,r005_attribution_trades.csv,1.0,0.2648963587046206,0.3880283000867427,0.017074775479907885,0.22313260268022375,0.017228265692273804,61.31248342820293,30.79026028208398,0.23636244733228526,0.14426877470356414,20.58865248226971,6,6,Asia,flat,trending,0.442573392749357,4
ETH-USDT-SWAP,2026-06-21 07:00:00+00:00,-182.07211375789444,0,r024_trade_log.csv,1.0,0.31718721547364315,0.3934954904855754,0.014335539887532285,0.5870641935332395,0.0668784422774763,56.612254128518735,23.856654388791316,0.54772857134612,0.04214963119071267,34.10888785481637,6,6,Asia,bull,mixed,0.5107226991621895,4
LTC-USDT-SWAP,2026-06-21 07:00:00+00:00,180.7142857142858,1,r023_master_trades.csv,5.0,0.25990818178074293,1.4720132888138744,0.018182186671320776,0.8681562649505304,0.04112590016934421,66.54589062153983,19.13417059529876,0.24746906636670288,0.18181818181814657,9.999999999999936,6,6,Asia,bull,mixed,0.4770076318644378,4
UNI-USDT-SWAP,2026-06-21 08:00:00+00:00,187.88,1,r034_trade_log.csv,1.0,0.7248362537226896,0.6320754410449261,0.03375885411993651,1.8460290746958898,0.14002482916164333,49.247821155343885,23.324336435373205,0.8698561391769756,0.576923076923069,52.94117647058828,7,6,Asia,bull,mixed,0.5954927578296969,5
FIL-USDT-SWAP,2026-06-21 08:00:00+00:00,188.7744,1,r034_trade_log.csv,3.0,0.49979771972420844,1.2252225128371343,0.02510437275269864,0.8776355255400926,0.008617758165740952,59.337477331196204,12.502791982483567,1.0324855200201442,0.7682926829268273,9.92063492063471,7,6,Asia,flat,ranging,0.6002327434446553,4
LTC-USDT-SWAP,2026-06-21 08:00:00+00:00,170.01333333333326,1,r023_master_trades.csv,7.000000000000001,0.25980325818356115,1.029358512368224,0.02027442672685011,1.0380980006761504,0.051271574637507714,68.59398471727607,20.88746741574774,0.8499217177365299,0.6578947368421009,8.547008547008655,7,6,Asia,bull,mixed,0.6024512076792498,4
SOL-USDT-SWAP,2026-06-21 10:00:00+00:00,-113.61060356700904,0,r023_master_trades.csv,6.0,0.5141337270392488,1.4994794736798056,0.04251973697366356,4.588538235348918,0.38351245158528335,70.38754774529001,39.53896758930823,0.7111597374179377,0.11538461538462064,7.049608355091654,9,6,London,bull,trending,0.48699204118351674,7
BTC-USDT-SWAP,2026-06-21 10:00:00+00:00,-144.7201298136644,0,r023_master_trades.csv,4.0,0.2639695485656412,1.267692550421411,0.010980513071041911,0.08048907623556291,0.01419545257425839,56.43428391959929,28.84581922184372,0.5234170112873049,0.5425500149298188,27.11347517730517,9,6,London,flat,trending,0.5151202889161192,4
LTC-USDT-SWAP,2026-06-21 10:00:00+00:00,174.2000000000001,1,r023_master_trades.csv,7.000000000000001,0.24221559813738844,0.9230145907862248,0.023525915616776843,1.3522244636391167,0.0670246646480543,72.28380099806921,24.256059110421564,0.5804867157847848,0.038461538461530054,0.8130081300817141,9,6,London,bull,mixed,0.5482090980617363,4
ETH-USDT-SWAP,2026-06-21 10:00:00+00:00,-144.47693125321933,0,r024_trade_log.csv,2.0,0.30064530958425645,0.798648898234248,0.010471053075586103,0.3857905208156326,0.05058776519268505,52.86409810481981,20.36813483554376,0.5791282413246468,0.3076923076923007,41.81014425314104,9,6,London,bull,mixed,0.5564731154636671,4
LTC-USDT-SWAP,2026-06-21 11:00:00+00:00,-157.82136614285216,0,r023_master_trades.csv,14.000000000000002,0.24420404235846757,2.2023501374662526,0.025919266255564313,1.6064506598509232,0.07825538030379155,74.83137104351825,26.83745590011209,0.48954161103695143,0.6363636363636217,18.79194630872488,10,6,London,bull,trending,0.5159015944968933,7
UNI-USDT-SWAP,2026-06-21 11:00:00+00:00,191.6109,1,r034_trade_log.csv,9.0,0.6695159276052245,1.6665371543907463,0.03569715329582309,2.818470175506414,0.15308527850276266,54.78851692405467,21.076127900428098,2.197441784191544,0.8805970149253667,29.661016949152312,10,6,London,bull,mixed,0.5494318104034042,0
SOL-USDT-SWAP,2026-06-21 11:00:00+00:00,-116.08937251219372,0,r029_fvg_low_atr_1h_9sym_trades.csv,5.0,0.4838380065695978,1.105496005592391,0.04310492763558577,4.345055045585449,0.3894326263543563,67.91195916924846,39.93177217638882,1.40559535072306,0.8365384615384587,15.662650602409911,10,6,London,bull,trending,0.5480724350933073,7
SOL-USDT-SWAP,2026-06-21 13:00:00+00:00,-117.78336262162208,0,r023_master_trades.csv,15.0,0.5267090777502378,1.4179675405282681,0.03929123101709981,3.915902250193961,0.38622121883612204,61.43979151441086,37.19378104413949,1.2983463167965053,0.7157894736842007,23.192771084337608,12,6,London,bull,trending,0.44047676088171867,7
BTC-USDT-SWAP,2026-06-21 13:00:00+00:00,-144.97390722295995,0,r023_master_trades.csv,10.0,0.1908696561424823,2.1996041441405194,0.010961358469951875,0.05661936275353606,0.01313061044854994,54.570057813529225,25.8763155880368,0.5757304589942145,0.5150284321689761,46.02120470697876,12,6,London,flat,trending,0.4819254794101521,4
LTC-USDT-SWAP,2026-06-21 16:00:00+00:00,-113.8789569491527,0,r023_master_trades.csv,38.0,0.3069028059846044,3.690404592334361,0.03657637170149313,3.3947541338866905,0.16165412076868058,84.18721903863091,37.05029936543347,0.6837229819144294,0.8387096774193652,7.389162561576307,15,6,London,bull,trending,0.4982801726198908,7
BTC-USDT-SWAP,2026-06-21 19:00:00+00:00,-142.93301379798308,0,r005_attribution_trades.csv,3.0,0.1566335792960865,0.776356159468029,0.005565889537542162,0.07802124213930951,0.0057680315524261914,54.70040739950829,19.03947421513728,0.23224184346057733,0.020147750167897722,54.69827586206855,18,6,NY,flat,mixed,0.4902462757103387,4
LTC-USDT-SWAP,2026-06-21 19:00:00+00:00,-162.319927230771,0,r023_master_trades.csv,49.0,0.4384110415583495,1.879137759716203,0.03414921528541273,1.5163276696536958,0.18520214506012697,56.76260420355147,40.81817073992518,0.7973421926910286,0.4722222222222277,57.83132530120456,18,6,NY,bull,trending,0.46368016542485335,5
ETH-USDT-SWAP,2026-06-21 20:00:00+00:00,-124.56061931329188,0,r029_fvg_low_atr_1h_9sym_trades.csv,8.0,0.17961765919333383,0.586999811889111,0.009701135596153416,0.44298123903702075,0.01634454698228141,55.17828715082514,15.808819798099428,0.957701976521593,0.48103552077062356,30.983231707317476,19,6,NY,flat,ranging,0.554963559456048,4
LTC-USDT-SWAP,2026-06-21 21:00:00+00:00,-173.5581039999952,0,r023_master_trades.csv,55.00000000000001,0.45647637714290823,0.7267767605320347,0.032839016584170315,1.3488027028035956,0.1874718938852895,54.142994023017266,41.494029801429285,0.6852343059239662,0.451612903225805,61.44578313253001,20,6,NY,bull,trending,0.45990202717963824,5
ETH-USDT-SWAP,2026-06-22 02:00:00+00:00,-116.02615412557856,0,r023_master_trades.csv,56.99999999999999,0.4212051956182557,4.1593453304428145,0.018282098727008454,1.0217691979621635,-0.002083136638705624,60.380842037042,20.789607871762747,1.4824813458775499,0.782727627979681,27.178879675071872,1,0,Asia,flat,mixed,0.4026925166204686,1
LTC-USDT-SWAP,2026-06-22 02:00:00+00:00,-121.27419415789257,0,r023_master_trades.csv,87.0,0.5515330301240425,1.3733753424353052,0.026887354725326468,1.64214902304932,0.12861457168708432,56.4118496301172,34.16417333068827,1.13661689324717,0.8431372549019518,50.87719298245618,1,0,Asia,bull,trending,0.3446749550047046,6
SOL-USDT-SWAP,2026-06-22 02:00:00+00:00,-111.9323261621607,0,r023_master_trades.csv,82.0,0.640600536191191,2.35726102811142,0.030234781491431762,4.410338516752635,0.3665752385307688,60.13261276653334,26.652610411520012,1.5953095173165905,0.7948717948718091,24.460431654676494,1,0,Asia,bull,trending,0.3426758259471142,0
BTC-USDT-SWAP,2026-06-22 02:00:00+00:00,-115.37322655645934,0,r023_master_trades.csv,56.00000000000001,0.3922461290990288,3.776189186216994,0.016729139250824733,0.712690894344282,-0.024818323784437067,61.21192264706891,21.833715460653615,1.2467898528030021,0.7298417483044469,15.324921135646779,1,0,Asia,bear,mixed,0.36850289124306534,1
ETH-USDT-SWAP,2026-06-22 03:00:00+00:00,183.56300704776817,1,r032_all_variants_trades.csv,56.00000000000001,0.42876452606375703,0.9687445095940904,0.018426959107899068,0.629984044570097,0.0033582923574922573,55.68886108476428,20.38437104490975,2.035512463784733,0.4757609921082295,38.43289896767615,2,0,Asia,flat,mixed,0.5010397665882824,6
BTC-USDT-SWAP,2026-06-22 06:00:00+00:00,-172.39142359974574,0,r023_master_trades.csv,55.00000000000001,0.41448797293088463,0.7592008992614868,0.016697690134942555,0.16544446878804192,-0.025625743953440895,53.63232969773622,17.77226800845538,0.397389652572807,0.502749410840537,37.45741324921117,5,0,Asia,bear,ranging,0.447913159899821,6
SOL-USDT-SWAP,2026-06-22 07:00:00+00:00,144.62749999999883,1,r023_master_trades.csv,64.0,0.628435410973442,0.6154674433857775,0.028165528220693934,3.3165395213494033,0.32376096151248407,52.69214938126443,21.771228481357955,0.5278116118554615,0.15384615384615946,47.84172661870495,6,0,Asia,bull,mixed,0.49408814724431926,6
LTC-USDT-SWAP,2026-06-22 08:00:00+00:00,-147.49055058822972,0,r023_master_trades.csv,61.0,0.5479773605226483,0.538866334763927,0.025758882137671208,1.085236131988696,0.09458436329174408,52.06346684230574,30.89501303570144,0.4908522980812112,0.5,63.742690058479546,7,0,Asia,bull,trending,0.43047012110649163,6
ETH-USDT-SWAP,2026-06-22 09:00:00+00:00,149.73205741626597,1,r023_master_trades.csv,47.0,0.44813985314247556,0.9342504697465649,0.023208847282832786,1.1915760885574065,0.04778684409954076,60.62514654198082,16.40097315209583,0.973893914308793,0.6705882352941096,20.798781519715657,8,0,London,bull,ranging,0.45060726689751185,1
BTC-USDT-SWAP,2026-06-22 09:00:00+00:00,137.59734549151895,1,r023_master_trades.csv,56.00000000000001,0.42159025988004484,0.7678802042317857,0.016246542364763503,0.030862206810642542,-0.010648030484130783,51.7870860334514,14.662996583562688,0.6883839493419263,0.4875509280217294,42.94006309148256,8,0,London,flat,ranging,0.5231851531803736,6
SOL-USDT-SWAP,2026-06-22 10:00:00+00:00,159.65272727272708,1,r023_master_trades.csv,49.0,0.5931576270100062,0.4471711924407356,0.027533362377935747,3.3319513443514492,0.3577802379561118,52.865011882419985,19.71441727050151,0.8395396073121253,0.35483870967741493,44.60431654676239,9,0,London,bull,mixed,0.47029718042453394,6
ETH-USDT-SWAP,2026-06-22 12:00:00+00:00,-115.6599286848636,0,r023_master_trades.csv,56.99999999999999,0.4946453149815304,2.5884360493966856,0.03131287109224947,2.2922088251300385,0.09459525078013317,69.47610853694138,18.333177464643715,0.37299984553687277,0.409509202454,10.191426260447479,11,0,London,bull,mixed,0.39881103838056026,1
BTC-USDT-SWAP,2026-06-22 12:00:00+00:00,-120.83738151351268,0,r023_master_trades.csv,56.99999999999999,0.4527305491731185,2.062299722957087,0.018091144774292068,0.7911246213226968,0.007139620408353518,60.541643002523486,13.908035313608101,0.3219285767762245,0.009205426356596132,11.861198738170348,11,0,London,flat,ranging,0.33242262092308406,1
SOL-USDT-SWAP,2026-06-22 12:00:00+00:00,-124.59421299999784,0,r023_master_trades.csv,48.0,0.6017957508745144,1.3998428641955316,0.027330106061886416,3.7906115370743994,0.35345143956570424,56.87398219614097,18.89812906292481,0.5966910767561673,0.022727272727284472,30.93525179856112,11,0,London,bull,mixed,0.33754008702451904,6
LINK-USDT-SWAP,2026-06-22 12:00:00+00:00,-114.28392399999936,0,r023_master_trades.csv,49.0,0.5908750222796532,2.532562606491756,0.033853765873694285,1.1724888781678422,-0.04784714721134664,64.87806907917869,15.197085721021216,0.46296296296297307,0.29729729729729404,2.7190332326279694,11,0,London,bear,ranging,0.3841946820120331,1
LTC-USDT-SWAP,2026-06-22 12:00:00+00:00,-117.19275463829726,0,r023_master_trades.csv,60.0,0.5099816613234184,1.6678535661153637,0.018532453089762698,1.6309150716084717,0.09959821161624287,57.841545892362554,28.64560587216507,0.42448614834674897,0.31578947368421445,44.30379746835465,11,0,London,bull,trending,0.34071764249180964,6
XRP-USDT-SWAP,2026-06-22 13:00:00+00:00,-118.30667072566476,0,r023_master_trades.csv,53.0,0.5421380030027195,1.0400302983366916,0.02634079907820024,0.026815922269585336,-0.17231110760973162,63.44078449129712,15.32418365105849,1.1942119944212035,0.7591240875912358,4.166666666666787,12,0,London,bear,ranging,0.3785569808461562,1
ETH-USDT-SWAP,2026-06-22 13:00:00+00:00,-178.0791077100168,0,r023_master_trades.csv,56.00000000000001,0.4957182273071481,1.1859264175311608,0.034496938765003676,2.0694758390367904,0.10907920281257813,66.54619376243146,19.880399397470757,1.5679481954444618,0.6732851985559588,14.882717713669392,12,0,London,bull,mixed,0.3835406333081114,1
LTC-USDT-SWAP,2026-06-22 13:00:00+00:00,-123.96584447058808,0,r023_master_trades.csv,70.0,0.45876779825959413,1.5334699964248277,0.02019209949231021,2.237215883178232,0.11001035514934389,62.740903670934756,29.452334834595998,1.149933657673587,0.884615384615393,4.918032786885437,12,0,London,bull,trending,0.35609633570635446,1
BTC-USDT-SWAP,2026-06-22 13:00:00+00:00,-120.6340111021766,0,r023_master_trades.csv,70.0,0.4755642143425071,2.8298007195097523,0.0233252612491674,1.541790350926738,0.020817208853905107,66.96870528916561,15.61410295529231,1.0457253384913003,0.7567327611719432,3.7267397399948274,12,0,London,bull,ranging,0.3838412162246945,1
LTC-USDT-SWAP,2026-06-22 14:00:00+00:00,-124.7938899999991,0,r023_master_trades.csv,79.0,0.4548420750807405,1.4388816215777722,0.02437991199199238,2.5924637428530386,0.12613771707958393,65.37211661755022,30.639807960953434,0.8791208791208917,0.7249999999999875,8.904109589040822,13,0,London,bull,trending,0.36217610973781666,1
AVAX-USDT-SWAP,2026-06-22 14:00:00+00:00,-111.1699568543678,0,r023_master_trades.csv,40.0,0.6891750246735231,1.9232014767116998,0.05262090603732234,0.48286496626697817,-0.19507628700434992,68.81824665991859,16.199317932526302,1.2339893783192712,0.5189873417721583,2.1220159151193663,13,0,London,bear,ranging,0.42002256047180814,1
LINK-USDT-SWAP,2026-06-22 14:00:00+00:00,-123.14340571428404,0,r023_master_trades.csv,46.0,0.5843948108003979,1.2486568077279678,0.04625094597500712,1.9014336787795332,0.013231230531849124,69.03514164915464,18.335440355324682,0.6166748889985287,0.5,1.7948717948717083,13,0,London,flat,mixed,0.4211780645524554,1
DOGE-USDT-SWAP,2026-06-22 14:00:00+00:00,-122.37512120588109,0,r023_master_trades.csv,46.0,0.4469884239383217,1.6800568021222912,0.029787577761980093,0.2985199700325659,-0.11626553579912387,69.44923096321584,19.577567489213006,0.5676442762535411,0.7500000000000072,1.0204081632653832,13,0,London,bear,mixed,0.3969535428236932,1
ETH-USDT-SWAP,2026-06-22 18:00:00+00:00,-131.84335195918322,0,r005_attribution_trades.csv,72.0,0.5799673897525172,0.7560273397567783,0.037279156180830254,0.6849898027573756,0.145183352980577,49.409007560854405,19.091827484504964,0.7639994711215078,0.347629796839739,51.18719664174206,17,0,NY,bull,mixed,0.3412946353097868,6
BTC-USDT-SWAP,2026-06-22 20:00:00+00:00,-155.8110299324933,0,r005_attribution_trades.csv,82.0,0.5071278392203281,0.6665548197133948,0.027150917379008745,0.4383937594501736,0.08959419352630761,51.096059337569635,19.44600710389117,0.7054352879348286,0.5814414811549423,49.837440109513906,19,0,NY,bull,mixed,0.31173622766856424,6
SOL-USDT-SWAP,2026-06-22 20:00:00+00:00,-152.1899864799955,0,r005_attribution_trades.csv,75.0,0.7184246193944025,0.8893619192895882,0.031815588277351065,1.5053988459431173,0.28130437147642606,42.08960155101397,14.875159368014373,1.3774104683195594,0.6400000000000006,90.00000000000033,19,0,NY,bull,ranging,0.38195404286742374,6
LTC-USDT-SWAP,2026-06-22 22:00:00+00:00,-132.0320024799998,0,r023_master_trades.csv,74.0,0.4152273111098565,0.6496485696628153,0.025126327801695502,0.24591164146140887,0.10368649829299573,43.96007378738087,22.047408873646514,0.5165057264765416,0.3478260869565083,82.73381294964015,21,0,NY,bull,mixed,0.3794368683670308,6
AVAX-USDT-SWAP,2026-06-23 21:00:00+00:00,-115.68391690410824,0,r023_master_trades.csv,67.0,0.6529491241863091,1.1644779653911952,0.04683260065049961,0.36608722875918615,-0.12124396269770366,62.87392242181232,16.773164703017102,0.8994792488559316,0.6666666666666511,16.21621621621625,20,1,NY,bear,ranging,0.34373449194634703,1
AVAX-USDT-SWAP,2026-06-24 05:00:00+00:00,-117.94289903124812,0,r023_master_trades.csv,50.0,0.5886122154054607,0.5231617850153355,0.059606113426315416,0.4931931982518046,0.07197441263112456,57.92137273541656,21.252644859491845,0.7797878976918251,0.4400000000000064,27.96208530805691,4,2,Asia,bull,mixed,0.4783581103567955,1
AVAX-USDT-SWAP,2026-06-24 06:00:00+00:00,-167.62197932535128,0,r024_trade_log.csv,44.0,0.5309243858098934,0.34977811613913184,0.05604582476094928,0.6431457718311854,0.08622098082463611,58.88779260306326,20.758549958118373,1.1832477035653064,0.1315789473684189,28.723404255319267,5,2,Asia,bull,mixed,0.4359495898154579,1
AVAX-USDT-SWAP,2026-06-24 12:00:00+00:00,-114.9400702857142,0,r023_master_trades.csv,21.0,0.49703169035783595,1.4395979116003992,0.03629243424680713,0.7840582893008241,0.03673096163886099,59.20524374698717,15.411747903112559,0.7344897640256244,0.10638297872340265,35.8974358974361,11,2,London,bull,ranging,0.342596025982075,1
AVAX-USDT-SWAP,2026-06-24 21:00:00+00:00,-105.0863466301371,0,r023_master_trades.csv,100.0,1.0901190023435543,1.7353182007063865,0.0841753615391234,-0.6905663344145598,-0.22413804224910835,52.401252087781664,22.113961060075646,1.2216973448444401,0.6266666666666731,37.36263736263746,20,2,NY,bear,mixed,0.36579093894191766,1
AVAX-USDT-SWAP,2026-06-25 05:00:00+00:00,-112.15479040000004,0,r023_master_trades.csv,91.0,1.1265760043903006,0.536528374514369,0.08464722886877707,1.5474994629332088,0.005579023792853274,60.38457406527464,18.16786759843504,0.6866416978776604,0.02272727272728007,4.125736738703319,4,3,Asia,flat,mixed,0.4615266349930998,1
AVAX-USDT-SWAP,2026-06-25 06:00:00+00:00,-118.00005196923088,0,r023_master_trades.csv,95.0,1.1435092875002653,1.9019284850902252,0.08932833713939095,2.5399266902130417,0.06886037702459896,64.19181454609986,19.639504813272463,1.8055555555555554,0.6068376068376121,13.862928348909714,5,3,Asia,bull,mixed,0.4236588132327534,3
SOL-USDT-SWAP,2026-06-26 07:00:00+00:00,195.7432512315271,1,r023_master_trades.csv,93.0,1.8520641594512641,1.6465645877737638,0.07423573530571766,0.2384272951620262,-0.30384361858334896,62.54155566693007,16.424352943548737,0.7611241217798538,0.5384615384615175,0.6633499170813631,6,4,Asia,bear,ranging,0.5228574085233126,0
AVAX-USDT-SWAP,2026-06-26 08:00:00+00:00,-116.33663304347728,0,r023_master_trades.csv,88.0,1.9457583150603799,1.1576519686642899,0.06431097529135923,-0.6027909736414874,-0.3055128945805861,54.661389244933545,22.076085915577657,2.8676706183915313,0.7821229050279339,26.868686868686865,7,4,Asia,bear,mixed,0.4527664475843498,0
SOL-USDT-SWAP,2026-06-26 14:00:00+00:00,195.78173485457177,1,r005_attribution_trades.csv,100.0,1.2428108239294322,2.232150502285247,0.08501320099341744,1.2725082884602936,-0.07550632508086863,62.19156105681469,17.887765651547653,2.019761697181053,0.17266187050359338,5.586592178770892,13,4,London,bear,ranging,0.4946901447410348,3
BCH-USDT-SWAP,2026-06-26 16:00:00+00:00,-106.68197924528228,0,r023_master_trades.csv,99.0,1.1735325148286295,2.532974976436687,0.06416769646491598,1.7398114543622814,-0.1012603636146256,65.09802582920383,12.871120134354886,1.0240655401945724,0.5,7.738095238095144,15,4,London,bear,ranging,0.4282609367447657,1
AVAX-USDT-SWAP,2026-06-26 16:00:00+00:00,195.18969325153373,1,r023_master_trades.csv,91.0,1.3346042503801427,2.142944885758742,0.05624535199271238,0.5375297068503699,-0.20105792331870637,58.22280002552921,17.79150729457852,1.3174807197943421,0.3170731707317055,0.7142857142857415,15,4,London,bear,ranging,0.47773034749568494,1
SOL-USDT-SWAP,2026-06-26 16:00:00+00:00,-107.32858341379251,0,r023_master_trades.csv,100.0,1.2590544064768205,1.5726706382898095,0.09187762776986792,3.1507136589526983,0.012285280367356185,66.5386823567662,20.60760159929418,2.513490485657478,0.14689265536723486,3.0015797788309286,15,4,London,flat,mixed,0.4444932853974951,3
SOL-USDT-SWAP,2026-06-26 17:00:00+00:00,181.76750000000013,1,r023_master_trades.csv,100.0,1.2576014208418094,2.3292201810561752,0.0978538404113681,3.7419619921037324,0.04751425897029484,67.98251986433172,22.545533856655886,2.6801833078739157,0.8238341968911905,14.877102199223714,16,4,NY,bull,mixed,0.5200730019369193,3
BCH-USDT-SWAP,2026-06-26 22:00:00+00:00,-135.42646299999632,0,r023_master_trades.csv,73.0,1.0953385807522384,0.27961676792415635,0.06904469660239937,0.2826440260676486,0.019362467993704693,57.36810667586675,13.726466406063839,1.0141987829614605,0.25,29.83425414364645,21,4,NY,flat,ranging,0.41895568044526316,0
AVAX-USDT-SWAP,2026-06-26 23:00:00+00:00,-105.34561092093,0,r023_master_trades.csv,94.0,1.2950337677995065,1.840272260483867,0.08507875351716346,2.9838460782836873,0.05060208917882349,63.25601106111304,19.471964488148505,0.7882705344474196,0.19999999999999646,2.861952861952774,22,4,NY,bull,mixed,0.40367569206864645,3
AVAX-USDT-SWAP,2026-06-27 00:00:00+00:00,-111.03049162616784,0,r023_master_trades.csv,91.0,1.2466886435779765,1.6529757580515787,0.09681437031573942,4.497903489453132,0.10961801989965898,66.916756506185,21.014265723110565,3.568147013782537,0.8068669527897034,0.0,23,4,NY,bull,mixed,0.4192706451196775,3
BCH-USDT-SWAP,2026-06-27 03:00:00+00:00,-118.56972778947264,0,r023_master_trades.csv,61.0,0.8011359147714093,0.4739634562489482,0.04446043213595931,0.23208859497807982,0.018826459629194565,55.853532746712105,11.668088549055259,0.5099439061703213,0.4000000000000057,46.610169491525376,2,5,Asia,flat,ranging,0.5305451320590765,6
LTC-USDT-SWAP,2026-06-27 09:00:00+00:00,-121.21288449999932,0,r023_master_trades.csv,34.0,0.5418367410226189,1.3668812684501574,0.03949125453960126,0.011086787122609942,-0.11068600995573158,67.03453108957373,16.077165647267236,0.9195944352747007,0.6153846153846013,0.3891050583656813,8,5,London,bear,ranging,0.441030250134141,1
AVAX-USDT-SWAP,2026-06-27 12:00:00+00:00,-108.91483961832036,0,r023_master_trades.csv,47.0,1.0007826738244876,1.1419119974826055,0.056724659223781344,3.2595979172421843,0.32256229458752417,58.727072393809955,33.74821067572755,0.628834355828213,0.19512195121951484,25.988700564971897,11,5,London,bull,trending,0.4932421252539404,0
SOL-USDT-SWAP,2026-06-27 12:00:00+00:00,167.98666666666787,1,r023_master_trades.csv,36.0,0.4401222012262844,0.44526225726431456,0.019991503135151384,2.21087177334917,0.26559719518616853,55.28139397438057,33.81879992953874,0.31944444444443026,0.6956521739130596,82.23938223938251,11,5,London,bull,trending,0.5712623472060703,5
SOL-USDT-SWAP,2026-06-27 14:00:00+00:00,-117.95820999999916,0,r032_all_variants_trades.csv,30.0,0.4363252122901549,0.8999237299653469,0.018658978854166678,2.9360103296710007,0.26230678338068913,60.06090660010715,33.14542298789685,0.7487520798668972,0.6666666666666579,61.0038610038614,13,5,London,bull,trending,0.5542546477723128,5
SOL-USDT-SWAP,2026-06-27 14:00:00+00:00,165.1664,1,r023_master_trades.csv,30.0,0.4363252122901549,0.8999237299653469,0.018658978854166678,2.9360103296710007,0.26230678338068913,60.06090660010715,33.14542298789685,0.7487520798668972,0.6666666666666579,61.0038610038614,13,5,London,bull,trending,0.5542546477723128,5
BCH-USDT-SWAP,2026-06-27 14:00:00+00:00,165.9542857142865,1,r023_master_trades.csv,18.0,0.4015606115720458,0.8607158564377768,0.013188072927853373,0.43633860447629014,0.0010973048730469478,56.20778281285665,8.64298089614432,0.6592292089249407,0.8461538461538529,30.76923076923056,13,5,London,flat,ranging,0.6071604664358469,4
BCH-USDT-SWAP,2026-06-27 15:00:00+00:00,-135.62444320000023,0,r023_master_trades.csv,13.0,0.3832791697154056,0.8565122405072799,0.014718611792077452,0.7838354789466109,0.008159770431672363,58.58788416456633,9.173034713101487,0.5561172901921247,0.45454545454544515,17.30769230769236,14,5,London,flat,ranging,0.5139806906048854,4
SOL-USDT-SWAP,2026-06-27 15:00:00+00:00,-125.5221594117622,0,r023_master_trades.csv,28.000000000000004,0.4479071775254771,1.3047139727575408,0.0191015722544866,3.384765090935275,0.270560778682315,62.83151123527541,33.38643496692455,0.7190265486725805,0.3653846153846038,47.87644787644816,14,5,London,bull,trending,0.4983062071694669,5
UNI-USDT-SWAP,2026-06-27 15:00:00+00:00,190.5547,1,r034_trade_log.csv,6.0,0.42687265466689905,0.980362386266764,0.025859544157030245,0.8194869533366366,0.014938060404364644,55.8685261876802,17.049588756496263,0.7828454731109642,0.82608695652174,55.263157894736835,14,5,London,flat,ranging,0.5704985575645446,5
AVAX-USDT-SWAP,2026-06-27 16:00:00+00:00,-138.3845542580623,0,r023_master_trades.csv,30.0,0.9497376339085358,0.8251063055953018,0.04743976995032689,3.9983861159602,0.3164075407140423,61.34857478788422,32.59839873107437,1.1800302571860726,0.43589743589744817,10.422535211267597,15,5,London,bull,trending,0.43010217855927574,0
BCH-USDT-SWAP,2026-06-27 16:00:00+00:00,-119.818024,0,r029_fvg_low_atr_1h_9sym_trades.csv,10.0,0.3910357739262583,1.7618200533906987,0.01772636632705593,1.1780367257062356,0.01818309503690588,61.18434662702982,10.351815767717454,0.5541561712846319,0.5454545454545431,10.526315789473554,15,5,London,flat,ranging,0.4429233124789085,4
BCH-USDT-SWAP,2026-06-27 18:00:00+00:00,-139.41606399999694,0,r023_master_trades.csv,9.0,0.4140606594411237,1.0127251872343297,0.019243815490808766,0.30272683925952504,0.028852256480684273,53.14494291268171,10.883424276843973,0.7042253521126646,0.4285714285714315,40.35087719298254,17,5,NY,bull,ranging,0.5079206400323166,4
AVAX-USDT-SWAP,2026-06-27 23:00:00+00:00,-120.16746273684184,0,r026_trade_log_liqsweep.csv,18.0,0.6330344967814859,1.5184414068391168,0.04160110468992569,0.6502818893676326,0.2109307033695733,44.98742368290065,26.901055047687034,1.3139371187235982,0.4166666666666702,71.97640117994104,22,5,NY,bull,trending,0.40052189975052654,5
LTC-USDT-SWAP,2026-06-28 07:00:00+00:00,182.94400000000024,1,r023_master_trades.csv,6.0,0.421652775776566,0.8052356932098942,0.032520321011121074,-0.6778017407716058,-0.10254784229827213,51.6085437258698,23.004991012110295,0.6150934468890419,0.038461538461558434,65.49295774647878,6,6,Asia,bear,mixed,0.5275095292122952,5
LTC-USDT-SWAP,2026-06-28 09:00:00+00:00,-115.9696588750002,0,r023_master_trades.csv,14.000000000000002,0.44108052409623083,1.7345306743221278,0.033253656948690764,0.6561791226701424,-0.07960752251663003,63.89314270253087,21.745035490066822,0.5178907721280743,0.6363636363635894,25.35211267605677,8,6,London,bear,mixed,0.4668617545713974,4
SOL-USDT-SWAP,2026-06-28 09:00:00+00:00,-114.9210718837217,0,r023_master_trades.csv,14.000000000000002,0.517075491069039,2.2708645936930387,0.04458033146930629,2.0327763551556024,0.055893925597916366,58.03523226345726,21.792512071563024,0.9149774774774855,0.9538461538461525,42.48366013071883,8,6,London,bull,mixed,0.4630053386719031,5
LTC-USDT-SWAP,2026-06-28 12:00:00+00:00,-116.81397660869396,0,r023_master_trades.csv,18.0,0.4696086385608752,1.3706155236666013,0.033495717884366144,1.5249310210715332,-0.022647734842740127,68.07978200279561,22.22830451832625,0.7006071929005238,0.26666666666665717,0.0,11,6,London,bear,mixed,0.4662661627653965,4
SOL-USDT-SWAP,2026-06-28 14:00:00+00:00,-129.8909700930186,0,r023_master_trades.csv,14.000000000000002,0.4993888651481798,1.2755164414570799,0.028574214668790912,1.7184391255788234,0.12120023389195797,54.908291831793726,20.081090383485282,1.0996659242761582,0.03797468354430562,29.824561403508433,13,6,London,bull,mixed,0.4700461533238307,4
SOL-USDT-SWAP,2026-06-28 17:00:00+00:00,-130.52838142856743,0,r023_master_trades.csv,16.0,0.47530747647616184,1.7767767952278004,0.030200020189221292,1.4107357443303552,0.1667554918822824,51.41959583330774,18.13569481490812,0.930038867295949,0.6417910447761279,37.71929824561399,16,6,NY,bull,mixed,0.4319380423299629,4
LTC-USDT-SWAP,2026-06-28 18:00:00+00:00,-131.9618094999956,0,r023_master_trades.csv,18.0,0.3899738247440736,0.8278214376253138,0.03611080514090896,0.2888881176282387,0.06876307983559506,53.92370790509353,20.783171752656937,0.723285114325717,0.06451612903226768,37.58389261744976,17,6,NY,bull,mixed,0.442007871055174,4
AVAX-USDT-SWAP,2026-06-28 21:00:00+00:00,-114.844235714286,0,r023_master_trades.csv,10.0,0.45562291730228105,2.9983083705034677,0.021168240656160835,0.3946825163903706,-0.07737292414701905,54.2623149041517,24.743485106896028,1.0112182019276355,0.25,33.170731707316875,20,6,NY,bear,mixed,0.38746950081767656,4
AVAX-USDT-SWAP,2026-06-29 00:00:00+00:00,193.036814159292,1,r023_master_trades.csv,24.0,0.6039502351063906,1.2985690552108764,0.023322862464033926,1.05616976902212,-0.05228775890319398,57.68824159392762,23.221671971754066,2.096138691883373,0.1654135338345816,17.8899082568806,23,6,NY,bear,mixed,0.43785451711840173,0
AVAX-USDT-SWAP,2026-06-29 01:00:00+00:00,193.50819672131144,1,r023_master_trades.csv,30.0,0.6114034304372372,2.177151697242145,0.029490127643882303,1.573301566383953,-0.02650455703767622,60.50053306756886,23.345010772219812,2.358783364369945,0.6513157894736887,3.1818181818184277,0,0,Asia,bear,mixed,0.5428737805959927,0
SOL-USDT-SWAP,2026-06-29 01:00:00+00:00,193.36909090909091,1,r023_master_trades.csv,51.0,0.6039290546664774,1.6817472852562885,0.031632567936021753,1.4892588144128938,0.08431032816869874,54.28611483561392,19.716065143486784,2.3265592151366454,0.6987951807228909,28.518518518518494,0,0,Asia,bull,mixed,0.5465173678630256,0
AVAX-USDT-SWAP,2026-06-29 02:00:00+00:00,190.5900000000001,1,r023_master_trades.csv,35.0,0.6073247891348683,1.5220003766039099,0.036781245392181076,1.9453592663187147,0.0021469752026471627,62.47550050356927,24.21316567298019,1.9913553565915474,0.2635658914728658,13.768115942029043,1,0,Asia,flat,mixed,0.5228733748028711,1
SOL-USDT-SWAP,2026-06-29 02:00:00+00:00,184.00222222222243,1,r023_master_trades.csv,51.0,0.601601167139016,1.0530018954264002,0.030066676325519837,1.2357516945549274,0.07498679160472489,52.361691374652146,20.273677160073888,1.9131406228180485,0.18978102189781332,34.81481481481487,1,0,Asia,bull,mixed,0.5178544164729066,6
LTC-USDT-SWAP,2026-06-29 02:00:00+00:00,-126.4801163448282,0,r023_master_trades.csv,51.0,0.5398085746751492,0.7727368004165401,0.0291023579479667,0.5003806096093381,-0.01611015804175361,55.85312628112979,16.658646336862923,1.6091417910447707,0.5652173913043506,35.036496350365134,1,0,Asia,flat,ranging,0.3988886730339642,6
AVAX-USDT-SWAP,2026-06-29 03:00:00+00:00,193.2515254237288,1,r024_trade_log.csv,40.0,0.580544409081945,1.7101811093972732,0.043105591135965994,2.1428303890901312,0.03519955890049313,63.57388469329973,24.546453319480733,1.876057204367227,0.20491803278688686,8.695652173913029,2,0,Asia,bull,mixed,0.513286636151509,1
SOL-USDT-SWAP,2026-06-29 04:00:00+00:00,195.8997260273973,1,r032_all_variants_trades.csv,57.99999999999999,0.621167169569124,1.8404718983675095,0.03303651054110603,2.897334309828044,0.09850166579498537,62.788142101078115,19.278190087818142,2.411308203991124,0.40804597701149187,17.95580110497219,3,0,Asia,bull,mixed,0.5348225978865948,0
SOL-USDT-SWAP,2026-06-29 04:00:00+00:00,-126.56143122448698,0,r023_master_trades.csv,57.99999999999999,0.621167169569124,1.8404718983675095,0.03303651054110603,2.897334309828044,0.09850166579498537,62.788142101078115,19.278190087818142,2.411308203991124,0.40804597701149187,17.95580110497219,3,0,Asia,bull,mixed,0.5348225978865948,0
BCH-USDT-SWAP,2026-06-29 06:00:00+00:00,193.545945945946,1,r023_master_trades.csv,57.99999999999999,0.4953039474755315,1.3367693208788893,0.03344196410060545,-0.33726757089861203,-0.21080708374204943,61.106258031388286,30.949802902309678,1.0314595152140278,0.04999999999999716,1.3888888888892015,5,0,Asia,bear,trending,0.45833038346104016,1
BCH-USDT-SWAP,2026-06-29 07:00:00+00:00,-127.05729999999684,0,r023_master_trades.csv,59.0,0.503818499855938,3.0940324093090408,0.039002187383028575,0.22211907265327047,-0.18391409434209763,64.74455665779202,28.8880433103039,1.8442622950819645,0.3333333333333307,18.811881188118598,6,0,Asia,bear,trending,0.41522414800580565,1
BCH-USDT-SWAP,2026-06-29 13:00:00+00:00,-129.35207049999713,0,r023_master_trades.csv,59.0,0.4555514443281507,2.306951667477239,0.056688618528081706,0.3112046794641169,-0.00846005841625837,62.09003807932822,20.463041070276397,1.171676006113098,0.04347826086956253,24.324324324324234,12,0,London,flat,mixed,0.38584827597179655,1
SOL-USDT-SWAP,2026-06-29 13:00:00+00:00,193.53726618705036,1,r023_master_trades.csv,61.0,0.7171611238428015,2.8423799977488473,0.052125235811472506,3.801465056629638,0.27704841234337646,62.99972897090283,14.032163225353443,1.4208856393985394,0.6796116504854389,21.532091097308626,12,0,London,bull,ranging,0.5120992736525473,0
AVAX-USDT-SWAP,2026-06-29 15:00:00+00:00,193.318,1,r023_master_trades.csv,56.00000000000001,0.7118265878882999,1.77881820278584,0.05754002367403323,2.486540275322153,0.27025903238424254,57.98514217464175,33.575147847333774,1.5093764293337428,0.03030303030303139,35.18072289156624,14,0,London,bull,trending,0.4622577059835873,1
SOL-USDT-SWAP,2026-06-29 15:00:00+00:00,-109.15727199999913,0,r023_master_trades.csv,72.0,0.7021339393834763,2.0364874754657687,0.058880600952410475,4.041551851233112,0.3148384007682218,64.48128578842754,14.400874228497717,2.1305468856018366,0.14012738853503173,16.770186335403782,14,0,London,bull,ranging,0.45146208675615923,3
BCH-USDT-SWAP,2026-06-29 16:00:00+00:00,191.46714285714285,1,r023_master_trades.csv,61.0,0.46809410990981576,1.2297669701806313,0.05405769074179368,0.15590758855342685,0.017365043915171036,58.91769798631258,17.373636938422916,1.1253196930946234,0.4545454545454569,27.02702702702704,15,0,London,flat,ranging,0.4099505085888024,1
AVAX-USDT-SWAP,2026-06-29 17:00:00+00:00,-118.97239428571308,0,r023_master_trades.csv,56.00000000000001,0.7250839188734942,1.012860667174523,0.05519689720758022,4.306346266757044,0.29490199106575943,68.07070420523263,34.51289211681466,2.660453930557651,0.5141242937853053,5.783132530120486,16,0,NY,bull,trending,0.41274850052567014,3
BCH-USDT-SWAP,2026-06-29 18:00:00+00:00,-109.40011852631532,0,r023_master_trades.csv,63.0,0.5457572442192767,1.8773890277760177,0.05782686038829476,2.5723561397118533,0.04440145653509387,73.76127595049803,17.671929622381132,1.1657374556512838,0.4347826086956554,3.0075187969925214,17,0,NY,bull,ranging,0.34616502523714643,1
AVAX-USDT-SWAP,2026-06-29 18:00:00+00:00,-117.49216965217452,0,r023_master_trades.csv,60.0,0.6664882112165232,2.106716810874738,0.052895972761119105,5.326860176344423,0.3241305383195012,72.34437561916575,35.829293478541906,1.2269938650306726,0.35365853658536545,13.163064833005919,17,0,NY,bull,trending,0.38874227365403435,3
SOL-USDT-SWAP,2026-06-29 18:00:00+00:00,-110.30097579999884,0,r023_master_trades.csv,94.0,0.7161249325340686,2.4139470790090534,0.06329566326148835,6.100862191464409,0.3868546005051978,73.85990451730386,17.113012113759574,1.7297297297297312,0.10156249999999636,17.429837518463923,17,0,NY,bull,ranging,0.35270986668188553,3
BTC-USDT-SWAP,2026-06-29 18:00:00+00:00,-120.53150765114783,0,r023_master_trades.csv,65.0,0.4247783534730282,1.5143385373667533,0.02029816369656105,-1.1753350971682825,-0.21099112360365846,59.98359711916523,24.323582114553318,0.7690894208442635,0.1613814074717695,19.885267275097934,17,0,NY,bear,mixed,0.38405738984095167,1
ETH-USDT-SWAP,2026-06-29 18:00:00+00:00,-106.72274020140138,0,r023_master_trades.csv,66.0,0.6561486455331601,2.813410275374565,0.03364067267695732,0.5701190980834373,-0.2377473459248742,75.26292147762058,28.16663970476652,0.908855662360127,0.3541666666666739,11.370390753990025,17,0,NY,bear,trending,0.3528778214540115,1
SOL-USDT-SWAP,2026-06-29 19:00:00+00:00,-129.44401782608787,0,r023_master_trades.csv,88.0,0.7018395763612516,0.5075971041891546,0.06396041045544218,6.454640507716928,0.4237183758144813,75.23420704953875,19.053224144058976,3.2948053673442326,0.5120967741935459,13.836477987421535,18,0,NY,bull,mixed,0.3865497256001397,3
LTC-USDT-SWAP,2026-06-29 19:00:00+00:00,-132.32927275000014,0,r023_master_trades.csv,64.0,0.48747840291735084,0.5957559602935579,0.028366458439514713,1.4238251368952335,-0.012228593904731267,63.61596311055592,14.25016278275385,1.5780923648178224,0.7647058823529461,1.6528925619837282,18,0,NY,flat,ranging,0.34135193521801155,1
LTC-USDT-SWAP,2026-06-29 20:00:00+00:00,-140.96327768421162,0,r023_master_trades.csv,54.0,0.4584200142057926,0.7536823151060528,0.031133019203498168,1.6415057621440212,0.009119893966441354,65.19241531957051,14.79534716049818,0.5779010633379567,0.6799999999999784,2.2727272727273586,19,0,NY,flat,ranging,0.37562765623967775,1
BCH-USDT-SWAP,2026-06-30 00:00:00+00:00,-130.0420014999991,0,r023_master_trades.csv,46.0,0.5404325342596872,0.28732858588562127,0.05369580170807327,2.461308411654427,0.1907949470343843,66.0376277250848,22.960930435876275,0.6979062811565333,0.9285714285714329,15.178571428571558,23,0,NY,bull,mixed,0.351535962851544,1
LTC-USDT-SWAP,2026-06-30 00:00:00+00:00,-155.3530415714304,0,r023_master_trades.csv,36.0,0.4087728803517326,0.384224788095962,0.035789320764562024,1.1185957804963702,0.08511599491930508,58.87322269201722,14.857712759329148,0.48667439165701243,0.8571428571428523,17.424242424242724,23,0,NY,bull,ranging,0.3451654793818155,1
AVAX-USDT-SWAP,2026-06-30 01:00:00+00:00,-127.71025795348535,0,r023_master_trades.csv,30.0,0.5999842466140456,0.55193407691541,0.042646189386992515,3.433163299823793,0.42888318108096884,56.41749265706107,35.765678650228324,0.5694590139367639,0.5263157894736694,44.82758620689647,0,1,Asia,bull,trending,0.385284607390893,6
SOL-USDT-SWAP,2026-06-30 01:00:00+00:00,-143.06408625806537,0,r023_master_trades.csv,59.0,0.6270851649818853,0.8610484040345145,0.06646384471896889,4.399671242401504,0.5629451619858907,56.2787920771453,25.301866150539052,0.7187541594569496,0.20370370370370028,37.887067395264026,0,1,Asia,bull,trending,0.3862139940028143,6
SOL-USDT-SWAP,2026-06-30 03:00:00+00:00,-123.01701441379282,0,r005_attribution_trades.csv,55.00000000000001,0.6093476738154712,0.3382058921352071,0.058967400434355874,4.572367471849102,0.5662662347777374,57.94026185001336,24.182610741813082,0.820112933584296,0.0,42.76018099547511,2,1,Asia,bull,mixed,0.39057499877485674,6
BCH-USDT-SWAP,2026-06-30 03:00:00+00:00,-118.8160189473665,0,r023_master_trades.csv,47.0,0.5682207659538502,0.5121764640232771,0.048035496685932946,1.7509626251817105,0.23133696839512893,58.553459641964224,19.63855138869401,1.0050251256281406,0.20000000000000284,32.25806451612899,2,1,Asia,bull,mixed,0.4554972854406888,6
AVAX-USDT-SWAP,2026-06-30 05:00:00+00:00,-136.0345839999996,0,r023_master_trades.csv,21.0,0.5517959078865619,0.3884120869369773,0.0346953844046014,2.957183758401369,0.37447930881208175,52.68529673761837,30.283848168180178,0.7247470934621779,0.8958333333333356,50.66312997347479,4,1,Asia,bull,trending,0.4027688340254849,6
SOL-USDT-SWAP,2026-06-30 06:00:00+00:00,-135.01913531578978,0,r023_master_trades.csv,43.0,0.625817152401161,0.2583539184642653,0.04861893225003538,3.9462270852445864,0.4867972747744049,53.64496364998072,21.779730399273916,0.7702702702702611,0.26315789473685525,51.48741418764297,5,1,Asia,bull,mixed,0.4012211654841802,6
AVAX-USDT-SWAP,2026-06-30 09:00:00+00:00,-115.38885657142818,0,r023_master_trades.csv,20.0,0.5216704500047186,1.5282154684940257,0.0322538972311025,2.946955233099581,0.3037240700425985,53.67563680182925,23.49754000614289,0.7300380228136888,0.39583333333333565,49.07161803713521,8,1,London,bull,mixed,0.37690676406554163,6
BCH-USDT-SWAP,2026-06-30 10:00:00+00:00,-112.41048896551668,0,r023_master_trades.csv,42.0,0.6006544010383444,1.0164194937964008,0.03580833580308026,2.646050177801086,0.1674796268948704,63.840744218010414,15.219959995550601,1.2030075187969953,0.33333333333333726,10.752688172042998,9,1,London,bull,ranging,0.3733578996990889,1
AVAX-USDT-SWAP,2026-06-30 10:00:00+00:00,-132.13571102702673,0,r023_master_trades.csv,19.0,0.5216660603103201,0.9821182237446562,0.029711904169078627,2.870712796697241,0.2940839275136917,53.233979490736374,22.573002308657273,1.2662044015676894,0.7142857142857157,49.867374005304995,9,1,London,bull,mixed,0.36359377603894916,6
BCH-USDT-SWAP,2026-06-30 12:00:00+00:00,-140.15675489702517,0,r023_master_trades.csv,42.0,0.6328331824176887,1.0972954437138898,0.024386590288620422,1.2390586510279704,0.17114468670517427,51.10385016843508,14.66650865469889,0.7473841554559044,0.8000000000000114,50.00000000000019,11,1,London,bull,ranging,0.4536203626283216,6
SOL-USDT-SWAP,2026-06-30 14:00:00+00:00,190.96081632653065,1,r005_attribution_trades.csv,42.0,0.5825384919792942,2.820888192303781,0.05236172354437556,1.817506456616287,0.29664904316344737,42.14329493908807,19.22332774673683,1.9014573213046362,0.9489051094890557,77.41935483870961,13,1,London,bull,mixed,0.6204647545715395,6
BCH-USDT-SWAP,2026-06-30 14:00:00+00:00,192.70545454545456,1,r023_master_trades.csv,70.0,0.7717491199091502,3.9630175952928877,0.03494246292837303,0.3822750561800482,0.12997306832635264,47.01991699446022,16.899936349560157,2.469135802469127,0.9791666666666677,61.36363636363635,13,1,London,bull,ranging,0.5544163171596412,0
AVAX-USDT-SWAP,2026-06-30 14:00:00+00:00,191.44086956521735,1,r023_master_trades.csv,32.0,0.6582776346908942,1.802456774992227,0.04936936702963114,0.3413610011139913,0.19073013919913512,39.557335437126504,23.207590426564867,2.3157565326239977,0.9256756756756747,76.10389610389619,13,1,London,bull,mixed,0.6166270697948504,6
BCH-USDT-SWAP,2026-06-30 17:00:00+00:00,-117.09829600000022,0,r023_master_trades.csv,86.0,0.8148533929930872,2.060550536166948,0.03400249248134577,2.0683484322955534,0.12876954555130835,56.30802351692491,15.362693186764854,2.3476523476523563,0.6382978723404232,21.83908045976988,16,1,NY,bull,ranging,0.3441354348931196,0
AVAX-USDT-SWAP,2026-06-30 20:00:00+00:00,-130.19544769230473,0,r023_master_trades.csv,36.0,0.7153817161448192,1.3362138442438005,0.0465931243779292,1.829249542080747,0.09342440218223456,51.15555674661374,20.18814687285895,1.1143336895130573,0.6849315068493089,35.57046979865767,19,1,NY,bull,mixed,0.31874092136948645,6
BCH-USDT-SWAP,2026-06-30 20:00:00+00:00,-125.61744400000065,0,r023_master_trades.csv,87.0,0.8573130395603253,0.46920104151867537,0.03148967304943519,1.7697282080950147,0.11137241151287992,54.237206508527095,12.609482439371178,1.099450274862563,0.7727272727272716,24.99999999999992,19,1,NY,bull,ranging,0.2878507445102342,6
SOL-USDT-SWAP,2026-06-30 21:00:00+00:00,-182.7279823749952,0,r023_master_trades.csv,46.0,0.5482616349107508,0.39719925272819834,0.03276797842755351,2.7858675243611657,0.22445600527406998,51.3766571829891,12.955540492132386,0.8682675349342025,0.24999999999999445,39.79933110367892,20,1,NY,bull,ranging,0.3103933346900272,6
BCH-USDT-SWAP,2026-06-30 22:00:00+00:00,-123.86561919999892,0,r023_master_trades.csv,77.0,0.8416167329620187,0.20703251181652516,0.03153586588113192,1.486749826036051,0.10666146406600205,52.66288820929359,11.113231840457761,0.952380952380941,0.3684210526315774,30.952380952380864,21,1,NY,bull,ranging,0.30240781962980834,6
SOL-USDT-SWAP,2026-07-01 01:00:00+00:00,168.33714285714296,1,r023_master_trades.csv,35.0,0.5401773946718538,0.5599545577269552,0.026894690330417872,2.597881595764415,0.255724386124803,50.84748459195372,11.580562279910863,0.5296754040472642,0.6153846153846013,26.582278481013017,0,2,Asia,bull,ranging,0.5150957629151074,6
BCH-USDT-SWAP,2026-07-01 02:00:00+00:00,194.96489795918365,1,r023_master_trades.csv,85.0,0.841484298760611,1.4848068846583864,0.032132029295497466,1.8310896936593661,0.15397820983746602,55.180082076141524,10.142279976303366,0.8995502248875619,0.1111111111111041,21.428571428571548,1,2,Asia,bull,ranging,0.45558074054265857,1
BCH-USDT-SWAP,2026-07-01 03:00:00+00:00,195.31777777777776,1,r023_master_trades.csv,98.0,0.9622382860528157,2.3527718818043026,0.04115672048566913,4.123035513886063,0.17466870157915845,66.69991166125044,10.382967212568197,2.791625124626119,0.07142857142857252,4.273504273504278,2,2,Asia,bull,ranging,0.5640382315517535,0
AVAX-USDT-SWAP,2026-07-01 03:00:00+00:00,185.98526315789465,1,r023_master_trades.csv,37.0,0.7273314498588258,0.8715699910230137,0.03672141489402725,2.1745452694396508,0.1439940239646913,55.29745333789977,17.973029855403926,2.5902788358982165,0.15882352941176556,18.45018450184496,2,2,Asia,bull,ranging,0.5126231257600944,0
SOL-USDT-SWAP,2026-07-01 03:00:00+00:00,190.99999999999997,1,r023_master_trades.csv,56.00000000000001,0.5934362378896111,1.4720134327863914,0.029157173935335026,4.098938293023409,0.27892324472026725,63.17114535950225,12.613477624998271,2.8958051420838977,0.14018691588785573,8.0128205128205,2,2,Asia,bull,ranging,0.5140904448478932,0
LTC-USDT-SWAP,2026-07-01 03:00:00+00:00,-114.34309984905516,0,r023_master_trades.csv,49.0,0.4839174722384827,1.0249319608335425,0.029553243228238654,0.04787643288089708,-0.15581623907277928,60.01439246665292,24.358830563126034,2.1847542151507993,0.2826086956521712,15.03267973856234,2,2,Asia,bear,mixed,0.46338695858941287,1
ETH-USDT-SWAP,2026-07-01 04:00:00+00:00,-123.10906328420822,0,r023_master_trades.csv,62.0,0.5063025000707579,1.321293828148129,0.024355299173904582,-0.9008030127144406,-0.20173380588649364,59.925136060117886,25.276829973160744,0.9788524972722044,0.5405927835051471,9.641706924315534,3,2,Asia,bear,trending,0.41734714129627193,1
BCH-USDT-SWAP,2026-07-01 04:00:00+00:00,-109.96873875675593,0,r023_master_trades.csv,100.0,0.9770209104619003,2.4028613864419706,0.05324506344217789,5.134343290790506,0.21741985626682442,70.43574950698505,12.079383183590593,2.8265107212475553,0.7758620689655196,18.404907975460112,3,2,Asia,bull,ranging,0.5670029346149779,0
AVAX-USDT-SWAP,2026-07-01 04:00:00+00:00,194.85275,1,r032_all_variants_trades.csv,46.0,0.7920494711231895,1.3287055238438072,0.04276474807154076,3.730424163536898,0.17355866090397393,64.25516873397333,17.131375240415952,1.1971510834974957,0.4556962025316531,6.086956521739108,3,2,Asia,bull,ranging,0.4612740259755644,0
AVAX-USDT-SWAP,2026-07-01 04:00:00+00:00,-111.59282718446528,0,r023_master_trades.csv,46.0,0.7920494711231895,1.3287055238438072,0.04276474807154076,3.730424163536898,0.17355866090397393,64.25516873397333,17.131375240415952,1.1971510834974957,0.4556962025316531,6.086956521739108,3,2,Asia,bull,ranging,0.4612740259755644,0
BCH-USDT-SWAP,2026-07-01 04:00:00+00:00,196.5616,1,r032_all_variants_trades.csv,100.0,0.9770209104619003,2.4028613864419706,0.05324506344217789,5.134343290790506,0.21741985626682442,70.43574950698505,12.079383183590593,2.8265107212475553,0.7758620689655196,18.404907975460112,3,2,Asia,bull,ranging,0.5670029346149779,0
LINK-USDT-SWAP,2026-07-01 05:00:00+00:00,-138.58673517646884,0,r023_master_trades.csv,59.0,0.575576470315865,0.8594764395233474,0.02805439093740268,-1.3224891599904618,-0.26714476984740076,60.34937111749873,25.03611001376105,1.0978454782489373,0.4249999999999972,7.835820895522359,4,2,Asia,bear,trending,0.41520601194663975,1
SOL-USDT-SWAP,2026-07-01 05:00:00+00:00,-142.350145562494,0,r023_master_trades.csv,59.0,0.5960132991672896,1.01773508068229,0.043984008616761064,5.07859325984996,0.3319938164055257,69.08495409697176,11.726545866681068,1.7762460233298032,0.5223880597014934,8.060453400503608,4,2,Asia,bull,ranging,0.4303803755888047,0
SOL-USDT-SWAP,2026-07-01 10:00:00+00:00,-134.68576784615348,0,r023_master_trades.csv,59.0,0.5099918351641218,0.8958461263825271,0.04834228476061491,4.741447349436355,0.4152150293173901,62.28069232619618,11.046112846991036,1.4189099588913847,0.5327102803738288,10.989010989010753,9,2,London,bull,ranging,0.3553058296075923,0
BCH-USDT-SWAP,2026-07-01 10:00:00+00:00,-145.91041449999963,0,r023_master_trades.csv,94.0,0.7712871575968083,1.0845857448946026,0.05724457597375074,3.5429056773223158,0.34236661275151153,59.11810570041526,14.598615172593703,1.3712047012732673,0.4642857142857063,39.31034482758633,9,2,London,bull,ranging,0.33187896946598394,6
SOL-USDT-SWAP,2026-07-01 14:00:00+00:00,193.5032167832168,1,r023_master_trades.csv,64.0,0.6509932368570446,3.000345681461494,0.04495680200264639,5.357363159776007,0.4338716489972772,63.70319774842978,11.074151730038892,0.9522532188841307,0.32394366197183294,4.030226700251804,13,2,London,bull,ranging,0.5238469997788932,1
LINK-USDT-SWAP,2026-07-01 14:00:00+00:00,192.45118644067796,1,r023_master_trades.csv,55.00000000000001,0.5011244677241264,3.103195861930473,0.0232677481090194,-1.189179333991818,-0.21647460286812578,58.18469683949577,22.027534105198992,0.5695235449368019,0.43902439024389345,9.701492537313367,13,2,London,bear,mixed,0.4780634103415356,1
ETH-USDT-SWAP,2026-07-01 14:00:00+00:00,192.98127475693192,1,r023_master_trades.csv,59.0,0.5124773704981225,2.777282018871695,0.023756005679803842,-0.5821399728976256,-0.1604334504429373,59.286330870235446,24.80651954220199,0.4810571789022947,0.027814569536428826,14.693024139897357,13,2,London,bear,mixed,0.4604402937581535,1
AVAX-USDT-SWAP,2026-07-01 14:00:00+00:00,190.5044705882353,1,r023_master_trades.csv,32.0,0.5172635873160498,1.6274393413831267,0.03659925509701165,2.51145173092765,0.2832078422793603,53.85142961780623,13.418008545158234,0.9995456610631507,0.772727272727277,26.82119205298001,13,2,London,bull,ranging,0.45194239971362316,6
SOL-USDT-SWAP,2026-07-01 15:00:00+00:00,192.88727272727277,1,r023_master_trades.csv,77.0,0.6813529418713836,2.6954236005211785,0.051695264692310096,6.562413311769731,0.44885900033783815,68.85246873233464,11.90289940817413,2.1052631578947296,0.8937500000000075,6.1507936507936884,14,2,London,bull,ranging,0.5907129642180816,3
BCH-USDT-SWAP,2026-07-01 15:00:00+00:00,196.15304347826088,1,r023_master_trades.csv,100.0,1.0677110826706038,3.923837942768882,0.07427752834685192,8.194407528844074,0.40620702884563,71.58397469422995,19.068931040874077,2.3557692307692335,0.9591836734693843,2.1164021164019986,14,2,London,bull,mixed,0.567549204182888,3
DOGE-USDT-SWAP,2026-07-01 16:00:00+00:00,-118.21068474999898,0,r023_master_trades.csv,68.0,0.5081641895908763,1.9251535141401819,0.032305965123478185,-2.2369498119943385,-0.4538390094547745,64.59322078310763,24.723124469382697,1.1839207048458147,0.3488372093023196,7.39549839228321,15,2,London,bear,mixed,0.33688135699308147,1
ETH-USDT-SWAP,2026-07-01 16:00:00+00:00,-114.91041785250016,0,r023_master_trades.csv,88.0,0.5561255339903509,2.3651757809880887,0.034360134497482916,0.8326969495251518,-0.13924483752978425,68.08230788030967,24.587260814831943,1.6528047690759944,0.1448015122873316,14.307419599898646,15,2,London,bear,mixed,0.30647693111613483,1
LINK-USDT-SWAP,2026-07-01 16:00:00+00:00,-119.2111281739116,0,r023_master_trades.csv,80.0,0.5253986344928999,1.915160555926321,0.03493078325343147,0.23540323171153682,-0.18973082284341908,67.04859416887508,22.19962331367751,1.4571700939670342,0.3551401869158925,11.928934010152432,15,2,London,bear,mixed,0.2999603922288146,1
BTC-USDT-SWAP,2026-07-01 16:00:00+00:00,188.34186470494168,1,r023_master_trades.csv,92.0,0.48112674979015635,2.466786051509222,0.02851170851345616,-0.4372194454131796,-0.2365599847147572,67.70598467486465,29.131445695487216,1.3762315684772213,0.06299597118788748,14.9055183047081,15,2,London,bear,trending,0.3887744085666609,1
LTC-USDT-SWAP,2026-07-01 16:00:00+00:00,188.29454545454536,1,r023_master_trades.csv,89.0,0.6314075689833507,1.7767982118702828,0.038836786228737465,-0.05550098929231048,-0.12201132506366309,55.83839967806812,22.766878741667046,1.402757964812181,0.3728813559321993,23.369565217391244,15,2,London,bear,mixed,0.4157103848058601,1
BCH-USDT-SWAP,2026-07-01 16:00:00+00:00,-142.7957259999996,0,r023_master_trades.csv,100.0,1.0669564584127365,3.0432874604316793,0.0863705463838887,8.305871908720265,0.44737111282208447,72.03086122275599,21.640134425580303,3.4064395706952784,0.8767123287671261,16.74008810572693,15,2,London,bull,mixed,0.4758083730511049,3
AVAX-USDT-SWAP,2026-07-01 16:00:00+00:00,-118.78937687499844,0,r023_master_trades.csv,35.0,0.5262617204128651,1.9155886302993745,0.038367383961134434,3.708921439251938,0.27991848869858554,61.84904821345173,12.170385892646177,1.2304921968787492,0.2804878048780455,5.900621118012461,15,2,London,bull,ranging,0.3256656933537307,1
ETH-USDT-SWAP,2026-07-01 17:00:00+00:00,-158.99840478860114,0,r023_master_trades.csv,89.0,0.5576851519857527,0.9060460214267815,0.0382899545250754,0.4877758828540588,-0.11419698779981229,64.44786885514475,24.846767645608875,1.8959043525517403,0.6179153094462586,21.22056216763736,16,2,NY,bear,mixed,0.3263338954989418,1
LINK-USDT-SWAP,2026-07-01 20:00:00+00:00,147.8141176470599,1,r023_master_trades.csv,65.0,0.5462425302486577,0.6523582660681451,0.040590985132223964,-0.2425826722780889,-0.10075701267044249,60.16234625737468,22.725554308893408,0.7875084860828219,0.5862068965517225,21.065989847715777,19,2,NY,bear,mixed,0.4578423229810935,1
SOL-USDT-SWAP,2026-07-01 21:00:00+00:00,188.5560975609755,1,r005_attribution_trades.csv,74.0,0.7248928712381886,0.6754094933191946,0.06380507862894709,6.756585532665584,0.6081255771763675,65.30313472044925,17.547983493699874,1.143302585422886,0.45454545454546336,14.072847682119333,20,2,NY,bull,ranging,0.42225536307942363,2
ETH-USDT-SWAP,2026-07-01 22:00:00+00:00,-120.16922591844995,0,r023_master_trades.csv,83.0,0.5822493282596164,0.8187756646965196,0.04936374898500344,1.5244624001945892,0.026009835991818088,68.91076999693831,24.115841638674844,0.6505553219383216,0.010456273764270451,9.815039827190478,21,2,NY,bull,mixed,0.3194271727053953,1
BTC-USDT-SWAP,2026-07-01 22:00:00+00:00,-115.76167252663691,0,r023_master_trades.csv,87.0,0.5348809118815369,1.0895748491722574,0.044752998909247464,0.683942616179855,-0.08530474708736271,71.26426987465081,28.44864646303865,0.5408651846528023,0.3134420178406703,2.254522721056707,21,2,NY,bear,trending,0.3529380737073832,1
LTC-USDT-SWAP,2026-07-01 22:00:00+00:00,-109.06968717647096,0,r023_master_trades.csv,94.0,0.7423042841573099,2.288368720609412,0.04336403528667805,2.0960045197227375,-0.04566723134494041,67.49671826705406,17.47139844649375,0.6110458284371282,0.4230769230769241,10.384615384615499,21,2,NY,bear,ranging,0.3344203054928398,1
AVAX-USDT-SWAP,2026-07-01 22:00:00+00:00,-117.049286816902,0,r023_master_trades.csv,31.0,0.5827276046643017,1.268955347315168,0.02636853050123765,4.259830211595204,0.3219124104154356,62.89508984225572,10.449567824759738,0.5815687444080015,0.46153846153847206,7.968127490039688,21,2,NY,bull,ranging,0.31586130201303353,4
XRP-USDT-SWAP,2026-07-01 22:00:00+00:00,-122.1873219302288,0,r023_master_trades.csv,60.0,0.4520975674589424,0.8782060880918895,0.03260878975082638,0.14430856237439565,-0.08259604529345586,64.92181781297842,18.351356287922414,0.5389561270801851,0.5614035087719031,7.471264367815919,21,2,NY,bear,mixed,0.318770007405554,1
BTC-USDT-SWAP,2026-07-01 23:00:00+00:00,-182.6858461780831,0,r023_master_trades.csv,93.0,0.548686469145799,1.9122044858726406,0.04704520677520297,0.12878201790973837,-0.05209948661871542,64.29567377652225,29.731928231311024,1.22818879166687,0.9125368336458571,29.07680727820135,22,2,NY,bear,trending,0.2950771748523098,1
AVAX-USDT-SWAP,2026-07-01 23:00:00+00:00,-164.25123643121907,0,r023_master_trades.csv,39.0,0.6040790255128518,1.2400087973194487,0.02466713013420152,3.469570081357317,0.33738762952082196,56.752425677596186,10.963834852809768,1.358134041925002,0.7391304347826074,33.4645669291339,22,2,NY,bull,ranging,0.25343099497371613,0
BCH-USDT-SWAP,2026-07-02 00:00:00+00:00,186.6231578947369,1,r023_master_trades.csv,100.0,1.1342548842458282,1.9632947058305315,0.08896977681703876,5.2340086690382694,0.7371885146425778,53.48573201237755,31.150329734536058,2.949438202247183,0.42857142857143243,51.74418604651153,23,2,NY,bull,trending,0.4208886010427807,3
BCH-USDT-SWAP,2026-07-02 02:00:00+00:00,-119.2100847999999,0,r023_master_trades.csv,99.0,1.1917042351691478,0.498852837706171,0.09132942306312217,7.581296734918295,0.7204043919681258,61.69012187656431,31.19849274579812,2.0560747663551293,0.9318181818181853,22.674418604651045,1,3,Asia,bull,trending,0.49707748671650775,3
LINK-USDT-SWAP,2026-07-02 03:00:00+00:00,150.47999999999945,1,r023_master_trades.csv,76.0,0.617932542270641,1.9110383343917983,0.04746527237723883,0.21805660316057932,0.007123339835260424,57.378378852655985,23.642101878178025,1.2525252525252522,0.9139784946236558,33.88429752066118,2,3,Asia,flat,mixed,0.5265743246257464,0
ETH-USDT-SWAP,2026-07-02 03:00:00+00:00,168.82223642172522,1,r023_master_trades.csv,86.0,0.6023677011139955,0.5133195361400754,0.050783438113904136,0.8151778978636014,0.06867909949456548,58.985842743450775,23.121409968361675,1.4112243575101786,0.7458442694663105,31.520805204369584,2,3,Asia,bull,mixed,0.5221144280563454,0
LINK-USDT-SWAP,2026-07-02 04:00:00+00:00,192.97679389312967,1,r023_master_trades.csv,93.0,0.6948654717754037,1.5298187813158322,0.049708295550101894,1.889294308843684,0.02549027580096012,65.86444592299026,24.549125360555383,0.4993252361673404,0.4054054054053976,2.406417112299321,3,3,Asia,bull,mixed,0.5478982897921815,1
LINK-USDT-SWAP,2026-07-02 05:00:00+00:00,-164.22786828571276,0,r023_master_trades.csv,88.0,0.7014536393184407,0.47497016265003794,0.05071677669374495,1.4954181303518035,0.044349109779732165,62.84597719589654,25.391361451334358,1.8447246184472375,0.8992805755395725,10.306406685236748,4,3,Asia,bull,trending,0.43328277033355833,0
LTC-USDT-SWAP,2026-07-02 05:00:00+00:00,-159.56481815383844,0,r023_master_trades.csv,87.0,0.7759088730736853,0.8417891104169262,0.050539745284525074,1.3564685351237404,0.07686761138825571,59.12789288167299,19.266516789824564,1.549491211840892,0.6716417910447786,21.538461538461615,4,3,Asia,bull,mixed,0.4447224580020022,0
ETH-USDT-SWAP,2026-07-02 05:00:00+00:00,-183.9420056744717,0,r023_master_trades.csv,86.0,0.6495519823234506,0.5469823060909978,0.05198758052017998,1.5067209799816879,0.08732071900834482,61.61147068482141,24.48704016404866,1.499368397927609,0.7533577533577549,17.18423959739786,4,3,Asia,bull,mixed,0.48329553656757507,0
LTC-USDT-SWAP,2026-07-02 08:00:00+00:00,172.92421052631545,1,r023_master_trades.csv,68.0,0.7757696520121152,0.6243441746013046,0.0458531087200477,0.286882148978476,0.0685193658862766,51.475079991573196,17.428997744799773,0.656968559361788,0.8214285714286031,38.84615384615375,7,3,Asia,bull,ranging,0.6024887433768081,6
BCH-USDT-SWAP,2026-07-02 09:00:00+00:00,181.5199999999997,1,r023_master_trades.csv,79.0,1.111631679973946,0.4577009353517051,0.04185877672492847,6.667828139714025,0.7308172860771612,56.399061486560875,30.42310526361108,0.5152224824356079,0.6363636363636129,29.677419354838676,8,3,London,bull,trending,0.5916316244293093,2
LTC-USDT-SWAP,2026-07-02 10:00:00+00:00,188.3519999999999,1,r023_master_trades.csv,73.0,0.6772804350582013,1.4545845882276287,0.032387537598357066,1.578091833981643,0.07886633184051574,59.48187763171909,17.683884464717476,0.6756756756756737,0.827586206896561,22.613065326633286,9,3,London,bull,ranging,0.5686155138547573,1
XRP-USDT-SWAP,2026-07-02 10:00:00+00:00,188.58631578947356,1,r023_master_trades.csv,72.0,0.5061119677496935,2.4381186150067102,0.021700571074383102,0.8502797026137223,-0.033571041638773516,62.85431220656805,19.952909184736892,0.6205340353516301,0.8484848484848638,22.07084468664852,9,3,London,bear,mixed,0.5410508670180704,1
ETH-USDT-SWAP,2026-07-02 10:00:00+00:00,191.2963414634146,1,r023_master_trades.csv,78.0,0.6041674166471673,1.999756644067861,0.025799175562432306,2.102501806253847,0.10223737076286024,63.36123161284753,24.377320437798215,0.6907335812258384,0.7941176470588086,15.758064516129004,9,3,London,bull,mixed,0.57696306348983,1
BTC-USDT-SWAP,2026-07-02 10:00:00+00:00,190.76596199229908,1,r023_master_trades.csv,93.0,0.5811107040231216,2.144393864087882,0.027410836676017104,1.2689679494941366,0.013996223337681453,63.46800253026595,28.72623395170604,0.6956682746831683,0.8778517110266133,13.03314285714279,9,3,London,flat,trending,0.5113432045572801,1
LINK-USDT-SWAP,2026-07-02 10:00:00+00:00,191.37121495327096,1,r023_master_trades.csv,79.0,0.6886583411248237,2.1472648158093754,0.036255905200300795,2.4990570914562666,0.09610980868431405,66.13312351888705,26.62120312250114,0.7466666666666674,0.8928571428571389,8.868501529051963,9,3,London,bull,trending,0.5792608803576107,1
SOL-USDT-SWAP,2026-07-02 10:00:00+00:00,191.80237288135595,1,r023_master_trades.csv,56.00000000000001,0.6326523546801424,2.0526367461935364,0.032785128484482666,8.533687182353203,0.7349209474456352,68.91584195157982,27.34016436157748,0.7140124952186511,0.8392857142857555,7.951807228915611,9,3,London,bull,trending,0.6169652078618817,2
AVAX-USDT-SWAP,2026-07-02 10:00:00+00:00,188.12521739130435,1,r023_master_trades.csv,9.0,0.5753301148601669,1.859195206547469,0.020926956349652914,3.663836337817375,0.2777462036722529,58.89212326535499,8.742593290562587,0.7158836689038037,0.8124999999999931,25.36585365853649,9,3,London,bull,ranging,0.540623532388256,4
ETH-USDT-SWAP,2026-07-02 11:00:00+00:00,162.3384790874524,1,r023_master_trades.csv,67.0,0.6039174215466196,0.7550712754743928,0.026583200690997386,2.2810980805942402,0.1277016626336873,64.41071942886794,25.345926450315737,1.9922914396010425,0.5495110024449917,11.688777339548198,10,3,London,bull,trending,0.537459958534012,0
SOL-USDT-SWAP,2026-07-02 11:00:00+00:00,-103.77598720316573,0,r032_all_variants_trades.csv,90.0,0.8764254116377768,3.614434483301887,0.05654663100203336,11.97914557074456,0.7929959862173541,78.61010620791,29.88469738314297,1.8886930244270965,0.653333333333336,2.3172905525845895,10,3,London,bull,trending,0.5233263061309684,3
XRP-USDT-SWAP,2026-07-02 12:00:00+00:00,181.30571428571403,1,r023_master_trades.csv,73.0,0.5015954488630983,1.6915122550487995,0.032887015799745914,1.8025814115125869,0.023160938579683828,68.19874481214256,23.22309142536263,0.8974003145526914,0.8247422680412343,5.097087378640766,11,3,London,bull,mixed,0.5289117392813654,1
SOL-USDT-SWAP,2026-07-02 12:00:00+00:00,-117.11015527906883,0,r023_master_trades.csv,91.0,0.8742264916241769,2.6870508103670927,0.07351402054090272,12.250254840811138,0.8418333988431467,79.40224324117077,32.450667851925125,3.4251584592881543,0.9288256227757997,7.371794871794777,11,3,London,bull,trending,0.5350436228437857,3
XRP-USDT-SWAP,2026-07-02 13:00:00+00:00,-120.14933107216392,0,r023_master_trades.csv,81.0,0.5134241504110715,2.94491511136211,0.04105003879101872,2.611857617886537,0.05388514544230402,72.07460514652269,25.441341907839785,0.8398707891093574,0.2747252747252723,8.571428571428473,12,3,London,bull,trending,0.543951225392826,1
XRP-USDT-SWAP,2026-07-02 13:00:00+00:00,191.63547169811324,1,r032_all_variants_trades.csv,81.0,0.5134241504110715,2.94491511136211,0.04105003879101872,2.611857617886537,0.05388514544230402,72.07460514652269,25.441341907839785,0.8398707891093574,0.2747252747252723,8.571428571428473,12,3,London,bull,trending,0.543951225392826,1
AVAX-USDT-SWAP,2026-07-02 13:00:00+00:00,-119.9848925573757,0,r023_master_trades.csv,11.0,0.5498216908028775,1.5295671965493685,0.028750356694757114,4.37741273047561,0.3288406558369757,62.92039609937884,12.803596831139929,0.7673011657075344,0.2884615384615345,7.964601769911807,12,3,London,bull,ranging,0.4216258836490914,4
BTC-USDT-SWAP,2026-07-02 13:00:00+00:00,-129.53375203535882,0,r023_master_trades.csv,76.0,0.540121401783019,1.66150735064102,0.03355276133464602,1.8119847631492783,0.07524258384268499,66.70418163889771,30.98865021836522,0.4409316311372114,0.3321005917159584,4.1027664086002416,12,3,London,bull,trending,0.46517776470551664,1
ETH-USDT-SWAP,2026-07-02 13:00:00+00:00,186.43401213755917,1,r023_master_trades.csv,74.0,0.5670910572233009,2.487283777283585,0.03597154027561043,3.2237067963006467,0.16895490904816596,69.37198391354104,28.0779837795793,0.6608463683763848,0.3513761467890021,11.898665947985343,12,3,London,bull,trending,0.5675896831177711,1
ETH-USDT-SWAP,2026-07-02 14:00:00+00:00,195.776,1,r023_master_trades.csv,98.0,0.802059676699605,4.332337120645201,0.05801849720332977,6.157711683033129,0.21137760391032423,78.98551352680049,30.61575528763927,1.4238430522958465,0.5202874049027855,3.1028897792175387,13,3,London,bull,trending,0.5223870041342455,3
DOGE-USDT-SWAP,2026-07-02 14:00:00+00:00,-116.14995710843289,0,r023_master_trades.csv,84.0,0.5838357851990128,2.7885171535832045,0.041826843928111215,0.5158825080969898,-0.16034205043925026,69.52446816328394,19.70711156208381,1.3187996232001005,0.19387755102040485,13.265306122448816,13,3,London,bear,mixed,0.4257266875482862,1
XRP-USDT-SWAP,2026-07-02 14:00:00+00:00,-116.02718360975612,0,r023_master_trades.csv,90.0,0.5407673000391284,3.1866366848179446,0.05255873124443657,3.6168298489126642,0.08719892393650432,76.00287043187248,28.12087612621332,1.2998901501281572,0.6267605633802913,12.57396449704166,13,3,London,bull,trending,0.4478264204519034,3
LTC-USDT-SWAP,2026-07-02 14:00:00+00:00,-119.01956726829256,0,r023_master_trades.csv,77.0,0.6766141866858889,2.2875449652308597,0.03193657351099549,2.356735052977078,0.11574272589367851,62.814174914521395,17.65948383029285,0.8558871154290943,0.6486486486486394,12.837837837837649,13,3,London,bull,ranging,0.5072827589943548,1
LINK-USDT-SWAP,2026-07-02 14:00:00+00:00,-109.02542594838644,0,r023_master_trades.csv,98.0,0.7511493639825945,3.9240693602601415,0.0733134413319201,6.2220093434716714,0.24929973237308817,78.78724624717758,33.52698663592809,1.4091790562378794,0.7522935779816583,5.2892561983471085,13,3,London,bull,trending,0.49665861500687386,3
AVAX-USDT-SWAP,2026-07-02 15:00:00+00:00,-140.44196139999784,0,r023_master_trades.csv,21.0,0.5481405565629401,1.8371529959696584,0.031912595212867385,3.51455414542872,0.34428232755628796,55.80053392374434,15.294300960213418,1.3211978860833802,0.02222222222221981,42.49084249084274,14,3,London,bull,ranging,0.35520554437893936,6
BCH-USDT-SWAP,2026-07-02 15:00:00+00:00,192.98315789473688,1,r023_master_trades.csv,85.0,0.8660559062458216,1.8741815909788004,0.0411125118792439,8.286647580531898,0.7600951088737322,61.88352111730708,32.10244449526549,1.148369315571888,0.2400000000000091,8.771929824561399,14,3,London,bull,trending,0.5277547639003636,2
AVAX-USDT-SWAP,2026-07-02 17:00:00+00:00,-133.71163449999804,0,r023_master_trades.csv,16.0,0.538703262024313,0.6410407738686428,0.032541473096411436,3.5170172317878086,0.36466566881800455,56.20439132366254,16.14620337267113,0.7385524372230403,0.1799999999999897,40.65934065934062,16,3,NY,bull,ranging,0.43673319938768906,6
BCH-USDT-SWAP,2026-07-02 18:00:00+00:00,192.26857142857145,1,r023_master_trades.csv,89.0,0.8888728353720114,1.532910344627839,0.048737194528405366,9.785321370642913,0.8130177125198652,67.33459844255556,32.73802408833154,1.7824497257769678,0.33333333333333576,7.284768211920495,17,3,NY,bull,trending,0.5296626412785678,2
LINK-USDT-SWAP,2026-07-02 21:00:00+00:00,-143.44691087499882,0,r023_master_trades.csv,86.0,0.7105146147465473,0.47348492088268207,0.07808187827954512,4.1509946596333025,0.4586736021769522,64.87110073005022,41.25604858762531,0.5942384704818419,0.30434782608696576,32.119205298013235,20,3,NY,bull,trending,0.41066359058594787,3
XRP-USDT-SWAP,2026-07-02 22:00:00+00:00,145.83499999999907,1,r023_master_trades.csv,56.99999999999999,0.5133069273993838,0.3131959068425917,0.05311837794043397,1.3303770052019988,0.22492346374545558,54.98828409876047,35.21288874883336,0.4340999353468113,0.4468085106383029,53.713298791019156,21,3,NY,bull,trending,0.5365023938905993,6
XRP-USDT-SWAP,2026-07-02 23:00:00+00:00,173.3551020408158,1,r023_master_trades.csv,46.0,0.5129874657132453,0.3045055137239556,0.05058951900094865,1.5210965562319994,0.21393470405840875,56.602564238795544,34.79046998096222,0.49033213063188846,0.35849056603773266,50.701754385965025,22,3,NY,bull,trending,0.5411356741248128,6
DOGE-USDT-SWAP,2026-07-02 23:00:00+00:00,161.30260869565353,1,r023_master_trades.csv,10.0,0.45217323378570917,0.44403918579566404,0.038701438358654354,-0.870099669161585,-0.04289793126045191,54.79171572355154,26.369918952223024,0.4457050243111791,0.09090909090909856,48.62385321100907,22,3,NY,bear,trending,0.48165057880027,5
XRP-USDT-SWAP,2026-07-03 00:00:00+00:00,176.98947368421068,1,r023_master_trades.csv,40.0,0.49764591324767266,0.4265436514029013,0.04985255782087221,1.9046336592561501,0.1966865866216274,59.64864827457913,34.733606825378835,0.5447327116609746,0.3728813559321989,43.157894736842294,23,3,NY,bull,trending,0.5437896070236803,6
ETH-USDT-SWAP,2026-07-03 00:00:00+00:00,177.08670391061466,1,r005_attribution_trades.csv,59.0,0.7170956589333709,0.3137430146165563,0.08360525492088763,4.989119321846649,0.5223438502477403,67.64354640162693,45.211736058490445,0.4192192263017258,0.47116736990154096,22.78435593828497,23,3,NY,bull,trending,0.5023080707023575,3
BTC-USDT-SWAP,2026-07-03 02:00:00+00:00,176.00240465416948,1,r024_trade_log.csv,19.0,0.3780948803030609,0.5044248680477581,0.031898319565260055,1.6709313248463389,0.1716927685762766,59.06756428032307,31.398628642283555,0.556681648600215,0.7716212254470777,29.396201455163823,1,4,Asia,bull,trending,0.6205578965349683,5
DOGE-USDT-SWAP,2026-07-03 02:00:00+00:00,189.4455813953488,1,r023_master_trades.csv,10.0,0.4399037161439672,0.896114832412856,0.035949955289704356,0.24156430215341632,-0.056127504834096544,63.25653536713386,27.51036395756684,0.5003380662609996,0.4864864864864733,23.547400611620613,1,4,Asia,bear,trending,0.5373075277634182,4
SOL-USDT-SWAP,2026-07-03 02:00:00+00:00,-118.43639002531587,0,r023_master_trades.csv,17.0,0.8665034467400794,0.5834965976207026,0.060258721547634314,9.55697900777845,0.9239606717226132,65.42436543956828,36.54898216355086,0.5079915747738776,0.07317073170728579,25.855513307984822,1,4,Asia,bull,trending,0.4984899843486509,2
APT-USDT-SWAP,2026-07-03 03:00:00+00:00,191.4514,1,r034_trade_log.csv,2.0,0.5707392246187645,0.5147214846378785,0.028427735522178494,3.0943166642213535,0.19675024660972198,66.74204607088805,22.131621978944178,1.521528002589847,0.8617021276595672,26.08695652173911,2,4,Asia,bull,mixed,0.6142628276917189,0
FIL-USDT-SWAP,2026-07-03 03:00:00+00:00,-115.1902,0,r034_trade_log.csv,9.0,0.5362482586459063,0.7761820953811447,0.03232729148891772,4.823372293656503,0.42295006754535697,65.96828210013666,37.46753802801219,1.7250191668796409,0.6518518518518426,18.062827225130928,2,4,Asia,bull,trending,0.48823912770521405,0
ARB-USDT-SWAP,2026-07-03 03:00:00+00:00,191.9005,1,r034_trade_log.csv,9.0,0.673243279690989,1.7710179128027626,0.0276009670854982,1.1797302475926374,0.08290171436198746,52.58478878535146,13.487374215246072,1.4927293784583635,0.9137931034482849,54.1284403669728,2,4,Asia,bull,ranging,0.5676149077434994,0
SOL-USDT-SWAP,2026-07-03 04:00:00+00:00,177.36465116279106,1,r023_master_trades.csv,16.0,0.8908448814942138,0.5027523300572821,0.040906264710258114,8.336904304065863,0.908538945424424,56.9834887214066,36.70068852789087,1.275225950229047,0.6601941747572875,43.46938775510203,3,4,Asia,bull,trending,0.5602658224913126,2
XRP-USDT-SWAP,2026-07-03 06:00:00+00:00,184.17428571428565,1,r023_master_trades.csv,26.0,0.4938141406025445,0.6813702969820935,0.021968268020004705,2.891697778766736,0.19675190927114097,65.24465104720925,37.99471457029217,0.5036168849006353,0.3818181818181914,31.578947368421435,5,4,Asia,bull,trending,0.5833756789131628,4
DOGE-USDT-SWAP,2026-07-03 06:00:00+00:00,185.12196721311477,1,r023_master_trades.csv,12.0,0.43581276245681516,1.0797874765189153,0.018331502981548873,0.5694044436540396,-0.028791433483069746,63.672553829412564,30.305442449735025,0.48348106365833904,0.8055555555555534,23.744292237442615,5,4,Asia,bear,trending,0.5524055814635012,4
BTC-USDT-SWAP,2026-07-03 07:00:00+00:00,172.81778427787935,1,r029_fvg_low_atr_1h_9sym_trades.csv,5.0,0.2790948992049159,0.6138468447769395,0.00988279034655597,1.7813171234355636,0.1563730347239458,60.54379207027613,30.024725563255814,0.6194139241655748,0.652617801047109,46.03448275862029,6,4,Asia,bull,trending,0.6820645364458889,5
BCH-USDT-SWAP,2026-07-03 07:00:00+00:00,188.2660869565217,1,r032_all_variants_trades.csv,54.0,0.7326458770489475,0.3896450645415963,0.03514137872968829,8.849656104551523,0.8733910639770359,61.15172233128565,42.267537228589845,1.5253476895468718,0.7352941176470638,31.03448275862066,6,4,Asia,bull,trending,0.5782623400660042,2
XRP-USDT-SWAP,2026-07-03 07:00:00+00:00,-167.13594802361894,0,r023_master_trades.csv,23.0,0.4750512271482324,0.7718708360589549,0.022665815939628686,2.954704713044171,0.21127731483812826,65.84327651358845,39.37965154744109,0.9095870474804448,0.7299999999999855,32.67605633802824,6,4,Asia,bull,trending,0.5355946807674214,7
SOL-USDT-SWAP,2026-07-03 07:00:00+00:00,157.66608695651985,1,r023_master_trades.csv,7.000000000000001,0.5240356885445532,0.5919565956382581,0.022174238115432433,8.385357232943095,0.8759096446849659,57.81441789181697,36.89736829703648,0.9741060419235414,0.797468354430382,68.47826086956546,6,4,Asia,bull,trending,0.6593171161431394,2
ETH-USDT-SWAP,2026-07-03 09:00:00+00:00,146.15999999999886,1,r023_master_trades.csv,44.0,0.6849460974284568,1.4409746598704585,0.017820461882595263,5.656949498377531,0.531254988720191,69.29236988932838,54.181788098761885,0.4979470603651585,0.2070175438596481,21.269502600346772,8,4,London,bull,trending,0.5962023413287679,2
DOT-USDT-SWAP,2026-07-03 10:00:00+00:00,178.8506,1,r034_trade_log.csv,5.0,0.43976798341856693,0.6926980270551071,0.03128483761048046,1.1546235910805236,0.03197677561359015,64.43324423607248,24.633343341241385,0.8858841356801551,0.3421052631578986,25.806451612903224,9,4,London,bull,mixed,0.5843254879389571,4
LINK-USDT-SWAP,2026-07-03 10:00:00+00:00,165.27111111111128,1,r023_master_trades.csv,16.0,0.39614303242513793,0.6190271526939136,0.013005863457527201,4.153269979859966,0.4102993102511238,61.69681543454742,43.86735984705847,0.7844650205761309,0.16393442622950485,61.445783132530174,9,4,London,bull,trending,0.6188346244406805,5
BTC-USDT-SWAP,2026-07-03 10:00:00+00:00,162.79326653306583,1,r023_master_trades.csv,2.0,0.24341393547519055,0.6581831648354044,0.008194923274113275,1.7423852930357073,0.1587228322804922,59.24797527272286,29.658889377885362,0.5753652074612247,0.487012987012991,45.923062764586845,9,4,London,bull,trending,0.6739806798387877,5
LINK-USDT-SWAP,2026-07-03 11:00:00+00:00,183.65517241379308,1,r023_master_trades.csv,25.0,0.36637054771777533,1.1893685591058285,0.015539616378769584,4.824681482553283,0.42142684246603845,66.52322210829882,44.94227591499792,0.6677796327212082,0.21153846153846187,18.918918918918944,10,4,London,bull,trending,0.5957343657170788,7
ETH-USDT-SWAP,2026-07-03 11:00:00+00:00,186.72057934508825,1,r023_master_trades.csv,56.00000000000001,0.3697358353446835,2.976997723353793,0.02800825311256759,6.895118514247016,0.5636576152728662,76.12333192147369,57.059260805005614,0.8507432412853778,0.44346049046321956,11.305044035228088,10,4,London,bull,trending,0.5892963458857353,7
BTC-USDT-SWAP,2026-07-03 11:00:00+00:00,169.95730862207864,1,r023_master_trades.csv,4.0,0.23812851745609684,1.2892039964100626,0.009382759139274692,2.055286865183684,0.16725341329133558,62.91718921499981,30.068804110680304,0.4359060816112176,0.4711788769058996,16.831578947368577,10,4,London,bull,trending,0.6317858095096721,4
BCH-USDT-SWAP,2026-07-03 11:00:00+00:00,193.230243902439,1,r023_master_trades.csv,56.99999999999999,0.7259631113213808,1.627257206418385,0.04072315562328948,10.622504630053568,0.920476892095946,69.03411046635239,47.73150012144252,0.8920606601248885,0.44999999999998863,7.500000000000047,10,4,London,bull,trending,0.6097197097922575,2
AVAX-USDT-SWAP,2026-07-03 11:00:00+00:00,-126.79123965217129,0,r023_master_trades.csv,4.0,0.3254142024653728,2.1538675303628505,0.025631997544205174,4.48847693331097,0.42041669452636143,64.30002574937548,30.41455909957827,0.42441094687545605,0.1724137931034451,15.736040609136895,10,4,London,bull,trending,0.4986273213544039,7
WIF-USDT-SWAP,2026-07-03 11:00:00+00:00,-106.9393,0,r034_trade_log.csv,4.0,0.6801679214903099,1.3848192213584067,0.02626954753886862,4.781824289693475,0.3044617622430984,61.00277386112397,18.670848825861885,1.6101207590569437,0.571428571428563,10.606060606060709,10,4,London,bull,mixed,0.44465167459391075,0
XRP-USDT-SWAP,2026-07-03 11:00:00+00:00,186.57440000000005,1,r023_master_trades.csv,33.0,0.34607060108921067,1.8849848779191059,0.028071466629635815,3.602105917010736,0.2730836078195019,69.66177874834608,43.30702835874218,0.5541927864086484,0.18032786885247573,10.818713450292503,10,4,London,bull,trending,0.5532163486324785,7
LTC-USDT-SWAP,2026-07-03 12:00:00+00:00,-139.13409219999727,0,r023_master_trades.csv,1.0,0.30301672222950776,0.9215711318680097,0.014053564138089492,2.017442433127904,0.144004556389935,60.31597838866297,20.29004461112835,0.6430868167202598,0.75,29.333333333333183,11,4,London,bull,mixed,0.6111721364473897,4
DOGE-USDT-SWAP,2026-07-03 12:00:00+00:00,185.8695384615384,1,r023_master_trades.csv,11.0,0.3856318487323361,2.085608455263844,0.0291722011208166,1.6831987348496427,0.05891927177310476,69.03186074188844,34.00573745125198,0.8360982083609895,0.6031746031746064,8.40336134453803,11,4,London,bull,trending,0.5808855451656109,7
AVAX-USDT-SWAP,2026-07-03 12:00:00+00:00,-151.5873467499967,0,r023_master_trades.csv,3.0,0.32745942810404705,1.1995210593136225,0.027585001463102235,4.7123122724958835,0.4230266491771375,66.43589680173005,31.984807467709818,1.1195114858970625,0.5844155844155838,7.070707070707175,11,4,London,bull,trending,0.5152524522488194,7
DOT-USDT-SWAP,2026-07-03 12:00:00+00:00,189.5588,1,r034_trade_log.csv,11.0,0.38406211235425725,1.3616929571109582,0.040533832732872435,2.2895124249214907,0.08543657729497318,71.91999783337235,28.63617306695369,1.0748959778085962,0.6989247311827922,6.779661016949036,11,4,London,bull,trending,0.5837820856976753,7
XRP-USDT-SWAP,2026-07-03 12:00:00+00:00,-153.8600248648612,0,r023_master_trades.csv,25.0,0.3455616922154589,1.8274464296258692,0.03157999558522562,3.657434040877984,0.2854938101783239,70.23719464558397,44.506338251982314,1.2266618562280198,0.5955882352941149,7.89473684210569,11,4,London,bull,trending,0.48937835553923514,7
SUI-USDT-SWAP,2026-07-03 12:00:00+00:00,190.1923,1,r034_trade_log.csv,13.0,0.46795498195402246,1.6297982601356475,0.026137963135458995,5.626282946469432,0.4702599816933183,65.41931912969446,33.130674272358355,1.0572805139186172,0.6582278481012713,6.640624999999714,11,4,London,bull,trending,0.5202175689164901,7
BNB-USDT-SWAP,2026-07-03 12:00:00+00:00,183.2966,1,r034_trade_log.csv,5.0,0.23709849433405147,1.9669522288617258,0.018586862203680624,1.2468211860530212,0.055538015272229346,68.78391818976024,32.51176768522529,0.6894113487714295,0.7692307692307737,7.758620689654962,11,4,London,bull,trending,0.5748302936367151,7
LINK-USDT-SWAP,2026-07-03 12:00:00+00:00,-136.19946261538317,0,r023_master_trades.csv,20.0,0.3695707623610723,0.781980346828253,0.01983306370081104,5.157836864220947,0.4251774983773103,68.79712816466281,45.94041226379884,1.1733197296263298,0.58695652173913,3.243243243243357,11,4,London,bull,trending,0.5021109429402528,7
ARB-USDT-SWAP,2026-07-03 13:00:00+00:00,-112.8533,0,r034_trade_log.csv,2.0,0.5261496759783711,1.8064546129658932,0.04033985709511399,3.8488458632989824,0.1974147779336024,68.96030841776187,22.681377597376727,0.9433962264150951,0.6799999999999948,6.469002695417892,12,4,London,bull,mixed,0.4921930803569036,7
DOGE-USDT-SWAP,2026-07-03 13:00:00+00:00,187.88,1,r029_fvg_low_atr_1h_9sym_trades.csv,8.0,0.3760146035922999,1.371454189630308,0.03306107580791568,1.798779645093059,0.07567394166743453,69.83624587865232,35.09384175280546,1.120042166293324,0.6235294117647064,4.602510460250998,12,4,London,bull,trending,0.5785780374247657,7
DOGE-USDT-SWAP,2026-07-03 14:00:00+00:00,186.3658823529412,1,r023_master_trades.csv,15.0,0.39614063772024544,1.7263717896215065,0.03916118513198189,2.549484357765138,0.09933078333859743,74.04691063329327,36.68812945391965,0.657981313330702,0.20000000000000556,3.37837837837847,13,4,London,bull,trending,0.5664126564228911,7
SOL-USDT-SWAP,2026-07-03 15:00:00+00:00,187.47746835443047,1,r023_master_trades.csv,2.0,0.3818980029703008,1.4724562477082952,0.018229087901142665,8.61448012864827,0.8628217137232848,62.90143783348983,39.26568356939732,0.5886681383370174,0.08333333333334567,13.66459627329186,14,4,London,bull,trending,0.6182099407254001,2
BCH-USDT-SWAP,2026-07-03 15:00:00+00:00,-112.76560431249978,0,r023_master_trades.csv,59.0,0.6344214148467215,2.038490977797379,0.05323075115106672,11.127745730745405,0.9922414976174344,71.0608836160543,52.63377776825963,1.1408512505484838,0.5769230769230782,6.422018348624007,14,4,London,bull,trending,0.5109135455117785,2
AVAX-USDT-SWAP,2026-07-03 15:00:00+00:00,-123.59610769230764,0,r023_master_trades.csv,6.0,0.34308520634564627,1.958396196618228,0.024041449212751292,3.903598819751762,0.4176999701362265,56.87826668709439,31.090899741277475,0.584197458741055,0.4999999999999889,32.85024154589356,14,4,London,bull,trending,0.554960137207101,7
LTC-USDT-SWAP,2026-07-03 15:00:00+00:00,186.1115789473685,1,r023_master_trades.csv,7.000000000000001,0.2876492405551104,1.5529364178485845,0.01488698476840593,1.9108150342112944,0.16124420821323338,57.8370535539366,21.588115550062334,0.5952380952380907,0.5769230769230759,31.999999999999318,14,4,London,bull,mixed,0.6187189058333751,4
ETH-USDT-SWAP,2026-07-03 17:00:00+00:00,164.75324324324367,1,r005_attribution_trades.csv,48.0,0.41782740098548643,0.7198001637091347,0.0390428575373571,5.9618934040238285,0.6310804485076353,63.5243784842902,58.41961194404249,0.9766132900310374,0.3562130177514763,32.954363490792495,16,4,NY,bull,trending,0.5506024916146677,2
AVAX-USDT-SWAP,2026-07-03 18:00:00+00:00,184.04230769230784,1,r023_master_trades.csv,14.000000000000002,0.36464591652659967,1.2195849990439445,0.015654238418270235,3.958197752714132,0.4004203566846319,57.68500257412266,29.13983219988111,0.66011441983277,0.15555555555554854,34.75609756097536,17,4,NY,bull,trending,0.5569118752818806,4
SOL-USDT-SWAP,2026-07-03 18:00:00+00:00,170.14909090909077,1,r023_master_trades.csv,1.0,0.40420379100702836,1.02179944359715,0.019698955876702826,8.491632865094036,0.851439838754872,61.68698677317196,38.45615726682922,0.650226966016441,0.6415094339622692,19.354838709677395,17,4,NY,bull,trending,0.6879329585718462,2
LTC-USDT-SWAP,2026-07-03 18:00:00+00:00,185.19666666666663,1,r023_master_trades.csv,15.0,0.29988365109638887,1.4581211617026009,0.020646738078776407,2.937175433713076,0.19436482427336133,68.32695281493422,22.11614888328354,0.8232334781614441,0.41666666666666335,0.0,17,4,NY,bull,mixed,0.5781935408875274,7
LTC-USDT-SWAP,2026-07-03 19:00:00+00:00,174.68000000000012,1,r023_master_trades.csv,14.000000000000002,0.29987321417708895,0.7403163625904332,0.0243675951190968,3.0226837096263925,0.21313580746702573,69.2281051148214,22.98338241908951,0.8397639582387756,0.8918918918918955,3.738317757009265,18,4,NY,bull,mixed,0.5890625917763413,4
XRP-USDT-SWAP,2026-07-03 19:00:00+00:00,178.4266666666666,1,r023_master_trades.csv,54.0,0.37405790798105604,1.151971106523587,0.043866451813362003,4.914006094356719,0.3915587964342471,73.82526159020532,48.07552008797603,0.8727402262000205,0.8367346938775468,5.68421052631562,18,4,NY,bull,trending,0.5383249001832161,7
SOL-USDT-SWAP,2026-07-03 19:00:00+00:00,179.7763265306126,1,r023_master_trades.csv,3.0,0.4071030084512642,0.8642288195666143,0.02139284457139701,8.832881039535948,0.8583784657739482,64.69108933955195,38.97951578628611,0.6850152905198631,0.44642857142858094,14.883720930232863,18,4,NY,bull,trending,0.6496626634233224,2
AVAX-USDT-SWAP,2026-07-03 19:00:00+00:00,151.39294117646904,1,r023_master_trades.csv,4.0,0.35728228068022905,0.7303734446834379,0.015501109780363802,4.037166731304028,0.4011191943499727,58.84490589450299,28.999482745051697,0.9180996793937588,0.7142857142857163,35.25179856115088,18,4,NY,bull,trending,0.6774769530597773,4
LINK-USDT-SWAP,2026-07-03 19:00:00+00:00,166.00142857142913,1,r023_master_trades.csv,7.000000000000001,0.37576244807568676,0.5512482137992154,0.028083409985111624,5.277512847518279,0.48592785908369807,68.20938816755755,48.809199991500535,0.6085964244960066,0.6458333333333264,6.637168141593172,18,4,NY,bull,trending,0.6100434477823811,7
LINK-USDT-SWAP,2026-07-03 20:00:00+00:00,-130.95821421739228,0,r023_master_trades.csv,14.000000000000002,0.37633150480275784,1.865618161225662,0.030852026327174497,5.709517390941787,0.5016535627278426,71.27702085865144,49.719658648272585,0.5565393372122499,0.4090909090908999,11.764705882353043,19,4,NY,bull,trending,0.4661308483619861,7
SOL-USDT-SWAP,2026-07-03 20:00:00+00:00,-136.07395921950788,0,r023_master_trades.csv,12.0,0.4135192154045505,1.8210725075371836,0.024481099386122102,9.209048080749884,0.8686822403948566,67.66930869609973,40.18684902298867,0.9746588693957253,0.3999999999999858,26.51006711409413,19,4,NY,bull,trending,0.4740143611113531,2
XRP-USDT-SWAP,2026-07-03 20:00:00+00:00,176.0652631578949,1,r023_master_trades.csv,80.0,0.37507445707493203,2.5519412853470267,0.04691157605288898,5.314120442985012,0.41601213539279064,76.02121127001482,49.762964098745364,0.8078835227272626,0.37362637362638595,21.621621621621724,19,4,NY,bull,trending,0.4855937267234067,7
LINK-USDT-SWAP,2026-07-03 21:00:00+00:00,-116.63927213953464,0,r023_master_trades.csv,33.0,0.39365749866825145,1.831385502756531,0.03564391382383399,6.504896697296967,0.5186359623437329,75.71114483918694,51.0109992523203,0.95681732342943,0.49999999999999417,8.805031446541038,20,4,NY,bull,trending,0.4145040663744953,7
ETH-USDT-SWAP,2026-07-03 21:00:00+00:00,-113.77443952514082,0,r023_master_trades.csv,56.00000000000001,0.4550491339178273,2.0078067579715304,0.038734907874200385,7.669614590013605,0.654630812460907,74.73341502838838,58.97980540891463,0.9423093457140432,0.4075425790754272,10.255760952139953,20,4,NY,bull,trending,0.4340933184457609,2
LTC-USDT-SWAP,2026-07-03 21:00:00+00:00,-107.93109399999938,0,r023_master_trades.csv,60.0,0.508545698917003,3.7709349942243473,0.04413548659415238,5.428560024757182,0.2684640519674727,81.88395420971598,27.103075333745473,0.7228371357578501,0.5312500000000049,5.405405405405293,20,4,NY,bull,trending,0.4466205766758216,7
DOGE-USDT-SWAP,2026-07-03 21:00:00+00:00,-116.01219772413675,0,r023_master_trades.csv,41.0,0.4426359156264136,1.2458746462202,0.053194000087850475,4.212123775854245,0.26454987496748245,78.45974823877988,49.22885228914355,1.1924821775761558,0.3152173913043449,5.373831775701113,20,4,NY,bull,trending,0.4238886379646906,7
BTC-USDT-SWAP,2026-07-03 21:00:00+00:00,187.24619463087248,1,r023_master_trades.csv,11.0,0.27098623685649903,3.1716255206492043,0.021887600362021132,3.2263668392941938,0.2359634526559992,73.31601043518324,33.91707500465489,0.27905061672598835,0.0351585014409138,8.123076923076923,20,4,NY,bull,trending,0.44232644183750913,7
AVAX-USDT-SWAP,2026-07-03 21:00:00+00:00,-115.59919592499868,0,r023_master_trades.csv,22.0,0.4217071905419217,2.208636032004971,0.022476577900661068,5.684411781890674,0.4208455947990877,71.60394037773213,31.11424580420782,1.0418173925625824,0.5833333333333303,9.0090090090092,20,4,NY,bull,trending,0.3921007754681455,7
BTC-USDT-SWAP,2026-07-03 22:00:00+00:00,186.21190190735692,1,r033_trade_log.csv,15.0,0.2620201038641578,1.2592190431985977,0.02437342460241368,3.118853033317585,0.24518611404330012,71.73058743793445,35.56186972734305,1.1603557085484772,0.786979810465597,13.860258868647904,21,4,NY,bull,trending,0.4906054650765252,7
AVAX-USDT-SWAP,2026-07-03 22:00:00+00:00,-113.5723442826076,0,r032_all_variants_trades.csv,26.0,0.38542690544725233,1.312018931264767,0.028801730502104005,5.804192718336451,0.43187188186993586,72.57566534652301,32.69662068052817,1.4171199541941053,0.7575757575757579,14.45783132530106,21,4,NY,bull,trending,0.4214420147579439,7
BTC-USDT-SWAP,2026-07-03 22:00:00+00:00,-149.37696254736625,0,r023_master_trades.csv,15.0,0.2620201038641578,1.2592190431985977,0.02437342460241368,3.118853033317585,0.24518611404330012,71.73058743793445,35.56186972734305,1.1603557085484772,0.786979810465597,13.860258868647904,21,4,NY,bull,trending,0.4906054650765252,7
LTC-USDT-SWAP,2026-07-04 02:00:00+00:00,164.50399999999968,1,r023_master_trades.csv,70.0,0.5673968086405645,1.2601734468786339,0.05979687753209552,2.9892746634369107,0.3868416876607854,54.77319142648928,33.13074736356689,0.7840501792114728,0.4285714285714228,50.69767441860484,1,5,Asia,bull,trending,0.5292499085319594,6
BCH-USDT-SWAP,2026-07-04 02:00:00+00:00,-167.91321399999612,0,r023_master_trades.csv,20.0,0.4851726497314164,0.937667917604633,0.03669548071886215,8.800196265121246,1.0103280118188216,54.81114190759713,58.06702358495672,0.967032967032962,0.7727272727272716,49.46236559139773,1,5,Asia,bull,trending,0.5260681108873017,2
SOL-USDT-SWAP,2026-07-04 02:00:00+00:00,110.8167500915646,1,r024_trade_log.csv,1.0,0.32147279525018485,0.7357516228993667,0.028118022378627434,7.947836535847097,0.8825855683994444,56.02974601293762,43.47478420362037,0.5827364331674201,0.14583333333334753,50.191570881226156,1,5,Asia,bull,trending,0.6612172821430903,2
ETH-USDT-SWAP,2026-07-04 03:00:00+00:00,162.13848920863273,1,r005_attribution_trades.csv,17.0,0.4321150075681376,0.36678770522165305,0.03129648351184527,6.2074246862382925,0.6767399930494112,60.99457733185884,59.16706493736745,0.722821234805308,0.8242280285035622,43.5496730983893,2,5,Asia,bull,trending,0.6105382582528542,2
DOGE-USDT-SWAP,2026-07-04 03:00:00+00:00,176.19692307692318,1,r023_master_trades.csv,28.999999999999996,0.44324550545007074,0.849390150670924,0.05027439934840997,2.6683844947484876,0.33386230758647883,59.23048170154574,51.94991077644798,0.8331163759437668,0.7812499999999987,39.466666666666875,2,5,Asia,bull,trending,0.6040294405886946,5
AVAX-USDT-SWAP,2026-07-04 03:00:00+00:00,-141.2458809999986,0,r023_master_trades.csv,25.0,0.444927259807119,0.48177077768955484,0.030326019486339652,4.0150006279102035,0.4660027194764126,53.583800289744524,31.929709457902696,0.9889470622454988,0.7352941176470508,55.82329317269094,2,5,Asia,bull,trending,0.5426157688476372,5
LTC-USDT-SWAP,2026-07-04 04:00:00+00:00,-133.1166940000006,0,r023_master_trades.csv,59.0,0.5638213922923928,0.5544139501039757,0.05534868060648165,3.1572532661311534,0.39815128190223426,56.52711795468842,30.629877006221978,0.42899074283134986,0.3684210526315711,46.0465116279071,3,5,Asia,bull,trending,0.5003011761140547,5
SOL-USDT-SWAP,2026-07-04 04:00:00+00:00,-121.76371176470344,0,r024_trade_log.csv,2.0,0.33676274362807207,0.8278506435139185,0.02735057093435822,8.764189356629062,0.8841699230271333,64.34040740400671,42.81136221215223,0.6330654979303753,0.44230769230769124,21.072796934865796,3,5,Asia,bull,trending,0.6161563440188533,2
AVAX-USDT-SWAP,2026-07-04 04:00:00+00:00,-128.2149114999989,0,r023_master_trades.csv,22.0,0.4506980375677001,0.5356152035927568,0.030055906414239542,4.465915328370459,0.47113148932450244,57.688442220718755,31.27567320516177,0.5946337926033283,0.4634146341463288,42.570281124498,3,5,Asia,bull,trending,0.4944524741272395,5
BTC-USDT-SWAP,2026-07-04 05:00:00+00:00,-165.06970147417684,0,r023_master_trades.csv,1.0,0.2696897956387825,0.4571522685038353,0.020988092830297265,2.8451057541679545,0.28405453548717596,64.39694835782433,42.68107581834828,0.43133057494768123,0.3351851851851852,19.002490315439776,4,5,Asia,bull,trending,0.575632458823256,4
SOL-USDT-SWAP,2026-07-04 05:00:00+00:00,-117.97579860240768,0,r023_master_trades.csv,8.0,0.3623130998132488,2.3827974793636493,0.029813284345601196,9.670419245957405,0.89267007848449,70.54332559254611,43.83251228338878,1.0038703434929828,0.6385542168674726,15.015015015015024,4,5,Asia,bull,trending,0.5456875013651734,2
BCH-USDT-SWAP,2026-07-04 05:00:00+00:00,-127.14129160000071,0,r023_master_trades.csv,11.0,0.46752038428179027,0.6199695607416055,0.023826959289782165,8.710845953445014,0.9608691949727842,56.15497018228502,52.23371670972728,0.6625441696113075,0.06666666666666288,50.602409638554356,4,5,Asia,bull,trending,0.5218837919412725,2
XRP-USDT-SWAP,2026-07-04 05:00:00+00:00,-118.1537656637172,0,r023_master_trades.csv,89.0,0.42918051516855826,0.9719628759541701,0.04750219200202779,6.2815531239583375,0.5536366839863452,71.7450487567068,59.90002080491202,0.8000000000000096,0.26373626373625597,3.6893203883495476,4,5,Asia,bull,trending,0.4551823158780963,2
LTC-USDT-SWAP,2026-07-04 05:00:00+00:00,-125.7103379354813,0,r023_master_trades.csv,59.0,0.5659360667849245,0.9775619935413918,0.05256663172189475,3.5162536355077196,0.4031332945762854,59.52914548323642,29.772347090198217,0.7218587863749161,0.15624999999999098,38.13953488372097,4,5,Asia,bull,trending,0.4524482606612631,6
ETH-USDT-SWAP,2026-07-04 05:00:00+00:00,185.23609147609156,1,r033_trade_log.csv,13.0,0.43931667336586916,0.6798361626804049,0.02640653386391429,6.808285634324735,0.6857475969812108,66.55533014144996,57.864365163642766,0.5413576725613239,0.4541622760800781,25.200534759358202,4,5,Asia,bull,trending,0.5725283576303833,2
DOGE-USDT-SWAP,2026-07-04 05:00:00+00:00,-121.75064321874729,0,r023_master_trades.csv,42.0,0.43263700038155695,1.0574100299650082,0.0438942768406687,3.6521516978062865,0.3437832177163218,66.37132031938734,51.23128287583448,0.8927416224608569,0.46376811594203277,18.40000000000025,4,5,Asia,bull,trending,0.49748713431335817,7
BCH-USDT-SWAP,2026-07-04 06:00:00+00:00,-150.99490599999774,0,r023_master_trades.csv,9.0,0.4625514300036433,0.474214556711589,0.019465400317354106,8.616702335334143,0.9494162431657985,56.15497018228503,50.856642685866646,0.8362676056338053,0.42105263157893713,50.602409638554356,5,5,Asia,bull,trending,0.5750237905976282,2
DOGE-USDT-SWAP,2026-07-04 07:00:00+00:00,-135.43338538461418,0,r023_master_trades.csv,50.0,0.47641548828496655,0.9166054907765502,0.032005984920113126,2.6231560989646843,0.3240932869284847,56.172027584677565,49.74147059346751,0.9722582317863634,0.8400000000000066,44.236760124610676,6,5,Asia,bull,trending,0.517786262371523,5
LINK-USDT-SWAP,2026-07-04 07:00:00+00:00,140.61500000000007,1,r023_master_trades.csv,9.0,0.37720265413694004,0.534367136567363,0.02482742288867486,4.555802366655934,0.5285350303563023,54.062270533421355,48.23345339972936,0.7073386383731218,0.9107142857142877,57.82608695652186,6,5,Asia,bull,trending,0.6244929773903418,5
BTC-USDT-SWAP,2026-07-04 07:00:00+00:00,156.52113360323924,1,r005_attribution_trades.csv,1.0,0.2763312108854677,0.704091069813496,0.017924604307628905,2.488856113882927,0.27818618418636376,58.16031135535284,41.45536978724119,0.39152951123665675,0.8650306748466258,36.39380530973444,6,5,Asia,bull,trending,0.6933535366938335,5
LTC-USDT-SWAP,2026-07-04 07:00:00+00:00,168.68000000000032,1,r023_master_trades.csv,57.99999999999999,0.5802020229824488,1.0412359245470664,0.04768562256332643,2.755158444496973,0.3761847520169682,52.23464744541206,27.27343314416911,0.5174353205849198,0.17391304347825953,53.33333333333318,6,5,Asia,bull,trending,0.5400069744206859,6
AVAX-USDT-SWAP,2026-07-04 08:00:00+00:00,-145.60877799999523,0,r023_master_trades.csv,21.0,0.4502307483824735,0.6746517276853464,0.02894788917851795,3.3014784027262616,0.41759644980496324,47.489988503129965,26.497494557732434,1.0785599766797822,0.4189189189189277,69.47791164658645,7,5,Asia,bull,trending,0.5132253712836384,5
SOL-USDT-SWAP,2026-07-04 08:00:00+00:00,-129.6382418799966,0,r023_master_trades.csv,11.0,0.4165495192243222,0.8055084949282064,0.029520332937172936,8.361261873716714,0.8741756495663949,58.275683944504394,43.784499240104445,1.3207318550830043,0.7339449541284354,41.423948220064716,7,5,Asia,bull,trending,0.5606937054785963,2
LTC-USDT-SWAP,2026-07-04 09:00:00+00:00,183.70545454545447,1,r023_master_trades.csv,56.00000000000001,0.5874050572074763,0.4578557269671636,0.04290557856295061,3.3200277729738277,0.3347364983174654,57.70893331214368,24.14329787750971,0.8823529411764718,0.0,40.47619047619052,8,5,London,bull,mixed,0.5432572575685797,6
LINK-USDT-SWAP,2026-07-04 09:00:00+00:00,-183.8045658823499,0,r023_master_trades.csv,2.0,0.35682321598461214,0.46298253650187604,0.02242535997487541,4.760363811885215,0.5063095613393982,56.83687199322416,46.508476239802704,0.4420308158625933,0.4571428571428557,47.82608695652159,8,5,London,bull,trending,0.6196058318533024,5
DOGE-USDT-SWAP,2026-07-04 09:00:00+00:00,-157.60924449999698,0,r023_master_trades.csv,26.0,0.4603005365001495,0.5172741732588976,0.025697406010652925,2.5189080917250894,0.2909981346260658,55.47314532208005,47.57232297421562,0.4551365409622927,0.4,56.80933852140083,8,5,London,bull,trending,0.5200694853096681,5
BCH-USDT-SWAP,2026-07-04 11:00:00+00:00,180.58571428571435,1,r023_master_trades.csv,2.0,0.35030674903495834,0.8253289590710258,0.02462422991417398,7.24859638336829,0.8202281428455945,47.24867485773877,38.98839073550678,0.7572383073496735,0.7058823529411627,80.51948051948055,10,5,London,bull,trending,0.6968053614932237,2
DOGE-USDT-SWAP,2026-07-04 11:00:00+00:00,174.884324324324,1,r023_master_trades.csv,18.0,0.441918537381968,0.47184462808243355,0.024559353902563853,2.5887805735160336,0.2726548914428865,56.17183919373675,46.200902591569836,0.8462439786486106,0.26153846153846777,58.54700854700876,10,5,London,bull,trending,0.5841759099987496,5
LINK-USDT-SWAP,2026-07-04 12:00:00+00:00,104.31263437460352,1,r023_master_trades.csv,1.0,0.3659052482754083,0.49548322942653206,0.018323289486401374,4.373913659661544,0.4735378012474651,53.65870234334344,41.76361570349408,0.3797468354430411,0.5000000000000148,57.847533632286826,11,5,London,bull,trending,0.6717484615882122,5
LTC-USDT-SWAP,2026-07-04 13:00:00+00:00,-149.9487606249954,0,r023_master_trades.csv,28.000000000000004,0.5934841353253981,0.6032201808527506,0.02980008294336123,3.2889924144049787,0.3098129473048693,57.92079275658194,20.856861022998707,0.49605411499437646,0.22727272727274048,49.69325153374239,12,5,London,bull,mixed,0.5182191932607711,5
AVAX-USDT-SWAP,2026-07-04 13:00:00+00:00,171.41103448275854,1,r023_master_trades.csv,1.0,0.45647675182546427,0.49103744800986576,0.02798530767134074,3.4456290571133272,0.3462433388858247,52.09613419019568,19.863647604973085,0.5107997664915374,0.4857142857142937,68.60986547085187,12,5,London,bull,mixed,0.6780391497022922,5
SUI-USDT-SWAP,2026-07-04 13:00:00+00:00,184.7,1,r034_trade_log.csv,3.0,0.45860701204809823,0.6076685729310692,0.03431703651060644,5.1407465776590255,0.523187699460526,53.7495680344068,28.056655360284005,0.7005948446794411,0.49056603773583957,72.16494845360828,12,5,London,bull,trending,0.6581396905847926,5
FIL-USDT-SWAP,2026-07-04 13:00:00+00:00,183.3448,1,r034_trade_log.csv,4.0,0.49097684919957774,0.8001884254243494,0.02236714741647804,5.06586045271418,0.5120826193217339,54.83137143992299,23.99110506496647,0.8023066315657468,0.23437499999999295,60.39215686274505,12,5,London,bull,mixed,0.6349973875570102,5
DOT-USDT-SWAP,2026-07-04 13:00:00+00:00,179.7454,1,r034_trade_log.csv,1.0,0.4013362473105904,0.6670491172502648,0.026785224843545577,2.010222812939416,0.2303746836523932,51.53758637500919,25.041237472432062,0.6887842957180582,0.3999999999999926,73.92996108949396,12,5,London,bull,trending,0.6381811048345604,5
ATOM-USDT-SWAP,2026-07-04 13:00:00+00:00,-131.7168,0,r034_trade_log.csv,1.0,0.39011713415956134,0.3730921424533635,0.021179742306888946,0.42076490356938534,0.016536837606393972,54.19820669631471,25.563875868817714,0.94161958568739,0.5999999999999882,51.42857142857159,12,5,London,flat,trending,0.4691446135612344,5
ETH-USDT-SWAP,2026-07-04 13:00:00+00:00,165.47160975609808,1,r023_master_trades.csv,1.0,0.3473607776590627,0.7058532605264312,0.017840457184592155,6.416703507418708,0.6440285395330447,64.37706812245675,54.05511737977762,0.23160925754153683,0.2653562653562368,28.352490421455844,12,5,London,bull,trending,0.6572704826344542,2
XRP-USDT-SWAP,2026-07-04 14:00:00+00:00,173.79245283018798,1,r023_master_trades.csv,94.0,0.44440365155159184,2.2165154493718595,0.021960263228242138,6.201986739385373,0.5570532536023007,68.13509994212977,58.93326306918678,1.272663877266383,0.5273972602739773,20.884520884521336,13,5,London,bull,trending,0.5134355720919588,7
BCH-USDT-SWAP,2026-07-04 14:00:00+00:00,178.9446153846156,1,r023_master_trades.csv,1.0,0.3260265124400345,0.6939623685443777,0.02521152253972162,7.764493195348717,0.7888018510319906,54.711468901452214,33.57921534024409,0.48672566371682424,0.2727272727272774,59.74025974025954,13,5,London,bull,trending,0.6856390288716742,2
DOGE-USDT-SWAP,2026-07-04 14:00:00+00:00,155.81142857142603,1,r023_master_trades.csv,2.0,0.4129583774834935,0.8840619067194737,0.020353997118817913,2.5784245115533384,0.2648744055332797,56.32649844336496,44.604942758039726,0.42796005706133705,0.6969696969696855,69.47368421052644,13,5,London,bull,trending,0.678141256652332,5
ETH-USDT-SWAP,2026-07-04 14:00:00+00:00,163.89714285714354,1,r029_fvg_low_atr_1h_9sym_trades.csv,3.0,0.3455984949142537,1.8693176846445088,0.015741260022034683,6.333287894629802,0.6433461915738272,64.10828060010877,54.534606690061516,0.47861541776774985,0.7274881516587749,35.87257617728529,13,5,London,bull,trending,0.6964322838174475,7
LINK-USDT-SWAP,2026-07-04 14:00:00+00:00,149.75789473684247,1,r023_master_trades.csv,3.0,0.3782608853519143,1.0953775646085873,0.015807833692915583,4.655966137608654,0.47142820349475406,56.69141856283657,41.29991949768793,0.6161971830985963,0.918367346938767,62.500000000000064,13,5,London,bull,trending,0.7194066617286733,5
BCH-USDT-SWAP,2026-07-04 15:00:00+00:00,192.959,1,r023_master_trades.csv,7.000000000000001,0.47799646762098774,3.9218282494339847,0.028804679138642528,9.465832735119925,0.7964567930962732,67.30486422115032,34.355130336194684,0.5731922398589115,0.6923076923076906,10.389610389610514,14,5,London,bull,trending,0.5815565845580615,2
XRP-USDT-SWAP,2026-07-04 15:00:00+00:00,-109.93329828571372,0,r023_master_trades.csv,100.0,0.5628339857224638,3.2238544499686568,0.03338224046145373,8.022802098004075,0.5746649280535046,76.34779824618884,59.90342777500145,1.197708731123072,0.35507246376810814,2.469135802468865,14,5,London,bull,trending,0.4632528459974025,3
LINK-USDT-SWAP,2026-07-04 15:00:00+00:00,186.3470422535211,1,r023_master_trades.csv,5.0,0.4161867888655895,1.2517779345478828,0.017476871407081308,5.520512876066989,0.4714857319275999,64.26993129184969,41.69152834855842,0.8820564516129068,0.22857142857142784,18.749999999999687,14,5,London,bull,trending,0.6187412205026023,7
XRP-USDT-SWAP,2026-07-04 16:00:00+00:00,-110.53167999999944,0,r032_all_variants_trades.csv,100.0,0.5636526178497941,2.114922040375809,0.04057539752718765,7.836495686086671,0.5990351532777197,75.23806663145166,60.98981779452293,1.8842186034615065,0.9366515837104142,15.700934579439219,15,5,London,bull,trending,0.4598994092379385,3
BCH-USDT-SWAP,2026-07-04 16:00:00+00:00,188.7296,1,r023_master_trades.csv,9.0,0.4995832230717714,2.3777601000030204,0.03531343636236139,10.207121713279843,0.8125847587465804,71.36651355043665,35.51442810478291,1.9947961838681798,0.8260869565217314,4.3956043956044475,15,5,London,bull,trending,0.5442724915514693,2
ETH-USDT-SWAP,2026-07-04 16:00:00+00:00,-116.64746699791829,0,r023_master_trades.csv,13.0,0.406869253363346,4.42240889424149,0.020633478907638333,7.828125408939902,0.6572043461399267,76.0654312651981,56.33177413697282,0.6362343058440961,0.7275953859804641,21.035278602044215,15,5,London,bull,trending,0.5538820075266084,7
AVAX-USDT-SWAP,2026-07-04 16:00:00+00:00,182.7714285714284,1,r023_master_trades.csv,7.000000000000001,0.4746831587349653,2.3940993454977098,0.029971703574084088,4.8776067599714334,0.34425393842522595,65.2305837453599,21.03480681344951,0.9514199221565622,0.86363636363636,22.072072072071887,15,5,London,bull,mixed,0.4932123438425385,7
DOGE-USDT-SWAP,2026-07-04 16:00:00+00:00,-115.9393209999986,0,r023_master_trades.csv,15.0,0.4836186153240958,2.189708784171237,0.024953846093465872,4.347054807709086,0.2767094227913192,69.67783776255351,45.987291002935955,0.8625128733264726,0.8358208955223906,9.216589861750814,15,5,London,bull,trending,0.4588036818182365,7
AVAX-USDT-SWAP,2026-07-04 16:00:00+00:00,-111.6309923177568,0,r029_fvg_low_atr_1h_9sym_trades.csv,7.000000000000001,0.4746831587349653,2.3940993454977098,0.029971703574084088,4.8776067599714334,0.34425393842522595,65.2305837453599,21.03480681344951,0.9514199221565622,0.86363636363636,22.072072072071887,15,5,London,bull,mixed,0.4932123438425385,7
SOL-USDT-SWAP,2026-07-04 16:00:00+00:00,-128.88535247058607,0,r023_master_trades.csv,2.0,0.4306741079140958,1.6475356737909128,0.026249064109615774,7.135983878694084,0.7246805499453804,53.81475359728399,28.22029495898188,0.40362035225048715,0.4545454545454741,65.1851851851853,15,5,London,bull,trending,0.5886844880683051,2
LTC-USDT-SWAP,2026-07-04 16:00:00+00:00,-121.83782199999858,0,r023_master_trades.csv,53.0,0.6318763406052375,2.1077819963719855,0.030320097366880534,4.631597044465972,0.3229599897500127,66.93984471819618,22.986308445662996,1.0049129075480188,0.9777777777777665,13.04347826086952,15,5,London,bull,mixed,0.3731903518250648,7
LINK-USDT-SWAP,2026-07-04 16:00:00+00:00,-117.8426659999991,0,r023_master_trades.csv,10.0,0.4505614396820425,3.059737747342605,0.02402505988412566,6.4791851385726575,0.4885637233080626,70.47068691948955,42.93060109861871,0.9617786660004991,0.9090909090909133,5.882352941176447,15,5,London,bull,trending,0.46246492080055007,7
XRP-USDT-SWAP,2026-07-04 16:00:00+00:00,172.83846153846085,1,r023_master_trades.csv,100.0,0.5636526178497941,2.114922040375809,0.04057539752718765,7.836495686086671,0.5990351532777197,75.23806663145166,60.98981779452293,1.8842186034615065,0.9366515837104142,15.700934579439219,15,5,London,bull,trending,0.4598994092379385,3
ETH-USDT-SWAP,2026-07-04 17:00:00+00:00,-121.08975697229474,0,r033_trade_log.csv,11.0,0.33901456601594765,1.3056168105836277,0.024536405364417025,7.503107168675465,0.6698093845594177,72.15682099022015,57.58713526911505,1.7860234450482257,0.6006879299562234,27.923588039867102,16,5,NY,bull,trending,0.5067806501673011,2
BTC-USDT-SWAP,2026-07-04 17:00:00+00:00,145.11471698113323,1,r023_master_trades.csv,2.0,0.19064671188219268,1.2155145127842861,0.008649225757909221,2.9038736341521876,0.2597366518337166,66.50362799427151,39.61414561286963,0.6388836783421794,0.5872107489425209,23.22033898305066,16,5,NY,bull,trending,0.6617466637435762,7
SUI-USDT-SWAP,2026-07-04 17:00:00+00:00,174.9946,1,r034_trade_log.csv,9.0,0.44347707976045564,1.1687027380616088,0.032097651362084915,6.052195495286176,0.5344316747703374,60.26457755917079,29.825107098078643,1.5548069448043549,0.6416666666666695,37.96992481203013,16,5,NY,bull,trending,0.5668931572020793,2
SOL-USDT-SWAP,2026-07-04 17:00:00+00:00,-159.05090031999617,0,r023_master_trades.csv,1.0,0.42580077141116124,0.8182400318890587,0.025876054477080468,7.047078981508504,0.7123048543217364,53.67268675950514,27.390904036238023,0.9003528409782149,0.5945945945945956,65.55555555555533,16,5,NY,bull,trending,0.6192320547879806,2
FIL-USDT-SWAP,2026-07-04 17:00:00+00:00,-119.0126,0,r034_trade_log.csv,2.0,0.46938016016026507,0.8119711173315807,0.023435999812994518,5.970911827490031,0.5172731703600114,63.54228686034714,24.81280141375802,1.362397820163489,0.5454545454545454,26.27450980392176,16,5,NY,bull,mixed,0.5456436929835069,2
OP-USDT-SWAP,2026-07-04 17:00:00+00:00,187.8444,1,r034_trade_log.csv,14.000000000000002,0.48808559376109634,0.9497471301883025,0.020153649435359276,6.662918947509221,0.6220481717885167,65.50413714912851,42.70300935520927,1.2096029547553018,0.6870229007633616,37.150127226463155,16,5,NY,bull,trending,0.5606775110079023,2
BTC-USDT-SWAP,2026-07-04 18:00:00+00:00,-123.6913241443192,0,r023_master_trades.csv,9.0,0.2229946401642266,3.1512725003481004,0.012756887146816153,3.4616722443598285,0.26871174288311056,73.39566657176053,41.483416228335464,0.30386920426338915,0.0931449502877853,17.234782608695397,17,5,NY,bull,trending,0.4586642116392516,7
AVAX-USDT-SWAP,2026-07-04 18:00:00+00:00,-108.5558850204078,0,r023_master_trades.csv,44.0,0.5318708798499292,3.0247371691004035,0.03597125753375511,6.276822382260169,0.38797755199972905,72.80837634282355,24.41718876796893,0.5160550458715665,0.2777777777777682,8.666666666666606,17,5,NY,bull,mixed,0.471348108727368,7
LTC-USDT-SWAP,2026-07-04 18:00:00+00:00,-118.10219559999784,0,r023_master_trades.csv,63.0,0.48487325575997187,2.127415980360975,0.034929687027537834,5.493823701387375,0.3734847039151465,71.9485973162715,26.752809075659382,0.750220653133282,0.5294117647058763,7.4285714285711695,17,5,NY,bull,trending,0.4354112784931658,7
BTC-USDT-SWAP,2026-07-04 19:00:00+00:00,52.21939789585276,1,r023_master_trades.csv,8.0,0.2187078038022223,1.030680497475681,0.014711756796068348,3.2480292354740667,0.27594388560055083,68.77633279356439,43.21916751412517,1.0692185835027666,0.5367440484991844,26.799999999999745,18,5,NY,bull,trending,0.5738461181291814,7
AVAX-USDT-SWAP,2026-07-04 19:00:00+00:00,-160.268264285716,0,r023_master_trades.csv,47.0,0.5153374067949845,1.0624202787134438,0.0400431672508443,5.632069373256188,0.41289991479485055,66.36755951204312,26.528594605404074,2.441433813152696,0.6300578034682078,21.66666666666681,18,5,NY,bull,trending,0.4311030262427056,0
BTC-USDT-SWAP,2026-07-04 19:00:00+00:00,-130.74478021020917,0,r032_all_variants_trades.csv,8.0,0.2187078038022223,1.030680497475681,0.014711756796068348,3.2480292354740667,0.27594388560055083,68.77633279356439,43.21916751412517,1.0692185835027666,0.5367440484991844,26.799999999999745,18,5,NY,bull,trending,0.5738461181291814,7
SOL-USDT-SWAP,2026-07-04 21:00:00+00:00,-136.74483114999603,0,r005_attribution_trades.csv,2.0,0.4435365571978985,0.4770572216474474,0.026183720634858087,6.418158509581269,0.684870512912346,49.34352582986726,25.002439776915114,0.7943297079310663,0.5846153846153853,75.18518518518515,20,5,NY,bull,trending,0.5879107432768738,5
ETH-USDT-SWAP,2026-07-05 00:00:00+00:00,-132.2404179999971,0,r023_master_trades.csv,18.0,0.3537188823484322,1.0279085031441617,0.035145003029255314,6.559995367512066,0.7403203290526361,58.76965563196576,58.39196205475213,0.4159332712983661,0.6118598382749217,49.41217150760714,23,5,NY,bull,trending,0.4208764200168114,2
LTC-USDT-SWAP,2026-07-05 00:00:00+00:00,-142.33682452631265,0,r023_master_trades.csv,33.0,0.4394762656399831,0.7886230160184876,0.038622936776962616,3.5178904168644825,0.44488433331539934,53.09092464277142,27.02687166228447,0.39982230119946627,0.44444444444443565,49.714285714285566,23,5,NY,bull,trending,0.4134596897995748,5
LINK-USDT-SWAP,2026-07-05 00:00:00+00:00,-142.23401747058557,0,r023_master_trades.csv,14.000000000000002,0.4405538040765643,0.8875898037699856,0.03890295023417482,4.889151466385051,0.5949155705324212,53.403777161895825,44.27816911490951,0.5114132468504474,0.6097560975609788,57.77027027027061,23,5,NY,bull,trending,0.43616703359138975,5
AVAX-USDT-SWAP,2026-07-05 00:00:00+00:00,-127.72123359999974,0,r023_master_trades.csv,43.0,0.515782224616986,0.949014473393172,0.04454531481386636,4.099012594034568,0.49351518770968417,53.050987787236,27.29252090674035,0.6722929480760937,0.4468085106382987,50.3333333333333,23,5,NY,bull,trending,0.4216758575810751,5
XRP-USDT-SWAP,2026-07-05 00:00:00+00:00,-164.93788656249035,0,r023_master_trades.csv,88.0,0.5699939121839888,0.8412724205291515,0.05188789378102883,5.840769162296298,0.7331740723368855,55.05592514049045,53.39620274971118,0.5682307361170847,0.6060606060606122,52.9296874999999,23,5,NY,bull,trending,0.4204585508869803,2
BTC-USDT-SWAP,2026-07-05 01:00:00+00:00,-166.76955608708602,0,r023_master_trades.csv,9.0,0.2039128801192355,0.9711124347271853,0.020620123349356756,2.758675919244801,0.3181158170380792,56.965813829612124,47.94179632866423,0.49034130606644877,0.15638126009691172,42.36521739130409,0,6,Asia,bull,trending,0.49335391120040034,5
BCH-USDT-SWAP,2026-07-05 02:00:00+00:00,-132.78903446153905,0,r023_master_trades.csv,43.0,0.48376338923516904,2.536185138243332,0.0746624413310588,11.544727760794435,1.0540375541751104,76.73732291145458,42.315740273192034,1.3941698352344667,0.24242424242423852,21.787709497206727,1,6,Asia,bull,trending,0.4881172718043812,2
BTC-USDT-SWAP,2026-07-05 02:00:00+00:00,-179.7611512336304,0,r023_master_trades.csv,9.0,0.1923342137202463,1.2293599709231384,0.019829292701294934,2.569466003155811,0.3141482528649057,53.38410287953345,46.39089944795313,0.40245986519024163,0.6176006314127825,51.034782608695785,1,6,Asia,bull,trending,0.49613650709911394,5
AVAX-USDT-SWAP,2026-07-05 07:00:00+00:00,182.89499999999967,1,r023_master_trades.csv,40.0,0.5884270311534715,0.7014723487772275,0.05496174951781929,1.46330635919162,0.27387270245911244,37.52471159627324,24.371382344923852,0.6642066420664196,0.17777777777777823,86.88524590163956,6,6,Asia,bull,mixed,0.6141948661867773,5
BTC-USDT-SWAP,2026-07-05 08:00:00+00:00,-138.0906151627889,0,r023_master_trades.csv,8.0,0.21871304096687988,0.8786618334934468,0.014932930641567744,2.631256206379922,0.2576086694195612,57.45938135910302,36.5032288289477,0.2559260587227577,0.229763387297645,46.6626090484884,7,6,Asia,bull,trending,0.47356661765043384,5
UNI-USDT-SWAP,2026-07-05 09:00:00+00:00,-131.8368,0,r034_trade_log.csv,1.0,0.45666658631779317,0.40240435821922776,0.034582685621839256,4.964317455404883,0.49838029493162966,48.083570189714095,17.77825525940121,0.6572769953051614,0.42857142857142555,72.88135593220333,8,6,London,bull,ranging,0.5917836721586379,5
AVAX-USDT-SWAP,2026-07-05 09:00:00+00:00,-185.28237193600455,0,r023_master_trades.csv,33.0,0.5808946719528434,0.5773993946671222,0.057474314729278185,1.7267981809840613,0.21221914567390163,40.69046241273328,23.708836717077833,0.7780387551380039,0.33962264150944155,81.42076502732249,8,6,London,bull,mixed,0.5976927460727082,5
BTC-USDT-SWAP,2026-07-05 09:00:00+00:00,-158.22331710721315,0,r029_fvg_low_atr_1h_9sym_trades.csv,6.0,0.21645982284225293,0.7758326320572329,0.014291471765772541,2.4389710643088374,0.2504084020466466,53.694569494477236,36.20021452478507,0.5456421654230784,0.6907186499854625,60.481616856590016,8,6,London,bull,trending,0.5542468917030664,5
LTC-USDT-SWAP,2026-07-05 09:00:00+00:00,-179.87178110237195,0,r023_master_trades.csv,1.0,0.4403425485033818,0.40852948314420295,0.040466303403447104,2.4347838626110887,0.23600071371703996,48.45729512369988,19.225385726194038,0.45055192610949046,0.6999999999999929,76.21951219512194,8,6,London,bull,mixed,0.580062614019086,5
ARB-USDT-SWAP,2026-07-05 09:00:00+00:00,-124.2583,0,r034_trade_log.csv,9.0,0.5840739942042407,0.5554956049259965,0.058809554583779344,0.6082714140676101,0.1086447207756212,39.943893218086195,21.924753264106293,1.2422360248447313,0.7857142857142857,85.19417475728156,8,6,London,bull,mixed,0.5561055651246618,5
LINK-USDT-SWAP,2026-07-05 09:00:00+00:00,-165.6194840989355,0,r023_master_trades.csv,4.0,0.4205632684749039,0.619551050457596,0.04174819810708706,3.540225999621316,0.36454072720201924,46.99566279410142,26.83043022812775,0.7071599949488578,0.5892857142857044,76.38036809815955,8,6,London,bull,trending,0.6173401844613897,5
BCH-USDT-SWAP,2026-07-05 11:00:00+00:00,-116.382982923077,0,r023_master_trades.csv,98.0,0.6550776871763339,0.7722309447114927,0.048219074086796626,10.753855389860798,1.1280090751609875,60.66540105352246,42.732917134598644,2.748414376321353,0.49230769230769056,32.81249999999996,10,6,London,bull,trending,0.4900437895720862,2
LINK-USDT-SWAP,2026-07-05 11:00:00+00:00,180.17500000000004,1,r023_master_trades.csv,11.0,0.40984931445281775,0.631546437137436,0.045064755584659444,2.9333014701637703,0.3280993304544658,42.694280306227135,25.84961482465044,1.1197353352843882,0.7386363636363674,86.09467455621288,10,6,London,bull,trending,0.6675707790950615,5
XRP-USDT-SWAP,2026-07-05 11:00:00+00:00,169.77599999999967,1,r023_master_trades.csv,36.0,0.3705244988714042,0.9490425007513963,0.05893262736388506,2.8602599379703766,0.37330197087897005,37.78486561285283,32.51530358169684,1.1620686596292125,0.832061068702293,92.4242424242425,10,6,London,bull,trending,0.6395846060123856,5
DOGE-USDT-SWAP,2026-07-05 11:00:00+00:00,183.3396363636366,1,r023_master_trades.csv,12.0,0.5206082337436483,0.685554087886289,0.06567488118884866,0.3469745212411362,0.058343766620654776,39.22980704668038,33.507012879779424,0.913544287038258,0.6376811594202875,86.51960784313704,10,6,London,bull,trending,0.5740877709678128,5
AVAX-USDT-SWAP,2026-07-05 12:00:00+00:00,-111.23374489908224,0,r032_all_variants_trades.csv,50.0,0.5802163826949407,0.6330009475410574,0.05932194344393066,2.5905493507796873,0.1673929243718572,50.82546158395819,21.43218203928936,1.5485756026296549,0.5849056603773535,64.48087431693989,11,6,London,bull,mixed,0.5488770711455557,5
AVAX-USDT-SWAP,2026-07-05 12:00:00+00:00,177.5794594594594,1,r023_master_trades.csv,50.0,0.5802163826949407,0.6330009475410574,0.05932194344393066,2.5905493507796873,0.1673929243718572,50.82546158395819,21.43218203928936,1.5485756026296549,0.5849056603773535,64.48087431693989,11,6,London,bull,mixed,0.5488770711455557,5
LTC-USDT-SWAP,2026-07-05 12:00:00+00:00,170.05333333333328,1,r023_master_trades.csv,13.0,0.4253149666303726,0.596720343487996,0.04026605837000996,3.0696509286264995,0.228155214902035,55.59570951287929,17.495673149997227,1.2099484651579635,0.8518518518518547,54.97076023391797,11,6,London,bull,ranging,0.6340217263574084,5
BCH-USDT-SWAP,2026-07-05 13:00:00+00:00,-106.36474259701436,0,r023_master_trades.csv,100.0,0.7792334632228852,1.491826866014934,0.046880228247489164,11.903492141156837,1.1304034043947873,64.23780872657753,41.79103801025283,1.141649048625788,0.7037037037037088,9.999999999999904,12,6,London,bull,trending,0.4751871754592664,2
DOGE-USDT-SWAP,2026-07-05 14:00:00+00:00,164.5399999999995,1,r023_master_trades.csv,3.0,0.45589811942846364,0.7257803401028432,0.05691211493203501,1.3226601532140732,0.061500778250880836,49.49766466221687,30.624418650698598,1.1769321302471532,0.6444444444444427,67.89215686274497,13,6,London,bull,trending,0.616675692492544,5
FIL-USDT-SWAP,2026-07-05 14:00:00+00:00,190.539,1,r034_trade_log.csv,4.0,0.4716561011950973,0.598204290601833,0.04470011580579571,2.4002609945630313,0.22140567042753695,45.48789905588408,19.427587015778087,1.185770750988139,0.4408602150537638,69.1919191919192,13,6,London,bull,mixed,0.6343562399968559,5
WIF-USDT-SWAP,2026-07-05 14:00:00+00:00,-108.4073,0,r034_trade_log.csv,6.0,0.5991810149155451,0.9701585580836037,0.058163043972440855,1.9967054009631242,0.08403773654733801,50.679285567754576,22.688760622109207,2.0677771395749525,0.4722222222222252,59.663865546218474,13,6,London,bull,mixed,0.5245543136689396,0
SOL-USDT-SWAP,2026-07-05 14:00:00+00:00,-116.4854027499986,0,r029_fvg_low_atr_1h_9sym_trades.csv,8.0,0.36179089762634115,0.8999899144611293,0.03439235871216791,4.658477064014831,0.4023746160503344,51.74211771957016,21.005956286601634,1.1522735720480644,0.19354838709676778,47.29729729729736,13,6,London,bull,mixed,0.5606377655505688,5
LINK-USDT-SWAP,2026-07-05 14:00:00+00:00,171.87411764706127,1,r023_master_trades.csv,7.000000000000001,0.32896816954255625,0.6213008633361496,0.03653963132802015,3.5491568523805315,0.3218072595920584,51.11465929036547,21.861088830258318,0.947208891134127,0.4533333333333297,69.82248520710058,13,6,London,bull,mixed,0.6415618047669801,5
SUI-USDT-SWAP,2026-07-05 14:00:00+00:00,-111.2522,0,r034_trade_log.csv,9.0,0.5207228976459753,1.0729699314573309,0.06548233021643629,3.1182466121236976,0.22461847926338088,50.42185575656144,24.36150728823626,1.416922871273901,0.5094339622641446,66.5934065934066,13,6,London,bull,mixed,0.5194336654984395,5
OP-USDT-SWAP,2026-07-05 14:00:00+00:00,190.331,1,r034_trade_log.csv,4.0,0.41577751585245454,0.7729634628967955,0.04224959680323318,3.913874128008598,0.37391902413827693,49.21123103612038,23.850772243321025,1.3708920187793456,0.6232876712328714,70.49924357034787,13,6,London,bull,mixed,0.6402719801562853,5
LTC-USDT-SWAP,2026-07-05 14:00:00+00:00,177.4400000000002,1,r023_master_trades.csv,7.000000000000001,0.40307977734795775,0.6119441494601533,0.03325508862915117,3.281123431931586,0.24868709238021267,57.896688439462224,15.624917250207066,0.6037567084078782,0.0740740740740848,45.06172839506185,13,6,London,bull,ranging,0.6072193521893838,5
NEAR-USDT-SWAP,2026-07-05 14:00:00+00:00,194.0878,1,r034_trade_log.csv,6.0,0.5485748090667657,0.6243224115638323,0.04546242652323981,2.082751056051723,0.09498832924585086,51.61253174747285,22.015169341380094,1.7311608961303477,0.5294117647058824,49.107142857142854,13,6,London,bull,mixed,0.5860848291317776,5
SOL-USDT-SWAP,2026-07-05 14:00:00+00:00,182.48214285714292,1,r023_master_trades.csv,8.0,0.36179089762634115,0.8999899144611293,0.03439235871216791,4.658477064014831,0.4023746160503344,51.74211771957016,21.005956286601634,1.1522735720480644,0.19354838709676778,47.29729729729736,13,6,London,bull,mixed,0.5606377655505688,5
LTC-USDT-SWAP,2026-07-05 15:00:00+00:00,185.23675675675665,1,r023_master_trades.csv,15.0,0.4181414218554925,0.6931171946975321,0.031861109850299836,3.907815936530718,0.26728063735224056,63.0859353551673,15.804446095691048,0.5125919322487116,0.6521739130434809,15.107913669064803,14,6,London,bull,ranging,0.5712835367431596,4
ETH-USDT-SWAP,2026-07-05 15:00:00+00:00,172.12522193211518,1,r023_master_trades.csv,3.0,0.2495197129955704,1.1266662952892048,0.023692826758960766,5.2353868815359395,0.507828039214695,55.11488266274405,27.693489842698245,0.3539873130946987,0.2511999999999898,51.43540669856442,14,6,London,bull,trending,0.6235635766316703,5
BTC-USDT-SWAP,2026-07-05 15:00:00+00:00,-168.78349281707284,0,r023_master_trades.csv,2.0,0.1894393600078799,0.6276379155360712,0.013908767208704148,2.1450458887840838,0.22087187536012198,51.08608750683583,23.96683104002454,0.3091037425452622,0.25257731958762886,63.81807647740463,14,6,London,bull,mixed,0.5067321265007125,5
AVAX-USDT-SWAP,2026-07-05 15:00:00+00:00,174.77090909090936,1,r023_master_trades.csv,35.0,0.4619266343219449,0.48169046099709545,0.04752307785511442,2.9350005546562103,0.20746872724544937,54.45978443362841,17.535795630340644,0.6804690893296742,0.6382978723404227,48.8745980707396,14,6,London,bull,ranging,0.6150095253615825,5
LINK-USDT-SWAP,2026-07-05 15:00:00+00:00,178.14636363636592,1,r023_master_trades.csv,4.0,0.33044828853016905,1.0658799986001672,0.03261422725980485,3.9256747376537384,0.3277429109540421,55.44064368407328,20.888226556228336,0.4410282258064534,0.4857142857142937,49.04942965779453,14,6,London,bull,mixed,0.641241916753811,5
SOL-USDT-SWAP,2026-07-05 15:00:00+00:00,-133.18077849999608,0,r023_master_trades.csv,9.0,0.364075690162035,1.0389736843079291,0.03179910210018228,4.890489729529623,0.4094021287125835,54.57670936253825,20.03061743045151,0.689740115777808,0.8392857142857089,33.33333333333333,14,6,London,bull,mixed,0.5750526593285822,5
DOGE-USDT-SWAP,2026-07-05 16:00:00+00:00,174.8681081081078,1,r023_master_trades.csv,7.000000000000001,0.4593796992320793,1.8916336601273265,0.04405608116181442,2.0102362566371936,0.09031684094293348,55.82458028303578,27.280292028170663,0.9347007659353658,0.6388888888888808,45.61403508771939,15,6,London,bull,trending,0.5421250505200668,5
LINK-USDT-SWAP,2026-07-05 16:00:00+00:00,146.7999999999994,1,r023_master_trades.csv,8.0,0.3293560051980114,1.1627585675216117,0.028789917222052274,3.7947737714732788,0.33596942922707007,54.30848644858439,20.652357967552774,0.5522088353413716,0.75,49.40239043824699,15,6,London,bull,mixed,0.6050141443067496,5
ETH-USDT-SWAP,2026-07-05 16:00:00+00:00,156.43534693877635,1,r023_master_trades.csv,4.0,0.2526793829458898,2.0030650824643135,0.020769958429045308,5.31629703915627,0.5076709200725399,56.81769966983653,27.615320282214768,0.4859794093741605,0.7061556329849088,44.29824561403507,15,6,London,bull,trending,0.6831870702506913,5
LTC-USDT-SWAP,2026-07-05 16:00:00+00:00,-123.23139691428476,0,r023_master_trades.csv,25.0,0.4233508395990018,2.291275362635913,0.03404308477609927,4.413690427935917,0.29303122213810584,66.73948472507809,16.921677742182403,0.9300265721877806,0.6666666666666498,11.801242236025097,15,6,London,bull,ranging,0.3955084352927741,7
DOGE-USDT-SWAP,2026-07-05 17:00:00+00:00,142.12999999999766,1,r023_master_trades.csv,10.0,0.44347283700538837,1.111828944185774,0.040866017293838146,1.8458370490040437,0.10456322771907041,54.26723429728427,26.16858449333622,0.7520746887966768,0.1551724137930919,45.98765432098772,16,6,NY,bull,trending,0.5097919670873675,5
SOL-USDT-SWAP,2026-07-05 17:00:00+00:00,-180.9119140000005,0,r023_master_trades.csv,12.0,0.35651072811830364,0.8800600887662651,0.0282394148524799,4.331763152737146,0.4186045019265473,49.200933145942386,18.350892097062363,0.799409666707669,0.15384615384614375,44.31372549019626,16,6,NY,bull,mixed,0.47618989924883076,5
BTC-USDT-SWAP,2026-07-05 19:00:00+00:00,-157.74261825806414,0,r023_master_trades.csv,3.0,0.19270237116063318,0.45262311745519224,0.008716072429662925,2.0695883458938082,0.20198401568937616,51.89748608427097,20.54898916785657,0.34946549986504194,0.014168190127963911,53.41161928306624,18,6,NY,bull,mixed,0.49414711756830115,5
ETH-USDT-SWAP,2026-07-05 19:00:00+00:00,-183.66971166773132,0,r023_master_trades.csv,4.0,0.25502056650106775,0.5408889496448273,0.015620928739918697,5.534672145788551,0.5103529688047096,61.154667872664504,28.793886183925515,0.785422733968257,0.46671438797423587,15.00894911787292,18,6,NY,bull,trending,0.6031655026889642,4
LINK-USDT-SWAP,2026-07-05 19:00:00+00:00,-135.0599142926839,0,r023_master_trades.csv,6.0,0.34060966489695205,0.5793121732674182,0.02267164827593815,4.3595552780422295,0.3544352005040813,61.57881857014755,20.976063116782342,0.5642633228840116,0.28888888888888714,9.547738693467409,18,6,NY,bull,mixed,0.5264145841756928,4
BCH-USDT-SWAP,2026-07-05 19:00:00+00:00,189.1333333333334,1,r023_master_trades.csv,90.0,0.9068456122619313,0.4902295548253538,0.03241598576421594,11.340669399490388,1.0604716147666358,61.18327377031454,44.285482573880515,0.8771929824561379,0.3333333333333288,9.278350515463988,18,6,NY,bull,trending,0.5267463742971199,2
LTC-USDT-SWAP,2026-07-05 20:00:00+00:00,-182.02380279999184,0,r023_master_trades.csv,68.0,0.4939387014429881,1.1312428987157517,0.046730898910918,4.7769911292694225,0.38638241477202667,64.6378088594405,24.130753132738306,1.5075376884422216,0.47826086956522185,20.192307692307722,19,6,NY,bull,mixed,0.34577950339523134,7
SOL-USDT-SWAP,2026-07-05 20:00:00+00:00,163.87999999999946,1,r005_attribution_trades.csv,1.0,0.35655974487133324,0.5032449150540291,0.01970702228751955,4.122691645232585,0.43232158640956847,48.32871814370555,15.506828706977057,0.34584980237154295,0.5,36.44859813084116,19,6,NY,bull,ranging,0.669370495973078,5
BCH-USDT-SWAP,2026-07-05 20:00:00+00:00,-106.8515082812501,0,r023_master_trades.csv,99.0,1.0325384373443456,1.9790663756164604,0.047170179230613715,14.035651524744244,1.1016201972063484,69.42072490959822,46.22842929798437,1.3653289201489498,0.6969696969696894,9.090909090909124,19,6,NY,bull,trending,0.4339166020368614,2
LINK-USDT-SWAP,2026-07-05 22:00:00+00:00,-119.4494122162169,0,r023_master_trades.csv,16.0,0.33264167000565603,1.0167547597085362,0.0277771411738777,4.63884962022878,0.3998848421029436,64.505734982019,22.901693863069266,0.4624999999999879,0.3783783783783706,13.469387755102497,21,6,NY,bull,mixed,0.3622859881566636,7
ETH-USDT-SWAP,2026-07-05 22:00:00+00:00,-117.84803655785235,0,r005_attribution_trades.csv,17.0,0.24504913435081624,1.610980004746921,0.018591767326388727,5.683095278630967,0.5332313524221283,63.38536297639203,30.48262635285367,0.43340481698496847,0.5480519480519188,15.175438596491341,21,6,NY,bull,trending,0.4408130344473993,7
DOGE-USDT-SWAP,2026-07-05 22:00:00+00:00,-113.62393758823342,0,r023_master_trades.csv,51.0,0.47617142851006333,1.0844344360635634,0.037143126759126406,2.890103350780503,0.19967599538310696,61.78082758474125,24.69616973650035,0.7006617360840779,0.3518518518518447,13.486842105262948,21,6,NY,bull,mixed,0.395549538010121,7
SOL-USDT-SWAP,2026-07-05 22:00:00+00:00,-114.59174667999892,0,r023_master_trades.csv,15.0,0.36206541134776865,1.611367615001139,0.022039527674987208,4.990595249778509,0.447231837180447,59.75078398305334,15.587220282520114,0.2715043810934208,0.13636363636364224,19.46564885496199,21,6,NY,bull,ranging,0.3669137956205678,4
AVAX-USDT-SWAP,2026-07-05 22:00:00+00:00,-116.12982142857165,0,r023_master_trades.csv,20.0,0.4364790771541488,1.2555951977285749,0.03507784671654469,3.3972254286175603,0.3020688277792479,59.55026252958559,18.23813841878726,0.347826086956522,0.5416666666666621,10.087719298245878,21,6,NY,bull,mixed,0.3629115472896431,4
BTC-USDT-SWAP,2026-07-05 22:00:00+00:00,-123.43312209296508,0,r023_master_trades.csv,20.0,0.2198792205830218,1.9813759931214352,0.0075913787974398374,2.452893158287654,0.20519677023952912,60.32017045788159,20.583629732766852,0.22149506778801767,0.2865370770338552,18.141925777332577,21,6,NY,bull,mixed,0.43561175085867426,4
XRP-USDT-SWAP,2026-07-05 22:00:00+00:00,185.27829787234015,1,r023_master_trades.csv,3.0,0.3143956163976877,1.0496109123905357,0.012560977992326512,3.840629037269278,0.33246952264703655,56.105469769895144,20.378582960977006,0.3078817733990199,0.6571428571428372,16.379310344827775,21,6,NY,bull,mixed,0.6768388912718681,4
LINK-USDT-SWAP,2026-07-05 23:00:00+00:00,-124.14459130000031,0,r023_master_trades.csv,40.0,0.30790917122492606,2.3484656161479887,0.032081139608194094,5.143685442143182,0.4179815930838038,68.96709536605036,24.732687099193743,1.3298533432761648,0.4299065420560681,18.789808917197217,22,6,NY,bull,mixed,0.3949564972761189,7
XRP-USDT-SWAP,2026-07-05 23:00:00+00:00,-113.31828694193402,0,r023_master_trades.csv,17.0,0.36503384202480005,2.6564385335872296,0.021261726031280535,5.02227699007958,0.3492548937595593,67.27289783132983,21.603800218804185,1.1540479104738484,0.5303030303030273,11.290322580645142,22,6,NY,bull,mixed,0.3785652470303061,7
BTC-USDT-SWAP,2026-07-05 23:00:00+00:00,-115.65570774710932,0,r023_master_trades.csv,41.0,0.29207470501257066,4.735439327082442,0.015476636839163645,3.45958064591613,0.21917494247198957,72.33928378411878,23.26197787936579,0.9936064138832132,0.5631982125757979,15.362489377002056,22,6,NY,bull,mixed,0.4568784464171021,7
SOL-USDT-SWAP,2026-07-05 23:00:00+00:00,-177.3575326315709,0,r023_master_trades.csv,20.0,0.33355282392945595,2.139464431331909,0.023933002121176494,4.989301116432996,0.45633053881073465,60.25730073104157,16.736632695458937,1.8473207731832704,0.4635761589403882,22.382671480144488,22,6,NY,bull,ranging,0.38235577224638506,7
AVAX-USDT-SWAP,2026-07-05 23:00:00+00:00,-162.40576479999228,0,r023_master_trades.csv,35.0,0.31407621764686083,1.6464524218697176,0.035688996716153665,3.3034164993787885,0.30922618655603296,58.755733036883974,19.605412376227882,1.3667098259243238,0.5368421052631516,22.988505747126357,22,6,NY,bull,mixed,0.3829609113887066,7
FIL-USDT-SWAP,2026-07-05 23:00:00+00:00,-108.6359,0,r034_trade_log.csv,10.0,0.45390986624690716,1.8240462105136008,0.028941474453760142,4.280086167208394,0.28239192872289076,66.01406332419535,18.709349436441588,2.1561990723329565,0.4593023255813966,12.232415902140701,22,6,NY,bull,mixed,0.37465286393630054,7
DOGE-USDT-SWAP,2026-07-05 23:00:00+00:00,-122.26063685714172,0,r023_master_trades.csv,67.0,0.3849391118601591,1.6123130526201517,0.04186987784374214,3.461739805862664,0.2224222206103096,65.63263416045977,25.736295460370002,1.8359224547438706,0.5664335664335698,11.965811965812026,22,6,NY,bull,trending,0.34050715905068896,7
XRP-USDT-SWAP,2026-07-06 00:00:00+00:00,-176.34011212932558,0,r023_master_trades.csv,39.0,0.36637263981774176,2.0400961485492757,0.026470400501649612,4.906997067908252,0.3655007864536155,66.33739525479953,23.311892837621002,1.7107309486780748,0.6868686868686883,27.740492170022318,23,6,NY,bull,mixed,0.353926019034785,7
AVAX-USDT-SWAP,2026-07-06 01:00:00+00:00,-121.29787599999922,0,r023_master_trades.csv,53.0,0.3323250696442529,1.6866034456691692,0.03266560632339124,2.5783452091464727,0.3040928414374586,50.38797589793439,19.414302390420122,0.9106678230702474,0.4761904761904822,40.22988505747121,0,0,Asia,bull,mixed,0.41496332166461214,6
LTC-USDT-SWAP,2026-07-06 03:00:00+00:00,-138.7047065714262,0,r023_master_trades.csv,90.0,0.5314869322579969,1.0649940966523703,0.04753260852515413,3.6851985973828647,0.4668934315568281,52.567374809631296,27.764538846928836,1.2764084507042373,0.8620689655172333,37.85046728971939,2,0,Asia,bull,trending,0.3283257701951494,6
BTC-USDT-SWAP,2026-07-06 04:00:00+00:00,-166.48472528420908,0,r023_master_trades.csv,49.0,0.30521219266663413,1.4761262349939481,0.025772753571223703,2.6125812947839333,0.27367625664806505,56.438582459001914,28.0455663182346,0.4700956428660339,0.3913480885311812,44.603538246149725,3,0,Asia,bull,trending,0.34965366055911207,6
LINK-USDT-SWAP,2026-07-06 04:00:00+00:00,-155.21063823076395,0,r023_master_trades.csv,64.0,0.375138338635443,2.3907923200673054,0.034694726067423486,3.6768996354294448,0.4512511089457276,50.31749978038297,24.9782479746366,0.7228315054835472,0.517241379310366,49.04458598726111,3,0,Asia,bull,mixed,0.3445613367371439,6
XRP-USDT-SWAP,2026-07-06 04:00:00+00:00,-133.17378506451294,0,r023_master_trades.csv,45.0,0.3832888048717388,1.073875200276757,0.032722597882442736,3.832179280090753,0.4050674681683711,53.606591603245874,21.825245738774967,0.7403536277327718,0.458823529411769,49.8881431767338,3,0,Asia,bull,mixed,0.30994548050329174,6
XRP-USDT-SWAP,2026-07-06 08:00:00+00:00,-120.70702599999814,0,r023_master_trades.csv,32.0,0.3679193932280249,1.0778531153414097,0.028405807391188292,3.5759507398641226,0.4045474873536975,52.32900445979707,17.697478740115013,0.4220522289633268,0.6458333333333661,57.42092457420921,7,0,Asia,bull,ranging,0.32732336499753734,6
BTC-USDT-SWAP,2026-07-06 08:00:00+00:00,-155.22171877133164,0,r005_attribution_trades.csv,41.0,0.29039722603410345,0.9707890748444353,0.024125126699957866,2.170587108642619,0.279329707627584,50.45547769158396,22.66130223344378,0.2855708876521609,0.6874304783092132,63.270518395803165,7,0,Asia,bull,mixed,0.3672692270096156,6
DOGE-USDT-SWAP,2026-07-06 09:00:00+00:00,-165.8734180000028,0,r023_master_trades.csv,40.0,0.42594276917385393,0.798869323592795,0.025873376692769987,1.4818744120804976,0.19430135983083205,48.43589197074089,17.939272193262344,0.7803355442840284,0.466666666666679,72.17741935483882,8,0,London,bull,ranging,0.43962806620035044,6
SOL-USDT-SWAP,2026-07-06 14:00:00+00:00,189.6531914893617,1,r005_attribution_trades.csv,69.0,0.5411061559291854,2.670805310144893,0.0334994517561531,2.3393679784771177,0.2746222850266777,43.75298166591853,14.894949533092284,1.775595013222512,0.6524822695035489,70.89783281733757,13,0,London,bull,ranging,0.5388013037891406,6
AVAX-USDT-SWAP,2026-07-06 14:00:00+00:00,189.69950000000003,1,r023_master_trades.csv,99.0,0.5128360127313906,1.4366080866662863,0.03235707400541931,0.6309497698750683,0.1612657966487037,40.731968206670885,14.894144119907237,1.5286435143959596,0.72815533980582,73.3333333333333,13,0,London,bull,ranging,0.547155066086297,6
ETH-USDT-SWAP,2026-07-06 14:00:00+00:00,186.81425984713437,1,r005_attribution_trades.csv,69.0,0.3844059440031847,2.3461542138441107,0.032099905659611,2.4740867848940082,0.37532972384984764,35.41013196467051,23.6732925666935,1.4775692233422626,0.7195643718397501,79.08074534161501,13,0,London,bull,mixed,0.5735788447354367,6
XRP-USDT-SWAP,2026-07-06 14:00:00+00:00,179.90089552238786,1,r023_master_trades.csv,75.0,0.5687715241066056,2.448779491737118,0.040191003131700355,0.742271747892861,0.2630820647692277,32.867424222966164,16.221832183047795,1.91997129014894,0.9158878504672889,88.72305140961872,13,0,London,bull,ranging,0.6379229332308664,6
LTC-USDT-SWAP,2026-07-06 14:00:00+00:00,190.22981818181813,1,r023_master_trades.csv,93.0,0.4388176669003026,2.75520881943048,0.05010759549041253,0.949867698289468,0.20384194627119176,36.600447141513534,24.61460305916442,0.9070294784580466,0.7499999999999956,77.86885245901641,13,0,London,bull,mixed,0.594109449632485,6
LINK-USDT-SWAP,2026-07-06 14:00:00+00:00,186.27478260869583,1,r023_master_trades.csv,83.0,0.5215374582108009,2.5458087437286636,0.040312335359150936,1.207551255617697,0.24858948684905194,36.84760849030888,18.83306869840507,1.6021532940271728,0.9280000000000044,82.48730964466985,13,0,London,bull,mixed,0.6050955554070842,6
BTC-USDT-SWAP,2026-07-06 16:00:00+00:00,-107.49910406584432,0,r023_master_trades.csv,94.0,0.6613103507227419,2.8650173337798512,0.03871237991753096,2.812370149247841,0.1346511350422545,59.82826316366723,20.766769696658947,1.1515751522910642,0.39484738168579986,17.115748119046582,15,0,London,bull,mixed,0.29919311633952733,1
BCH-USDT-SWAP,2026-07-06 16:00:00+00:00,191.89666666666665,1,r023_master_trades.csv,63.0,0.6926302540073255,0.7527236913429751,0.048096114741180404,8.147868043119317,0.7993599881645654,51.56818032567648,26.994846055373937,1.2272534913245896,0.17241379310344793,61.31386861313878,15,0,London,bull,trending,0.44984856937034484,2
DOGE-USDT-SWAP,2026-07-06 16:00:00+00:00,-111.31187469999864,0,r032_all_variants_trades.csv,97.0,0.6929682252287821,2.0755495959719648,0.048127407130242134,0.4390288351927697,0.05329567072913564,45.94985667530258,18.61300828174477,1.1650999602806724,0.329545454545456,57.49440715883672,15,0,London,bull,mixed,0.42733716792170157,6
XRP-USDT-SWAP,2026-07-06 16:00:00+00:00,-109.59395216981102,0,r023_master_trades.csv,93.0,0.7108214904701965,1.519659163687125,0.04218751855264058,3.26730825477883,0.24123880339140158,53.84130769347789,15.76434258997201,1.2019230769230829,0.5703703703703705,41.45936981757898,15,0,London,bull,ranging,0.2793367559925431,6
ETH-USDT-SWAP,2026-07-06 16:00:00+00:00,-108.54600830325852,0,r023_master_trades.csv,92.0,0.6026914617508901,2.380896377006094,0.034432114643797876,4.964027649227846,0.36070272139066534,58.81211077097597,22.336868655371145,1.225648377129609,0.32199440820130804,24.695652173913178,15,0,London,bull,mixed,0.22766178106746057,6
LTC-USDT-SWAP,2026-07-06 16:00:00+00:00,-111.95761608955168,0,r023_master_trades.csv,99.0,0.533387283940974,0.9926524684623818,0.049679363833959225,2.601284985227975,0.18054413049950602,52.17287611558796,25.257444469166025,0.6775067750677443,0.16666666666668245,47.54098360655728,15,0,London,bull,trending,0.3449394022369205,6
DOGE-USDT-SWAP,2026-07-06 16:00:00+00:00,186.4294117647059,1,r023_master_trades.csv,97.0,0.6929682252287821,2.0755495959719648,0.048127407130242134,0.4390288351927697,0.05329567072913564,45.94985667530258,18.61300828174477,1.1650999602806724,0.329545454545456,57.49440715883672,15,0,London,bull,mixed,0.42733716792170157,6
LINK-USDT-SWAP,2026-07-06 17:00:00+00:00,-130.01200449999806,0,r023_master_trades.csv,94.0,0.6880452297719545,1.738003493781674,0.042926910457295894,3.8554799151559216,0.24885303801701605,57.54616685241487,17.47901654641304,2.1207584830339314,0.9588235294117666,28.680203045685154,16,0,NY,bull,ranging,0.35257626874926523,0
LTC-USDT-SWAP,2026-07-06 17:00:00+00:00,-123.7805688823504,0,r023_master_trades.csv,98.0,0.5401570346060237,0.8174905895282533,0.048738050579487255,2.981191071445158,0.18324730321358554,55.07996461449809,23.794924266356848,1.5791814946619236,0.9436619718309872,40.16393442622942,16,0,NY,bull,mixed,0.3258681828683228,6
BCH-USDT-SWAP,2026-07-06 17:00:00+00:00,187.81,1,r023_master_trades.csv,59.0,0.6560098766013376,1.1016742366759804,0.04593390992014995,8.863271361380477,0.7951913973059157,55.607483583922104,25.9882448148458,1.669449081803005,0.8249999999999957,43.200000000000045,16,0,NY,bull,trending,0.4479608399684789,2
BCH-USDT-SWAP,2026-07-06 17:00:00+00:00,-107.77959159999934,0,r032_all_variants_trades.csv,59.0,0.6560098766013376,1.1016742366759804,0.04593390992014995,8.863271361380477,0.7951913973059157,55.607483583922104,25.9882448148458,1.669449081803005,0.8249999999999957,43.200000000000045,16,0,NY,bull,trending,0.4479608399684789,2
SOL-USDT-SWAP,2026-07-06 17:00:00+00:00,-117.46468792857,0,r023_master_trades.csv,85.0,0.64677435142234,1.6941526735050771,0.037298072709204204,4.712496795042409,0.2955452161294508,60.700162060361954,14.562504382173437,1.534683855125844,0.9519999999999982,10.526315789473777,16,0,NY,bull,ranging,0.2641433984562226,0
AVAX-USDT-SWAP,2026-07-06 17:00:00+00:00,-125.41542338775348,0,r023_master_trades.csv,100.0,0.639277888923443,1.2336734133999387,0.03480098414352486,2.997410652360156,0.15463257156913118,57.948061898457276,14.321110208111294,1.7211455018802397,0.9495798319327711,18.666666666666696,16,0,NY,bull,ranging,0.30707031375755994,0
DOGE-USDT-SWAP,2026-07-06 18:00:00+00:00,151.5136842105252,1,r023_master_trades.csv,98.0,0.6706823395067084,0.7490474346390535,0.046775169332934484,0.892682393654131,0.05023974858430283,49.2326479669638,16.576987812244443,1.4458772958186787,0.4954954954955035,49.440715883668965,17,0,NY,bull,ranging,0.4096837094676382,6
BCH-USDT-SWAP,2026-07-06 18:00:00+00:00,191.00363636363636,1,r023_master_trades.csv,65.0,0.6936536944559466,0.9417379591610241,0.044440064752636496,9.926013293952362,0.8028206552400724,60.70541414223832,26.152071617494652,1.035625517812759,0.7600000000000022,13.392857142857157,17,0,NY,bull,trending,0.4688444743702005,2
BCH-USDT-SWAP,2026-07-06 19:00:00+00:00,-113.7048853749996,0,r023_master_trades.csv,70.0,0.6921485857589569,0.7293666673350351,0.04773907796295366,10.618763065122396,0.8112044813047734,63.804427460225014,26.713899718710085,1.7213114754098313,0.6190476190476194,6.504065040650277,18,0,NY,bull,trending,0.44465966740911084,2
SOL-USDT-SWAP,2026-07-06 22:00:00+00:00,-118.741675949365,0,r023_master_trades.csv,93.0,0.6130330641095363,1.5208100874071946,0.04317109510025568,5.387530926350135,0.3825985066662756,64.65886073371018,16.648960583402445,0.7068860450944525,0.0517241379310366,21.006564551422212,21,0,NY,bull,ranging,0.2719299262528463,1
ETH-USDT-SWAP,2026-07-06 22:00:00+00:00,-114.38183587921743,0,r023_master_trades.csv,98.0,0.6319308697957721,2.030573774319486,0.04206425620631472,6.200398366324955,0.4407838503076838,68.02556080320957,22.221853791161042,0.5272084174821221,0.06666666666667789,18.23287158367656,21,0,NY,bull,mixed,0.3026212807369827,1
BTC-USDT-SWAP,2026-07-06 22:00:00+00:00,-116.92358374324148,0,r023_master_trades.csv,96.0,0.6535132264737259,1.5717536374994885,0.04535677079715996,4.147930466286614,0.22409033599783695,68.98211290632193,21.2732164694694,0.4854171107572273,0.2873748789150818,7.546293608869795,21,0,NY,bull,mixed,0.3381103783349232,1
AVAX-USDT-SWAP,2026-07-06 22:00:00+00:00,-112.88139814433042,0,r023_master_trades.csv,100.0,0.7189770508896905,2.036174832354402,0.038746114607791676,3.6795735681375445,0.21120468101824713,60.235417470119096,15.10364636480045,0.8103024164375641,0.8035714285714425,21.259842519685133,21,0,NY,bull,ranging,0.2897775018657581,1
AVAX-USDT-SWAP,2026-07-06 23:00:00+00:00,-147.11425879325432,0,r023_master_trades.csv,99.0,0.7199456368289958,0.4183823968027998,0.041199552992327186,3.451321892661706,0.2468757288289752,58.82503114884874,16.058123594414756,2.540316826031111,0.5393258426966299,24.671916010498755,22,0,NY,bull,ranging,0.32652153703337994,0
ETH-USDT-SWAP,2026-07-06 23:00:00+00:00,-147.51824402575977,0,r023_master_trades.csv,96.0,0.6416928146970524,0.3687070173562016,0.044671310166763276,5.622125222785223,0.4746850338551494,62.536239462273905,23.504467217050102,2.3146617287216453,0.525238095238094,26.525645825533452,22,0,NY,bull,mixed,0.32822318525576316,3
LTC-USDT-SWAP,2026-07-07 01:00:00+00:00,-132.22638304000105,0,r023_master_trades.csv,81.0,0.5589930610810934,0.692313481230035,0.03210842812801,2.299442354775265,0.27665859995761777,49.65956351437912,15.710699872321069,0.9149743360857033,0.8536585365853443,35.38461538461558,0,1,Asia,bull,ranging,0.4188105452892435,6
BCH-USDT-SWAP,2026-07-07 01:00:00+00:00,-127.0797977499988,0,r023_master_trades.csv,69.0,0.760139697015335,0.7850518107590351,0.06035718502634016,8.18395855811267,0.9672105128734586,50.65666077427519,30.35161869285203,2.1083092186854047,0.7254901960784299,55.089820359281404,0,1,Asia,bull,trending,0.49464349741078534,2
AVAX-USDT-SWAP,2026-07-07 01:00:00+00:00,-169.6747973600198,0,r023_master_trades.csv,98.0,0.7557607486135189,1.0865708770145242,0.041015059508309165,1.9274720000697414,0.27626631760989656,49.06622039525734,15.002213630879677,1.2992637505413578,0.7444444444444475,50.91863517060363,0,1,Asia,bull,ranging,0.4181745935258841,6
DOGE-USDT-SWAP,2026-07-07 01:00:00+00:00,-144.4400776774208,0,r023_master_trades.csv,90.0,0.6828055846235882,0.5085913225831278,0.03351030917125391,1.0377940781458161,0.11607928661549409,49.934440826171254,14.244443451013392,0.822132324155038,0.6190476190476158,39.30348258706488,0,1,Asia,bull,ranging,0.4507762827073427,6
SOL-USDT-SWAP,2026-07-07 04:00:00+00:00,-188.6379313580277,0,r023_master_trades.csv,73.0,0.640882408238606,0.6500522515552596,0.046344297548512915,2.875843050668312,0.429285593832163,46.174319344798796,17.821456206182155,0.9348093480934871,0.736842105263156,59.956236323851186,3,1,Asia,bull,ranging,0.5011945885541155,6
SOL-USDT-SWAP,2026-07-07 06:00:00+00:00,184.683125,1,r005_attribution_trades.csv,66.0,0.6258577652154905,0.7671448075134225,0.04334294218257219,2.894475265865232,0.394673273171153,47.07047139856522,16.191465923269032,0.55651743754638,0.3111111111111104,58.64332603938723,5,1,Asia,bull,ranging,0.4969976479986827,6
LINK-USDT-SWAP,2026-07-07 06:00:00+00:00,171.2109090909094,1,r026_trade_log_liqsweep.csv,87.0,0.7313878428496439,1.049053022866446,0.04125640030067568,1.5353604087585186,0.2749317865993203,42.41177598614203,15.83312572818497,0.4067107269954249,0.40624999999999656,68.43373493975905,5,1,Asia,bull,ranging,0.4851538664593146,6
XRP-USDT-SWAP,2026-07-07 06:00:00+00:00,-130.6105810000006,0,r023_master_trades.csv,63.0,0.7245839718595097,0.7236683991166984,0.042640606936580165,1.3058793708192022,0.24917563628367984,41.540642755061846,14.063960573558353,0.5779318929492264,0.584615384615393,67.62589928057557,5,1,Asia,bull,ranging,0.5114518665868397,6
BTC-USDT-SWAP,2026-07-07 06:00:00+00:00,176.83974437005466,1,r005_attribution_trades.csv,87.0,0.6862893715366678,0.9143190195397788,0.05085860984012803,1.708812232291471,0.28415908454382555,46.088269856794106,18.64137834972684,0.36830864994189655,0.4059405940594134,47.512625529691746,5,1,Asia,bull,mixed,0.4929984896631763,6
LTC-USDT-SWAP,2026-07-07 06:00:00+00:00,-130.38004461538398,0,r023_master_trades.csv,59.0,0.587771613098957,0.48835745092577143,0.041210198508676146,0.26362640235549334,0.16542014503778765,37.576112537074444,18.783344844847726,0.6365082973403072,0.35714285714286076,80.51282051282041,5,1,Asia,bull,mixed,0.5400227493380803,6
LINK-USDT-SWAP,2026-07-07 06:00:00+00:00,-118.55078231578898,0,r023_master_trades.csv,87.0,0.7313878428496439,1.049053022866446,0.04125640030067568,1.5353604087585186,0.2749317865993203,42.41177598614203,15.83312572818497,0.4067107269954249,0.40624999999999656,68.43373493975905,5,1,Asia,bull,ranging,0.4851538664593146,6
ETH-USDT-SWAP,2026-07-07 06:00:00+00:00,184.0784821428572,1,r005_attribution_trades.csv,89.0,0.6782675086214177,0.8158428718013832,0.04685660492792469,3.2259771120483274,0.4569800005236389,44.67344447536112,19.376886336049434,0.6212551960040338,0.44849589790337835,60.11793335829284,5,1,Asia,bull,mixed,0.5136827684481754,6
SOL-USDT-SWAP,2026-07-07 07:00:00+00:00,-119.70235989189032,0,r023_master_trades.csv,71.0,0.6192436576874384,0.62026862451558,0.04248288897413657,3.4300208359124875,0.38372461355359744,51.49374658423834,15.167978966129937,0.9869232667160093,0.25000000000000444,48.796498905907946,6,1,Asia,bull,ranging,0.3903361500584812,6
SOL-USDT-SWAP,2026-07-07 08:00:00+00:00,-186.11257035293764,0,r023_master_trades.csv,60.0,0.6132573831975004,0.572019657493221,0.04059683048933032,3.3194056314278972,0.3628527138175909,50.88316532139382,14.349448994341344,1.0550852656115808,0.5348837209302422,50.10940919037189,7,1,Asia,bull,ranging,0.39213512372151677,6
XRP-USDT-SWAP,2026-07-07 12:00:00+00:00,-138.07016086792612,0,r023_master_trades.csv,27.0,0.43644989220414343,0.8813243913094997,0.03904107109048593,1.0353180849762105,0.1283483217947852,42.0173857722617,10.647310095618526,0.7835455435847136,0.3750000000000126,88.2483370288247,11,1,London,bull,ranging,0.48588669611604085,6
LTC-USDT-SWAP,2026-07-07 12:00:00+00:00,-121.9428115000008,0,r023_master_trades.csv,27.0,0.44486409718985953,0.832412735620905,0.04772525910506461,0.40998808163109357,0.02865038811260736,42.28325298160637,22.05529865442231,0.7061503416856544,0.48387096774192734,80.6451612903226,11,1,London,bull,mixed,0.4852346085188197,6
SOL-USDT-SWAP,2026-07-07 13:00:00+00:00,-175.89346049882334,0,r023_master_trades.csv,55.00000000000001,0.41779471639440635,1.3931373885582001,0.025532991511669694,3.1035623568145305,0.30086173958680296,50.92983863972588,11.635924172768066,0.910545096591602,0.4324324324324262,70.27027027026999,12,1,London,bull,ranging,0.43547043890704273,6
ETH-USDT-SWAP,2026-07-07 13:00:00+00:00,-142.4221915504044,0,r023_master_trades.csv,72.0,0.4302211547063255,1.47545061749757,0.030712909147170665,3.638195612196505,0.33947266337292165,51.50421500910225,13.710770065303969,0.8203076715623006,0.3184931506849192,68.0442899446374,12,1,London,bull,ranging,0.37382123950175633,6
LTC-USDT-SWAP,2026-07-07 15:00:00+00:00,-114.64187499999822,0,r023_master_trades.csv,30.0,0.490559954793931,1.7165762197733536,0.04522769984810147,0.7448871339693359,0.021881554339260628,47.67702183313312,20.891606057565465,0.6157354618016034,0.5555555555555438,71.80851063829785,14,1,London,bull,mixed,0.4305925721401026,6
XRP-USDT-SWAP,2026-07-07 15:00:00+00:00,-111.78635665882432,0,r023_master_trades.csv,44.0,0.40608174101611205,2.830971918676883,0.037497189914274295,0.9981259178825338,0.11311147650365262,43.53162975679799,10.539524235490747,0.785574004642021,0.6704545454545535,70.2464788732393,14,1,London,bull,ranging,0.4632052339230357,6
BCH-USDT-SWAP,2026-07-07 15:00:00+00:00,-108.17995715384612,0,r023_master_trades.csv,34.0,0.5350626714741826,2.0438632907755485,0.04966942090819459,6.282125813255368,0.6285630975219982,49.43508835188126,14.658484996402386,1.0096760622633596,0.750000000000003,68.90243902439029,14,1,London,bull,ranging,0.4342749199720366,6
BTC-USDT-SWAP,2026-07-07 15:00:00+00:00,-112.61296793809096,0,r005_attribution_trades.csv,90.0,0.42494279489343084,2.6933510816343573,0.02786478429942713,2.2513579042893395,0.18771008164349418,53.944858124391224,12.611838010811685,0.8146965870003934,0.8311587147030242,57.03693073096068,14,1,London,bull,ranging,0.407419710165244,6
LINK-USDT-SWAP,2026-07-07 15:00:00+00:00,-110.60450935338302,0,r023_master_trades.csv,84.0,0.4836076608554722,2.3060422148478246,0.03319366906865328,1.87780530359535,0.17227184033360846,48.92691843015409,12.367196157788998,0.9674134419551887,0.9078947368421091,64.98673740053042,14,1,London,bull,ranging,0.4299990724762949,6
BCH-USDT-SWAP,2026-07-07 16:00:00+00:00,-112.36562645714248,0,r023_master_trades.csv,37.0,0.6105098878495826,2.3683477981610785,0.04601386530802421,7.574698315794903,0.6356320337598478,57.9883613043903,13.904858603018099,2.461410095953277,0.3389830508474573,49.999999999999915,15,1,London,bull,ranging,0.40982236198956234,2
SOL-USDT-SWAP,2026-07-07 16:00:00+00:00,-123.7044095161284,0,r023_master_trades.csv,85.0,0.5000967122088235,1.5435048782331542,0.026888138267567734,3.8389436961356744,0.3128820978625475,57.04958824554546,10.73357729411934,1.7737003058103835,0.6689655172413838,50.450450450450255,15,1,London,bull,ranging,0.2255812360435794,6
BTC-USDT-SWAP,2026-07-07 16:00:00+00:00,-120.2975926517562,0,r023_master_trades.csv,94.0,0.4432052833761671,1.9267037416086998,0.028306552181424343,2.8283536157254594,0.19898607963923132,59.16154224858383,12.004876587670692,1.5395826349180937,0.5185033735432374,39.01645618063519,15,1,London,bull,ranging,0.2821405310138337,6
LTC-USDT-SWAP,2026-07-07 16:00:00+00:00,-114.4912840000001,0,r023_master_trades.csv,42.0,0.5278438912850584,1.786083193613987,0.042763057713137376,1.5706669699591411,0.035022589216542305,54.55978770929722,19.987472987390433,1.2646793134598064,0.7678571428571392,52.12765957446822,15,1,London,bull,mixed,0.3137525758690446,6
ETH-USDT-SWAP,2026-07-07 16:00:00+00:00,-122.30487653814136,0,r023_master_trades.csv,95.0,0.5249926854035039,1.6125692199250206,0.03201854245509145,4.422645247625032,0.3565675995508009,58.26782229522882,12.802020223484528,1.8403090288065427,0.6257594167679181,48.06231492210621,15,1,London,bull,ranging,0.22927743306301906,6
LINK-USDT-SWAP,2026-07-07 17:00:00+00:00,-139.92601300000084,0,r023_master_trades.csv,89.0,0.5224931297971565,0.8002922324231223,0.03343752519729469,2.9247759868548973,0.1933848929582797,57.547517851159576,10.985543533211862,1.4510883162371848,0.5948275862068934,42.17506631299746,16,1,NY,bull,ranging,0.2605998503094862,6
LTC-USDT-SWAP,2026-07-07 17:00:00+00:00,-129.6703719999999,0,r023_master_trades.csv,47.0,0.523757718315419,1.2636093282608132,0.041399316331597824,1.6448538421296492,0.04689910844063337,55.245201903760034,19.621010751421117,1.3213885778275394,0.6101694915254265,50.00000000000019,16,1,NY,bull,mixed,0.29791479092973483,6
BCH-USDT-SWAP,2026-07-07 17:00:00+00:00,-127.1810376249993,0,r023_master_trades.csv,40.0,0.6102644413930852,1.3674066415861499,0.042597377403868986,7.493680186613993,0.6412824239234463,57.9883613043903,13.414197449086382,1.441515650741351,0.8571428571428571,49.999999999999915,16,1,NY,bull,ranging,0.3641661960848186,2
SOL-USDT-SWAP,2026-07-07 18:00:00+00:00,-123.1286304062494,0,r023_master_trades.csv,80.0,0.4818358324320951,0.8719721876370811,0.026565049444833407,4.522054180654686,0.32999988492003424,62.09202773903367,11.03373643319154,0.925024342745868,0.11842105263158263,7.377049180327573,17,1,NY,bull,ranging,0.2768018087531072,1
ETH-USDT-SWAP,2026-07-07 23:00:00+00:00,-132.60373300614617,0,r005_attribution_trades.csv,91.0,0.509204495192916,0.6097699700165342,0.02667596125494545,2.863894351124956,0.3788414340702676,46.0664475391832,12.6061877105336,1.0316139767054888,0.5762711864406771,67.84957627118644,22,1,NY,bull,ranging,0.2731370126132919,6
SOL-USDT-SWAP,2026-07-07 23:00:00+00:00,-127.31878328301708,0,r005_attribution_trades.csv,88.0,0.5559817904646521,0.7819661656049264,0.02451698441768981,2.0468324533287428,0.3032128124309184,44.204893502272114,12.81768915859464,1.089378559049264,0.38636363636364224,78.22580645161268,22,1,NY,bull,ranging,0.30453669286591617,6
XRP-USDT-SWAP,2026-07-07 23:00:00+00:00,-124.05615436144342,0,r023_master_trades.csv,44.0,0.38947391686629923,1.0749915184345151,0.018448551843822915,0.08458380781829138,0.07653348648153994,39.71357434685101,14.007019454251907,0.8626887131560077,0.5520833333333389,70.21276595744695,22,1,NY,bull,ranging,0.34901751008889803,6
ETH-USDT-SWAP,2026-07-08 03:00:00+00:00,-119.06841450242727,0,r005_attribution_trades.csv,100.0,0.5798087214465099,1.501034568445316,0.030544719602603222,1.7518857121060913,0.3101900334855385,40.353113770994476,14.422414106809935,1.792845708165511,0.7772481728630447,77.2733544915137,2,2,Asia,bull,ranging,0.5328765689985926,6
BTC-USDT-SWAP,2026-07-08 07:00:00+00:00,-154.95371867708872,0,r005_attribution_trades.csv,71.0,0.4161437735605656,0.8273495580709578,0.029047266699411253,0.5169052096134731,0.12377248172343133,38.512533013975634,20.852482179999573,0.5192046634193062,0.47862196247308286,88.59786000891671,6,2,Asia,bull,mixed,0.4717912683143999,6
BCH-USDT-SWAP,2026-07-08 17:00:00+00:00,-109.74972860465064,0,r023_master_trades.csv,51.0,0.8464165959532199,0.6054421082873258,0.04968123566648273,3.3128224168554974,0.2568727049579365,48.5319945437539,30.51726518413143,1.122140699179984,0.538461538461536,49.275362318840514,16,2,NY,bull,trending,0.35789833282489236,6
BCH-USDT-SWAP,2026-07-08 18:00:00+00:00,-116.72633319999912,0,r032_all_variants_trades.csv,50.0,0.8385108829904758,0.4925307976980186,0.04814161501049078,2.455075039212682,0.23585181738970162,44.66645846993759,29.81336232383401,1.9508057675996584,0.8695652173913054,60.46511627906974,17,2,NY,bull,trending,0.4155294742740407,0
BCH-USDT-SWAP,2026-07-09 00:00:00+00:00,-160.35396999999827,0,r023_master_trades.csv,9.0,0.7706660826626633,0.4770374490049399,0.034227761643762865,2.8287094116197906,0.24347531185255436,48.92431459686295,27.297499672544447,0.6391137622496805,0.7333333333333295,39.423076923076955,23,2,NY,bull,trending,0.34726625153080776,6
ETH-USDT-SWAP,2026-07-09 04:00:00+00:00,178.21323590814177,1,r005_attribution_trades.csv,42.0,0.4008346249852923,0.8429998609193752,0.013164463732930787,0.023574789728088425,0.03806442041327269,40.77645484470297,18.576520112941587,0.9528719386454764,0.2699088145896682,62.10572112247104,3,3,Asia,bull,mixed,0.5161875075936738,5
BCH-USDT-SWAP,2026-07-09 05:00:00+00:00,185.0063157894737,1,r023_master_trades.csv,8.0,0.7570058218279122,0.5698108290971489,0.02146416645825845,2.9341832330175435,0.2343602766473751,51.71612724216415,24.312671523062882,0.8550662676357417,0.8500000000000085,15.000000000000213,4,3,Asia,bull,mixed,0.5916572301855075,0
LTC-USDT-SWAP,2026-07-09 06:00:00+00:00,-131.6720384800015,0,r023_master_trades.csv,14.000000000000002,0.35125617574856954,1.3944821666673708,0.018609703131017348,0.6341060000290518,-0.052743979847882295,61.67540883289844,18.674539925298102,0.7048658481127837,0.903225806451587,2.857142857142973,5,3,Asia,bear,mixed,0.4139598336061233,4
BCH-USDT-SWAP,2026-07-09 06:00:00+00:00,188.4848,1,r023_master_trades.csv,9.0,0.7474263527804009,0.7451657805774359,0.0253798907959026,3.6389995393373127,0.24329043903957262,55.918578389752014,22.77061157679296,0.8488964346349746,0.7999999999999972,4.494382022471666,5,3,Asia,bull,mixed,0.5527527921627806,0
ETH-USDT-SWAP,2026-07-09 06:00:00+00:00,-126.3911998096024,0,r023_master_trades.csv,38.0,0.3550005627778327,1.018622984226402,0.015041640712539026,1.086756276435784,0.045035270255245674,53.34932425917518,17.000273143651327,0.7809045860918675,0.8705882352941029,16.79336558396671,5,3,Asia,bull,ranging,0.4952250218308897,4
LINK-USDT-SWAP,2026-07-09 07:00:00+00:00,-127.2337529411748,0,r023_master_trades.csv,34.0,0.4161016641117417,0.9985365370104329,0.024744543270030415,0.0051191240344343625,-0.1415241905723868,60.056887800315145,24.06404004694466,0.8936666234943769,0.6376811594202891,1.2552301255230607,6,3,Asia,bear,mixed,0.444083675422461,1
AVAX-USDT-SWAP,2026-07-09 07:00:00+00:00,-106.49729098913008,0,r023_master_trades.csv,96.0,0.7252517429159709,2.9859044073020113,0.05221987029045138,1.2779481026485169,-0.26700394503423813,71.44131605965003,24.97790856288937,1.516070345664047,0.7300000000000001,1.8518518518518516,6,3,Asia,bear,mixed,0.4799297559430417,1
BCH-USDT-SWAP,2026-07-09 07:00:00+00:00,-117.78072774999944,0,r023_master_trades.csv,20.0,0.7521238355091794,1.280473384234576,0.0306925530266165,4.163163824539982,0.2665218442577055,58.86687641481338,22.361285961960547,1.1799410029498452,0.6428571428571508,17.142857142857252,6,3,Asia,bull,mixed,0.40528678757365305,0
BTC-USDT-SWAP,2026-07-09 07:00:00+00:00,-123.76357626318024,0,r023_master_trades.csv,51.0,0.3274293394739149,2.014712438752481,0.01868884856885732,1.0353572298400882,-0.00785463629266927,60.723581099480526,22.604136035453863,0.6589883258531891,0.35120058210039923,2.02679253140864,6,3,Asia,flat,mixed,0.4160458930108436,1
BCH-USDT-SWAP,2026-07-09 08:00:00+00:00,-147.735231999998,0,r023_master_trades.csv,16.0,0.7351480413781065,0.7864793162732886,0.03601552371259007,4.335956936816188,0.2877604065835949,59.975671219647886,22.015779197629783,1.7183570829840715,0.29268292682926594,13.20754716981138,7,3,Asia,bull,mixed,0.388445823186459,0
BTC-USDT-SWAP,2026-07-09 08:00:00+00:00,-152.86801460308288,0,r023_master_trades.csv,53.0,0.3261905695335987,2.164479849777117,0.02221062672810933,1.100441368159118,0.0051921523112780105,61.43452748505068,23.642091971964035,0.7999847440334893,0.7163289630512465,17.29962589275613,7,3,Asia,flat,mixed,0.4591069877462248,1
ETH-USDT-SWAP,2026-07-09 13:00:00+00:00,-145.09627514285648,0,r023_master_trades.csv,17.0,0.2766480737075104,2.0704992370400634,0.01924729250386542,0.5798289515342218,0.09455446422708925,46.61332023799217,16.20201699062094,0.4187532625468203,0.3095890410958911,49.98800671623892,12,3,London,bull,ranging,0.34628940261041846,5
BTC-USDT-SWAP,2026-07-09 14:00:00+00:00,185.09126760563373,1,r023_master_trades.csv,50.0,0.30454654387405516,1.560490917918788,0.025505126366402227,1.0927928466114707,0.07775061873653975,59.47038567494786,24.419859630603387,0.8115609485627933,0.3386493404213418,17.219033512312503,13,3,London,bull,mixed,0.5074203037204119,1
LINK-USDT-SWAP,2026-07-09 14:00:00+00:00,-121.68033775000043,0,r023_master_trades.csv,20.0,0.3391766005341137,1.5122723349539742,0.031439517082909395,0.008716197525397647,-0.030119888071062424,57.37512874473015,24.700380466273298,0.6875973015049291,0.4716981132075377,14.01869158878478,13,3,London,bear,mixed,0.45745808657738274,4
ETH-USDT-SWAP,2026-07-09 15:00:00+00:00,-131.5265200363241,0,r023_master_trades.csv,25.0,0.2813199671528919,1.5137325967997903,0.018571354674237362,0.6503852664734717,0.1027059022061973,47.85435547325969,14.509036710705312,0.9665487110775117,0.3210900473933715,46.41400815543293,14,3,London,bull,ranging,0.3864823221223166,5
BTC-USDT-SWAP,2026-07-09 17:00:00+00:00,146.04672870436815,1,r023_master_trades.csv,53.0,0.310271976351285,0.8191446954935914,0.02586746839358415,0.5404917075914611,0.084494892303631,51.37673299189004,23.953343471724853,0.7128181541845265,0.33958472873408807,37.52391532432259,16,3,NY,bull,mixed,0.5223832431995191,6
LTC-USDT-SWAP,2026-07-09 17:00:00+00:00,152.0218181818179,1,r023_master_trades.csv,9.0,0.3622827151381836,0.5648103838637721,0.020888198915020535,0.0013137519564855953,0.009918341412307574,51.37171146578332,20.624313009745926,0.9101251422070663,0.3499999999999964,40.566037735848944,16,3,NY,flat,mixed,0.5367548130826445,4
BTC-USDT-SWAP,2026-07-09 18:00:00+00:00,183.78028061224492,1,r023_master_trades.csv,54.0,0.338898047994732,0.7763420590232167,0.026470622137995066,1.2338119537422247,0.08583659914840223,59.60945287553133,23.67599009779597,0.709739288888468,0.3689298561151022,10.368450286983872,17,3,NY,bull,mixed,0.5207838763034495,1
BTC-USDT-SWAP,2026-07-09 19:00:00+00:00,-172.6017220843951,0,r023_master_trades.csv,54.0,0.3375169666181378,1.403735342240959,0.027483931018486625,1.3522109841964092,0.09017705865900348,60.94314530999307,24.240600882255787,0.783224450926865,0.8901476835929545,15.531950024767289,18,3,NY,bull,mixed,0.48846263340467916,4
LINK-USDT-SWAP,2026-07-09 19:00:00+00:00,-149.86359057142937,0,r023_master_trades.csv,28.999999999999996,0.3747862609409476,1.44196524741357,0.03057221869847081,0.34616616719460397,-0.027998750775496996,59.543731744364074,23.468639537929977,0.9421786267423787,0.6712328767123384,13.991769547325056,18,3,NY,bear,mixed,0.4024460347735503,4
LTC-USDT-SWAP,2026-07-09 19:00:00+00:00,-152.78272719999865,0,r023_master_trades.csv,8.0,0.36209325421319766,1.7965945138492978,0.01847518499156602,0.45027125322578454,0.012222808105596405,56.18332310654939,22.00712257015439,0.45475216007276686,0.5499999999999894,25.274725274725608,18,3,NY,flat,mixed,0.43202523092492934,4
ETH-USDT-SWAP,2026-07-09 19:00:00+00:00,-181.9330618749976,0,r023_master_trades.csv,22.0,0.29778615955915355,1.1408671220523325,0.018791051911905724,1.0914956761541554,0.0798709682724965,54.587446551559744,13.042867422527696,0.8135942327497441,0.6645569620253183,26.88894219237192,18,3,NY,bull,ranging,0.4431468101537471,4
PEPE-USDT-SWAP,2026-07-09 19:00:00+00:00,190.6294,1,r034_trade_log.csv,3.0,0.48185085168668373,0.8856539913284535,0.026838758025515143,0.5472257619501717,0.014047758598639826,54.071723675071006,12.06488577624755,1.0332950631458062,0.777777777777776,28.57142857142837,18,3,NY,flat,ranging,0.5258076831900328,4
BTC-USDT-SWAP,2026-07-09 19:00:00+00:00,186.16466630493764,1,r032_all_variants_trades.csv,54.0,0.3375169666181378,1.403735342240959,0.027483931018486625,1.3522109841964092,0.09017705865900348,60.94314530999307,24.240600882255787,0.783224450926865,0.8901476835929545,15.531950024767289,18,3,NY,bull,mixed,0.48846263340467916,4
LTC-USDT-SWAP,2026-07-09 21:00:00+00:00,-158.23059325892774,0,r023_master_trades.csv,5.0,0.36508240191544583,0.6343404773671378,0.017034058657270736,0.06027881592349307,0.016280729574891094,51.23975952026319,23.06948401598628,0.6595405958608123,0.4137931034482928,43.956043956044404,20,3,NY,flat,mixed,0.4746245626830741,5
AVAX-USDT-SWAP,2026-07-09 21:00:00+00:00,-131.6989410526285,0,r023_master_trades.csv,17.0,0.7416010617585331,0.44621761459651915,0.06411709475013574,0.45683678123353494,0.06425694115540566,58.02274451410678,32.93894350043347,0.47619047619047666,0.4687500000000173,23.575129533678798,20,3,NY,bull,trending,0.4496150606872703,1
BTC-USDT-SWAP,2026-07-10 00:00:00+00:00,-163.45913737282902,0,r005_attribution_trades.csv,17.0,0.3093224286677925,0.49534406349309823,0.016075494181300186,1.2882934333699125,0.11892293226454195,59.72925875374135,26.327808659973133,0.3480256389965996,0.29013187812643243,17.98180527775965,23,3,NY,bull,trending,0.4106824365716982,4
BCH-USDT-SWAP,2026-07-10 00:00:00+00:00,171.38,1,r023_master_trades.csv,1.0,0.4113508281838784,0.33283266119639204,0.01553628402319475,3.0988961543886333,0.3220920665372907,52.91357009547644,14.464600254099926,0.5887300252312891,0.3571428571428557,50.0,23,3,NY,bull,ranging,0.588645228848817,5
ETH-USDT-SWAP,2026-07-10 00:00:00+00:00,-175.89691918159485,0,r023_master_trades.csv,2.0,0.2714705199871749,0.41678761661766,0.011214208265723545,0.6848880320565451,0.07783338444383003,48.74378713174964,12.667437757438472,0.3051660664494774,0.17823639774860384,53.86035066133496,23,3,NY,bull,ranging,0.42744396908665294,5
AVAX-USDT-SWAP,2026-07-10 01:00:00+00:00,152.72705882352793,1,r024_trade_log.csv,2.0,0.6970911006376255,1.0961508061294736,0.02272435078601488,-0.11389430026002409,0.04000336820699513,52.69547188661686,27.893351632491626,0.4645586692641944,0.6774193548387134,43.288590604026695,0,4,Asia,bull,trending,0.5629015811887882,5
BTC-USDT-SWAP,2026-07-10 01:00:00+00:00,164.45765091249487,1,r024_trade_log.csv,16.0,0.27585118779432916,0.725365610015961,0.014203179577056843,1.092079741911241,0.11922936018077988,56.0619438799681,25.42355255267485,0.4462251253228011,0.041843971631216,30.980823640364402,0,4,Asia,bull,trending,0.5315829745048958,4
LINK-USDT-SWAP,2026-07-10 02:00:00+00:00,193.5824,1,r023_master_trades.csv,31.0,0.4605578910650628,3.8472786935350682,0.019550779135158472,1.5796596853465166,0.0147266237868356,68.20344227718222,24.909103483393213,0.5166623611469909,0.32499999999999724,17.741935483870787,1,4,Asia,flat,mixed,0.5562120078890114,7
ETH-USDT-SWAP,2026-07-10 02:00:00+00:00,192.7692555331992,1,r023_master_trades.csv,21.0,0.3711750734593094,2.890069372270786,0.015246429003271632,1.9693125984145792,0.09235528300351557,65.27642080513812,13.727823979477867,0.5476055173839031,0.2316561844863485,22.368421052631774,1,4,Asia,bull,ranging,0.5912428062315034,4
AVAX-USDT-SWAP,2026-07-10 02:00:00+00:00,-111.5978845576924,0,r023_master_trades.csv,14.000000000000002,0.715675208436336,2.4238891964413094,0.016978353439972498,1.2492746021632986,0.04302518514321924,62.4558532338729,28.265376585756005,0.4491690372810205,0.16666666666666666,18.103448275862043,1,4,Asia,bull,trending,0.46327648429568064,1
SOL-USDT-SWAP,2026-07-10 02:00:00+00:00,-112.35719121052512,0,r023_master_trades.csv,13.0,0.3765120072407109,2.751989103234621,0.01727051054958433,0.44804908082353617,-0.07210535283918722,65.55203182074933,19.637300643316276,0.4611246317407448,0.1944444444444258,18.09954751131241,1,4,Asia,bear,mixed,0.4012479608949754,4
BTC-USDT-SWAP,2026-07-10 02:00:00+00:00,-114.19662913130333,0,r023_master_trades.csv,40.0,0.3416725191321347,1.896308944244447,0.016606919186179007,2.1117520699870447,0.13233683989782405,67.975188571464,26.34342815240494,0.5681556974887985,0.32254464285713746,13.22825219473275,1,4,Asia,bull,trending,0.5285844331547334,4
LTC-USDT-SWAP,2026-07-10 02:00:00+00:00,191.046,1,r023_master_trades.csv,19.0,0.3832965718075054,2.927427479223792,0.012592357969926358,0.6300755202903341,0.009305192774174149,57.623897777068386,21.08698596373038,0.5953743989008426,0.3461538461538346,25.000000000000444,1,4,Asia,flat,mixed,0.5740362885642915,4
BCH-USDT-SWAP,2026-07-10 02:00:00+00:00,193.28272727272727,1,r023_master_trades.csv,6.0,0.4915793893190199,3.062531178218089,0.021523987248708285,4.879897728042536,0.3358699536598301,66.14063613578577,16.3865752867153,0.7145859604876069,0.23529411764705982,13.92405063291131,1,4,Asia,bull,ranging,0.5791687216759135,7
ENA-USDT-SWAP,2026-07-10 03:00:00+00:00,195.923,1,r034_trade_log.csv,13.0,0.624161162389852,1.6125427861015615,0.036015090345623536,2.56511316633309,0.04184825309558456,70.27291974434799,27.073306387928646,2.72657450076804,0.7370892018779311,5.4794520547946775,2,4,Asia,bull,trending,0.5623525363613117,0
BTC-USDT-SWAP,2026-07-10 03:00:00+00:00,172.19204619271008,1,r023_master_trades.csv,38.0,0.329054691587417,1.297017416872981,0.020913774261507936,2.4153416612045824,0.15120907004487283,70.67643854753669,27.39072456704703,1.5690926407986057,0.6497999999999956,6.1482034066891424,2,4,Asia,bull,trending,0.5858850734801533,7
ETH-USDT-SWAP,2026-07-10 03:00:00+00:00,174.35068427370993,1,r023_master_trades.csv,16.0,0.3694222918783218,1.299942244423773,0.019511614437801496,2.2417302421669874,0.11085755587219134,67.77302304409446,15.294677610764104,2.2750038199691036,0.6194029850746228,11.32441760138047,2,4,Asia,bull,ranging,0.601477701443388,0
FIL-USDT-SWAP,2026-07-10 03:00:00+00:00,190.1229,1,r034_trade_log.csv,12.0,0.4424686772261881,0.9329547434908543,0.031227256695417344,1.8934167933872588,0.13638933129858138,62.649848752717965,23.42011864750588,2.3890784982935185,0.5714285714285723,36.27450980392161,2,4,Asia,bull,mixed,0.5705672250510669,0
LINK-USDT-SWAP,2026-07-10 03:00:00+00:00,-124.05251576271128,0,r023_master_trades.csv,38.0,0.4707363701192032,2.004917217021289,0.02844361061584838,2.2149174311908517,0.04360132708531441,71.92559731939363,26.586001453458202,2.4768195097167456,0.6717948717948751,3.773584905660289,2,4,Asia,bull,trending,0.5736979219562738,0
LTC-USDT-SWAP,2026-07-10 03:00:00+00:00,-133.146690999999,0,r023_master_trades.csv,15.0,0.3954289160759024,1.0368008463276404,0.014467863309311518,1.0974632226250105,0.020324010834112748,61.88438184102728,21.59151864378407,1.788949275362317,0.6075949367088574,0.0,2,4,Asia,bull,mixed,0.49457761711428,4
BCH-USDT-SWAP,2026-07-10 03:00:00+00:00,177.4953846153848,1,r023_master_trades.csv,5.0,0.482804857816404,1.3728982969349801,0.027773102548032055,5.086398410258811,0.3614488203910555,67.52081589753041,18.090717343384007,2.233250620347397,0.7222222222222225,6.329113924050628,2,4,Asia,bull,mixed,0.590079801102953,0
AVAX-USDT-SWAP,2026-07-10 03:00:00+00:00,148.99250000000004,1,r023_master_trades.csv,5.0,0.4808706893225915,1.0141153311151458,0.018034885709952746,1.4438985831694562,0.05480158095601171,63.6838268657503,28.610828328072927,2.156254615271007,0.6232876712328784,18.421052631578654,2,4,Asia,bull,trending,0.5943523011049018,0
AVAX-USDT-SWAP,2026-07-10 03:00:00+00:00,-110.22898300000008,0,r029_fvg_low_atr_1h_9sym_trades.csv,5.0,0.4808706893225915,1.0141153311151458,0.018034885709952746,1.4438985831694562,0.05480158095601171,63.6838268657503,28.610828328072927,2.156254615271007,0.6232876712328784,18.421052631578654,2,4,Asia,bull,trending,0.5943523011049018,0
SOL-USDT-SWAP,2026-07-10 03:00:00+00:00,-167.58753228571027,0,r023_master_trades.csv,5.0,0.37641466147818514,1.1496199474224795,0.02011041767509185,0.41840280633345694,-0.054332125218449524,65.1353548388013,20.999116883721282,1.9362186788154914,0.6143790849673183,19.004524886877835,2,4,Asia,bear,mixed,0.46945105420066036,4
LINK-USDT-SWAP,2026-07-10 03:00:00+00:00,195.17267326732627,1,r032_all_variants_trades.csv,38.0,0.4707363701192032,2.004917217021289,0.02844361061584838,2.2149174311908517,0.04360132708531441,71.92559731939363,26.586001453458202,2.4768195097167456,0.6717948717948751,3.773584905660289,2,4,Asia,bull,trending,0.5736979219562738,0
LTC-USDT-SWAP,2026-07-10 05:00:00+00:00,-180.03383795356643,0,r023_master_trades.csv,7.000000000000001,0.38107059191999787,0.41251125647492626,0.018441279658758945,1.0761785779844122,0.034577606169584184,61.572116988656724,22.66842638530481,0.5412719891745487,0.08333333333331853,5.813953488372593,4,4,Asia,bull,mixed,0.4644874413734515,4
LINK-USDT-SWAP,2026-07-10 05:00:00+00:00,144.19294117647172,1,r023_master_trades.csv,19.0,0.4657382909853683,0.39044206830343664,0.035828774754784666,1.726365359565233,0.07669649600518194,66.05964381358602,29.498288076739307,0.6581445386659867,0.4423076923077068,16.981132075471635,4,4,Asia,bull,trending,0.5751518577843173,4
BTC-USDT-SWAP,2026-07-10 06:00:00+00:00,-162.71412611764433,0,r023_master_trades.csv,18.0,0.32559132760530296,0.5814932593576033,0.029375051386790956,2.5965050685314397,0.1864379007300539,72.64590801563553,30.630072904666715,0.5248368085548399,0.28273809523809523,4.541819012797071,5,4,Asia,bull,trending,0.5512327976825806,4
BCH-USDT-SWAP,2026-07-10 08:00:00+00:00,179.03428571428535,1,r023_master_trades.csv,1.0,0.46333902905087543,0.726792846398243,0.041735028691001715,5.172220938834076,0.44552168109443235,66.61100407217225,25.308061534003958,0.7854485324514284,0.5263157894736826,4.651162790697744,7,4,Asia,bull,trending,0.5945338697853607,7
LINK-USDT-SWAP,2026-07-10 09:00:00+00:00,-122.606316571427,0,r023_master_trades.csv,10.0,0.47164393309927016,1.2791572005123493,0.04416105221156096,2.508131377846608,0.15122950261059312,70.4162829493426,35.07390090107581,0.405319822672578,0.031249999999982653,7.419354838709564,8,4,London,bull,trending,0.48304826657021516,7
LTC-USDT-SWAP,2026-07-10 09:00:00+00:00,-134.68697173913102,0,r023_master_trades.csv,3.0,0.38065579421661755,0.9093851618787935,0.021566839761258255,1.2630277286202303,0.07146873676009521,62.94666950936479,26.525931553518216,0.2484752654167595,0.27272727272721986,18.018018018018285,8,4,London,bull,trending,0.5192440908371233,4
XRP-USDT-SWAP,2026-07-10 09:00:00+00:00,-127.66223950000204,0,r023_master_trades.csv,7.000000000000001,0.3754469898844663,1.4506382463169518,0.025935170343861762,0.559494556026683,-0.009789998053667003,64.93061009902853,23.3414360323559,0.39819004524886514,0.04545454545454087,11.945392491467825,8,4,London,flat,mixed,0.3808485475575575,4
BTC-USDT-SWAP,2026-07-10 09:00:00+00:00,-144.48311417213253,0,r023_master_trades.csv,13.0,0.33010525388854656,1.6527420211201835,0.02975847862815235,2.702950272063377,0.21686831665009548,69.80648382923654,32.51278054769764,0.3367966789408283,0.5742804085422296,9.362329524511772,8,4,London,bull,trending,0.47542693991532103,7
ETH-USDT-SWAP,2026-07-10 09:00:00+00:00,181.30416666666665,1,r023_master_trades.csv,9.0,0.3752333051518137,1.7507516369851919,0.03463789950992835,2.736974407514298,0.19726519642404589,68.62676057412969,23.415395919139133,0.5133528144144907,0.23846153846154883,10.473088789852781,8,4,London,bull,mixed,0.5625730720591308,7
ETH-USDT-SWAP,2026-07-10 10:00:00+00:00,-128.241192153034,0,r023_master_trades.csv,10.0,0.38040687624858294,1.3647774276438132,0.038380888851585505,3.1878410101012484,0.22247820329565982,72.13429515736776,25.178403746567106,0.9880724736018729,0.6021566401816021,4.549748110831035,9,4,London,bull,trending,0.5705673883641306,7
XRP-USDT-SWAP,2026-07-10 10:00:00+00:00,-133.3326724000014,0,r023_master_trades.csv,8.0,0.36989337571232966,1.0774863844801121,0.028868978043231533,0.8763082457507577,0.010471516777289436,67.89534520681555,24.581230835718078,0.971659919028333,0.5925925925925933,8.411214953270846,9,4,London,flat,mixed,0.4613893683019622,4
AVAX-USDT-SWAP,2026-07-10 10:00:00+00:00,-167.3832669999933,0,r024_trade_log.csv,1.0,0.44618784657468974,0.7787789090930158,0.022046442956879464,0.8500213346068878,0.11076506596867544,55.53761015476257,25.413177171404072,0.93057607090103,0.34920634920634047,47.61904761904761,9,4,London,bull,trending,0.51459653992178,5
LINK-USDT-SWAP,2026-07-10 10:00:00+00:00,-119.5177800547932,0,r033_trade_log.csv,12.0,0.46348784582716046,0.7929541140513363,0.047020714240187375,2.5845527460541584,0.17990271130102747,71.04246639062194,36.755739139224346,1.0935143288084432,0.6896551724138008,5.750798722044651,9,4,London,bull,trending,0.5556393552726242,7
BCH-USDT-SWAP,2026-07-10 10:00:00+00:00,170.468,1,r023_master_trades.csv,7.000000000000001,0.4639287104100803,0.9119586838409224,0.04880365156593086,5.870929286529999,0.4979001774627248,71.16263390910449,29.492968451075498,1.5541922290388595,0.3421052631578967,15.83333333333338,9,4,London,bull,trending,0.5759916697083738,2
ETH-USDT-SWAP,2026-07-10 10:00:00+00:00,189.07602010050252,1,r029_fvg_low_atr_1h_9sym_trades.csv,10.0,0.38040687624858294,1.3647774276438132,0.038380888851585505,3.1878410101012484,0.22247820329565982,72.13429515736776,25.178403746567106,0.9880724736018729,0.6021566401816021,4.549748110831035,9,4,London,bull,trending,0.5705673883641306,7
BTC-USDT-SWAP,2026-07-10 10:00:00+00:00,-128.2225370247114,0,r032_all_variants_trades.csv,14.000000000000002,0.30955502097357995,1.1787141281688602,0.03166461606568581,2.912104402883968,0.23322820527387852,71.78589044941936,33.6838562283534,0.6804225503464432,0.5825131609063839,5.557564175404447,9,4,London,bull,trending,0.5547847254854841,7
PEPE-USDT-SWAP,2026-07-10 10:00:00+00:00,193.4144,1,r034_trade_log.csv,11.0,0.5617472770739935,1.2509569460633445,0.04583305099522849,3.1042368371498377,0.18807323671161746,67.2717858918964,22.911205475649247,1.8269947800149096,0.6938775510204103,5.645161290322663,9,4,London,bull,mixed,0.5333736923813723,0
BCH-USDT-SWAP,2026-07-10 12:00:00+00:00,175.06999999999977,1,r023_master_trades.csv,14.000000000000002,0.4893341606938723,2.2720857923831934,0.062081215281955,7.014001674479761,0.559271533258239,76.0562600287481,34.52101131715475,1.4498590414820758,0.8888888888888951,12.666666666666703,11,4,London,bull,trending,0.5330196073686769,2
SOL-USDT-SWAP,2026-07-10 14:00:00+00:00,-164.10904899999363,0,r005_attribution_trades.csv,6.0,0.32240869878167144,1.3250068056559052,0.02514663663436834,0.27892919546717043,0.046063157482171456,55.9260630395138,30.29864515155278,0.836820083682004,0.6969696969696911,36.97916666666631,13,4,London,bull,trending,0.5128202997646724,4
AVAX-USDT-SWAP,2026-07-10 14:00:00+00:00,-123.2949839615374,0,r023_master_trades.csv,3.0,0.38744002309289743,1.5096165062079272,0.021593847447856526,1.0402866751962494,0.10511748753750576,56.5114075371223,22.968485066652075,0.6540805708339468,0.45454545454544903,38.69047619047639,13,4,London,bull,mixed,0.5392933265178743,4
BCH-USDT-SWAP,2026-07-10 14:00:00+00:00,-109.98700719999948,0,r023_master_trades.csv,30.0,0.5400128912858583,3.1326276892421316,0.074454719362054,8.86533594154464,0.6211067588490334,82.52152898829586,39.74365316240892,0.8443908323281039,0.28571428571428376,11.413043478260835,13,4,London,bull,trending,0.5173758597166684,3
BTC-USDT-SWAP,2026-07-10 15:00:00+00:00,145.615456475585,1,r023_master_trades.csv,20.0,0.33897331478818343,2.395697159253279,0.029297004720655113,2.0331347821680934,0.26314832011951406,54.482267950678924,36.0456219431539,0.8583184901538474,0.3416485900216938,43.07845523957054,14,4,London,bull,trending,0.5651210298573218,5
LTC-USDT-SWAP,2026-07-10 15:00:00+00:00,185.48648648648668,1,r023_master_trades.csv,14.000000000000002,0.33458155618139324,2.343817775452504,0.02643984988855855,0.9528779062645432,0.1221368565979412,54.70243621309496,30.937286181416702,0.5824372759856586,0.46153846153845524,30.172413793103658,14,4,London,bull,trending,0.5292466752197212,4
ETH-USDT-SWAP,2026-07-10 15:00:00+00:00,180.1479078341012,1,r023_master_trades.csv,43.0,0.45741663089652834,2.998129978475764,0.045153534312070684,2.5830546824388287,0.2931450754287411,57.39163326566097,32.59101454489467,1.1143343668705963,0.4798407167745103,37.41851368970017,14,4,London,bull,trending,0.5662388014148807,7
DOGE-USDT-SWAP,2026-07-10 16:00:00+00:00,-142.84346316128733,0,r023_master_trades.csv,25.0,0.40208831039536747,0.800674351036514,0.026373465855013555,-0.5702473693970986,-0.04732574731953233,56.016474665442665,23.65671701012991,1.4901110810078622,0.43636363636364234,31.37254901960724,15,4,London,bear,mixed,0.44462962113333065,4
BTC-USDT-SWAP,2026-07-10 17:00:00+00:00,-135.9114254261619,0,r023_master_trades.csv,18.0,0.3406818524906736,0.8267338007977635,0.026729614682873423,2.3468672271332274,0.26119010266787196,58.720460161121885,33.16670116118964,0.5101674211396112,0.37262706674830876,30.58537125152166,16,4,NY,bull,trending,0.4876155850901594,4
BCH-USDT-SWAP,2026-07-10 20:00:00+00:00,-140.08145199999765,0,r023_master_trades.csv,40.0,0.7090900465667218,0.7701983734294187,0.05922416224425486,5.446426396875757,0.689324303927737,54.971110614214744,42.88196506317343,0.9372453137734358,0.4782608695652126,49.99999999999992,19,4,NY,bull,trending,0.45887625190114806,2
BTC-USDT-SWAP,2026-07-10 20:00:00+00:00,145.84033826638532,1,r023_master_trades.csv,9.0,0.3595402122621891,0.5599603936093865,0.019377236255288113,1.9384546222717471,0.2370262193644669,53.30998189684973,28.4822528228004,0.4348650805221539,0.056236481614990855,42.77415071373232,19,4,NY,bull,trending,0.5407955700263378,5
BTC-USDT-SWAP,2026-07-10 23:00:00+00:00,-185.25503256846528,0,r023_master_trades.csv,1.0,0.287363815580696,0.3631798122526118,0.01332188567961569,2.1692601514036274,0.2117817016752982,57.052851860588746,24.587006351407844,0.41197026812451293,0.6502276176023915,56.83044315992307,22,4,NY,bull,mixed,0.5242671521219222,5
LINK-USDT-SWAP,2026-07-10 23:00:00+00:00,-171.58206660801366,0,r023_master_trades.csv,4.0,0.40522494253498115,0.3523986618682538,0.017008368975709582,2.2272768993075998,0.19447029697594004,59.47713343266675,27.964350167956226,0.553807426054117,0.8863636363636579,33.53293413173624,22,4,NY,bull,trending,0.5708300924062688,4
LINK-USDT-SWAP,2026-07-10 23:00:00+00:00,181.51769230769384,1,r029_fvg_low_atr_1h_9sym_trades.csv,4.0,0.40522494253498115,0.3523986618682538,0.017008368975709582,2.2272768993075998,0.19447029697594004,59.47713343266675,27.964350167956226,0.553807426054117,0.8863636363636579,33.53293413173624,22,4,NY,bull,trending,0.5708300924062688,4
BTC-USDT-SWAP,2026-07-11 03:00:00+00:00,-163.58013741721695,0,r023_master_trades.csv,1.0,0.27787756523347795,0.38432181570273893,0.012766760925078459,2.1560385007301677,0.20101938316976362,57.10495203183822,23.572540892896214,0.4923559780612428,0.3644444444444537,52.37957610789953,2,5,Asia,bull,mixed,0.5495529199161868,5
BCH-USDT-SWAP,2026-07-11 03:00:00+00:00,-127.5185038749995,0,r023_master_trades.csv,13.0,0.6520251351483097,0.41754696658774054,0.03769028400697829,5.073217441536104,0.5232098410189697,54.32291533625042,34.034324615083634,0.532132623823173,0.07692307692307188,69.46564885496181,2,5,Asia,bull,trending,0.47113202088966444,5
AVAX-USDT-SWAP,2026-07-11 03:00:00+00:00,-150.3199735000016,0,r023_master_trades.csv,1.0,0.412406130422347,0.5926039842108742,0.012419477230989668,0.38037102567057696,0.04884383669553698,49.649761581861156,12.823137511580862,0.5368326871458334,0.6388888888888875,51.53374233128831,2,5,Asia,bull,ranging,0.6003615784262931,5
ETH-USDT-SWAP,2026-07-11 03:00:00+00:00,175.9761598224195,1,r005_attribution_trades.csv,4.0,0.3854269172538072,0.3488353945569107,0.015097411462384634,2.8459903240153657,0.2787897779488517,58.14153750175946,25.30227188095324,0.6173840587409595,0.37228260869564433,39.995563442768415,2,5,Asia,bull,trending,0.6295696963342892,5
BTC-USDT-SWAP,2026-07-11 04:00:00+00:00,64.69120399251403,1,r023_master_trades.csv,1.0,0.27542259821854925,0.36853366665062776,0.012619443035911731,2.1163142633309184,0.20397664759281894,56.748772868191885,23.66132133467482,0.30094509233400846,0.7937823834197117,53.46820809248555,3,5,Asia,bull,mixed,0.568999467971023,5
DOGE-USDT-SWAP,2026-07-11 06:00:00+00:00,-166.83332199999893,0,r023_master_trades.csv,1.0,0.28496430455182115,0.6365758483714145,0.0100847815592029,0.02095482882019216,-0.029984102423576794,60.44626755422837,13.34890835021875,0.3095975232198063,0.17391304347825826,17.518248175181817,5,5,Asia,bear,ranging,0.551196085774222,4
LTC-USDT-SWAP,2026-07-11 06:00:00+00:00,171.50947368421123,1,r023_master_trades.csv,1.0,0.27292939603674504,0.6337832851195098,0.011431488317450583,1.9910913093840719,0.15931553517267286,66.53008935079947,16.044378455849447,0.22346368715084117,0.3000000000000071,0.0,5,5,Asia,bull,ranging,0.6080766452688638,4
LINK-USDT-SWAP,2026-07-11 06:00:00+00:00,-189.82110294851293,0,r023_master_trades.csv,1.0,0.3620405938007986,0.48590385616551635,0.017633727356084365,2.6304082151092043,0.2301372377213967,64.58695034382858,27.843901091671004,0.2500312539067441,0.39999999999999114,6.586826347304972,5,5,Asia,bull,trending,0.54108915181157,4
LTC-USDT-SWAP,2026-07-11 07:00:00+00:00,51.21744936567364,1,r023_master_trades.csv,1.0,0.27289261201881554,0.7074214564278936,0.01268153924909831,1.9708889859144036,0.16698546135027142,66.53008935079947,16.91062203872717,0.44513687959048037,0.9499999999999751,13.207547169811345,6,5,Asia,bull,ranging,0.6563425596526777,4
XRP-USDT-SWAP,2026-07-11 07:00:00+00:00,138.63402294696715,1,r023_master_trades.csv,1.0,0.2841289586576294,0.48986566873679444,0.01096351889683294,0.14891323261759556,-0.002688812821306406,54.62214086190542,13.544551989871898,0.35262206148282227,0.5128205128205113,41.62436548223332,6,5,Asia,flat,ranging,0.6063387817088395,4
ETH-USDT-SWAP,2026-07-11 08:00:00+00:00,-144.67825102974228,0,r023_master_trades.csv,1.0,0.34817209131169957,0.3131471811122711,0.011011327661575723,2.9363864709708,0.2873702672574969,60.79211523365779,25.791583998324707,0.5043876722536695,0.02646085997795047,34.95955510616771,7,5,Asia,bull,trending,0.5678745805613803,4
BNB-USDT-SWAP,2026-07-11 09:00:00+00:00,-132.4455,0,r034_trade_log.csv,2.0,0.2461385441086039,0.7993778580312509,0.010180139437358507,1.191347204886327,0.05850389418366743,64.65681965783246,12.06084956390252,0.2601456815816858,0.4000000000000152,0.0,8,5,London,bull,ranging,0.568038717928646,4
AVAX-USDT-SWAP,2026-07-11 09:00:00+00:00,-157.37998171428563,0,r023_master_trades.csv,1.0,0.38401895130896674,0.4525508769722729,0.012463582078190037,0.10328063749308204,0.02241602275795104,46.830497060214974,15.210924115116203,0.22381378692927006,0.06666666666669036,54.47761194029837,8,5,London,bull,ranging,0.47349776492244255,5
BCH-USDT-SWAP,2026-07-11 09:00:00+00:00,181.46749999999997,1,r023_master_trades.csv,1.0,0.5906906270817383,0.47349073098470007,0.03568027568372284,4.6166564726311785,0.46525055525339676,52.78745319253242,25.5581093210317,0.3687013519049593,0.22222222222223978,81.19658119658108,8,5,London,bull,trending,0.6389589754143008,5
APT-USDT-SWAP,2026-07-11 10:00:00+00:00,183.032,1,r034_trade_log.csv,1.0,0.3620108202684326,1.366860008381971,0.01325866058648531,1.4242828286933247,0.10276339234573603,55.868549704080024,10.842330483474239,0.5233941316415671,0.5151515151514795,15.47619047619016,9,5,London,bull,ranging,0.6117684572893898,4
BCH-USDT-SWAP,2026-07-11 10:00:00+00:00,-120.01345900000052,0,r029_fvg_low_atr_1h_9sym_trades.csv,2.0,0.4656904125274919,1.0983658003383343,0.02544079725835533,4.863789089392999,0.4650807534253525,55.346700499550955,25.75252902978942,0.6112469437652811,0.8666666666666742,69.79166666666667,9,5,London,bull,trending,0.6480974555800519,5
BCH-USDT-SWAP,2026-07-11 10:00:00+00:00,157.69142857142788,1,r023_master_trades.csv,2.0,0.4656904125274919,1.0983658003383343,0.02544079725835533,4.863789089392999,0.4650807534253525,55.346700499550955,25.75252902978942,0.6112469437652811,0.8666666666666742,69.79166666666667,9,5,London,bull,trending,0.6480974555800519,5
LINK-USDT-SWAP,2026-07-11 13:00:00+00:00,-129.3529887755106,0,r033_trade_log.csv,1.0,0.22914595635099266,1.036077078239011,0.01788195719651768,2.71461085909307,0.2459572901393417,63.99624690317975,25.780074247524478,0.3375000000000128,0.851851851851808,4.081632653061373,12,5,London,bull,trending,0.5847050234111864,4
LINK-USDT-SWAP,2026-07-11 13:00:00+00:00,167.7839999999993,1,r023_master_trades.csv,1.0,0.22914595635099266,1.036077078239011,0.01788195719651768,2.71461085909307,0.2459572901393417,63.99624690317975,25.780074247524478,0.3375000000000128,0.851851851851808,4.081632653061373,12,5,London,bull,trending,0.5847050234111864,4
BCH-USDT-SWAP,2026-07-11 13:00:00+00:00,-134.18735615384531,0,r023_master_trades.csv,1.0,0.38656908058540135,0.987417208398481,0.014696416855904008,5.386890283369,0.4730461194164947,60.55972333965855,26.98847833947064,0.6488240064882378,0.6250000000000022,29.68750000000006,12,5,London,bull,trending,0.6765296715584981,4
APT-USDT-SWAP,2026-07-11 14:00:00+00:00,-120.8037,0,r034_trade_log.csv,5.0,0.3206848981322286,3.218440254149666,0.025589081409429216,2.5571521052005575,0.1438785319329376,66.93770978756311,14.135265121331395,0.8920187793427117,0.719298245614043,20.65727699530551,13,5,London,bull,ranging,0.5442487498477089,7
AVAX-USDT-SWAP,2026-07-11 14:00:00+00:00,-148.38876663999676,0,r023_master_trades.csv,1.0,0.19987676970303617,0.6777529716560466,0.010103884395438644,0.5245245608084305,0.017014289723483407,54.24289822367119,16.03863157546426,0.40112910414500275,0.5555555555555409,32.55813953488346,13,5,London,flat,ranging,0.5845486605247008,4
BTC-USDT-SWAP,2026-07-11 15:00:00+00:00,-173.22137212289138,0,r023_master_trades.csv,2.0,0.12032362280932525,2.248743659398108,0.007283680926627302,2.202265885520488,0.2099574433967861,61.89080154698825,28.28694836543111,0.16600456901881105,0.42213883677298886,19.167256428402858,14,5,London,bull,trending,0.5522721720122615,4
BCH-USDT-SWAP,2026-07-11 15:00:00+00:00,-117.13060046153892,0,r023_master_trades.csv,6.0,0.3141304923055763,4.048076381472158,0.02148555005447329,5.903616673908967,0.4933067518683022,65.19971419853154,29.214807357354687,0.5642885933091518,0.21428571428570123,11.764705882353088,14,5,London,bull,trending,0.5239218677608415,7
AVAX-USDT-SWAP,2026-07-11 15:00:00+00:00,-178.7863930952619,0,r023_master_trades.csv,3.0,0.19256486001736642,1.6314730257029786,0.010656885827884908,0.6965301181760686,0.020705190986129735,56.89257837261611,15.860239133519833,0.46014546534065154,0.19354838709678343,34.5794392523366,14,5,London,bull,ranging,0.5260879543336846,4
XRP-USDT-SWAP,2026-07-11 15:00:00+00:00,-139.94761084000288,0,r023_master_trades.csv,3.0,0.18529211124395828,1.8616709690197697,0.008640956691476546,0.6707120709444492,0.022973217765300064,63.446102011585694,12.878437609197615,0.3338747518498499,0.05405405405404757,12.138728323699459,14,5,London,bull,ranging,0.4440864515677013,4
ETH-USDT-SWAP,2026-07-11 15:00:00+00:00,-127.57765612244708,0,r032_all_variants_trades.csv,5.0,0.19212587142565157,3.9010704592465806,0.010649253125089376,3.3414839271650143,0.29325287723272087,66.98184335693993,27.56359057524327,0.5466694786382607,0.26294416243654234,25.955056179775372,14,5,London,bull,trending,0.6011159310537755,7
ETH-USDT-SWAP,2026-07-11 15:00:00+00:00,173.0023762376235,1,r023_master_trades.csv,5.0,0.19212587142565157,3.9010704592465806,0.010649253125089376,3.3414839271650143,0.29325287723272087,66.98184335693993,27.56359057524327,0.5466694786382607,0.26294416243654234,25.955056179775372,14,5,London,bull,trending,0.6011159310537755,7
DOGE-USDT-SWAP,2026-07-11 15:00:00+00:00,-126.92411331999904,0,r023_master_trades.csv,10.0,0.2158984364434535,3.5226277924013414,0.013662815551104867,0.9677404881678737,0.007725009914187128,71.28000341508782,21.68342123676684,0.6833712984054624,0.13725490196078644,18.181818181817466,14,5,London,flat,mixed,0.4295838461531921,7
BTC-USDT-SWAP,2026-07-11 16:00:00+00:00,-140.84891573243434,0,r023_master_trades.csv,6.0,0.13347242575427323,3.9375170184166635,0.0065957309990400306,1.9017080920551845,0.20792415984318952,53.34392548967929,26.658677755984478,0.4192947080561553,0.39747868001484105,40.033026657230515,15,5,London,bull,trending,0.5553837560180356,4
AVAX-USDT-SWAP,2026-07-11 16:00:00+00:00,-134.57540525714114,0,r023_master_trades.csv,9.0,0.17728143327920698,2.057742485761437,0.01091189175736441,0.6452423594909384,0.02658712258099079,56.019211673923614,14.791040141371179,0.7260334864424284,0.22448979591835402,37.96296296296261,15,5,London,bull,ranging,0.5136581676580514,4
OP-USDT-SWAP,2026-07-11 16:00:00+00:00,-114.9771,0,r034_trade_log.csv,6.0,0.3729289442392428,2.2903164476846594,0.020861539895643086,2.1180606725521796,0.10167855692579092,61.59148262365939,13.88693362699721,1.5305637418005515,0.36645962732919696,22.163588390501136,15,5,London,bull,ranging,0.5117082535051499,4
BCH-USDT-SWAP,2026-07-11 17:00:00+00:00,-122.20678509999868,0,r023_master_trades.csv,11.0,0.3346568465372745,1.8628121571917147,0.02415063136303691,5.365659405632702,0.51016376450936,59.64583497864951,31.312324725514383,1.210165389269867,0.43333333333332763,26.47058823529424,16,5,NY,bull,trending,0.44920994171369577,7
SUI-USDT-SWAP,2026-07-11 19:00:00+00:00,-120.3025,0,r034_trade_log.csv,13.0,0.3956678831456524,0.5399862042099556,0.022983830135903653,2.4369158539660143,0.18056153602828484,62.137045263343005,27.109216929269486,0.9240658899156311,0.4347826086956515,24.892703862660955,18,5,NY,bull,trending,0.46811123552130196,4
LINK-USDT-SWAP,2026-07-11 19:00:00+00:00,-155.93748861538054,0,r023_master_trades.csv,10.0,0.16475117944642603,0.5960224371544093,0.020455146828403027,3.4813055508530795,0.28261100217129614,73.48568813849668,33.898171424604094,0.7545769421078667,0.34426229508195144,9.4972067039103,18,5,NY,bull,trending,0.5081005604579896,7
LTC-USDT-SWAP,2026-07-11 20:00:00+00:00,-147.91403764705828,0,r023_master_trades.csv,9.0,0.1822252062388392,0.6195230939576082,0.01644198520882656,2.6764767853930693,0.22252044282296385,70.60038274941809,23.475501283660943,0.3979659518019008,0.7777777777777427,5.813953488372593,19,5,NY,bull,mixed,0.5186109710474549,4
ETH-USDT-SWAP,2026-07-11 23:00:00+00:00,-168.14026242258876,0,r023_master_trades.csv,10.0,0.21094860462251008,1.4438327124908188,0.026307837266250626,3.201971901904495,0.3704412790283459,57.23303918396646,36.89037182036074,0.3790704818748399,0.303907380607798,44.00635088647824,22,5,NY,bull,trending,0.4048007598238595,5
LTC-USDT-SWAP,2026-07-11 23:00:00+00:00,-178.4978834736306,0,r023_master_trades.csv,16.0,0.21236019875843046,0.8609446954449052,0.015867100606921702,2.058579108084453,0.22956509731771216,56.44746943338839,25.340780150364846,0.5735715861460514,0.269230769230765,44.82758620689638,22,5,NY,bull,trending,0.46904724934952147,4
BCH-USDT-SWAP,2026-07-12 01:00:00+00:00,151.15999999999954,1,r023_master_trades.csv,17.0,0.45433869885160644,1.3860224427591028,0.026636376646418315,3.0898599754315326,0.4621187598797611,40.32675383842549,30.614943138497857,1.6413623307345095,0.9500000000000028,90.00000000000016,0,6,Asia,bull,trending,0.5928961540241733,5
ETH-USDT-SWAP,2026-07-12 01:00:00+00:00,178.3348192771085,1,r005_attribution_trades.csv,25.0,0.3775361056611361,2.1914870441911813,0.02871034000499109,1.7649039151412895,0.3422685255814529,38.81446050946537,35.534376832758646,1.660408190675528,0.8749578699022496,80.55067369654358,0,6,Asia,bull,trending,0.6308402866684881,5
BTC-USDT-SWAP,2026-07-12 01:00:00+00:00,143.45992630803124,1,r005_attribution_trades.csv,10.0,0.1764373396924514,2.015348539927599,0.009306173964369788,1.1884288736705675,0.18461597312689604,38.396019466801256,21.637520867326888,0.7066467440471313,0.8753050809851257,83.41475329750824,0,6,Asia,bull,mixed,0.6329439779440825,5
BCH-USDT-SWAP,2026-07-12 02:00:00+00:00,-114.19148993548292,0,r023_master_trades.csv,25.0,0.5165727417443023,0.8551217889092702,0.026225668955872746,4.271830398061341,0.4517828291656398,51.61536749704806,29.447736078752246,0.6565449322938016,0.06249999999999667,48.571428571428655,1,6,Asia,bull,trending,0.4360748774503847,5
BCH-USDT-SWAP,2026-07-12 03:00:00+00:00,-151.0423557457257,0,r023_master_trades.csv,22.0,0.5196269726777604,0.5145590547563595,0.025241783191226653,3.7674039847500764,0.4356412795995813,47.91288796870117,28.363900951845608,1.3381995133819884,0.9090909090909138,64.28571428571429,2,6,Asia,bull,trending,0.5363082924690195,5
LINK-USDT-SWAP,2026-07-12 03:00:00+00:00,163.09076923076896,1,r023_master_trades.csv,23.0,0.38017195425473843,0.4913675225112062,0.02785167193491488,1.6952426697286187,0.22914402295623754,47.36425479918947,30.788942311419582,0.9420927019218712,0.8800000000000076,55.17241379310347,2,6,Asia,bull,trending,0.6146141838610422,5
BTC-USDT-SWAP,2026-07-12 03:00:00+00:00,-142.55994062124816,0,r032_all_variants_trades.csv,12.0,0.20447172044315717,0.7105221395218142,0.009503636279167898,1.5495932528648515,0.17857177441287833,48.382422763584366,19.791668963706442,0.5664436356602065,0.8262186725420028,53.08988764044978,2,6,Asia,bull,mixed,0.5943577579209752,5
ETH-USDT-SWAP,2026-07-12 03:00:00+00:00,50.24240173389627,1,r023_master_trades.csv,27.0,0.4305745794924838,0.5985189899165815,0.028004543442003274,2.6078338894835773,0.3201813774778336,50.428806155263125,31.317706320384023,1.1380564985518138,0.849635036496354,49.73637961335678,2,6,Asia,bull,trending,0.6280258580904584,5
ETH-USDT-SWAP,2026-07-12 04:00:00+00:00,-135.26318942670906,0,r023_master_trades.csv,28.000000000000004,0.43671781390485526,0.7945815239134995,0.027637820700254122,2.952099119608056,0.30938739339726373,54.47747799166909,29.29840057349511,0.25720193123174784,0.3620689655172473,36.867799257957614,3,6,Asia,bull,trending,0.4549787881020112,5
LINK-USDT-SWAP,2026-07-12 05:00:00+00:00,-164.86357721139302,0,r023_master_trades.csv,26.0,0.4241149090520839,1.011465300324277,0.027758799106487212,2.0568897323902076,0.2062050298468759,51.41236932380966,27.224152985486885,0.9956440572495231,0.8000000000000089,42.911877394636036,4,6,Asia,bull,trending,0.5390503775077363,5
BCH-USDT-SWAP,2026-07-12 09:00:00+00:00,-151.242033115281,0,r023_master_trades.csv,3.0,0.5213564646083845,0.33977843683384484,0.030233386726705547,3.190287448152733,0.33425298128397146,46.332614109045394,20.154575854906504,0.36824877250409394,0.444444444444448,77.14285714285722,8,6,London,bull,mixed,0.6067691189405724,5
BCH-USDT-SWAP,2026-07-12 09:00:00+00:00,167.26666666666688,1,r029_fvg_low_atr_1h_9sym_trades.csv,3.0,0.5213564646083845,0.33977843683384484,0.030233386726705547,3.190287448152733,0.33425298128397146,46.332614109045394,20.154575854906504,0.36824877250409394,0.444444444444448,77.14285714285722,8,6,London,bull,mixed,0.6067691189405724,5
ETH-USDT-SWAP,2026-07-12 09:00:00+00:00,-150.53807181278694,0,r023_master_trades.csv,21.0,0.4544005012861676,0.8512671214346464,0.026850972647367004,2.465497519920597,0.23484660862290066,50.868924141925895,22.483779412056244,0.27476194713890645,0.7307692307692821,49.48252294473716,8,6,London,bull,mixed,0.44821167553819774,5
LINK-USDT-SWAP,2026-07-12 13:00:00+00:00,-151.59913128570878,0,r023_master_trades.csv,22.0,0.4353696750410588,0.49054470175079296,0.027197776583421117,2.4265825109381414,0.207722959200413,57.23748875267602,17.06529915768636,0.4859207575379978,0.23076923076924127,26.819923371647608,12,6,London,bull,ranging,0.52988756095445,4
LTC-USDT-SWAP,2026-07-12 13:00:00+00:00,-157.39712285713966,0,r023_master_trades.csv,16.0,0.35597441271876623,0.5859136801460114,0.029383974342989578,1.042829242172939,0.0757992067601923,49.97230930725913,23.219013180034334,0.6715916722632734,0.6333333333333404,64.22764227642307,12,6,London,bull,mixed,0.5398259124885959,5
ETH-USDT-SWAP,2026-07-12 13:00:00+00:00,146.6294840294832,1,r023_master_trades.csv,14.000000000000002,0.43417197786864875,0.5784180716433103,0.026292710665680872,2.479721722083035,0.23878874331179084,52.535932499392345,17.803239689965128,0.5968460348012264,0.38847583643121186,45.73325522358925,12,6,London,bull,ranging,0.6077444866304798,5
BCH-USDT-SWAP,2026-07-12 13:00:00+00:00,-150.84397603573825,0,r023_master_trades.csv,6.0,0.5280301484096875,1.3016566922478372,0.024798053652255243,3.7229508439441643,0.3281121580940084,53.59831544154743,18.650927231079706,1.4622258326563862,0.5277777777777681,54.28571428571445,12,6,London,bull,mixed,0.5085797074268187,5
BTC-USDT-SWAP,2026-07-12 13:00:00+00:00,-158.88285688012428,0,r029_fvg_low_atr_1h_9sym_trades.csv,9.0,0.2291085440681885,0.8930542352688892,0.012310709963677322,1.3243371102187502,0.1310871321921605,49.21198450062209,15.792083648549257,0.3430357491697597,0.6587699316628636,53.65882917466368,12,6,London,bull,ranging,0.4939477457306956,5
ETH-USDT-SWAP,2026-07-12 15:00:00+00:00,-121.11976272939644,0,r023_master_trades.csv,21.0,0.4640891071804982,1.5926152785502061,0.023671869615841022,3.129449843578438,0.2385657584451536,60.4021587819598,17.572038111480882,0.24542936288087736,0.243792325056426,19.836685919139672,14,6,London,bull,ranging,0.4190782588256379,4
LTC-USDT-SWAP,2026-07-12 15:00:00+00:00,-127.69034013793232,0,r023_master_trades.csv,23.0,0.3686916977858509,0.7851016158258144,0.02730896829974349,1.1816224708239207,0.07589200277801691,52.46442606826881,20.600954120803372,0.4036779546983622,0.8333333333333267,58.53658536585395,14,6,London,bull,mixed,0.4913663273550037,5
ETH-USDT-SWAP,2026-07-12 16:00:00+00:00,-173.98618130315873,0,r023_master_trades.csv,22.0,0.4641639863576534,1.6863333620884793,0.023011493319180034,3.1736566606541117,0.2460982600458933,61.16060892105717,18.341424429865725,1.0722887591144545,0.6943589743589725,17.128062139015938,15,6,London,bull,mixed,0.40669109245301094,4
UNI-USDT-SWAP,2026-07-12 17:00:00+00:00,-127.3423,0,r034_trade_log.csv,11.0,0.6591677149972661,0.6274250287048038,0.04353652812443724,8.114948960722797,0.7880726327354579,53.869280767785256,16.49982504755278,1.3601741022850997,0.7400000000000033,66.42599277978341,16,6,NY,bull,ranging,0.5260641831318569,2
LTC-USDT-SWAP,2026-07-12 17:00:00+00:00,-179.22934532053503,0,r023_master_trades.csv,14.000000000000002,0.3602549676311366,0.8338707647780538,0.019412146734790043,1.1141478789261872,0.08491258870077434,51.773483458745176,18.134591582589636,0.2680965147453026,0.4166666666667111,60.16260162601623,16,6,NY,bull,mixed,0.4190974399431019,5
BTC-USDT-SWAP,2026-07-12 19:00:00+00:00,-177.4475427298355,0,r023_master_trades.csv,4.0,0.2286464332002237,0.40136443246235415,0.008568307529101881,1.4522506889471618,0.13855673442356084,53.450068805792675,12.920403492232099,0.23761461158128788,0.6195795006570134,23.277631193197934,18,6,NY,bull,ranging,0.5342593178260391,4
BCH-USDT-SWAP,2026-07-12 20:00:00+00:00,-144.2635791999992,0,r023_master_trades.csv,2.0,0.42585292970379224,0.33526284641702375,0.016085543308935895,3.6565138729936746,0.33235400117430436,56.01082917882708,15.418738717802214,0.9345794392523411,0.8260869565217375,25.000000000000295,19,6,NY,bull,ranging,0.6162419987869026,4
BTC-USDT-SWAP,2026-07-12 20:00:00+00:00,-157.26572148290515,0,r023_master_trades.csv,2.0,0.18567540276622943,0.45094147445434024,0.008509538096344272,1.566770448692192,0.14160212380401938,56.508382218360154,13.003139344850922,0.23671074975557493,0.4980237154150006,11.184403400761648,19,6,NY,bull,ranging,0.554923610608427,4
SUI-USDT-SWAP,2026-07-12 21:00:00+00:00,-145.8561,0,r034_trade_log.csv,6.0,0.3997033285540546,0.34681575100611184,0.029095067302008674,1.114166463755008,0.12808769220443866,52.20190282596735,16.67232578721815,0.5397382269599249,0.6249999999999861,29.69924812030074,20,6,NY,bull,ranging,0.5619393881531483,4
LINK-USDT-SWAP,2026-07-12 21:00:00+00:00,-180.66193900000167,0,r023_master_trades.csv,19.0,0.360776004712285,0.36386840646364743,0.019479597492648295,2.641025749861949,0.2471147859020405,58.63156210707034,14.312588658820308,0.49541738915034866,0.5750000000000044,6.965174129353775,20,6,NY,bull,ranging,0.4801345378674884,4
ETH-USDT-SWAP,2026-07-13 01:00:00+00:00,-114.72081019512062,0,r023_master_trades.csv,56.99999999999999,0.35119518215010814,5.598683296465424,0.021194311889780704,3.2326165156503466,0.2873500817763571,60.74264955258636,19.739960222014805,0.47179737078178724,0.20657276995305102,35.73640743289749,0,0,Asia,bull,mixed,0.32936031845269553,1
BTC-USDT-SWAP,2026-07-13 01:00:00+00:00,-122.62545193250318,0,r005_attribution_trades.csv,42.0,0.19100597394626836,5.198859962034407,0.008932935638337658,1.231232143281266,0.13007585861293292,50.47545636578013,14.277173252451265,0.28941131072735576,0.5555555555555556,41.75192550867875,0,0,Asia,bull,ranging,0.3972671091286898,1
ETH-USDT-SWAP,2026-07-13 06:00:00+00:00,-140.3012970315266,0,r005_attribution_trades.csv,95.0,0.5071332398795685,1.1349693350547958,0.031514190985436265,0.6489668675237265,0.19052584547853296,36.937393784077976,17.952777669003755,0.5303234804517064,0.18981972428419422,89.18587208509467,5,0,Asia,bull,ranging,0.496228055688078,6
UNI-USDT-SWAP,2026-07-13 10:00:00+00:00,-130.3655,0,r034_trade_log.csv,14.000000000000002,0.8911265741157035,0.5232671348715212,0.0748535901398086,4.068353716413966,0.38368871301992885,45.146007508285955,15.213057328484934,0.9272267490868198,0.6969696969697027,67.96875000000003,9,0,London,bull,ranging,0.441909915446162,6
AVAX-USDT-SWAP,2026-07-13 10:00:00+00:00,-110.8325006238526,0,r023_master_trades.csv,87.0,0.5351007264061483,4.58947465157924,0.0331483921943198,0.0393940512698204,-0.2126363622939637,68.37056443215202,31.10099623210579,0.6743295019157025,0.45454545454546924,11.22112211221116,9,0,London,bear,trending,0.391109164139652,1
LINK-USDT-SWAP,2026-07-13 14:00:00+00:00,174.92315789473642,1,r023_master_trades.csv,65.0,0.5134651419030296,1.1388815833670691,0.02969705308630493,0.24650301641433434,0.07818795149870379,40.22013170576211,14.59436936629114,0.747119159174372,0.5423728813559312,85.39325842696638,13,0,London,bull,ranging,0.5405900284830245,6
BCH-USDT-SWAP,2026-07-13 14:00:00+00:00,-113.75024374193556,0,r023_master_trades.csv,54.0,0.6518075822309084,1.7146508960403226,0.05969047935527353,0.3871773009436893,-0.028945726787618857,45.142867123474495,17.616222950160367,0.6321112515802781,0.13333333333332575,64.51612903225804,13,0,London,bear,ranging,0.453736200570557,6
AVAX-USDT-SWAP,2026-07-13 15:00:00+00:00,-109.16513590697603,0,r023_master_trades.csv,100.0,0.6320741195878173,1.5666625301320003,0.05062600846023521,0.3682008767044006,-0.09190212937887694,63.71599031402278,32.011167323915174,1.968263655782721,0.35658914728681806,7.9365079365077795,14,0,London,bear,trending,0.445309411206417,1
ETH-USDT-SWAP,2026-07-13 15:00:00+00:00,-116.017950873111,0,r005_attribution_trades.csv,87.0,0.5144038730045248,1.569588358398406,0.039418679796731325,0.5852048057234635,0.05699452166649683,42.9127070387208,14.84369776769643,0.7647513993143198,0.06646971935008075,76.76921277342365,14,0,London,bull,ranging,0.46178619596631015,6
ARB-USDT-SWAP,2026-07-14 01:00:00+00:00,-109.7075,0,r034_trade_log.csv,9.0,0.939185857610342,1.2549751101734148,0.06794184462598601,2.893208681752548,0.26935648901150533,44.04308964268583,15.34335116100123,1.5839610101905193,0.8181818181818208,64.95507060333762,0,1,Asia,bull,ranging,0.44873979558145566,0
ETH-USDT-SWAP,2026-07-14 03:00:00+00:00,172.04140625000025,1,r023_master_trades.csv,97.0,0.4678829259568755,0.9293531025837605,0.023081963149647874,0.634788114236322,0.00011523443799304992,50.77295924859438,16.650527033973983,0.6496818857030701,0.11044003451250921,25.918803418803193,2,1,Asia,flat,ranging,0.4675941832770544,1
LINK-USDT-SWAP,2026-07-14 06:00:00+00:00,-164.98441599999998,0,r023_master_trades.csv,73.0,0.5261577509662952,0.4894255991083194,0.024758678936320437,0.897347146959691,0.01968581333669168,53.97938542271263,15.508481560583922,0.6548293665785115,0.4807692307692242,16.822429906542247,5,1,Asia,flat,ranging,0.4460108164816847,1
ETH-USDT-SWAP,2026-07-14 11:00:00+00:00,184.76957312806175,1,r023_master_trades.csv,62.0,0.4523621013061,2.128105210198852,0.02610757226554522,1.5684415655111166,0.08087976814293364,60.981400712431444,11.837744977872651,0.3842814329328139,0.016034985422758788,8.71080139372821,10,1,London,bull,ranging,0.43792285130043673,1
LINK-USDT-SWAP,2026-07-14 12:00:00+00:00,175.919,1,r023_master_trades.csv,52.0,0.48516309960445436,0.7631305371328935,0.02618512754601899,1.222529289152324,0.06583178460988574,57.313784760859555,11.615440370090155,0.7909604519773976,0.698412698412695,2.81690140845081,11,1,London,bull,ranging,0.5085709435541327,1
ETH-USDT-SWAP,2026-07-14 12:00:00+00:00,56.784819987753,1,r023_master_trades.csv,56.00000000000001,0.4485575086510528,0.880294020744349,0.028017121741982454,1.423539267271037,0.0874542631947535,59.156577661384695,12.541664029661316,1.0720240080026782,0.7387247278382508,12.735191637630944,11,1,London,bull,ranging,0.4634335464845865,1
BCH-USDT-SWAP,2026-07-14 12:00:00+00:00,176.10999999999976,1,r023_master_trades.csv,36.0,0.5902305939907208,0.7410330493560823,0.023390448913284317,0.055475825378634616,-0.10552378348092709,54.27919521575397,16.7672153757424,0.46452702702702464,0.7272727272727414,4.285714285714448,11,1,London,bear,ranging,0.5081911559284965,1
BTC-USDT-SWAP,2026-07-14 13:00:00+00:00,-109.55881116770315,0,r023_master_trades.csv,88.0,0.44883954384769087,6.396949122552707,0.028603843680312508,1.3821384091754023,-0.045652183137441946,71.60325599722587,20.683370455777528,0.33960209397408586,0.17955930614160195,1.8306111213067295,12,1,London,bear,mixed,0.37840779387756923,1
SOL-USDT-SWAP,2026-07-14 13:00:00+00:00,-108.01414568235232,0,r023_master_trades.csv,82.0,0.5679444830378476,4.8637975953205155,0.026894495784686907,-0.6727068080375909,-0.27194000965016735,64.62343312166212,24.268727096653645,0.34510220334482467,0.3461538461538714,3.7931034482758537,12,1,London,bear,mixed,0.38180620587319747,1
BCH-USDT-SWAP,2026-07-14 13:00:00+00:00,-114.76887379310352,0,r023_master_trades.csv,56.99999999999999,0.6117307548347491,3.7346164168792324,0.029465977736039616,1.0133303668190625,-0.0726922130876082,60.62054771134543,17.077545258211885,0.6310475389145982,0.5999999999999849,5.263157894736842,12,1,London,bear,ranging,0.4284801163748984,1
LTC-USDT-SWAP,2026-07-14 13:00:00+00:00,194.13548387096776,1,r023_master_trades.csv,94.0,0.5043989151661987,4.788696585089369,0.03082791968973148,1.0000428624453996,-0.0740441167098429,68.70702733715859,16.855674100758204,0.251889168765758,0.2727272727272669,2.9761904761903075,12,1,London,bear,ranging,0.4092329425681769,1
LINK-USDT-SWAP,2026-07-14 13:00:00+00:00,195.7875,1,r023_master_trades.csv,100.0,0.686188820533091,5.559860597603798,0.04101762590694251,3.7062105299033163,0.09924755295518833,72.19634713913179,13.858027262601196,0.5634861006761824,0.46666666666666534,4.47058823529414,12,1,London,bull,ranging,0.5361138475600822,1
XRP-USDT-SWAP,2026-07-14 14:00:00+00:00,190.25810218978103,1,r023_master_trades.csv,100.0,0.44568042111369083,3.2940006802865933,0.03499710236184454,0.42924090463573333,-0.186316767029889,73.65167395535268,18.03577424462273,1.9289060347203002,0.8047619047619042,11.900191938579614,13,1,London,bear,mixed,0.48079735124540046,1
ARB-USDT-SWAP,2026-07-14 14:00:00+00:00,-106.1643,0,r034_trade_log.csv,11.0,0.9133477293980233,2.004092566913413,0.0352445495672728,3.5858671952795484,0.20217385077006353,54.730033387734736,13.574093841700948,3.576491113291904,0.786585365853657,30.947775628626538,13,1,London,bull,ranging,0.44757848791378607,0
DOGE-USDT-SWAP,2026-07-14 14:00:00+00:00,-116.70263936708795,0,r023_master_trades.csv,71.0,0.46520021919275556,3.4825454566381295,0.03315506715494214,0.4110449792667104,-0.1537830160381011,70.345077583566,18.52606590113829,1.8412438625204637,0.8074074074074004,7.8369905956112955,13,1,London,bear,mixed,0.4165765609478874,1
AVAX-USDT-SWAP,2026-07-14 14:00:00+00:00,-112.22826758762848,0,r023_master_trades.csv,86.0,0.6702747778158133,3.0670697039945907,0.03679065943084462,0.8296781724575812,-0.1511113754450898,64.87997914570693,16.098996831146625,2.8241724870938345,0.8172043010752698,4.424778761061859,13,1,London,bear,ranging,0.47748503484742644,0
LINK-USDT-SWAP,2026-07-14 14:00:00+00:00,192.33272727272723,1,r023_master_trades.csv,100.0,0.662577660477982,4.401767480646803,0.05710090842761268,5.134353881574589,0.14709282525262293,77.22418682887088,16.774464563042486,3.1643249847281654,0.7644787644787651,5.253623188405785,13,1,London,bull,ranging,0.5916200448714947,3
ETH-USDT-SWAP,2026-07-14 14:00:00+00:00,186.4693906810036,1,r023_master_trades.csv,100.0,0.7872103934115711,3.5373004842509315,0.06405024915807017,5.472491289542385,0.17897067445807824,79.97211033422897,19.34213859329933,3.9830358150710405,0.8541160593792183,9.231558879601213,13,1,London,bull,mixed,0.5874522491059342,3
DOGE-USDT-SWAP,2026-07-14 15:00:00+00:00,-114.94592698876224,0,r023_master_trades.csv,93.0,0.4821124578978462,2.165573649359487,0.042933506552585335,1.295354492653004,-0.11877420806222991,74.82549167803671,20.561305983554213,1.4084507042253511,0.4903846153846124,4.336043360433805,14,1,London,bear,mixed,0.38858731468234664,1
XRP-USDT-SWAP,2026-07-14 15:00:00+00:00,184.31529411764697,1,r023_master_trades.csv,100.0,0.4472609251637296,1.947483459948318,0.0440405551274683,0.7960485236198365,-0.152719273841126,75.57390995283632,20.49445043393033,1.802621995630011,0.4848484848484865,4.030710172744701,14,1,London,bear,mixed,0.4266985038017633,1
LTC-USDT-SWAP,2026-07-14 15:00:00+00:00,-142.1757879999978,0,r023_master_trades.csv,98.0,0.4679682071576043,2.107961740620417,0.03905829474359194,1.291224666344593,-0.02836868252752143,70.6130412703521,21.192567992144305,0.895656068069874,0.34999999999997866,10.000000000000355,14,1,London,bear,mixed,0.381666754539441,1
BTC-USDT-SWAP,2026-07-14 16:00:00+00:00,-120.60311090501652,0,r023_master_trades.csv,100.0,0.4520128628279762,3.8891477008896764,0.047893271365369895,2.5787932515364687,0.03189709109788107,76.83164615473842,27.543073094893657,1.2838064893524292,0.5574406204556491,11.33538461538466,15,1,London,bull,trending,0.3504305930631346,1
BTC-USDT-SWAP,2026-07-14 17:00:00+00:00,-171.95551905529908,0,r023_master_trades.csv,99.0,0.449113657061735,1.0151999552318418,0.0535777851032453,2.512962232491377,0.06489724904327553,76.21202881721567,30.088464786539184,1.4376286079750826,0.48785729636793546,12.110769230769186,16,1,NY,bull,trending,0.3494400515441802,1
DOGE-USDT-SWAP,2026-07-14 18:00:00+00:00,-126.17856435294074,0,r023_master_trades.csv,99.0,0.4781034266616016,1.0472183473283319,0.061045372052339335,1.278123040229145,-0.01910109817934123,70.96719715541835,26.132413704164577,1.140327341024958,0.37647058823529356,19.711538461538442,17,1,NY,flat,trending,0.34517637928092143,1
AVAX-USDT-SWAP,2026-07-14 19:00:00+00:00,-141.24484662068798,0,r023_master_trades.csv,79.0,0.6262264986507601,0.576019287557854,0.05452975115150913,0.9562107231693953,-0.018860524656207134,65.04788645272492,22.51719860563729,1.0515247108307086,0.2571428571428532,13.213213213213121,18,1,NY,flat,mixed,0.3269219794427611,1
LTC-USDT-SWAP,2026-07-14 19:00:00+00:00,175.49818181818247,1,r023_master_trades.csv,99.0,0.4697601646354458,0.5886106452505272,0.04412862842628926,1.3526417286121195,0.06130543379193752,68.11206131596823,26.520772785083963,0.9184587813619995,0.1707317073170753,14.450867052023089,18,1,NY,bull,trending,0.42736423249835426,1
LTC-USDT-SWAP,2026-07-14 20:00:00+00:00,177.40999999999954,1,r023_master_trades.csv,98.0,0.46663786669701107,0.8180978082826192,0.04650419772870135,1.8325984195930738,0.08823825639265966,71.56814372298484,27.561116725548565,0.5367926638335987,0.3333333333333235,3.7735849056605124,19,1,NY,bull,trending,0.46469466496330036,1
XRP-USDT-SWAP,2026-07-14 20:00:00+00:00,-145.48091199999376,0,r023_master_trades.csv,100.0,0.3994341232780286,1.8812280276936104,0.06851317232416113,1.865834598649327,0.02862059335679153,80.61884886484674,30.772983993562104,0.9084367692030939,0.7821782178217621,9.121061359867427,19,1,NY,bull,trending,0.3279778318055351,3
LTC-USDT-SWAP,2026-07-14 22:00:00+00:00,168.06588235294151,1,r023_master_trades.csv,91.0,0.44446610416211335,0.5500817308181102,0.05151168320123298,2.0860620594284214,0.14627272218182966,73.48356659268688,29.601818183777752,0.3112494441974066,0.28571428571429297,0.0,21,1,NY,bull,trending,0.42548071405128496,1
SOL-USDT-SWAP,2026-07-14 23:00:00+00:00,-127.80602511999828,0,r023_master_trades.csv,73.0,0.46142508452621483,0.9364515508997419,0.054777418444962145,0.3127481007531417,-0.015791180199149473,68.71215452437625,31.672598403521004,0.36278828712101724,0.17857142857146846,10.982658959537462,22,1,NY,flat,trending,0.33672848249817955,1
LTC-USDT-SWAP,2026-07-15 00:00:00+00:00,-131.28687699999665,0,r023_master_trades.csv,95.0,0.44347032090226485,1.2786205272643292,0.05512447473456274,2.714749892930386,0.17277361099762356,77.57231233397638,32.74128113263146,0.8198537558165244,0.16216216216216942,5.6410256410256245,23,1,NY,bull,trending,0.33075620022508295,1
SOL-USDT-SWAP,2026-07-15 02:00:00+00:00,-186.9350616249966,0,r023_master_trades.csv,65.0,0.4776277155760554,0.5603854659136785,0.05351320950649299,0.06927948535244008,0.001250702041405452,62.15080393428468,33.30893039887939,0.5925544248357514,0.4565217391304583,17.777777777777448,1,2,Asia,flat,trending,0.48309545420671735,1
DOGE-USDT-SWAP,2026-07-15 03:00:00+00:00,75.58540225207281,1,r023_master_trades.csv,70.0,0.45455611708692994,0.6735350989981291,0.05296872998639286,0.12161221710452794,0.08202426707014422,53.37522892909645,27.922790051158998,0.45939737873259434,0.23529411764705402,47.50733137829928,2,2,Asia,bull,trending,0.5410045519392787,6
AVAX-USDT-SWAP,2026-07-15 04:00:00+00:00,-124.32083897958972,0,r026_trade_log_liqsweep.csv,57.99999999999999,0.6527950626954339,0.5253279751580077,0.04763371892712254,0.7054946215952032,0.07808411549910331,56.815621995007426,27.509493678967377,0.575147570758277,0.8421052631579095,30.088495575221373,3,2,Asia,bull,trending,0.5519391878122232,6
AVAX-USDT-SWAP,2026-07-15 04:00:00+00:00,184.2235294117648,1,r023_master_trades.csv,57.99999999999999,0.6527950626954339,0.5253279751580077,0.04763371892712254,0.7054946215952032,0.07808411549910331,56.815621995007426,27.509493678967377,0.575147570758277,0.8421052631579095,30.088495575221373,3,2,Asia,bull,trending,0.5519391878122232,6
LTC-USDT-SWAP,2026-07-15 04:00:00+00:00,181.3006896551724,1,r023_master_trades.csv,100.0,0.4754788618506895,3.358200123030848,0.048101487153757366,1.621554009377107,0.19514311107810378,60.05724656267109,33.315934472223994,0.5133928571428502,0.7391304347826262,29.797979797980016,3,2,Asia,bull,trending,0.4402734046607889,1
LTC-USDT-SWAP,2026-07-15 04:00:00+00:00,-167.2232829999958,0,r026_trade_log_liqsweep.csv,100.0,0.4754788618506895,3.358200123030848,0.048101487153757366,1.621554009377107,0.19514311107810378,60.05724656267109,33.315934472223994,0.5133928571428502,0.7391304347826262,29.797979797980016,3,2,Asia,bull,trending,0.4402734046607889,1
DOGE-USDT-SWAP,2026-07-15 05:00:00+00:00,169.23034482758607,1,r023_master_trades.csv,63.0,0.4523507128711222,0.5457016200132375,0.0440450519610657,0.5857419597140207,0.06908984046020036,58.21732162084623,26.389475094239536,0.689002972169698,0.6078431372548988,37.24340175953089,4,2,Asia,bull,trending,0.5434543061193953,6
SOL-USDT-SWAP,2026-07-15 05:00:00+00:00,-129.73405357446725,0,r023_master_trades.csv,69.0,0.47559010558409476,0.827446005948036,0.04239501525992656,0.781384617653369,0.01837147917895121,67.19451758869099,32.60881862178871,0.8745980707395403,0.720588235294118,5.438066465257,4,2,Asia,flat,trending,0.4331235036675439,1
SOL-USDT-SWAP,2026-07-15 06:00:00+00:00,-122.58677935483848,0,r023_master_trades.csv,76.0,0.4710536391137029,0.9429061442162566,0.03671115804241167,1.0934567096224097,0.03195544974463538,69.55893531907434,32.99366230339047,0.8337609030272009,0.3230769230769106,2.0833333333335533,5,2,Asia,bull,trending,0.3874630079965032,1
XRP-USDT-SWAP,2026-07-15 06:00:00+00:00,181.18366197183127,1,r023_master_trades.csv,69.0,0.4543564060184969,0.3391439211495121,0.04309697575295878,0.9609115006853942,0.09992723718941607,61.258227041981684,32.729286034529075,0.4714842687460416,0.15384615384613415,26.579925650557545,5,2,Asia,bull,trending,0.49912023166424896,1
LINK-USDT-SWAP,2026-07-15 06:00:00+00:00,-121.74130991304123,0,r023_master_trades.csv,71.0,0.6500002376519134,0.3384577665394389,0.051744572010275075,5.319762729745422,0.47383550008975717,69.65482027413893,33.201252488343705,0.576438092950643,0.2083333333333287,4.106776180698064,5,2,Asia,bull,trending,0.4637676779634262,2
DOGE-USDT-SWAP,2026-07-15 07:00:00+00:00,-122.9642610689664,0,r032_all_variants_trades.csv,70.0,0.45582880572994783,1.0035472990676193,0.03021163788256665,0.999890867290609,0.0744472844988307,62.32140309718192,26.871609846660135,0.9006586906842371,0.4776119402985059,29.2307692307694,6,2,Asia,bull,trending,0.38080902497684305,1
AVAX-USDT-SWAP,2026-07-15 07:00:00+00:00,-123.45766,0,r032_all_variants_trades.csv,45.0,0.6364431659685024,0.6625077305806903,0.03377003332533501,1.0985635679509953,0.08284094326981364,59.61116681176285,29.074436197794466,0.8677438659485313,0.4310344827586281,21.82890855457226,6,2,Asia,bull,trending,0.44773564720126496,1
DOGE-USDT-SWAP,2026-07-15 08:00:00+00:00,-177.75902987696787,0,r023_master_trades.csv,70.0,0.479112819579293,0.8564267439230496,0.01851286283479842,0.42536020372689676,0.06937376382591805,54.215330539312156,26.026791490004033,0.7393466863825902,0.018181818181810843,42.15384615384642,7,2,Asia,bull,trending,0.38575952938788327,6
LTC-USDT-SWAP,2026-07-15 10:00:00+00:00,-117.40337187234093,0,r023_master_trades.csv,100.0,0.3572265752672964,4.757739154371069,0.025678136315123726,3.416329422285761,0.19744877851007106,73.06170230899038,32.67405627973911,0.5299183042614151,0.7083333333333556,16.57458563535933,9,2,London,bull,trending,0.368618099034098,7
ARB-USDT-SWAP,2026-07-15 11:00:00+00:00,-115.0308,0,r034_trade_log.csv,9.0,0.796052007969231,0.8958136716497332,0.0625745154909501,0.533889599733284,0.10056366265243188,43.63542578915453,13.996691314066078,1.1034793379123915,0.5714285714285795,72.31999999999988,10,2,London,bull,ranging,0.4023727565719291,6
PEPE-USDT-SWAP,2026-07-15 11:00:00+00:00,-141.5009,0,r034_trade_log.csv,12.0,0.37018329177260945,0.6474833997692688,0.03440070948234267,2.0628894851226756,0.24211875421705004,47.34731324487647,12.700474952902843,1.0097367472051926,0.2500000000000038,81.1594202898549,10,2,London,bull,ranging,0.4590257411590206,5
ENA-USDT-SWAP,2026-07-15 11:00:00+00:00,183.17,1,r034_trade_log.csv,1.0,0.3600811519913385,1.362502782194332,0.023635138041955404,4.262964490471568,0.41188206508935654,55.2900121168479,32.063771676990136,0.7575757575757642,0.31746031746030173,55.335968379446484,10,2,London,bull,trending,0.41956782455536795,5
ETH-USDT-SWAP,2026-07-15 13:00:00+00:00,-107.06438030418524,0,r023_master_trades.csv,92.0,0.564962568071869,4.984488332566809,0.026847943476551315,7.301784486427483,0.5125724731116751,76.42480392685286,41.13787166483762,0.4597554695504952,0.7609699769052951,3.5766211107877437,12,2,London,bull,trending,0.3801763932889136,7
LINK-USDT-SWAP,2026-07-15 13:00:00+00:00,-108.69707906285576,0,r023_master_trades.csv,94.0,0.5378415195475069,3.8488682818033935,0.03423540456492679,7.346687942146677,0.5195957770774422,74.62215104317244,34.70529809510267,1.2587578672366688,0.8773584905660385,0.0,12,2,London,bull,trending,0.38544326679917873,3
SOL-USDT-SWAP,2026-07-15 13:00:00+00:00,-113.6839315882345,0,r023_master_trades.csv,65.0,0.36103665246234895,1.9907063743836966,0.01786340666028077,1.1102331140146104,0.04581557560924373,64.30010533322366,30.07012274616538,0.25809781907341417,0.8000000000000285,22.105263157894925,12,2,London,bull,trending,0.2815241582066523,1
DOGE-USDT-SWAP,2026-07-15 13:00:00+00:00,-113.05575911764691,0,r023_master_trades.csv,91.0,0.37246538497293497,1.9735447501907581,0.014862898312337697,1.3505057920648387,0.06051611298927078,62.28806274025479,20.665667298454167,0.4333107650643207,0.28124999999997696,14.482758620689715,12,2,London,bull,mixed,0.31294751182413,1
BTC-USDT-SWAP,2026-07-15 13:00:00+00:00,-120.69736067128404,0,r023_master_trades.csv,73.0,0.26534279892001994,2.5173515842467453,0.010486541890067107,2.713882582234772,0.22417083934936577,66.2517852711556,34.108035040094315,0.22470243154612185,0.5584594222833807,13.290640394088813,12,2,London,bull,trending,0.35656234905187517,7
XRP-USDT-SWAP,2026-07-15 13:00:00+00:00,-112.8909748387087,0,r023_master_trades.csv,66.0,0.3719328973002238,1.5432948009986345,0.017157233621732534,2.18220722247821,0.10628819593771635,71.22383458606241,31.103474124223442,0.21662604928242238,0.04166666666675533,3.4042553191485503,12,2,London,bull,trending,0.3283642564075276,1
AVAX-USDT-SWAP,2026-07-15 13:00:00+00:00,-113.51820460674104,0,r023_master_trades.csv,37.0,0.4711232680322152,2.0543140574917245,0.018100071095748634,2.0011143348471987,0.08732519243074838,64.39483531889026,26.98311795996666,0.48004800480048043,0.4687500000000173,6.87500000000007,12,2,London,bull,trending,0.3461957008646051,1
DOGE-USDT-SWAP,2026-07-15 14:00:00+00:00,-147.79379757143096,0,r023_master_trades.csv,97.0,0.3746873767927107,2.993481412143536,0.014900949884622679,1.1488023383774935,0.0668024674701391,59.86533545564027,21.45811013143473,1.4865407794294896,0.73873873873874,38.888888888889014,13,2,London,bull,mixed,0.37577644321067366,1
BTC-USDT-SWAP,2026-07-15 14:00:00+00:00,166.9066441536546,1,r023_master_trades.csv,89.0,0.26295261782884305,4.1961269335292295,0.011613664209962769,2.631378787480081,0.227050014556738,65.25572662858991,35.16612514193977,1.0571149130739859,0.6133623819898266,39.20260095824767,13,2,London,bull,trending,0.4242698513672663,7
ETH-USDT-SWAP,2026-07-15 14:00:00+00:00,-139.48037756799943,0,r023_master_trades.csv,95.0,0.5638052756547535,4.357373344446312,0.03432600595175227,7.157801662949851,0.5349093711393924,75.63760100495286,42.75636498117824,2.6333957984021983,0.8436822393061375,25.09051412020274,13,2,London,bull,trending,0.44518754791708803,3
SOL-USDT-SWAP,2026-07-15 14:00:00+00:00,-131.81046099999963,0,r023_master_trades.csv,95.0,0.36429389010367896,3.5598615254604122,0.01807493825757684,0.8560168839546674,0.0492165431655074,61.03723009741576,31.12400512832275,1.3675869120654491,0.7102803738317623,45.2380952380955,13,2,London,bull,trending,0.3148857777214418,1
UNI-USDT-SWAP,2026-07-15 14:00:00+00:00,-108.8816,0,r034_trade_log.csv,9.0,0.627395865755981,3.060878392566268,0.04091052402005184,4.379253610801644,0.3914112752497503,53.19777946232668,16.31327519441052,2.004943696786596,0.616438356164383,42.22222222222224,13,2,London,bull,ranging,0.4377708276128381,0
XRP-USDT-SWAP,2026-07-15 14:00:00+00:00,-149.10290009755573,0,r023_master_trades.csv,78.0,0.3711628445275194,3.4863816437923156,0.020079349735721556,2.2502787461967966,0.12130078841658891,71.85623259374748,32.51622627789796,1.4459121742234908,0.7716049382716026,24.172185430463852,13,2,London,bull,trending,0.3552085796354219,7
AVAX-USDT-SWAP,2026-07-15 15:00:00+00:00,-130.036002099997,0,r023_master_trades.csv,50.0,0.49694752391405445,1.2084674970381604,0.019353982733694024,1.3244050841524582,0.0984707883309003,57.778320907395,28.433117111926066,1.4635603345280745,0.48979591836734804,41.31736526946109,14,2,London,bull,trending,0.34828018298465907,6
DOGE-USDT-SWAP,2026-07-15 16:00:00+00:00,-139.37018623529522,0,r023_master_trades.csv,100.0,0.3885627141329427,1.3873742785101761,0.017733292887041716,1.2152210930048362,0.079007626441767,58.91865560489069,22.37086111782524,0.9215974355549568,0.4782608695652358,35.000000000000114,15,2,London,bull,mixed,0.29411311457842104,1
AVAX-USDT-SWAP,2026-07-15 17:00:00+00:00,-122.60529241509286,0,r023_master_trades.csv,60.0,0.49996769642764743,1.9966390383101613,0.020740080534782167,1.1748076829019876,0.10411968139972669,55.608109563272734,28.566157375076727,0.7734642272794957,0.40384615384614825,46.10778443113775,16,2,NY,bull,trending,0.30047294112290784,6
XRP-USDT-SWAP,2026-07-15 17:00:00+00:00,-131.68540857143054,0,r023_master_trades.csv,100.0,0.4097860540692867,2.0932611518634334,0.02734238564949136,1.4443550423410374,0.16105981169610356,56.91067806069107,33.918480416546394,0.7106689171182184,0.07499999999999375,52.56410256410264,16,2,NY,bull,trending,0.2975673253386877,6
LTC-USDT-SWAP,2026-07-15 18:00:00+00:00,-145.10549499999806,0,r023_master_trades.csv,99.0,0.49360857820508697,0.3365992144163956,0.026633994522816087,2.0067568341476867,0.2661158772755735,53.36907011168188,36.68793341477772,1.950354609929068,0.6590909090909186,57.24137931034509,17,2,NY,bull,trending,0.32433187858477397,6
BTC-USDT-SWAP,2026-07-15 20:00:00+00:00,-148.0480808108761,0,r005_attribution_trades.csv,83.0,0.2910403456325352,0.5253454496537264,0.015779605111340918,2.2498388540289382,0.24906918456184743,56.74582216693728,32.29701788953741,0.46417523308998837,0.61196013289038,55.61591028561435,19,2,NY,bull,trending,0.29877022287531696,6
XRP-USDT-SWAP,2026-07-15 23:00:00+00:00,-152.67345705575346,0,r023_master_trades.csv,84.0,0.4056921292337442,0.6191386034375352,0.025276299170843453,1.5509067204880678,0.17261568565887622,57.28141310588028,27.56452434483566,0.5112566149430476,0.7543859649122705,46.42857142857145,22,2,NY,bull,trending,0.29114314934832164,6
ETH-USDT-SWAP,2026-07-15 23:00:00+00:00,-161.71464816012397,0,r005_attribution_trades.csv,77.0,0.5435640533414683,0.36390968085458825,0.05183828896941591,6.345439054901507,0.6855845016787565,66.81364649108676,42.27129430039268,0.3159302767382756,0.19934102141680457,28.566256335988538,22,2,NY,bull,trending,0.40056648065277267,2
LTC-USDT-SWAP,2026-07-16 00:00:00+00:00,-181.08789640000376,0,r023_master_trades.csv,86.0,0.4741548658775558,0.3343361054622119,0.02594679505900684,1.6675621451819487,0.1873956512930118,51.64638502551652,28.073355528735245,0.554569653948536,0.4000000000000057,64.82758620689675,23,2,NY,bull,trending,0.29208769843621485,6
AVAX-USDT-SWAP,2026-07-16 01:00:00+00:00,-150.19998550000045,0,r024_trade_log.csv,12.0,0.4305081300709645,0.8219443408597186,0.017232092180833332,1.3351769423900393,0.12366410544779532,56.793531384422764,26.01002623003336,0.47796863330843953,0.09375000000000347,36.14457831325289,0,3,Asia,bull,trending,0.4211293506063041,5
ETH-USDT-SWAP,2026-07-16 02:00:00+00:00,-123.65310437113224,0,r005_attribution_trades.csv,76.0,0.5445350190321723,0.64076930539362,0.04677099860458764,6.127895918467253,0.6445575606484015,64.02223359079824,39.39947017569452,0.7136326829140914,0.2115666178623613,29.14554670528617,1,3,Asia,bull,trending,0.4830744596247316,2
DOGE-USDT-SWAP,2026-07-16 02:00:00+00:00,-126.0338729411742,0,r023_master_trades.csv,78.0,0.4214161650567907,0.5050625795429291,0.01755060363027992,0.5117439511619098,0.038461839358343346,51.93506894279652,12.904475351770696,0.7579859231185586,0.32142857142857584,56.8527918781731,1,3,Asia,bull,ranging,0.4314788521701684,6
LINK-USDT-SWAP,2026-07-16 02:00:00+00:00,-122.40952952941257,0,r023_master_trades.csv,82.0,0.6158159647047509,0.7170522253480934,0.038069455014171166,5.71229294907224,0.6074671471032408,58.64568446595484,34.430084842458854,0.9903324687573642,0.6071428571428616,36.307692307692484,1,3,Asia,bull,trending,0.4332266417230071,2
LTC-USDT-SWAP,2026-07-16 02:00:00+00:00,-130.0103379999972,0,r023_master_trades.csv,84.0,0.46847874766180236,0.23708785872891722,0.02328252349982817,1.8139604186751164,0.1610157092384906,53.410996977183984,25.343155346695216,0.7769145394006691,0.2,68.79999999999995,1,3,Asia,bull,trending,0.4510329883792874,6
BTC-USDT-SWAP,2026-07-16 02:00:00+00:00,-134.76579210545265,0,r005_attribution_trades.csv,54.0,0.26013114437750606,0.6778974208698318,0.01515911278798816,1.7364078079280538,0.2070128174009115,50.06693187997211,23.689981322609043,0.5503245722322344,0.4590486912468258,72.66699410609021,1,3,Asia,bull,mixed,0.4731506798496621,5
XRP-USDT-SWAP,2026-07-16 02:00:00+00:00,-124.61976600000122,0,r023_master_trades.csv,83.0,0.4058302638345227,0.5042870310680281,0.022297187595136443,1.331362482252188,0.1350360385506508,54.46800114419616,23.264741097430555,0.7205908845253114,0.29999999999999444,57.19298245614034,1,3,Asia,bull,mixed,0.44998837872336944,6
AVAX-USDT-SWAP,2026-07-16 05:00:00+00:00,-170.82468752941583,0,r024_trade_log.csv,1.0,0.35914455695496195,0.3089946218591549,0.013292965488543095,1.1321350132795611,0.11891197658172854,54.084560878193564,21.980811742605173,0.44722719141324163,0.2666666666666647,53.43511450381661,4,3,Asia,bull,mixed,0.459562042113472,5
XRP-USDT-SWAP,2026-07-16 09:00:00+00:00,-127.5347522500004,0,r023_master_trades.csv,71.0,0.3564272861944078,2.0731982302189764,0.018772908097024175,0.6044757373359398,0.1172185246280954,45.006586116991606,17.879066892240093,1.103273648037619,0.6475409836065594,76.47058823529377,8,3,London,bull,ranging,0.44130110676898665,6
LTC-USDT-SWAP,2026-07-16 15:00:00+00:00,176.43826086956489,1,r023_master_trades.csv,56.00000000000001,0.2818586398961486,0.6220947428920983,0.02211572634751477,1.0476743446256072,0.07920607117850668,49.980399518605516,21.793141260815112,0.7382550335570431,0.6969696969697127,43.925233644859695,14,3,London,bull,mixed,0.5666166719623272,6
BTC-USDT-SWAP,2026-07-16 15:00:00+00:00,-155.19502906145829,0,r023_master_trades.csv,63.0,0.29303800660618956,2.9668130326065962,0.01946714086437966,1.2845803892183651,0.10357464797972275,50.66803166683965,20.750023937245626,0.8099871477480541,0.7803146584804286,43.25581395348801,14,3,London,bull,mixed,0.4809694009544399,6
XRP-USDT-SWAP,2026-07-16 16:00:00+00:00,-123.19815106976571,0,r023_master_trades.csv,83.0,0.3289721777450011,1.9679220936132298,0.01482451608804334,1.260613328672443,0.07724506466332684,55.166841664066084,17.2499824761111,0.7108791505443891,0.2278481012658317,21.052631578947246,15,3,London,bull,ranging,0.4182723776710055,1
LTC-USDT-SWAP,2026-07-17 00:00:00+00:00,166.1974999999993,1,r023_master_trades.csv,51.0,0.33771819894025557,0.7631585449916454,0.023059877778410832,0.8939638785789261,0.1405970053916852,47.22198516257095,14.028243789213407,0.8218569524655651,0.6486486486486394,44.85981308411251,23,3,NY,bull,ranging,0.5164151835755743,6
ETH-USDT-SWAP,2026-07-17 01:00:00+00:00,-117.18241129896884,0,r005_attribution_trades.csv,43.0,0.40373465200852154,1.25285140564856,0.03635461317228748,2.1121597194774,0.26447452034604785,37.05723819464667,31.14702814369571,0.737179831103195,0.3151382823872017,76.84411554070178,0,4,Asia,bull,trending,0.5446983354745774,5
LINK-USDT-SWAP,2026-07-17 01:00:00+00:00,-116.56234960000084,0,r023_master_trades.csv,64.0,0.369373120940658,1.4124395503669132,0.025473989893818248,2.608534890707326,0.3390586822601166,39.407026124382675,20.499990992112206,0.8638272345530794,0.55555555555555,71.15384615384615,0,4,Asia,bull,mixed,0.5212123528779206,6
BTC-USDT-SWAP,2026-07-17 01:00:00+00:00,-140.13956432224268,0,r005_attribution_trades.csv,28.000000000000004,0.33519755114358646,1.2328516433734176,0.01830033471023694,0.20099771226765217,0.06698951166321539,39.76893191545803,19.517116106366377,0.40927395020684054,0.5361930294906047,79.57358517564566,0,4,Asia,bull,mixed,0.44635643051232166,5
LTC-USDT-SWAP,2026-07-17 03:00:00+00:00,174.1771428571421,1,r023_master_trades.csv,69.0,0.40496936569104147,0.6374600681139949,0.022249723630762084,1.0143162810359985,0.13270384467974225,48.984631048145054,12.18799822848761,0.9123275478415748,0.8048780487804937,36.53846153846182,2,4,Asia,bull,ranging,0.6234703484634249,6
LTC-USDT-SWAP,2026-07-17 04:00:00+00:00,-115.05183400000035,0,r023_master_trades.csv,88.0,0.45650644488185044,2.965683297516392,0.024908469400318732,2.204379106954804,0.1414333884569554,59.34231270619958,13.719722536730542,0.5780346820809205,0.19230769230768285,24.050632911392142,3,4,Asia,bull,ranging,0.47607743874386943,1
LINK-USDT-SWAP,2026-07-17 05:00:00+00:00,-133.75344849999638,0,r023_master_trades.csv,68.0,0.36109302954530903,0.712574190885326,0.029495111689552635,1.7989136197638367,0.2628384330722772,35.3710617331615,22.554761645503472,0.8698803914461662,0.16666666666665023,82.14285714285722,4,4,Asia,bull,mixed,0.5450752156146306,6
LTC-USDT-SWAP,2026-07-17 05:00:00+00:00,-132.61514415999784,0,r023_master_trades.csv,93.0,0.45101527248249695,1.2114504109018296,0.026220274791130087,2.0930877013406164,0.14581865304867858,58.396512609512754,15.142037965813264,2.021089630931462,0.5869565217391362,26.582278481012793,4,4,Asia,bull,ranging,0.47866060754674605,0
ETH-USDT-SWAP,2026-07-17 07:00:00+00:00,-127.122748000001,0,r005_attribution_trades.csv,78.0,0.43713739361646975,1.4008340584160135,0.037021098728275775,0.22769273826798286,0.14467361480749674,30.13870718324347,35.75330953378177,1.5828442933143272,0.8974358974358966,83.73437289958338,6,4,Asia,bull,trending,0.5154766691677839,6
LINK-USDT-SWAP,2026-07-17 07:00:00+00:00,-152.44761785714064,0,r023_master_trades.csv,79.0,0.42249370204385484,1.189192406155949,0.04063046605925358,0.51022766789331,0.2018461087804243,27.032606267862448,25.188926335883632,1.5651748593788224,0.8046874999999974,91.74041297935091,6,4,Asia,bull,trending,0.5422564477804103,6
LINK-USDT-SWAP,2026-07-17 09:00:00+00:00,62.31061069636261,1,r026_trade_log_liqsweep.csv,60.0,0.40667988945454375,0.8168313832405619,0.04735513115136787,0.41624708609632005,0.14048324736208642,27.0754736159748,27.98845823571498,0.3550875474470419,0.3793103448276221,88.08864265928,8,4,London,bull,trending,0.5355681937472214,5
LINK-USDT-SWAP,2026-07-17 09:00:00+00:00,-134.0807836279032,0,r023_master_trades.csv,60.0,0.40667988945454375,0.8168313832405619,0.04735513115136787,0.41624708609632005,0.14048324736208642,27.0754736159748,27.98845823571498,0.3550875474470419,0.3793103448276221,88.08864265928,8,4,London,bull,trending,0.5355681937472214,5
ETH-USDT-SWAP,2026-07-17 11:00:00+00:00,-165.33704131308212,0,r023_master_trades.csv,19.0,0.411560893512411,0.7428210031998056,0.04203608248839878,0.46333107349786706,0.05965419323360874,35.49165799729657,39.33735132458773,0.3968859716073867,0.6895604395604397,77.71205807232161,10,4,London,bull,trending,0.5049977557699852,5
LTC-USDT-SWAP,2026-07-17 14:00:00+00:00,190.32500000000005,1,r023_master_trades.csv,98.0,0.5342065801502527,1.3293241367205924,0.032996484553845885,0.06333842780970592,0.03047400567245054,44.964657307201605,14.120682657082265,0.38357400722022045,0.23529411764705144,70.58823529411777,13,4,London,bull,ranging,0.48910835595931396,6
LTC-USDT-SWAP,2026-07-17 18:00:00+00:00,-167.83113872188267,0,r023_master_trades.csv,90.0,0.5317249039223036,0.5553942439181608,0.03138879650154292,0.7643221276812634,0.0030714754186229763,51.8590753429865,11.359538903574299,0.8249721293199498,0.3513513513513607,53.47593582887708,17,4,NY,flat,ranging,0.5114487788393245,6
AVAX-USDT-SWAP,2026-07-17 18:00:00+00:00,-131.95572902702648,0,r023_master_trades.csv,71.0,0.531937971413361,1.9272183623149155,0.023999255379698835,-0.07836377731060014,-0.1667939599397794,59.23160841519884,29.171791683531367,1.845074717901806,0.6694214876032993,13.74045801526704,17,4,NY,bear,trending,0.3879130733466168,1
LINK-USDT-SWAP,2026-07-17 18:00:00+00:00,-156.73138379297404,0,r023_master_trades.csv,82.0,0.45509279134184094,0.8997727928761808,0.036934018747696334,1.1022969889175513,0.04278125196156333,46.84613931339039,34.119201332388215,1.2036474164133764,0.6262626262626189,48.780487804877836,17,4,NY,bull,trending,0.3939264222505623,6
BTC-USDT-SWAP,2026-07-17 18:00:00+00:00,183.08834098360657,1,r023_master_trades.csv,90.0,0.3480410084614395,1.6729296434790768,0.024158045043316576,0.5660779080573137,-0.0643810784716262,59.851379327530225,27.499481199096472,0.6264887367331403,0.3108990457056612,11.667545246881277,17,4,NY,bear,trending,0.45247419325610916,1
ETH-USDT-SWAP,2026-07-17 18:00:00+00:00,-142.5109986915152,0,r023_master_trades.csv,74.0,0.43421205165303933,1.290481513766519,0.03122460972969949,0.8211881586531553,0.02413321655025639,46.654281849523024,39.546012930169155,0.7890965171851936,0.3494475138121505,48.44506755034409,17,4,NY,bull,trending,0.4402428109605144,6
LTC-USDT-SWAP,2026-07-17 18:00:00+00:00,182.49548387096743,1,r032_all_variants_trades.csv,90.0,0.5317249039223036,0.5553942439181608,0.03138879650154292,0.7643221276812634,0.0030714754186229763,51.8590753429865,11.359538903574299,0.8249721293199498,0.3513513513513607,53.47593582887708,17,4,NY,flat,ranging,0.5114487788393245,6
LTC-USDT-SWAP,2026-07-17 19:00:00+00:00,150.81090909090884,1,r023_master_trades.csv,87.0,0.5230599658139801,0.38595412026628545,0.03129632251683615,0.9343782963855084,0.018227028171301497,53.49189007407916,11.06577048808029,0.5345211581291646,0.20833333333332593,49.197860962567006,18,4,NY,flat,ranging,0.4938945708692565,6
AVAX-USDT-SWAP,2026-07-17 19:00:00+00:00,-127.5888747441852,0,r023_master_trades.csv,72.0,0.5164234776913746,1.4780443222586035,0.028610447458535537,0.3275378290769984,-0.1416792366561642,62.00320793135988,27.300911352175703,0.9403913241316455,0.5806451612903216,10.28368794326238,18,4,NY,bear,trending,0.3864053713578084,1
LINK-USDT-SWAP,2026-07-17 19:00:00+00:00,-138.92190289473135,0,r023_master_trades.csv,76.0,0.44064333320551347,0.39203178713246006,0.03261629375097961,1.2492827931904233,0.05115810362753465,48.65079593810352,33.21261855289669,0.801944106925868,0.0757575757575888,35.789473684210336,18,4,NY,bull,trending,0.45346279462614375,6
BTC-USDT-SWAP,2026-07-17 19:00:00+00:00,-131.2907896521723,0,r023_master_trades.csv,92.0,0.3477261865281255,0.8552390006228849,0.025935421071001916,0.8805974112362759,-0.0423971106340582,63.14370973723147,26.198546677727617,1.0117451158344348,0.7061911378724693,7.291215923842638,18,4,NY,bear,trending,0.4001538476450336,1
ETH-USDT-SWAP,2026-07-17 19:00:00+00:00,181.60336633663383,1,r023_master_trades.csv,72.0,0.4273453131998353,0.6339927083627837,0.027921053965708393,0.9835452432332087,0.03297535185453049,48.70797139603021,37.937483729178396,1.1200408076883475,0.37693798449612087,35.85405325879047,18,4,NY,bull,trending,0.49595206301543987,6
AVAX-USDT-SWAP,2026-07-18 00:00:00+00:00,-123.58004776000038,0,r023_master_trades.csv,33.0,0.4823158251169792,0.4104044891206592,0.03323805477586259,-0.1947866584053026,-0.06718318705090294,56.1142416725065,20.53308508560636,0.44234289200732024,0.37931034482759146,23.049645390071056,23,4,NY,bear,mixed,0.46816854609087377,4
PEPE-USDT-SWAP,2026-07-18 01:00:00+00:00,-118.2115,0,r034_trade_log.csv,3.0,0.49814340150837716,0.7114178831988301,0.023288512065203118,0.6216481691156934,0.016371734930409013,55.307928483786824,11.062916494734532,0.7664233576642293,0.23809523809523714,21.428571428571537,0,5,Asia,flat,ranging,0.5409472727556,4
LINK-USDT-SWAP,2026-07-18 02:00:00+00:00,-178.05851515788814,0,r023_master_trades.csv,4.0,0.29368669406045517,0.37759491566749925,0.022791502014181095,1.2847020474952664,0.12054750335535036,50.68198180806576,26.09382756971468,0.31518971996605405,0.07692307692303488,11.498257839721074,1,5,Asia,bull,trending,0.45221141742375337,4
LTC-USDT-SWAP,2026-07-18 03:00:00+00:00,187.73599999999988,1,r032_all_variants_trades.csv,55.00000000000001,0.36459873219913397,1.6060932122311538,0.030382373653782557,2.0865048211797053,0.11946035961567834,64.87894700730307,14.479914009108304,0.7059342598720344,0.75,1.9480519480520229,2,5,Asia,bull,ranging,0.5638048090168902,4
LTC-USDT-SWAP,2026-07-18 03:00:00+00:00,-138.91040028571342,0,r023_master_trades.csv,55.00000000000001,0.36459873219913397,1.6060932122311538,0.030382373653782557,2.0865048211797053,0.11946035961567834,64.87894700730307,14.479914009108304,0.7059342598720344,0.75,1.9480519480520229,2,5,Asia,bull,ranging,0.5638048090168902,4
ETH-USDT-SWAP,2026-07-18 09:00:00+00:00,-162.70564407183286,0,r023_master_trades.csv,1.0,0.17781078739999942,0.41155417657009147,0.014946719129988654,0.911442925400949,0.0764716502420551,52.20339625013657,21.723104802403522,0.16763322501369374,0.2006472491909821,17.069968111048784,8,5,London,bull,mixed,0.49083941791870517,4
LINK-USDT-SWAP,2026-07-18 13:00:00+00:00,-148.1093881290264,0,r023_master_trades.csv,2.0,0.17171474297591952,3.117119537890338,0.009261439932009143,1.8150910118633532,0.12811923838369946,61.21209230572067,15.555878306138196,0.482975126780982,0.4999999999999778,12.781954887217722,12,5,London,bull,ranging,0.590916234653363,4
LTC-USDT-SWAP,2026-07-18 13:00:00+00:00,167.64941176470484,1,r023_master_trades.csv,5.0,0.1995124485272223,2.11263342729986,0.020445031959712767,2.1916561930473177,0.18227335785925153,65.5015361678758,23.790004793762442,0.4174906613930955,0.7894736842105283,9.574468085106012,12,5,London,bull,mixed,0.5608712392816464,4
BTC-USDT-SWAP,2026-07-18 13:00:00+00:00,-173.5514256326511,0,r023_master_trades.csv,2.0,0.18255359980966773,2.0884242401664306,0.00576564584195363,0.7295721495126407,0.045968666722996716,63.77874943618656,10.597800411426286,0.131483609834095,0.6472684085510912,22.10249342187698,12,5,London,bull,ranging,0.5974240504613563,4
BTC-USDT-SWAP,2026-07-18 13:00:00+00:00,161.0990936555888,1,r029_fvg_low_atr_1h_9sym_trades.csv,2.0,0.18255359980966773,2.0884242401664306,0.00576564584195363,0.7295721495126407,0.045968666722996716,63.77874943618656,10.597800411426286,0.131483609834095,0.6472684085510912,22.10249342187698,12,5,London,bull,ranging,0.5974240504613563,4
LTC-USDT-SWAP,2026-07-18 14:00:00+00:00,157.6399999999985,1,r023_master_trades.csv,4.0,0.2007216370661904,1.7782071861662871,0.02079331350600383,2.368665742114755,0.1853283954424361,67.59444845676,25.207016085118962,0.591197722793948,0.6296296296296452,8.737864077670224,13,5,London,bull,trending,0.5901012224626039,4
LTC-USDT-SWAP,2026-07-18 15:00:00+00:00,191.93942857142855,1,r023_master_trades.csv,28.999999999999996,0.3055551756999132,6.72748777708196,0.02715400215349452,3.5619712369909218,0.2024019693805969,76.84094130191397,27.902617764420306,0.4807692307692283,0.45454545454546336,13.872832369941927,14,5,London,bull,trending,0.5538767097102404,7
LTC-USDT-SWAP,2026-07-18 16:00:00+00:00,112.9813933362144,1,r023_master_trades.csv,52.0,0.31274483254779345,4.660471718409843,0.030783309193391683,3.326154213795178,0.2188569136127549,73.16212231819698,30.550752129539106,2.008205571150939,0.5913978494623704,26.03550295857978,15,5,London,bull,trending,0.5285076184744933,7
LTC-USDT-SWAP,2026-07-18 17:00:00+00:00,-107.19876881034408,0,r023_master_trades.csv,87.0,0.49799134585182925,5.686648456189333,0.04423052403031839,5.370645620307616,0.2554238936208465,82.55581648961123,33.59570596853302,1.1250540891388923,0.1923076923076965,3.097345132743378,16,5,NY,bull,trending,0.4506764247631787,7
LINK-USDT-SWAP,2026-07-18 17:00:00+00:00,164.3814285714269,1,r023_master_trades.csv,8.0,0.2860752434502104,2.0080441704803262,0.01118373780562443,1.44929214081069,0.13633985519466355,53.323753555017895,13.585309672144426,0.6045949214026474,0.9000000000000178,40.90909090909122,16,5,NY,bull,ranging,0.6140631258776544,4
BTC-USDT-SWAP,2026-07-18 17:00:00+00:00,165.16597659766046,1,r023_master_trades.csv,4.0,0.10297600706162617,1.7186168258766625,0.006221396297979611,0.8544991298157907,0.05553041034323979,65.43705001897465,11.159755366450863,0.21000733309409536,0.04383358098069479,3.6626723943034727,16,5,NY,bull,ranging,0.5429440539650146,4
LTC-USDT-SWAP,2026-07-18 18:00:00+00:00,-119.7408224186038,0,r023_master_trades.csv,100.0,0.49949960403255145,3.8458147228929978,0.055982230067873215,5.955146233333535,0.29695949878553524,84.37307459421599,36.84082170654206,2.586938083121287,0.7704918032786874,14.186851211072543,17,5,NY,bull,trending,0.46524990778492437,3
ETH-USDT-SWAP,2026-07-18 18:00:00+00:00,175.64785169029463,1,r023_master_trades.csv,3.0,0.12903027923476232,2.388212756976792,0.006035474034966072,1.124680748551044,0.07931367084453039,59.06310458014188,15.32510564236274,0.3305767208956954,0.35901639344263725,4.937601736299939,17,5,NY,bull,ranging,0.6395163567530933,4
BTC-USDT-SWAP,2026-07-18 18:00:00+00:00,161.9136966126665,1,r023_master_trades.csv,6.0,0.11493309742893718,2.929278722026475,0.00870374708123543,1.1085542257742593,0.062270038014972225,70.29098288181322,12.472713536626586,0.3707293395790564,0.779269827947943,2.4582104228121753,17,5,NY,bull,ranging,0.5995821259362758,4
ETH-USDT-SWAP,2026-07-18 19:00:00+00:00,171.46372448979562,1,r023_master_trades.csv,9.0,0.13461009471555882,3.891372260448843,0.00826227059084693,1.371200232121047,0.08393864948609937,63.63764539742459,16.99667338246179,0.5448899689483,0.6432111000990997,35.615251299826596,18,5,NY,bull,ranging,0.6277770971491023,4
BTC-USDT-SWAP,2026-07-18 19:00:00+00:00,166.60175483870967,1,r029_fvg_low_atr_1h_9sym_trades.csv,7.000000000000001,0.10424157169884364,2.476296411805044,0.010637334478678382,1.142125852164454,0.0694762627295861,71.03701888523631,14.377001429293061,0.33934439965367996,0.7727480566986585,21.2816954711749,18,5,NY,bull,ranging,0.6101162015508226,4
ADA-USDT-SWAP,2026-07-18 19:00:00+00:00,183.38,1,r034_trade_log.csv,1.0,0.3590558040780424,0.6859045915793558,0.028062970276662564,0.39671264193732353,0.040450176886137924,50.65970263081621,17.960640247090744,0.8479709267110916,0.7142857142857086,68.33333333333347,18,5,NY,bull,ranging,0.6242104719868122,5
LINK-USDT-SWAP,2026-07-18 20:00:00+00:00,154.44363636363687,1,r023_master_trades.csv,7.000000000000001,0.28986354830786215,0.583592870354836,0.013804158200484154,1.9582768575884197,0.15830581762964405,59.91931514147897,15.058539823947616,0.7939372067845417,0.2727272727272874,16.778523489932027,19,5,NY,bull,ranging,0.580834956505369,4
LINK-USDT-SWAP,2026-07-18 20:00:00+00:00,-135.5764480000023,0,r029_fvg_low_atr_1h_9sym_trades.csv,7.000000000000001,0.28986354830786215,0.583592870354836,0.013804158200484154,1.9582768575884197,0.15830581762964405,59.91931514147897,15.058539823947616,0.7939372067845417,0.2727272727272874,16.778523489932027,19,5,NY,bull,ranging,0.580834956505369,4
ETH-USDT-SWAP,2026-07-19 00:00:00+00:00,-161.87954853472198,0,r023_master_trades.csv,4.0,0.13429293679885726,0.5364499436948245,0.0155812964653565,1.5810435159016047,0.12267170094715658,66.66444412546949,24.875941206921638,0.3350209656549826,0.4102564102564009,21.85573366214536,23,5,NY,bull,mixed,0.5019854727840263,4
AVAX-USDT-SWAP,2026-07-19 03:00:00+00:00,-125.22301536170232,0,r023_master_trades.csv,3.0,0.26721700179105085,1.6027708552501507,0.013440709040415047,0.39856185629512314,-0.02479565054319214,62.42057823825211,13.521944548377867,0.2282757571146031,0.2,11.999999999999744,2,6,Asia,bear,ranging,0.4732858621648721,4
ETH-USDT-SWAP,2026-07-19 03:00:00+00:00,-124.98676881879078,0,r023_master_trades.csv,12.0,0.18978301348056956,3.2196992939975404,0.01882084508464,2.0156285230339943,0.14918277052068946,71.03342491016829,29.16406342156373,0.178666566211578,0.6746987951806923,15.418828762045973,2,6,Asia,bull,trending,0.46552527605378385,7
ETH-USDT-SWAP,2026-07-19 04:00:00+00:00,129.55411965152342,1,r023_master_trades.csv,13.0,0.1987755523967195,1.2581636252627322,0.01954005217202499,1.767410129131813,0.1556531482110192,64.63122899932901,31.264416081934044,1.0504426292605789,0.6320610687022908,25.846305905609167,3,6,Asia,bull,trending,0.6029436769735522,4
LINK-USDT-SWAP,2026-07-19 05:00:00+00:00,-171.4014365714309,0,r023_master_trades.csv,3.0,0.320369653670376,0.34282794003523825,0.018818182938819573,1.9513472416816748,0.20662471341398614,56.748176692159284,26.090637305357312,0.5155257163409788,0.5581395348837286,26.842105263158047,4,6,Asia,bull,trending,0.5388327727389136,4
SUI-USDT-SWAP,2026-07-19 08:00:00+00:00,174.3543,1,r034_trade_log.csv,1.0,0.321287188819939,1.9827311281923239,0.020887384988023377,0.665501353462935,0.052177943154803605,57.41916334147661,23.038467174539754,0.6305339415079203,0.8936170212765847,18.674698795180607,7,6,Asia,bull,mixed,0.5826611214824574,4
LTC-USDT-SWAP,2026-07-19 10:00:00+00:00,156.6984615384624,1,r023_master_trades.csv,51.0,0.6418699824595664,0.3951072669194369,0.02348308256667212,3.731191914787462,0.4200762581465732,55.59852485059623,41.37821887392154,0.6187326648175787,0.6551724137931221,48.214285714285595,9,6,London,bull,trending,0.5931982996432257,5
XRP-USDT-SWAP,2026-07-19 11:00:00+00:00,-149.2490805999952,0,r023_master_trades.csv,4.0,0.18029649957271204,0.5244963197001447,0.010278377953990515,0.1719937575648769,0.002701438691482403,59.21774418783854,32.244395399061816,0.4110339788089102,0.6222222222222101,14.685314685314644,10,6,London,flat,trending,0.4956463244918384,4
BTC-USDT-SWAP,2026-07-19 11:00:00+00:00,-176.0075083796424,0,r005_attribution_trades.csv,6.0,0.12489867543219142,0.9097537118749512,0.011264613473015776,1.0557699661506565,0.1292523103025408,55.32559621184785,36.283083351161366,0.3511911037789093,0.8410596026490066,40.50632911392442,10,6,London,bull,trending,0.531487206577522,5
SOL-USDT-SWAP,2026-07-19 11:00:00+00:00,-136.9611743783758,0,r023_master_trades.csv,23.0,0.21008363589325713,1.151093643794066,0.020722913101844417,-0.08610858044733319,-0.038117663239554025,66.09857249022392,36.60454068455041,0.5265929436545439,0.7000000000000177,17.877094972066736,10,6,London,bear,trending,0.4723752913819952,4
LINK-USDT-SWAP,2026-07-19 11:00:00+00:00,-131.24188149999637,0,r023_master_trades.csv,5.0,0.2568402898274576,0.9137241641673587,0.013222395505555947,2.0858247637693483,0.19955359242115017,57.76553925229749,30.683380239918066,0.52821128451379,0.9090909090909164,21.428571428571157,10,6,London,bull,trending,0.5712093737337366,4
ETH-USDT-SWAP,2026-07-19 11:00:00+00:00,-139.78846751421477,0,r005_attribution_trades.csv,18.0,0.2139757150507306,1.8284362887595649,0.017759250017126783,1.9111718760207859,0.1798097331525928,63.700262673593684,41.42731309637343,0.4744011021114821,0.8112994350282641,21.202130357595575,10,6,London,bull,trending,0.5040713797637162,7
LTC-USDT-SWAP,2026-07-19 12:00:00+00:00,131.61908819769133,1,r023_master_trades.csv,50.0,0.6033669240002841,0.8714304278159719,0.01496134189493868,3.978091064267476,0.41625816323207887,57.604038517270084,41.549037620632305,0.6167588260314741,0.827586206896561,50.27027027027021,11,6,London,bull,trending,0.6273867147359208,5
SOL-USDT-SWAP,2026-07-19 13:00:00+00:00,168.4317241379317,1,r023_master_trades.csv,28.999999999999996,0.21804626846995928,1.6117323803812462,0.01742508926148171,-0.3801792824590225,-0.03441755061157817,58.731151263954644,36.90286526878704,0.48671402262561214,0.5675675675676038,35.714285714285715,12,6,London,bear,trending,0.48916488845452427,4
XRP-USDT-SWAP,2026-07-19 13:00:00+00:00,-141.80816519149198,0,r023_master_trades.csv,7.000000000000001,0.16726956145952085,1.317391505939411,0.006916920255572263,-0.03849795899896469,0.0038926996978313126,53.480841024098346,30.326684712596006,0.2827693149685196,0.2903225806451405,35.77235772357697,12,6,London,flat,trending,0.4400079132427564,4
ETH-USDT-SWAP,2026-07-19 13:00:00+00:00,-154.24475868820758,0,r023_master_trades.csv,24.0,0.21328774474628187,1.813671748293633,0.013046408659610993,1.7809908436220503,0.1823091375176903,61.14643965221563,42.08575114839153,0.49451753799765835,0.10162162162162752,27.040816326530436,12,6,London,bull,trending,0.46915791075681157,7
LINK-USDT-SWAP,2026-07-19 13:00:00+00:00,-148.33001122580055,0,r023_master_trades.csv,6.0,0.22841284480816224,1.3162528701251133,0.008912558326085885,1.8036400489364743,0.19622072539335692,53.53947503251331,28.372295303601792,0.335208906979534,0.3928571428571723,39.370078740156984,12,6,London,bull,trending,0.5209259419546651,4
LTC-USDT-SWAP,2026-07-19 14:00:00+00:00,-124.2084420571433,0,r023_master_trades.csv,56.00000000000001,0.425011336422825,1.891288151388634,0.012947253894911713,4.725322642455277,0.41474479233955225,63.93683315120268,42.36486160689328,0.6796941376380635,0.4375000000000014,30.5263157894735,13,6,London,bull,trending,0.538628563642752,7
BTC-USDT-SWAP,2026-07-19 15:00:00+00:00,-166.27980021485473,0,r023_master_trades.csv,20.0,0.11281198890414779,1.0954571197859873,0.007529893204156028,1.0207813519509976,0.10823223112787735,55.202492975822615,29.333340182501093,0.33762344745191825,0.15349264705883126,53.922542204567705,14,6,London,bull,trending,0.44321587295241727,5
SOL-USDT-SWAP,2026-07-19 15:00:00+00:00,-135.1288004615369,0,r023_master_trades.csv,32.0,0.2252890871531912,1.7933545127080233,0.016323839891539748,0.11958982057823234,-0.026066881548355625,66.32401923325926,36.843948995470015,0.3680820297094796,0.24999999999997463,18.493150684932107,14,6,London,bear,trending,0.3794699733671177,4
XRP-USDT-SWAP,2026-07-19 15:00:00+00:00,-131.75715254838894,0,r023_master_trades.csv,15.0,0.166238933509507,2.3802290000191215,0.006430799103834614,0.26153396216886693,0.005365448198322019,59.407286900855304,27.995371463082705,0.3199853720972809,0.3142857142856744,26.54867256637104,14,6,London,flat,trending,0.46109856918848685,4
XRP-USDT-SWAP,2026-07-19 16:00:00+00:00,-140.05389064065668,0,r023_master_trades.csv,12.0,0.16119707919348097,0.9526218072097414,0.006503571105086365,0.17757942451587194,0.006583880060099738,57.21705800449103,27.84036778208735,0.8468402841012442,0.47311827956989505,35.454545454545915,15,6,London,flat,trending,0.5372913777080289,4
ADA-USDT-SWAP,2026-07-19 16:00:00+00:00,-122.89,0,r034_trade_log.csv,10.0,0.35859774799147637,0.7563099980788289,0.01991836136305415,0.8239208677037061,0.04792711259234656,53.074320784363394,15.015021437358472,1.2612612612612724,0.5238095238095276,59.09090909090906,15,6,London,bull,ranging,0.46702064206286636,5
ETH-USDT-SWAP,2026-07-19 18:00:00+00:00,-132.71362580644842,0,r005_attribution_trades.csv,33.0,0.20869225916502496,2.2422775652021256,0.008977898276235689,1.5026637618828442,0.17811370770929558,53.4840227483444,39.088316500735374,0.4426865607648932,0.5217917675544734,57.034859302813764,17,6,NY,bull,trending,0.4670034895432675,5
SOL-USDT-SWAP,2026-07-19 18:00:00+00:00,177.65951219512178,1,r023_master_trades.csv,36.0,0.2531584659625078,1.529516944588306,0.012936129323169013,-0.47131888658214643,-0.027416606497671525,52.898387659354704,34.94249663627342,0.5800158186132319,0.6590909090909267,55.3030303030303,17,6,NY,bear,trending,0.5263285464801619,5
LTC-USDT-SWAP,2026-07-19 18:00:00+00:00,-115.13349249999877,0,r023_master_trades.csv,66.0,0.38038753670900455,1.1659698241747325,0.016740064798488222,4.867550923068801,0.43196322724753544,64.8923367629051,43.49313483081614,0.7000424268137577,0.09090909090909287,5.813953488371766,17,6,NY,bull,trending,0.4118521479539761,7
LTC-USDT-SWAP,2026-07-19 20:00:00+00:00,-126.6692138124992,0,r023_master_trades.csv,70.0,0.3807157632841332,0.9285011153433882,0.021578005968239652,5.138601982767054,0.4540692847935375,67.24668476837405,44.22063701452187,1.0752688172042968,0.05882352941176716,0.0,19,6,NY,bull,trending,0.3819439343401575,7
ETH-USDT-SWAP,2026-07-19 21:00:00+00:00,-164.4817879461513,0,r023_master_trades.csv,35.0,0.22504005917525519,0.4931656468473493,0.008734349898145114,1.475749351164604,0.16130794200085555,53.678888311109134,32.36922421206123,0.45927740355174285,0.16959064327483342,44.90413723511571,20,6,NY,bull,trending,0.47040769773251623,5
LINK-USDT-SWAP,2026-07-19 21:00:00+00:00,-145.49182000000226,0,r023_master_trades.csv,14.000000000000002,0.24094670393681264,0.8211121728690022,0.007633581212548421,1.885482769843861,0.17267832572620956,56.24167523775745,20.51723895439801,0.42001680067202857,0.5142857142857317,27.58620689655183,20,6,NY,bull,mixed,0.5592232489590184,4
LINK-USDT-SWAP,2026-07-19 21:00:00+00:00,184.4406,1,r034_trade_log.csv,14.000000000000002,0.24094670393681264,0.8211121728690022,0.007633581212548421,1.885482769843861,0.17267832572620956,56.24167523775745,20.51723895439801,0.42001680067202857,0.5142857142857317,27.58620689655183,20,6,NY,bull,mixed,0.5592232489590184,4
XRP-USDT-SWAP,2026-07-19 21:00:00+00:00,-189.5765019999879,0,r023_master_trades.csv,14.000000000000002,0.1889542405267701,0.6005648368085796,0.006040959824572226,0.10157567767215371,-0.002617536032056113,54.91465930494007,22.02502798791574,0.2924511058307523,0.7187499999999697,36.92307692307655,20,6,NY,flat,mixed,0.4970254426057015,4
BTC-USDT-SWAP,2026-07-19 21:00:00+00:00,-151.92297467039438,0,r023_master_trades.csv,24.0,0.10795588066681912,0.39662437871734857,0.007559530138448097,0.8859122011398092,0.08815230557864055,52.028098438303545,24.680129200755125,0.19851155138562532,0.2658326817826397,61.356220740530446,20,6,NY,bull,mixed,0.4247013795546146,5
ADA-USDT-SWAP,2026-07-19 21:00:00+00:00,-116.5184,0,r034_trade_log.csv,14.000000000000002,0.39212674776808487,0.6297402475100893,0.020261707370850892,0.984953325968173,0.04656280834500173,55.66278219970136,12.901300661006502,0.7836045810729328,0.6923076923076824,45.09803921568626,20,6,NY,bull,ranging,0.5131481273635567,4
ETH-USDT-SWAP,2026-07-19 23:00:00+00:00,-124.62238175146996,0,r023_master_trades.csv,41.0,0.2083892753849213,1.9996558562749664,0.008009602825120607,1.6185427599057303,0.15289671719289308,56.19463519875823,29.128817675029044,0.6098806031101176,0.47929515418503066,34.30877901110003,22,6,NY,bull,trending,0.5058421342267635,4
XRP-USDT-SWAP,2026-07-19 23:00:00+00:00,-135.78151839999728,0,r023_master_trades.csv,38.0,0.2131639928452092,1.6995765562202274,0.006340857550121594,0.15730862875079443,-0.004075677055758535,55.04651319245549,20.119710145059386,0.5217391304347861,0.6842105263157874,32.30769230769241,22,6,NY,flat,mixed,0.5240336403911936,4
BTC-USDT-SWAP,2026-07-19 23:00:00+00:00,-135.0522984854873,0,r023_master_trades.csv,39.0,0.14372222286048786,2.12573134267247,0.00697799882492879,1.0803471951872958,0.08905930873896237,57.85197809670114,23.837827390546586,0.3373414634903924,0.569521178637195,35.401171071371515,22,6,NY,bull,mixed,0.4633392588317178,4
LINK-USDT-SWAP,2026-07-19 23:00:00+00:00,180.93132075471664,1,r023_master_trades.csv,33.0,0.24833870291702775,2.8871641348532338,0.007655986037438519,1.9236995841415978,0.1694650512311136,56.21242819225119,20.33045271783236,0.7442083783459509,0.5161290322580553,30.232558139534753,22,6,NY,bull,mixed,0.5945384872466786,4
ETH-USDT-SWAP,2026-07-20 00:00:00+00:00,169.6569582772537,1,r023_master_trades.csv,43.0,0.20323493139428547,0.8800252807559378,0.008162292302423775,1.693629891446196,0.15148284172189036,57.73066971908111,27.79980308645121,1.088462299623981,0.42211302211302,28.590649175916568,23,6,NY,bull,trending,0.5454719373197818,4
SOL-USDT-SWAP,2026-07-20 00:00:00+00:00,181.56080000000003,1,r023_master_trades.csv,46.0,0.26783868575126024,1.3520663140090974,0.009474281645387179,0.10348848486429979,-0.03509197792123188,59.3406528090676,25.305095777239362,1.0913872452334157,0.38554216867468477,22.627737226277464,23,6,NY,bear,trending,0.5315818469506792,4
XRP-USDT-SWAP,2026-07-20 00:00:00+00:00,168.53142857142842,1,r023_master_trades.csv,36.0,0.20883997138546356,0.8229217923048191,0.006474980199251715,0.17381885884499162,-0.0009464685355544414,55.36228711249788,19.342840118440552,0.8751139471285372,0.4791666666666575,30.769230769231033,23,6,NY,flat,mixed,0.5604340816963989,4
LINK-USDT-SWAP,2026-07-20 00:00:00+00:00,175.35024390243925,1,r023_master_trades.csv,31.0,0.24143349117025006,1.1516421031769084,0.008469468387587954,2.048826782333128,0.17272573403026684,58.10541183986753,20.54876655716645,1.0992950173258305,0.41304347826087795,20.93023255813902,23,6,NY,bull,mixed,0.5737172476609541,4
BTC-USDT-SWAP,2026-07-20 00:00:00+00:00,-171.93975437500245,0,r023_master_trades.csv,39.0,0.1414730129221702,0.7617861934218657,0.007019875369576281,1.1541422694575156,0.09205048604742373,59.973545850302145,24.31368458780053,0.8577576405399929,0.46798917944093776,26.74473809147011,23,6,NY,bull,mixed,0.5200542478280525,4
SOL-USDT-SWAP,2026-07-20 01:00:00+00:00,-130.48895679999976,0,r023_master_trades.csv,50.0,0.2713183163027153,3.614070743044138,0.011008307298692335,0.3361301033989806,-0.032916383877230795,62.04212954095535,25.95082504510104,0.9300497773120355,0.40845070422535634,31.868131868131893,0,0,Asia,bear,trending,0.38906104652880236,1
LTC-USDT-SWAP,2026-07-20 01:00:00+00:00,-114.84062705263187,0,r023_master_trades.csv,97.0,0.37149988582248417,2.425672825477565,0.023484428233342267,4.330368377344815,0.45929407975538133,56.697588280064124,42.68897964697988,0.8501594048884287,0.8250000000000017,40.495867768595176,0,0,Asia,bull,trending,0.31384583388105924,6
LINK-USDT-SWAP,2026-07-20 02:00:00+00:00,151.78857142857325,1,r023_master_trades.csv,49.0,0.24751327169595874,3.5879923564306804,0.012385252523873307,2.426025252687734,0.18144538852447067,63.210806347052824,24.909036475867893,1.3680704258862741,0.21739130434782877,45.84980237154135,1,0,Asia,bull,mixed,0.4351488648602373,1
XRP-USDT-SWAP,2026-07-20 02:00:00+00:00,131.47340571115686,1,r023_master_trades.csv,49.0,0.2097064321704097,2.142370066682679,0.00647693326418696,0.07238516220724271,-0.004356120740159089,53.1036645776613,21.319150485397437,1.232201533406359,0.11851851851852133,60.10101010101009,1,0,Asia,flat,mixed,0.4894111519298627,6
AVAX-USDT-SWAP,2026-07-20 03:00:00+00:00,-110.70511719999934,0,r023_master_trades.csv,88.0,0.5741621659047883,3.155849856473916,0.03284840608592343,0.7203699467201341,-0.15959249267771966,65.68977485507158,20.771979629124985,1.4285714285714282,0.2795698924731162,5.284552845528425,2,0,Asia,bear,mixed,0.36501970299493086,1
BTC-USDT-SWAP,2026-07-20 03:00:00+00:00,-146.92501855586738,0,r023_master_trades.csv,47.0,0.1672450795581864,1.8099967775497399,0.007057123940436182,1.275451398867053,0.09415922715921558,61.332770935025515,28.7765900723094,0.8428792569659442,0.12800734618915902,34.08156070043478,2,0,Asia,bull,trending,0.38985541404953783,1
SOL-USDT-SWAP,2026-07-20 05:00:00+00:00,-176.29237599998874,0,r023_master_trades.csv,78.0,0.3356606203726213,1.173806263488202,0.016838939288524517,0.1747002557605095,0.003790830851296146,55.44598211841611,28.783102559460453,0.7430582714118205,0.36842105263158814,46.19047619047626,4,0,Asia,flat,trending,0.34363698079227667,6
SOL-USDT-SWAP,2026-07-20 08:00:00+00:00,186.82228571428573,1,r023_master_trades.csv,92.0,0.39423311982488723,0.9280645343649482,0.018261724554634,-0.12437097186629395,0.0032159109608842686,51.70368150053808,23.721462513137098,0.7541677692511345,0.5263157894736724,57.61904761904748,7,0,Asia,flat,mixed,0.46525005568421646,6
LINK-USDT-SWAP,2026-07-20 10:00:00+00:00,-118.77587822499788,0,r023_master_trades.csv,76.0,0.41658216670842746,0.8313127586644214,0.021829432558594694,2.0507977547059384,0.20090447501504485,54.57216145275629,23.261396346934884,0.9364869732260916,0.33333333333332577,52.96442687747047,9,0,London,bull,mixed,0.3818979646275771,6
LINK-USDT-SWAP,2026-07-20 11:00:00+00:00,82.85646217987437,1,r023_master_trades.csv,65.0,0.4119425570080513,0.4245338411489328,0.022014386307236705,1.98187343476607,0.19740532659832016,54.039060108741566,22.772292807569535,1.1550369135508398,0.7216494845360889,54.54545454545448,10,0,London,bull,mixed,0.487001868263246,6
ETH-USDT-SWAP,2026-07-20 11:00:00+00:00,164.4118354430376,1,r023_master_trades.csv,57.99999999999999,0.3432915953215466,0.667754885425721,0.015412528176777724,1.3682242355861394,0.12669083379304844,52.567173616783485,21.9926526985014,0.5313296659063513,0.3545454545454504,46.48166501486625,10,0,London,bull,mixed,0.4801134882984077,6
LTC-USDT-SWAP,2026-07-20 11:00:00+00:00,-121.03240254999812,0,r023_master_trades.csv,97.0,0.462859391087176,0.48128446654019086,0.02614076034193794,3.2081810440043026,0.3190667249636892,50.609905005024785,28.305639132137504,0.8777563690858567,0.6097560975609702,55.92105263157918,10,0,London,bull,trending,0.3905883296422717,6
AVAX-USDT-SWAP,2026-07-20 12:00:00+00:00,-113.42979924999985,0,r023_master_trades.csv,100.0,0.6953362103563389,1.4561251307087408,0.04020542080222909,0.8838309417847587,-0.034086685937278025,60.81916977357581,20.032355758610116,0.5045871559633084,0.3939393939393866,9.398496240601636,11,0,London,bear,mixed,0.41191477693495476,1
LTC-USDT-SWAP,2026-07-20 12:00:00+00:00,-121.20338544999989,0,r023_master_trades.csv,98.0,0.49284298467003324,1.7001091755871052,0.02654970287100657,4.022338607895552,0.3223466088590705,57.12476597206701,27.861109035312218,0.8934269304403355,0.7142857142857046,30.263157894736974,11,0,London,bull,trending,0.294207257821588,6
SOL-USDT-SWAP,2026-07-20 12:00:00+00:00,-116.80052090243842,0,r023_master_trades.csv,96.0,0.44281869143702673,2.032928436818955,0.0214514270213175,1.0833056114364323,0.01220481877247154,62.36514524454801,22.679646190122288,0.45859538784068204,0.3142857142857456,13.333333333333425,11,0,London,flat,mixed,0.3065440163993119,1
DOGE-USDT-SWAP,2026-07-20 12:00:00+00:00,-117.36466935999816,0,r023_master_trades.csv,64.0,0.43092872499577495,1.9949571153398185,0.020301674687091435,-0.019014653513085712,-0.1085610573912989,59.56383368865455,20.233085339931062,0.45744385916273494,0.36363636363635216,11.961722488038319,11,0,London,bear,mixed,0.36270236264484124,1
BTC-USDT-SWAP,2026-07-20 12:00:00+00:00,-115.87672459890406,0,r023_master_trades.csv,88.0,0.36309301420172735,2.2765600232111476,0.017245928449257587,1.4973019251890163,0.06034058985707858,60.9032516116746,24.307039308528005,0.40732120186204435,0.4033613445378051,8.583565255602533,11,0,London,bull,mixed,0.27472369514664297,1
ETH-USDT-SWAP,2026-07-20 12:00:00+00:00,-113.29424162662347,0,r023_master_trades.csv,77.0,0.43644614864731146,2.5683492677738666,0.019944785638739932,2.6621181277978736,0.13827647473322943,65.25372082279628,22.744920706431678,0.5776231263383278,0.4420759962928636,8.30357142857159,11,0,London,bull,mixed,0.35761025904838945,1
LINK-USDT-SWAP,2026-07-20 13:00:00+00:00,-149.11259228128876,0,r023_master_trades.csv,86.0,0.5098172906121422,2.176447607212607,0.02675022684649776,2.5654648218286327,0.20139548900380957,57.19083159494161,24.806166862032185,1.5404515522107272,0.8320610687022886,33.59683794466435,12,0,London,bull,mixed,0.346548029698221,6
ETH-USDT-SWAP,2026-07-20 13:00:00+00:00,-144.13359452688923,0,r023_master_trades.csv,90.0,0.4925079438013183,1.5422353990079005,0.02011187237839626,1.5654536861810997,0.13386271221701823,52.809874864771274,23.44345528522408,1.587972626628264,0.8106489184692158,43.874999999999886,12,0,London,bull,mixed,0.38360001617693046,6
BTC-USDT-SWAP,2026-07-20 13:00:00+00:00,-130.31124458869428,0,r032_all_variants_trades.csv,89.0,0.3819284121807583,1.3983338793720208,0.01739354222256172,0.9429956039634803,0.056996992563944394,53.305160196159825,24.625648483151977,1.2468678236992596,0.860634489569196,34.1218690493629,12,0,London,bull,mixed,0.345177337202617,6
ETH-USDT-SWAP,2026-07-20 15:00:00+00:00,185.088792079208,1,r005_attribution_trades.csv,100.0,0.5066380398881208,1.3511646649995386,0.019981881440584142,1.2686495052817017,0.12161508781685497,50.365282568228345,21.279988447411018,1.2713503061553375,0.4490916772285626,52.892857142856954,14,0,London,bull,mixed,0.42337759146605153,6
LTC-USDT-SWAP,2026-07-20 16:00:00+00:00,-110.4234080000004,0,r023_master_trades.csv,100.0,0.6426665701164287,1.4104158898107577,0.0273896037529742,4.011687456493913,0.2957403593835152,56.89031972650177,23.426370250478804,0.8788853161843443,0.024390243902434376,26.973684210526162,15,0,London,bull,mixed,0.2552417578020062,6
LINK-USDT-SWAP,2026-07-20 16:00:00+00:00,-107.85331385492115,0,r023_master_trades.csv,100.0,0.7254603309699864,1.8070399158682713,0.029892471460832074,3.7459054483165213,0.2050344057277565,62.877831489595884,22.538741621022357,0.9808612440191264,0.01219512195123457,4.982206405693708,15,0,London,bull,mixed,0.30168756045155204,1
AVAX-USDT-SWAP,2026-07-20 16:00:00+00:00,-114.0343167142852,0,r023_master_trades.csv,100.0,0.7420994244203303,1.7865473750055274,0.03721580075684614,0.6169642329033929,-0.03348273141395048,57.548843592270046,19.52337269629156,1.18043844856661,0.07792207792208092,17.4089068825911,15,0,London,bear,mixed,0.30545172345862354,1
SOL-USDT-SWAP,2026-07-20 16:00:00+00:00,-108.207399464285,0,r023_master_trades.csv,100.0,0.6397781802774276,2.608013026243185,0.025750345085053927,1.8740448983493991,0.02306023856617031,63.84387323493386,21.672510267708134,0.9198423127463902,0.2,7.317073170731961,15,0,London,bull,mixed,0.30691832624481874,1
XRP-USDT-SWAP,2026-07-20 16:00:00+00:00,193.03630769230773,1,r023_master_trades.csv,98.0,0.5696148434675854,2.586412707722443,0.02378916678673307,1.5478271894321975,-0.00657036924771675,63.16187943270942,18.238780395621475,0.8236478447881503,0.2555555555555487,4.166666666666222,15,0,London,flat,mixed,0.36422983463736863,1
ETH-USDT-SWAP,2026-07-20 16:00:00+00:00,-109.73703911175032,0,r023_master_trades.csv,100.0,0.6305133747071507,2.331380525923434,0.02556156314251683,3.0869959015482094,0.145760186915877,63.18522944929036,22.188435581828703,1.0206813824716954,0.29328436516265277,5.46875,15,0,London,bull,mixed,0.30515901444866367,1
DOGE-USDT-SWAP,2026-07-20 16:00:00+00:00,-112.81931217647112,0,r023_master_trades.csv,100.0,0.5490092395987339,2.5778870157441984,0.025037993015854035,0.6436894675904654,-0.0923644028422257,61.690503363387386,18.051673097806365,1.1198672749896186,0.39506172839506704,5.714285714285213,15,0,London,bear,mixed,0.30387191300413713,1
BTC-USDT-SWAP,2026-07-20 16:00:00+00:00,-109.88371872509884,0,r023_master_trades.csv,100.0,0.5470482849574962,3.4975207258475995,0.023386669901869238,2.3879994709274195,0.0684039825066736,65.07725122152539,22.629728337210466,0.7975947920290194,0.15654205607476962,7.0594746905506085,15,0,London,bull,mixed,0.2984820976468803,1
SOL-USDT-SWAP,2026-07-20 17:00:00+00:00,157.54181818181794,1,r023_master_trades.csv,99.0,0.639928673964317,1.0715560496952548,0.029339018451286468,1.738297323005566,0.049578791513610235,62.73564019588652,22.372524777379105,2.380339680905827,0.8702702702702659,10.975609756097942,16,0,NY,bull,mixed,0.43748150576315614,0
LTC-USDT-SWAP,2026-07-20 17:00:00+00:00,-136.9328340869564,0,r023_master_trades.csv,99.0,0.64294937475983,0.9218111874179217,0.026359356328483335,3.753332212907181,0.30561912575950023,55.24387192085026,23.261362572774022,1.9388830347734494,0.8586956521739183,33.55263157894732,16,0,NY,bull,mixed,0.3257069423030645,6
BTC-USDT-SWAP,2026-07-20 17:00:00+00:00,-170.03003801071102,0,r023_master_trades.csv,99.0,0.5489741924906769,1.0231675135041813,0.027000443380786936,2.2249119729155793,0.09252102869134345,63.443371251269696,23.574336942624083,2.013124964732186,0.8909848484848474,11.577941028479339,16,0,NY,bull,mixed,0.379173645911154,1
ETH-USDT-SWAP,2026-07-20 17:00:00+00:00,160.1223036649216,1,r023_master_trades.csv,99.0,0.631941413334349,1.3059804548782024,0.029022541999790093,2.8906600779283744,0.17123922249098084,61.64248204078024,23.10240855201612,2.00999211149093,0.8924646781789607,12.400854179377498,16,0,NY,bull,mixed,0.4426147328229571,0
LINK-USDT-SWAP,2026-07-20 17:00:00+00:00,161.9644444444459,1,r023_master_trades.csv,99.0,0.7271424729573844,1.1370653540518256,0.0328210665020495,3.479163329349781,0.23031421964354445,61.02835433229197,23.1120323323834,2.421052631578956,0.9178743961352686,15.932203389830113,16,0,NY,bull,mixed,0.43231052584473295,0
XRP-USDT-SWAP,2026-07-20 17:00:00+00:00,193.5754716981132,1,r032_all_variants_trades.csv,96.0,0.5692391515959547,1.4584650618861863,0.028311016149586598,1.6858118765857684,0.01993232754410147,64.10657504382365,19.221179235368332,1.8791584247437436,0.928229665071778,2.7692307692311497,16,0,NY,flat,mixed,0.38594435123147347,1
XRP-USDT-SWAP,2026-07-20 17:00:00+00:00,-148.77366473170835,0,r023_master_trades.csv,96.0,0.5692391515959547,1.4584650618861863,0.028311016149586598,1.6858118765857684,0.01993232754410147,64.10657504382365,19.221179235368332,1.8791584247437436,0.928229665071778,2.7692307692311497,16,0,NY,flat,mixed,0.38594435123147347,1
SOL-USDT-SWAP,2026-07-20 17:00:00+00:00,-108.77823636942595,0,r032_all_variants_trades.csv,99.0,0.639928673964317,1.0715560496952548,0.029339018451286468,1.738297323005566,0.049578791513610235,62.73564019588652,22.372524777379105,2.380339680905827,0.8702702702702659,10.975609756097942,16,0,NY,bull,mixed,0.43748150576315614,0
XRP-USDT-SWAP,2026-07-20 18:00:00+00:00,-144.4675588000021,0,r023_master_trades.csv,95.0,0.5611129387807577,1.1437966358812137,0.031980826629037035,1.7500715432527816,0.04263088295643809,64.62380518024996,20.318636987687583,0.45785079450579985,0.35294117647054213,6.06936416184969,17,0,NY,bull,mixed,0.30623090546569953,1
AVAX-USDT-SWAP,2026-07-20 20:00:00+00:00,160.50199999999916,1,r023_master_trades.csv,90.0,0.7450928553456504,0.685915685890583,0.028223875927192492,-0.07247040208525755,0.0017971838065420247,52.45666244564019,20.24677477242537,0.9444021325209351,0.4677419354838742,41.12149532710276,19,0,NY,flat,mixed,0.43066284732535004,6
AVAX-USDT-SWAP,2026-07-20 22:00:00+00:00,-143.74229800000035,0,r032_all_variants_trades.csv,82.0,0.7478145705473812,0.47990586380073263,0.026769516716210116,0.21045767750478153,0.0033453088864778898,54.003896794084525,21.44594262266189,0.7581501137225144,0.6400000000000028,32.24299065420552,21,0,NY,flat,mixed,0.3439274037448304,6
LTC-USDT-SWAP,2026-07-20 22:00:00+00:00,-156.88631679999577,0,r023_master_trades.csv,85.0,0.621563156988435,0.36037544302887836,0.02526517877571477,3.925059285911101,0.3258899979786321,57.20736172560622,22.17242375680565,0.9921891492505781,0.6808510638297894,13.970588235294478,21,0,NY,bull,mixed,0.26062610777098,6
AVAX-USDT-SWAP,2026-07-21 00:00:00+00:00,168.32000000000045,1,r023_master_trades.csv,72.0,0.6701965836481191,0.3289839195496058,0.024854114890324484,0.12018747998734981,0.009049498519456883,53.128105685188494,21.21638721143571,0.5799755799755839,0.7368421052631653,29.441624365482138,23,0,NY,flat,mixed,0.41392660682357096,6
AVAX-USDT-SWAP,2026-07-21 02:00:00+00:00,-123.22121305882192,0,r032_all_variants_trades.csv,61.0,0.6097024775710154,0.31258121840745084,0.02419553308774772,0.700271058411519,0.023133079674566202,57.130293563657894,22.133755990210528,0.8773256693389914,0.620689655172399,9.644670050761484,1,1,Asia,bull,mixed,0.4767524562722831,1
AVAX-USDT-SWAP,2026-07-21 02:00:00+00:00,155.78666666666618,1,r023_master_trades.csv,61.0,0.6097024775710154,0.31258121840745084,0.02419553308774772,0.700271058411519,0.023133079674566202,57.130293563657894,22.133755990210528,0.8773256693389914,0.620689655172399,9.644670050761484,1,1,Asia,bull,mixed,0.4767524562722831,1
LTC-USDT-SWAP,2026-07-21 03:00:00+00:00,170.012631578947,1,r023_master_trades.csv,61.0,0.62053559391045,0.24958805778171983,0.026064184832924678,3.269725444033124,0.34098546489231263,52.83410510856009,20.070123511042706,0.4869786152869024,0.5217391304347934,30.827067669173086,2,1,Asia,bull,mixed,0.485157711813433,6
XRP-USDT-SWAP,2026-07-21 04:00:00+00:00,174.43773584905594,1,r023_master_trades.csv,80.0,0.5380677955444751,0.7745036148233798,0.04031541751419794,2.3887436796364048,0.1695977742899333,66.5159721940716,22.02588955187806,0.8226037195994363,0.565217391304352,4.0100250626567515,3,1,Asia,bull,mixed,0.5312169278146394,1
LINK-USDT-SWAP,2026-07-21 05:00:00+00:00,-116.74026729032072,0,r023_master_trades.csv,90.0,0.6788236266720657,2.3426174178482237,0.04402865741668557,5.175942554824974,0.3972976678193377,70.5868718539776,28.33220335320438,0.5791729410402029,0.7199999999999815,8.46325167037868,4,1,Asia,bull,trending,0.4377772973951315,3
BCH-USDT-SWAP,2026-07-21 05:00:00+00:00,-136.54726000000088,0,r023_master_trades.csv,47.0,0.4059492944796416,1.2925137437800809,0.06167343986942898,0.2688364751730582,-0.12826031140365987,76.79406776272077,39.89721166737276,0.8057296329453819,0.7222222222222354,2.3255813953489244,4,1,Asia,bear,trending,0.413305259533057,1
XRP-USDT-SWAP,2026-07-21 05:00:00+00:00,172.30693877550968,1,r023_master_trades.csv,75.0,0.5326523796975079,0.6809104348180249,0.03913205653217934,2.571795169202152,0.17877855545907964,67.98100961316742,22.606152030507637,0.6140428940108487,0.7681159420289757,4.265402843601951,4,1,Asia,bull,mixed,0.570935191047237,1
XRP-USDT-SWAP,2026-07-21 06:00:00+00:00,174.7555555555559,1,r023_master_trades.csv,92.0,0.5348995441634428,2.2254694193887454,0.03879519869396488,2.960186957263767,0.18985816296225175,70.73854804830887,24.089625354881964,0.6039076376554101,0.3382352941176466,14.122137404579869,5,1,Asia,bull,mixed,0.49056087254751396,1
ETH-USDT-SWAP,2026-07-21 06:00:00+00:00,173.62761904761885,1,r023_master_trades.csv,76.0,0.6025501452915675,0.8026746990562609,0.0405775922294767,4.1325131892948095,0.33742310248404894,66.73468534293843,32.34787761955896,0.48193397452560344,0.22977346278318375,7.689552238806035,5,1,Asia,bull,trending,0.4858020433124365,1
DOGE-USDT-SWAP,2026-07-21 06:00:00+00:00,168.61571428571455,1,r023_master_trades.csv,66.0,0.5127779553892041,0.7114143302763001,0.024070798741158087,0.19626060861516292,-0.06531078623888223,58.17497598576749,15.09263858103635,0.49532195927352674,0.2222222222222522,29.186602870813445,5,1,Asia,bear,ranging,0.5098707682305421,1
LINK-USDT-SWAP,2026-07-21 06:00:00+00:00,-158.03420199999064,0,r023_master_trades.csv,85.0,0.6658843006753604,1.2868343581948483,0.04586476722128443,5.277021824002935,0.4138159233054006,71.36919975945975,29.525436196016194,1.5036730945821881,0.6106870229007628,7.42358078602635,5,1,Asia,bull,trending,0.4049910900563099,3
AVAX-USDT-SWAP,2026-07-21 07:00:00+00:00,-135.20413229411548,0,r023_master_trades.csv,51.0,0.542894588671769,1.0403890495135049,0.023968307955954313,1.5439630058380158,0.06849241245722067,62.27984297728804,25.259001628476636,0.7967528562838234,0.7358490566037689,6.132075471698074,6,1,Asia,bull,trending,0.4077703150316828,1
LTC-USDT-SWAP,2026-07-21 07:00:00+00:00,-135.5239532499995,0,r023_master_trades.csv,49.0,0.5477649513405648,0.5834877977772857,0.02153042387456664,3.675756881359026,0.3433432634775145,57.961551128360405,20.72348848309455,0.6962025316455811,0.3939393939393737,13.223140495868066,6,1,Asia,bull,mixed,0.3992299930877218,6
XRP-USDT-SWAP,2026-07-21 07:00:00+00:00,172.67599999999942,1,r023_master_trades.csv,92.0,0.5349537032633015,0.682894712235625,0.039064015397378596,3.200184918096042,0.20545658210392415,72.40753357257685,25.467136298943835,1.132142225367055,0.3671875000000138,8.396946564885418,6,1,Asia,bull,trending,0.5162940331051842,1
BTC-USDT-SWAP,2026-07-21 09:00:00+00:00,85.39856780276003,1,r023_master_trades.csv,73.0,0.46816183821216156,1.1784189842477761,0.02853888092197297,2.9913889474523416,0.22513067250922364,67.714861257389,31.081755970698296,0.603535968053257,0.6776859504132328,5.789865545482299,8,1,London,bull,trending,0.46369470538919977,1
DOGE-USDT-SWAP,2026-07-21 10:00:00+00:00,-185.16662292403615,0,r023_master_trades.csv,55.00000000000001,0.43265832988683794,0.4652580139429404,0.02977829018039703,0.8671621523202379,0.008272997928312696,63.46567039349152,15.916828209632362,0.7207942336461156,0.41509433962264647,14.22413793103442,9,1,London,flat,ranging,0.41088554120111026,1
AVAX-USDT-SWAP,2026-07-21 12:00:00+00:00,-147.64004152000024,0,r023_master_trades.csv,42.0,0.33073589371280104,0.6976307036409217,0.0229996213184978,0.9075736007114964,0.1114179919554281,55.17561861511016,25.457437585295757,0.724637681159421,0.6458333333333449,35.66433566433583,11,1,London,bull,trending,0.4324590179917815,6
ETH-USDT-SWAP,2026-07-21 12:00:00+00:00,-134.4964963638153,0,r005_attribution_trades.csv,68.0,0.3121988555784362,1.1412842682207698,0.03321964983161824,4.1485166534584526,0.41692453596945767,64.91292794490717,38.84375990189189,0.8106444286948508,0.5041480536056193,27.598510704313036,11,1,London,bull,trending,0.306793139093778,6
LTC-USDT-SWAP,2026-07-21 12:00:00+00:00,148.21454545454517,1,r023_master_trades.csv,30.0,0.31620585617031843,0.8310626933331379,0.013359920884297096,3.1059573372526827,0.34006602949024634,51.874038757338454,21.721916146335545,0.8669909071685274,0.8536585365853764,45.348837209302424,11,1,London,bull,mixed,0.516700842421463,6
LINK-USDT-SWAP,2026-07-21 14:00:00+00:00,-131.2868770000009,0,r023_master_trades.csv,54.0,0.32157351799569694,0.7791209519067759,0.0336884642622616,4.864801208949951,0.49864826346902036,65.72147273213247,32.47198922256617,0.34466911764705144,0.10000000000000592,13.654618473895832,13,1,London,bull,trending,0.3303359554167906,1
BCH-USDT-SWAP,2026-07-21 14:00:00+00:00,-127.0213035999994,0,r023_master_trades.csv,38.0,0.3115663943533921,1.1917368925482426,0.04681638280450811,1.1334818853715736,0.032576706626832555,77.16186387210908,47.081299634770915,0.4444444444444444,0.09999999999999432,4.000000000000057,13,1,London,bull,trending,0.3614688770714673,1
XRP-USDT-SWAP,2026-07-21 14:00:00+00:00,147.24615384615706,1,r023_master_trades.csv,71.0,0.2769102445712755,1.4856480379917254,0.03763261062484794,3.580812084760348,0.31819983928607126,70.79325297050833,32.25837935567046,0.6484970642362696,0.7162162162162202,10.40609137055833,13,1,London,bull,trending,0.417883866624042,7
LTC-USDT-SWAP,2026-07-21 14:00:00+00:00,-119.02610320000052,0,r023_master_trades.csv,33.0,0.3572910282733211,3.7227156447224115,0.01656516211285874,4.116723694059537,0.349802722457627,62.351800427025715,22.561368509143968,0.46345060037918445,0.5,5.825242718446817,13,1,London,bull,mixed,0.3223625881580678,7
LTC-USDT-SWAP,2026-07-21 15:00:00+00:00,-173.60759104227913,0,r023_master_trades.csv,39.0,0.3274601347786117,3.548541724727065,0.016409729897322804,3.9019267349435935,0.35750469395784695,60.062636087807704,24.063828545372502,1.0447137484329294,0.7800000000000011,28.22580645161297,14,1,London,bull,mixed,0.35067614464544294,7
SOL-USDT-SWAP,2026-07-21 15:00:00+00:00,68.19394561312767,1,r023_master_trades.csv,53.0,0.2943035495861249,1.5767455358891667,0.017481963824822394,1.7024026205046165,0.23508043029391792,52.12708941575618,27.008104537943293,0.5602954284986601,0.13636363636364224,55.34591194968602,14,1,London,bull,trending,0.3994871151962237,6
XRP-USDT-SWAP,2026-07-21 15:00:00+00:00,-122.83972179999869,0,r023_master_trades.csv,90.0,0.29706199208002493,1.9202312460870516,0.04081423039067474,4.235798519039396,0.3349838507708033,75.04569135428403,34.00980148335705,0.5875131532795641,0.10447761194028465,7.127429805615723,14,1,London,bull,trending,0.3494377172023749,1
DOGE-USDT-SWAP,2026-07-21 16:00:00+00:00,-133.76739815384548,0,r023_master_trades.csv,54.0,0.23464400966789348,0.996958813317901,0.033418180706919445,0.7758212955538122,0.07910190998825554,59.708827707085376,17.88287705618225,0.6961506961506914,0.4117647058823321,16.822429906542105,15,1,London,bull,ranging,0.35231506343127017,1
LINK-USDT-SWAP,2026-07-21 16:00:00+00:00,-137.10200971428466,0,r023_master_trades.csv,54.0,0.3412732668553516,0.8892467912298556,0.03059518677417297,4.318139294805237,0.4796571611937529,59.10809066140092,32.032069534900664,0.7029269416916334,0.77049180327867,29.875518672199608,15,1,London,bull,trending,0.3096753614493791,6
SOL-USDT-SWAP,2026-07-21 16:00:00+00:00,-140.04171571428623,0,r005_attribution_trades.csv,51.0,0.2957934245084911,1.2900266743058038,0.016380342303159167,1.8659324610164527,0.22865033066635543,54.214850439016786,25.67089014414544,0.9492047203694138,0.7837837837838061,50.684931506849665,15,1,London,bull,trending,0.31791933019483243,6
ETH-USDT-SWAP,2026-07-21 17:00:00+00:00,-170.17521901419508,0,r023_master_trades.csv,62.0,0.31107935923263946,0.8625032035561561,0.029360910699235514,3.438347050244427,0.41609404172233194,55.345577400343544,36.963001719302326,0.4769845873384057,0.008686210640600316,45.7778526883533,16,1,NY,bull,trending,0.3017275401092179,6
AVAX-USDT-SWAP,2026-07-21 17:00:00+00:00,-149.57754774999586,0,r023_master_trades.csv,40.0,0.3173399213695645,1.0015364118500956,0.01936949846090912,0.7332302562259166,0.09483191931523961,52.85494334198756,20.261005812584663,0.6650544135429202,0.4090909090909082,42.55319148936142,16,1,NY,bull,mixed,0.3275531959452704,6
SOL-USDT-SWAP,2026-07-21 17:00:00+00:00,-158.49415600000037,0,r023_master_trades.csv,48.0,0.28923504913102965,0.8877043537348879,0.016024273502292432,1.937381287881125,0.22059106994834765,55.26533536874151,24.725531897374086,0.48655569782329766,0.36842105263158487,45.89041095890398,16,1,NY,bull,mixed,0.3389600972337258,6
BTC-USDT-SWAP,2026-07-21 18:00:00+00:00,153.51460595446665,1,r023_master_trades.csv,70.0,0.26975041341748995,1.4823212161172061,0.032917231154327105,2.681436634598642,0.3236854580023324,56.867605319532885,40.54960171648888,0.4390290841733023,0.4780821917808418,39.59946595460614,17,1,NY,bull,trending,0.3639871531424978,6
BCH-USDT-SWAP,2026-07-21 20:00:00+00:00,161.5142857142866,1,r023_master_trades.csv,43.0,0.30934763584438313,0.9296776472418494,0.0267607815365773,0.06845102544116805,0.06437217965681707,57.599158134495035,38.64876783527697,0.40017785682525825,0.33333333333334386,39.43661971830965,19,1,NY,bull,trending,0.4308557579521857,1
LTC-USDT-SWAP,2026-07-21 22:00:00+00:00,-184.30957420000664,0,r023_master_trades.csv,28.000000000000004,0.3756560150233232,0.7678087061408858,0.022749628797225897,1.8148856174508086,0.3058403078695996,40.59573000733793,20.15156368856258,0.6186006825938548,0.8965517241379268,92.42424242424285,21,1,NY,bull,mixed,0.42229835716562614,6
XRP-USDT-SWAP,2026-07-21 23:00:00+00:00,145.07839999999885,1,r023_master_trades.csv,95.0,0.3649269125228105,0.7922440271021506,0.03723177814989656,3.2940915908603055,0.4280304724150353,55.816750442826546,42.1398196088974,0.348979235735474,0.5499999999999945,48.90350877192994,22,1,NY,bull,trending,0.3249019308606586,6
XRP-USDT-SWAP,2026-07-22 00:00:00+00:00,-135.9806181052629,0,r023_master_trades.csv,92.0,0.3558634105006689,0.7243787124507861,0.034281512019385015,3.3945166455023226,0.42614950065214463,57.07528864602365,40.407481612092944,0.6393973898572378,0.6164383561643998,48.37209302325573,23,1,NY,bull,trending,0.25537973823364957,6
BTC-USDT-SWAP,2026-07-22 00:00:00+00:00,-137.3170619136961,0,r023_master_trades.csv,54.0,0.22533326452664587,0.43842866708366446,0.01940065893151507,3.020091922867585,0.305096660774295,61.76694197628079,33.576149525155934,0.3041719537163835,0.3943452380952267,27.477113624124765,23,1,NY,bull,trending,0.31231763694837933,6
DOGE-USDT-SWAP,2026-07-22 00:00:00+00:00,-132.0792367804887,0,r023_master_trades.csv,45.0,0.21389050176789742,0.7225528092005141,0.012337974170731207,0.6144452881950004,0.0646050144880329,55.04419751963215,13.201876424733468,0.46517991517308377,0.7352941176470444,34.108527131782644,23,1,NY,bull,ranging,0.4042965008663662,4
BTC-USDT-SWAP,2026-07-22 01:00:00+00:00,-155.0101204185952,0,r023_master_trades.csv,53.0,0.22315600026442015,0.7138120296488891,0.01606976964859005,3.100852392256557,0.2986934185218522,63.105814085929566,33.25190910572036,0.5211981996337888,0.6965676377271475,22.776985259153808,0,2,Asia,bull,trending,0.3881976128506537,4
DOGE-USDT-SWAP,2026-07-22 01:00:00+00:00,-130.72809567442062,0,r023_master_trades.csv,49.0,0.22879443296381344,1.2795615466133923,0.009950853501083039,1.0699549082331212,0.06983108725616108,60.87933092701899,13.048049748166388,0.572597137014301,0.6190476190476253,13.559322033897747,0,2,Asia,bull,ranging,0.4080720050214515,4
ETH-USDT-SWAP,2026-07-22 01:00:00+00:00,-134.14608024557984,0,r023_master_trades.csv,52.0,0.2622448648455948,1.4163724850747987,0.015848712646710835,3.8485332915481707,0.330961550193384,62.650360365879074,29.087903431469037,0.8589007935890824,0.5715147857573967,35.335603112840296,0,2,Asia,bull,trending,0.329398318026209,6
AVAX-USDT-SWAP,2026-07-22 01:00:00+00:00,-123.20003870588224,0,r023_master_trades.csv,35.0,0.3133740231219411,1.3743404512468798,0.0217490495382475,0.4498995857140209,0.022925819540573728,51.82564915563207,20.000630455786567,0.8070656311862332,0.24528301886792295,45.34883720930257,0,2,Asia,bull,mixed,0.39319951498878725,6
SOL-USDT-SWAP,2026-07-22 01:00:00+00:00,-142.6339239999956,0,r023_master_trades.csv,46.0,0.27841650340307006,1.2816951309398692,0.014049230030962487,2.106792532589524,0.16611070011267332,59.578615644212654,17.227718526643937,0.5122294788064944,0.3750000000000222,29.931972789115513,0,2,Asia,bull,ranging,0.3815040350701967,4
LINK-USDT-SWAP,2026-07-22 01:00:00+00:00,-127.37305789473476,0,r023_master_trades.csv,47.0,0.29107810255335037,1.5617523576324426,0.01935822699193653,4.221258444994737,0.3669576291672262,62.08275472894408,20.567532663856376,0.5777007510109846,0.6599999999999802,29.21348314606706,0,2,Asia,bull,mixed,0.2988521768938146,4
XRP-USDT-SWAP,2026-07-22 01:00:00+00:00,-155.5966079459374,0,r023_master_trades.csv,89.0,0.3556851027399489,0.7710022695634635,0.03159068714659691,3.556463610439979,0.41929046718531987,58.923364198209306,39.31772889395289,0.5073477956613041,0.258620689655181,47.93814432989685,0,2,Asia,bull,trending,0.2965240901951074,6
XRP-USDT-SWAP,2026-07-22 02:00:00+00:00,-186.0462717258283,0,r023_master_trades.csv,83.0,0.35124120952470084,0.4384585348013994,0.029821968233344195,3.376711763999186,0.4054393285561198,57.00125207027767,38.28457570834669,0.4976427448926173,0.3684210526315748,56.90140845070443,1,2,Asia,bull,trending,0.30821540071612336,6
SOL-USDT-SWAP,2026-07-22 02:00:00+00:00,-166.99616285713128,0,r023_master_trades.csv,44.0,0.26706742291959645,0.8436517191200202,0.013856034019380695,1.9565022807254295,0.1670226408967196,57.27689219833926,17.461336608838963,0.6249999999999934,0.632653061224501,36.73469387755147,1,2,Asia,bull,ranging,0.4307063983993135,4
LINK-USDT-SWAP,2026-07-22 02:00:00+00:00,-157.90754800000107,0,r023_master_trades.csv,45.0,0.2891883020004247,0.8104732730704227,0.018894136549416903,4.141978771313001,0.3651799347983997,61.490051879277,20.83950749836111,0.8039508441483896,0.7285714285714279,29.310344827586082,1,2,Asia,bull,mixed,0.33316618349219385,4
BCH-USDT-SWAP,2026-07-22 03:00:00+00:00,-150.52245324999748,0,r023_master_trades.csv,18.0,0.235910248148444,0.7462088061852127,0.014512579859283899,0.6817030158815999,0.02332357642129216,64.54347720106126,27.813595417036467,0.35666518056174007,0.5000000000000178,34.14634146341482,2,2,Asia,bull,trending,0.3524990441828261,4
XRP-USDT-SWAP,2026-07-22 05:00:00+00:00,-156.95930949999791,0,r023_master_trades.csv,60.0,0.3532812294542245,0.5063244919010764,0.02662625483478668,3.0843553309063685,0.35364705006403957,54.1267502550392,33.79264422151003,0.3337138842539761,0.5526315789473623,64.18338108882527,4,2,Asia,bull,trending,0.36321197553683143,6
LINK-USDT-SWAP,2026-07-22 05:00:00+00:00,-133.29539953191394,0,r023_master_trades.csv,47.0,0.27751061370605723,0.9260393095434067,0.018356522324439583,4.2911763098015525,0.3768021681552675,63.192336977914046,21.576581775305453,0.4607233356369401,0.17499999999999555,10.975609756096913,4,2,Asia,bull,mixed,0.2969466211538822,4
LTC-USDT-SWAP,2026-07-22 07:00:00+00:00,153.44999999999902,1,r023_master_trades.csv,10.0,0.35161124305543917,0.7015104648319993,0.04034657223167365,0.6640165335449488,0.12660627067909808,33.32789095509871,23.044994048076706,0.6682474671265408,0.7741935483870975,93.40659340659356,6,2,Asia,bull,mixed,0.5757427967805885,5
XRP-USDT-SWAP,2026-07-22 11:00:00+00:00,-145.4034651999985,0,r023_master_trades.csv,52.0,0.34154251036830957,0.6095346010261463,0.030225220973343393,2.635809141233406,0.26277098685183714,51.97945851250725,23.910161414725756,0.3789881896703854,0.11627906976742385,71.66666666666612,10,2,London,bull,mixed,0.4268057139225176,6
XRP-USDT-SWAP,2026-07-22 12:00:00+00:00,170.18521739130537,1,r032_all_variants_trades.csv,46.0,0.31695270458548813,0.7876173819952609,0.029104780372602602,2.608897950070354,0.2550319586185379,51.97945851250725,22.642117507405583,0.4568617114742658,0.6923076923076891,71.66666666666612,11,2,London,bull,mixed,0.4448883037499368,6
XRP-USDT-SWAP,2026-07-22 12:00:00+00:00,-168.96140867961157,0,r023_master_trades.csv,46.0,0.31695270458548813,0.7876173819952609,0.029104780372602602,2.608897950070354,0.2550319586185379,51.97945851250725,22.642117507405583,0.4568617114742658,0.6923076923076891,71.66666666666612,11,2,London,bull,mixed,0.4448883037499368,6
LTC-USDT-SWAP,2026-07-22 14:00:00+00:00,168.6533333333345,1,r023_master_trades.csv,3.0,0.25938764314615537,2.0813262704728746,0.022500754428624235,1.487626787143917,0.08806682798362137,50.687834109139935,21.887006797489157,0.5353319057815845,0.7199999999999989,53.09734513274308,13,2,London,bull,mixed,0.4673625375093642,5
XRP-USDT-SWAP,2026-07-22 14:00:00+00:00,-127.6604829189186,0,r023_master_trades.csv,47.0,0.30402361611793505,1.5164304515582268,0.02590248131414969,2.923386088832848,0.24888619463771053,56.419533300714384,20.486285131214352,0.47526843865517254,0.388888888888882,60.27777777777725,13,2,London,bull,mixed,0.37879610309527595,6
SOL-USDT-SWAP,2026-07-22 15:00:00+00:00,-128.4751173877541,0,r023_master_trades.csv,61.0,0.3283953275479256,2.9786230496983843,0.019054099287363895,1.2454899886794049,0.07823548826727572,52.33350835131607,15.321065078562823,1.0791366906474864,0.7619047619047595,43.47826086956541,14,2,London,bull,ranging,0.3882009738377502,6
AVAX-USDT-SWAP,2026-07-22 15:00:00+00:00,179.13263157894755,1,r023_master_trades.csv,36.0,0.38928583135292766,1.7065219510671765,0.022988434754985226,-0.04919269972493116,-0.08676804338183333,52.90505771093431,25.05274756297235,0.9451219512195165,0.9032258064516097,32.51533742331279,14,2,London,bear,trending,0.4738795993105727,4
ETH-USDT-SWAP,2026-07-22 15:00:00+00:00,177.25970731707318,1,r023_master_trades.csv,77.0,0.40974466006196403,4.0096515833016,0.015246733029380352,3.098909400715008,0.279654416091597,54.47554368850424,22.456041626661914,1.323540031154259,0.8791893998441104,51.92267283042625,14,2,London,bull,mixed,0.4614764651410736,6
XRP-USDT-SWAP,2026-07-22 16:00:00+00:00,-122.39537493477914,0,r023_master_trades.csv,69.0,0.3539592848855689,1.9539324734413221,0.019655349569660474,3.6308348744643446,0.25999445792359593,64.13435110693327,21.474249313943673,1.1912060961723794,0.036764705882365065,21.575342465753245,15,2,London,bull,mixed,0.25162094746479086,1
AVAX-USDT-SWAP,2026-07-22 16:00:00+00:00,-118.2520267692314,0,r023_master_trades.csv,54.0,0.4448577201226893,2.5660292697242832,0.024605660897836428,0.9454395360058312,-0.06443305465007713,62.67637454377319,24.71973702711663,1.019942152534635,0.14925373134328002,7.853403141361524,15,2,London,bear,mixed,0.30936247026978264,1
DOGE-USDT-SWAP,2026-07-22 17:00:00+00:00,-126.82222146938736,0,r023_master_trades.csv,69.0,0.4020562566121783,1.2624621629925574,0.025622018701167787,0.620468808750633,-0.02919481022432911,57.613315039385974,15.382797782603285,0.6571741511500471,0.47916666666666,27.932960893854776,16,2,NY,bear,ranging,0.35176562860663246,1
AVAX-USDT-SWAP,2026-07-22 17:00:00+00:00,-141.03383324137636,0,r023_master_trades.csv,55.00000000000001,0.4306058253074129,1.3027976766268803,0.026843714645472885,0.8606442333583918,-0.04443232261692979,61.633088235441356,24.489270818910057,1.2057272042200462,0.8124999999999931,12.3076923076923,16,2,NY,bear,mixed,0.31275894477639204,1
LINK-USDT-SWAP,2026-07-22 17:00:00+00:00,-129.99585226922807,0,r023_master_trades.csv,75.0,0.4383032652896381,0.9044648189754539,0.019338825396995822,3.6125928567993717,0.3063987318080425,56.762869271340236,17.379923117883955,0.8751727314601625,0.46052631578947245,28.108108108108087,16,2,NY,bull,ranging,0.26354787905204846,6
ETH-USDT-SWAP,2026-07-22 17:00:00+00:00,-123.5946848356986,0,r023_master_trades.csv,87.0,0.42488239069959577,1.6653263334988944,0.01951903521948574,3.906409373683188,0.3032959763278517,61.80126154001154,24.580517904800654,1.0098097273359319,0.4997450280469093,17.04139525110299,16,2,NY,bull,mixed,0.2239440624506401,1
LTC-USDT-SWAP,2026-07-22 18:00:00+00:00,168.5266666666666,1,r023_master_trades.csv,8.0,0.21090072153834225,1.0162961643569022,0.016845278575310103,1.8133846728401033,0.12152081856280789,56.889661575275326,21.501105091432883,0.6385696040868394,0.533333333333327,16.47058823529346,17,2,NY,bull,mixed,0.449627485381636,4
AVAX-USDT-SWAP,2026-07-22 19:00:00+00:00,165.39826086956472,1,r023_master_trades.csv,44.0,0.4336098589423781,1.1176959128869706,0.028977987931447628,0.5307044848635872,-0.013003202529826834,57.24301116288289,23.491550946797542,0.48433479642803134,0.75,23.076923076923006,18,2,NY,flat,mixed,0.4330915768159152,1
LINK-USDT-SWAP,2026-07-22 20:00:00+00:00,-137.72891565853206,0,r023_master_trades.csv,74.0,0.4622523265923852,1.5008300397086387,0.01947333267641772,2.5893989407673494,0.3066878024170097,47.44290723190677,16.047541211264534,0.7191741097320631,0.29032258064513816,70.81081081081142,19,2,NY,bull,ranging,0.3099712507658876,6
AVAX-USDT-SWAP,2026-07-22 20:00:00+00:00,173.50400000000022,1,r023_master_trades.csv,46.0,0.4355259131870275,0.6035730539547154,0.029449723479449297,0.3145763144309208,0.0007464447040172137,54.34137197085916,22.104247509520118,0.5901044030866954,0.0256410256410344,30.256410256410298,19,2,NY,flat,mixed,0.4557336540471939,1
LTC-USDT-SWAP,2026-07-22 21:00:00+00:00,-138.54342399999769,0,r023_master_trades.csv,6.0,0.2161395525973297,0.8286438277714405,0.022998499316409404,2.2681862198766263,0.16211129508536007,64.13686160439683,23.63004694056505,0.509121764955456,0.08333333333334567,2.0618556701034176,20,2,NY,bull,mixed,0.36877472089749114,4
XRP-USDT-SWAP,2026-07-22 21:00:00+00:00,-148.62942828570905,0,r023_master_trades.csv,78.0,0.35136312332269964,0.8130747050856465,0.0209888897046254,2.287626179921379,0.2875017219346844,47.81953968958733,19.24705073062613,0.6158718986450922,0.6428571428571247,66.78200692041521,20,2,NY,bull,mixed,0.29339610922312037,6
LTC-USDT-SWAP,2026-07-22 22:00:00+00:00,-132.76134492307332,0,r023_master_trades.csv,13.0,0.23331527904791993,1.5512946380675352,0.02726675752502041,2.7376195125099994,0.18118694999614812,69.74163840853404,25.566608061852982,0.507829030892937,0.5416666666666432,8.527131782945698,21,2,NY,bull,trending,0.35889345585634524,7
AVAX-USDT-SWAP,2026-07-22 22:00:00+00:00,-185.2686211428573,0,r023_master_trades.csv,42.0,0.42186047145168104,0.527534237939552,0.032471698526171724,1.0102503416018473,0.03794464069558511,61.50079026927165,21.507461141231232,0.81411126187246,0.7222222222222131,10.731707317072852,21,2,NY,bull,mixed,0.32214996578809746,1
XRP-USDT-SWAP,2026-07-22 23:00:00+00:00,-152.57782461538113,0,r023_master_trades.csv,57.99999999999999,0.35665783521267025,0.4975317026948229,0.02086020454250725,2.628815163246084,0.29015338421537096,52.36849545456886,17.710429723598452,0.40283737630264804,0.9347826086956584,51.557093425605736,22,2,NY,bull,ranging,0.3320441365558582,6
ETH-USDT-SWAP,2026-07-22 23:00:00+00:00,-144.02117306329131,0,r023_master_trades.csv,63.0,0.4492959945692581,0.30765785445438115,0.019834339486221333,3.1252210558381504,0.31765550075093596,54.86812186478915,24.102218997695932,0.7074704962613996,0.8774617067833821,40.68081529733123,22,2,NY,bull,mixed,0.3129053451516445,6
BTC-USDT-SWAP,2026-07-22 23:00:00+00:00,114.9992274810821,1,r023_master_trades.csv,52.0,0.27116829612146237,0.2747748902682605,0.009714302431371759,1.7741977540569893,0.1776382675226182,50.65977762456331,13.188478375695517,0.36020840304578866,0.6376628835645874,42.60587049070172,22,2,NY,bull,ranging,0.4343084690550088,6
SOL-USDT-SWAP,2026-07-22 23:00:00+00:00,-146.65134039999842,0,r023_master_trades.csv,60.0,0.38788062499985443,0.5828648417864953,0.02008693737876527,1.2749364910883878,0.13724490451731775,52.10327610535981,12.884284425855043,0.5001282380097467,0.5897435897435991,46.03174603174626,22,2,NY,bull,ranging,0.3240114897713991,6
DOGE-USDT-SWAP,2026-07-22 23:00:00+00:00,-152.43476200000245,0,r023_master_trades.csv,66.0,0.4147800131416459,0.3390673323419352,0.019359435545714128,0.13270615540503233,0.0003387735896966723,51.82352976630603,14.171634362766554,0.794847197478412,0.6551724137930919,35.41666666666651,22,2,NY,flat,ranging,0.3731050721961198,6
LTC-USDT-SWAP,2026-07-23 00:00:00+00:00,-131.29020999999975,0,r023_master_trades.csv,16.0,0.28092648258255337,1.0931516003931037,0.028074775312967638,1.8773369830736977,0.1916965483000193,54.50493551431152,25.364526983296347,0.9131450414100653,0.953488372093016,37.98449612403119,23,2,NY,bull,trending,0.305452438328357,4
LTC-USDT-SWAP,2026-07-23 01:00:00+00:00,-147.1052949999965,0,r024_trade_log.csv,18.0,0.28429997227065623,0.9066633240388349,0.02897410735025842,2.1365312406723422,0.1998953134764391,58.04267392019201,25.45327958040919,0.59435364041605,0.03571428571427846,27.906976744186018,0,3,Asia,bull,trending,0.438473209096295,4
LTC-USDT-SWAP,2026-07-23 04:00:00+00:00,-131.38353400000017,0,r024_trade_log.csv,16.0,0.25698704337671074,0.8086092945911053,0.026195577691587892,2.13709753589553,0.21306395588580052,58.40453574202404,24.91718872472429,0.4020313161235669,0.473684210526302,26.61290322580627,3,3,Asia,bull,mixed,0.4310357227358231,4
XRP-USDT-SWAP,2026-07-23 05:00:00+00:00,-156.64934049999678,0,r023_master_trades.csv,39.0,0.3164545121941579,0.6353671678922619,0.01790120881120364,1.9021401808878193,0.22958307506253722,45.05045138501928,13.986773032921421,0.44122837980937996,0.8800000000000107,85.99999999999984,4,3,Asia,bull,ranging,0.4746063666345124,5
SOL-USDT-SWAP,2026-07-23 07:00:00+00:00,-163.3073109999931,0,r005_attribution_trades.csv,40.0,0.34220175848306106,0.4853032753944063,0.01718571325157787,0.6420435484495648,0.09986470820997984,44.910011436014784,10.387174257177335,0.42591636551367873,0.06060606060604886,70.65217391304319,6,3,Asia,bull,ranging,0.38456004899860935,5
LTC-USDT-SWAP,2026-07-23 07:00:00+00:00,-126.4273629999985,0,r024_trade_log.csv,16.0,0.2816671547841981,1.555935112390654,0.019632712457680664,1.951945019152648,0.20406064516787512,55.2318087813695,21.62394869762862,0.48894557823128587,0.43478260869566426,33.05084745762718,6,3,Asia,bull,mixed,0.4343945107718868,4
LINK-USDT-SWAP,2026-07-23 10:00:00+00:00,-153.33467199999325,0,r023_master_trades.csv,41.0,0.3268617101294314,0.9517252154040947,0.018475065901451468,2.144221273086564,0.1999242696306911,49.742791665363114,12.847762537403398,0.8731082654249251,0.813333333333321,59.16666666666639,9,3,London,bull,ranging,0.45983186134802945,5
LTC-USDT-SWAP,2026-07-23 12:00:00+00:00,-146.7753279999979,0,r023_master_trades.csv,23.0,0.35672392010121085,1.18128164181946,0.01396749285505548,1.237421170007448,0.16335483853752672,47.09279949711624,17.653987024448885,0.449005772931368,0.8095238095237806,78.40909090909123,11,3,London,bull,ranging,0.4561226349397119,5
LINK-USDT-SWAP,2026-07-23 16:00:00+00:00,-118.5235193170733,0,r023_master_trades.csv,65.0,0.38483952397518617,2.9293156585737945,0.02618128597533603,0.6706405163357938,0.1446556074310812,38.13867509710062,17.454068599859436,0.7556972487897043,0.10937500000002255,69.28838951310894,15,3,London,bull,ranging,0.40404100483195854,6
LTC-USDT-SWAP,2026-07-23 20:00:00+00:00,152.989999999999,1,r023_master_trades.csv,35.0,0.3588998424688841,0.5286879865699725,0.024421862316367164,1.1640836876061802,0.0731380132904865,51.21857983404688,18.14383080206347,0.8338678640153956,0.8717948717948792,40.495867768595176,19,3,NY,bull,mixed,0.5630571864244086,5
BTC-USDT-SWAP,2026-07-24 04:00:00+00:00,-130.72663174639666,0,r023_master_trades.csv,18.0,0.2611535076622938,1.3576543762287234,0.018994123576407413,0.6877626357407548,0.014989252409867128,54.53042905065971,28.892641034980322,0.41668267125549785,0.17109144542773583,29.21240634256857,3,4,Asia,flat,trending,0.3967644954480109,4
BTC-USDT-SWAP,2026-07-24 05:00:00+00:00,168.22700606060607,1,r033_trade_log.csv,12.0,0.25647862850226544,0.7597146716602021,0.017857861259900663,0.4765523938358545,0.02168111246471164,50.657263402332056,27.445936963547297,0.6010532188906763,0.8466429298067241,40.8956264157519,4,4,Asia,bull,trending,0.5832969148249247,5
ETH-USDT-SWAP,2026-07-24 07:00:00+00:00,-135.8202331428538,0,r023_master_trades.csv,11.0,0.3594559908932474,0.7355509245890999,0.028249494742465662,0.161396772863398,-0.03651014696722505,46.79527053280899,44.4459216474868,0.468105025745774,0.551136363636382,58.69876755517348,6,4,Asia,bear,trending,0.48721820889412726,5
LINK-USDT-SWAP,2026-07-24 08:00:00+00:00,-117.99679437646836,0,r023_master_trades.csv,31.0,0.44901550992698064,2.7323560541468908,0.016755062643049646,1.3596239577146996,0.018665628497441012,57.234706835297416,32.68489011743025,0.5194805194805042,0.7045454545454884,32.93172690763074,7,4,Asia,flat,trending,0.4928775906675121,4
LTC-USDT-SWAP,2026-07-24 08:00:00+00:00,-170.3279724999999,0,r023_master_trades.csv,53.0,0.4263768067096519,2.1256174224066693,0.022436934059064415,1.1510745736463661,0.10301081359218611,51.79307408108791,14.412352635066982,0.7237122179650988,0.9117647058823296,44.68085106382985,7,4,Asia,bull,ranging,0.5346975264395973,6
LINK-USDT-SWAP,2026-07-24 10:00:00+00:00,-142.47075850000152,0,r023_master_trades.csv,24.0,0.35565358856774054,0.890563076092675,0.01704585550829325,0.8906950146274341,0.03026092019495722,52.03789782634306,28.7632934141875,0.5514490202980241,0.702127659574448,30.645161290321845,9,4,London,bull,trending,0.4886733332173486,4
BTC-USDT-SWAP,2026-07-24 12:00:00+00:00,-150.82776866840345,0,r005_attribution_trades.csv,9.0,0.22836258761775838,0.9765578274976584,0.014228364555629269,0.09055962900643487,0.038597753678554385,44.64182324772964,21.02717702802874,0.42406103521415717,0.5982564475118042,62.20841137408486,11,4,London,bull,mixed,0.48129777281684083,5
AVAX-USDT-SWAP,2026-07-25 14:00:00+00:00,195.3087058823529,1,r023_master_trades.csv,72.0,0.5836068282489307,7.0182105371688825,0.03416750773778659,0.2597649909623,-0.27638137940814306,77.55353517559966,25.076944239624567,0.9661070636680384,0.45901639344263107,9.79729729729729,13,5,London,bear,trending,0.4974375114370693,7
DOGE-USDT-SWAP,2026-07-25 17:00:00+00:00,-112.86211965999902,0,r023_master_trades.csv,64.0,0.44333162741328414,5.402533027724542,0.04151452308133787,0.8844473867542563,-0.21104016698663164,80.78314723182343,27.886719082128998,1.6301292861157877,0.6982758620689734,2.9069767441861307,16,5,NY,bear,trending,0.41858419860468193,7
AVAX-USDT-SWAP,2026-07-25 19:00:00+00:00,188.8761643835616,1,r023_master_trades.csv,100.0,0.6563644289482302,1.0633205109625656,0.10458254752925951,3.5154695080067655,0.025165671789662832,86.53115514353769,39.83499369498755,0.6603631997598751,0.045454545454539946,7.8740157480315025,18,5,NY,bull,trending,0.47009325276024805,3
LTC-USDT-SWAP,2026-07-25 20:00:00+00:00,173.33714285714296,1,r023_master_trades.csv,2.0,0.19745918229817624,1.969221859141324,0.015476458215264244,0.2050103233545745,-0.060626355436838884,60.88885684166828,20.137382748025708,0.2162162162162193,0.3999999999999858,6.666666666666288,19,5,NY,bear,mixed,0.5110050710406876,4
DOGE-USDT-SWAP,2026-07-25 21:00:00+00:00,-176.6476345882319,0,r023_master_trades.csv,92.0,0.5076613470785349,0.735153163952833,0.08008292176764098,1.3416119943468177,-0.016217499433917353,73.11471800655983,37.08521237152925,0.7419620774938154,0.22222222222223936,25.5506607929514,20,5,NY,flat,trending,0.41398778180508033,1
AVAX-USDT-SWAP,2026-07-25 22:00:00+00:00,171.93241379310336,1,r023_master_trades.csv,100.0,0.6170839756986516,1.7989127455511407,0.12813796096860103,4.301136535588446,0.23250997414171623,88.3382481404323,47.68045410367791,1.0696776110533364,0.24999999999999692,8.981001727115652,21,5,NY,bull,trending,0.4272289501277995,3
AVAX-USDT-SWAP,2026-07-25 22:00:00+00:00,-115.07499834999948,0,r032_all_variants_trades.csv,100.0,0.6170839756986516,1.7989127455511407,0.12813796096860103,4.301136535588446,0.23250997414171623,88.3382481404323,47.68045410367791,1.0696776110533364,0.24999999999999692,8.981001727115652,21,5,NY,bull,trending,0.4272289501277995,3
APT-USDT-SWAP,2026-07-25 23:00:00+00:00,-130.507,0,r034_trade_log.csv,3.0,0.35263730060874876,0.708066502398107,0.04314613884928269,0.48631220044493306,0.020867720230292007,60.78087827270426,22.92578861188209,1.2396020225085715,0.42105263157894196,16.528925619834727,22,5,NY,bull,mixed,0.42792751299605675,4
DOGE-USDT-SWAP,2026-07-26 01:00:00+00:00,166.7369230769226,1,r023_master_trades.csv,71.0,0.5418775235316196,0.7382603184692367,0.0813892921282438,0.3283907653336993,0.09842989060117749,61.033099736960494,36.97915492002775,0.5161830357142793,0.8108108108108443,41.18942731277524,0,6,Asia,bull,trending,0.5923508433647372,5
ETH-USDT-SWAP,2026-07-26 01:00:00+00:00,169.7150802139038,1,r023_master_trades.csv,2.0,0.14924224839704983,1.5460438972058248,0.01748435270258361,0.12695229482278556,-0.028672934086058487,66.21724400753229,19.423385354638295,0.15529939161062306,0.35738831615120814,2.804043038800539,0,6,Asia,bear,mixed,0.5001237940930753,4
DOGE-USDT-SWAP,2026-07-26 03:00:00+00:00,-115.581821156625,0,r032_all_variants_trades.csv,79.0,0.5338447813627686,1.460573922545167,0.07826785294157262,1.1611488690437188,0.11360075628139875,66.58901835939716,37.264044408000174,0.7626178591236756,0.5636363636363774,27.753303964757635,2,6,Asia,bull,trending,0.5298948676688919,1
DOGE-USDT-SWAP,2026-07-26 03:00:00+00:00,182.1469387755104,1,r023_master_trades.csv,79.0,0.5338447813627686,1.460573922545167,0.07826785294157262,1.1611488690437188,0.11360075628139875,66.58901835939716,37.264044408000174,0.7626178591236756,0.5636363636363774,27.753303964757635,2,6,Asia,bull,trending,0.5298948676688919,1
ETH-USDT-SWAP,2026-07-26 05:00:00+00:00,-158.1855270721613,0,r023_master_trades.csv,5.0,0.1389351405571178,1.7233764662655684,0.017801899252117497,0.3927559053951226,-0.004955382192543429,69.19171216733916,20.184244767428293,0.2987041978038274,0.28469750889682693,8.985811875984894,4,6,Asia,flat,mixed,0.43513198127947533,4
LINK-USDT-SWAP,2026-07-26 05:00:00+00:00,-136.10353814285733,0,r023_master_trades.csv,6.0,0.2090949577411105,1.7372809533277358,0.019210172280447056,0.4570451784669044,-0.01998851051193433,65.85899684970212,20.927574036141998,0.2849341089873075,0.25,10.09615384615422,4,6,Asia,flat,mixed,0.3885838494223218,4
DOGE-USDT-SWAP,2026-07-26 06:00:00+00:00,-138.71378129411963,0,r023_master_trades.csv,92.0,0.5353272376754062,1.703882712057312,0.07208982872733385,2.439298814582049,0.1152848074757504,73.68567764212497,40.05927101229882,1.1891744122471237,0.5517241379310466,9.49227373068431,5,6,Asia,bull,trending,0.4497281406787151,3
LTC-USDT-SWAP,2026-07-26 07:00:00+00:00,-133.61584407999686,0,r023_master_trades.csv,4.0,0.1254005695781593,1.3545481093422294,0.026851706776678714,1.045897625723772,0.061589658195002124,74.96140260222876,30.28708019474864,0.42780748663102214,0.0,0.9090909090913731,6,6,Asia,bull,trending,0.4574267436970555,4
LINK-USDT-SWAP,2026-07-26 07:00:00+00:00,176.85909090909118,1,r023_master_trades.csv,9.0,0.21417807787921364,0.8541546074563312,0.01614478024312969,0.3204240418972135,-0.007696978376401697,62.21158740742853,22.139316198386382,0.36742918098850996,0.5161290322580553,17.977528089887574,6,6,Asia,flat,mixed,0.5228588443116343,4
LTC-USDT-SWAP,2026-07-26 08:00:00+00:00,-140.1102802857118,0,r023_master_trades.csv,5.0,0.12253090998660857,1.833124945115143,0.026687328939581124,1.1847592958705202,0.06998954577789318,76.92235492557072,31.26230787431325,0.5760614465543058,0.4444444444444298,0.8547008547012908,7,6,Asia,bull,trending,0.4984848036698532,7
LTC-USDT-SWAP,2026-07-26 09:00:00+00:00,-152.82847262499408,0,r023_master_trades.csv,5.0,0.12425312413771411,1.9840688157958752,0.027400422508030386,1.4288658402355519,0.08088085631745527,79.837553571629,32.637885846362174,0.4686834256497784,0.363636363636346,1.5384615384612357,8,6,London,bull,trending,0.4941613323314118,7
AVAX-USDT-SWAP,2026-07-26 12:00:00+00:00,-142.17491745035994,0,r023_master_trades.csv,76.0,0.4045266845203082,0.35247521601445103,0.025075510439406867,2.8650794800490296,0.39742674351490126,58.00874426737854,53.12516127347239,0.6099375185956615,0.31707317073170205,52.89855072463768,11,6,London,bull,trending,0.4888868738391436,5
AVAX-USDT-SWAP,2026-07-26 13:00:00+00:00,-186.8895249253725,0,r023_master_trades.csv,68.0,0.29599665851648216,0.4186717739625239,0.023327258017470612,2.8509566124590116,0.3790282795821965,58.15477173659611,51.21989003621452,0.5821764442454054,0.589743589743609,64.73214285714288,12,6,London,bull,trending,0.4978641739890287,5
LTC-USDT-SWAP,2026-07-26 15:00:00+00:00,187.04818181818175,1,r023_master_trades.csv,28.999999999999996,0.19521166681258753,2.958760252875787,0.023426508774793565,1.3122765121162239,0.13865702563502588,64.1645199794185,37.72946981659591,0.7653061224489783,0.7500000000000099,25.688073394495603,14,6,London,bull,trending,0.5575240690625446,7
BTC-USDT-SWAP,2026-07-26 16:00:00+00:00,-162.89082962654788,0,r023_master_trades.csv,15.0,0.10461640761661567,2.0446977068273586,0.006719308043463453,0.05794388933442107,-0.0317459339417901,68.06204474232091,17.15031972226684,0.38757712506513115,0.7570801755085744,10.676901605025105,15,6,London,bear,ranging,0.4912886606788432,4
LTC-USDT-SWAP,2026-07-26 16:00:00+00:00,-111.8088249999998,0,r023_master_trades.csv,43.0,0.33422890898383334,3.3495649686782554,0.027879047168141217,2.7268203179008212,0.1580764895994394,78.09040518057432,37.861691823525135,0.9776833156216809,0.04347826086955649,2.1897810218978973,15,6,London,bull,trending,0.44683391112752124,7
LINK-USDT-SWAP,2026-07-26 16:00:00+00:00,190.58918918918909,1,r023_master_trades.csv,33.0,0.305241642580489,3.2445228255124343,0.023734792102118766,2.087346810157864,0.04178448644533254,79.45437625926473,29.410416832299212,0.5536576746377735,0.7446808510638233,1.2244897959184176,15,6,London,bull,trending,0.5105473465764132,7
ETH-USDT-SWAP,2026-07-26 16:00:00+00:00,186.1943504171633,1,r023_master_trades.csv,30.0,0.23724173412661942,4.896049819635074,0.019904866773008817,1.8450901325282547,0.05221855531183955,83.51216627886812,26.998790202524482,0.7276808531939417,0.8740043446777686,6.070792960252996,15,6,London,bull,trending,0.5420114033802657,7
SOL-USDT-SWAP,2026-07-26 16:00:00+00:00,182.79698113207556,1,r023_master_trades.csv,21.0,0.18319011276994926,2.0694701641680164,0.013929267451031407,-0.5185824803173147,-0.11463908441288835,69.42111131963651,23.209147905832932,0.46666666666667805,0.314285714285705,1.6393442622947574,15,6,London,bear,mixed,0.4618238074310595,4
BNB-USDT-SWAP,2026-07-26 16:00:00+00:00,-142.9032,0,r034_trade_log.csv,9.0,0.10776777524750138,1.1207427686363713,0.009520463408667412,0.7500622868298141,0.04193220568755567,72.08880220073374,44.63516071031582,0.2794271742927039,0.7500000000000178,5.084745762711114,15,6,London,bull,trending,0.45092436201150554,7
DOGE-USDT-SWAP,2026-07-26 17:00:00+00:00,-169.10677884209636,0,r023_master_trades.csv,60.0,0.2856572651554641,0.7167272325663488,0.031414322424587984,1.8024274385604926,0.2022922566359078,63.26426082482479,40.009837542382336,0.5474952094169143,0.25000000000000866,37.55102040816296,16,6,NY,bull,trending,0.47697947560897935,7
LTC-USDT-SWAP,2026-07-26 17:00:00+00:00,-119.50214649999808,0,r023_master_trades.csv,70.0,0.34264299823586924,3.4696760495682173,0.033472438767930004,3.2101588586909937,0.17986927356058183,80.9466878762892,38.806594109016395,1.5716680637049456,0.8933333333333356,12.777777777777624,16,6,NY,bull,trending,0.43435621375869,7
BCH-USDT-SWAP,2026-07-26 19:00:00+00:00,-108.61514439999956,0,r023_master_trades.csv,59.0,0.4736125177339791,3.1112130917513414,0.04142602397386178,1.1260907842152137,-0.18013359750374613,82.48190444775781,24.04816411580346,0.6532897806812906,0.4285714285714431,3.0303030303031435,18,6,NY,bear,mixed,0.46057154668084743,7
DOGE-USDT-SWAP,2026-07-26 22:00:00+00:00,168.69714285714312,1,r023_master_trades.csv,32.0,0.26074309932671136,0.3939905502209963,0.01666870595573811,1.2772005096487025,0.15650591663969401,54.91518960485525,33.83366885964702,0.35832414553472486,0.2692307692307754,60.096153846153946,21,6,NY,bull,trending,0.44566244278331624,5
XRP-USDT-SWAP,2026-07-26 23:00:00+00:00,-122.62524324999782,0,r023_master_trades.csv,26.0,0.22006258762506428,3.0381049057115592,0.011591283022283697,0.5096014341388326,-0.037068042403818786,70.72584385101551,27.352661637037627,0.5256956403516748,0.5172413793103237,6.521739130434074,22,6,NY,bear,trending,0.42781702721396575,7
ETH-USDT-SWAP,2026-07-26 23:00:00+00:00,-114.68648148585856,0,r023_master_trades.csv,44.0,0.3472494633311161,3.2641543004956852,0.04060766012158006,3.5645774516829203,0.18070819922066106,87.36743163045975,44.40091364533015,0.8949765997122371,0.7208357515960568,4.161073825503234,22,6,NY,bull,trending,0.4244461341386279,7
SOL-USDT-SWAP,2026-07-26 23:00:00+00:00,-112.89815001886804,0,r023_master_trades.csv,42.0,0.34210299568901037,3.3262194020844063,0.022022075054919394,1.1260909767296103,-0.05139871351980509,81.85993232035037,35.594637347659,0.595238095238099,0.6666666666666562,4.830917874395876,22,6,NY,bear,trending,0.4186733556503195,7
BTC-USDT-SWAP,2026-07-26 23:00:00+00:00,-120.9913189300313,0,r023_master_trades.csv,36.0,0.20790067609214224,4.961019027065334,0.014080891837214728,1.0425694931105667,0.007630207462189532,79.59229968196988,30.06044564999539,0.4106522768678695,0.7577009767092385,8.075447048256853,22,6,NY,flat,trending,0.38588005080629784,7
BCH-USDT-SWAP,2026-07-26 23:00:00+00:00,-127.71294871428428,0,r023_master_trades.csv,91.0,0.5684499531205401,1.0213847491740207,0.05132151147729769,0.20352188271874788,-0.07858543187066049,65.82098955460758,29.065340389006074,0.9762900976290071,0.09523809523809008,23.46938775510213,22,6,NY,bear,trending,0.35105660412191236,1
AVAX-USDT-SWAP,2026-07-26 23:00:00+00:00,-124.07319843999956,0,r023_master_trades.csv,15.0,0.2788024669084314,1.149802261807633,0.026174810224921467,2.9240820234087628,0.2421622366016433,61.35125001133004,30.62145572778761,0.2548343576675213,0.11764705882351405,58.16326530612247,22,6,NY,bull,trending,0.34031238365558525,5
LINK-USDT-SWAP,2026-07-27 00:00:00+00:00,-131.02396211764295,0,r023_master_trades.csv,70.0,0.5345877868533425,3.380291179171667,0.05802393159668511,4.595327372997556,0.24402421798477308,80.85235993906855,46.76855082145422,2.1058622652248005,0.9081081081081104,3.393665158371168,23,6,NY,bull,trending,0.40192255455379533,3
BTC-USDT-SWAP,2026-07-27 00:00:00+00:00,-177.91116635941006,0,r023_master_trades.csv,38.0,0.2083803071210469,2.2139674301457033,0.017651785033526907,1.0293350582570922,0.02116817329787718,79.48515770392984,33.119488637422315,1.003653961160025,0.8492837549527554,14.938701377326701,23,6,NY,bull,trending,0.3954608390173431,7
AVAX-USDT-SWAP,2026-07-27 00:00:00+00:00,-137.81122449999825,0,r023_master_trades.csv,14.000000000000002,0.2766127047253064,0.7266525308320355,0.025636231109312475,3.2426424370367655,0.2505368296307797,64.90028344004523,30.82075952317245,1.0266329415265578,0.7246376811594183,46.428571428571594,23,6,NY,bull,trending,0.44934814020732744,7
SOL-USDT-SWAP,2026-07-27 00:00:00+00:00,-149.20794185714007,0,r023_master_trades.csv,46.0,0.3419900426348947,2.643886822277384,0.0283022417268025,1.19309427894117,-0.026754618690126495,82.29813342655936,38.473328901971996,1.5129776966218815,0.9137931034482805,14.705882352940966,23,6,NY,bear,trending,0.38774753736674294,7
DOGE-USDT-SWAP,2026-07-27 00:00:00+00:00,-148.78179399999473,0,r023_master_trades.csv,33.0,0.27516145085216553,0.687383661284196,0.014337779528019881,2.0852338265500716,0.15792373882042798,64.6962423960473,33.43431691304508,0.8056807319404524,0.7966101694915314,40.25157232704428,23,6,NY,bull,trending,0.5109686394977936,4
AVAX-USDT-SWAP,2026-07-27 01:00:00+00:00,-175.52870237499826,0,r024_trade_log.csv,13.0,0.28153912401155035,0.8999904260967195,0.02503780551226998,2.9215459893013964,0.2568417182598168,59.99879884284186,30.88500552805158,0.6227758007117411,0.5476190476190426,56.12244897959208,0,0,Asia,bull,trending,0.3509660978656157,6
LTC-USDT-SWAP,2026-07-27 01:00:00+00:00,-163.67988343169503,0,r023_master_trades.csv,84.0,0.4646456101578142,0.8328205136711363,0.03411143410738617,1.853210308101446,0.27227051351303766,53.518974443884765,39.293017229056204,0.5855290673358451,0.6428571428571392,49.06832298136642,0,0,Asia,bull,trending,0.3536323789279849,6
XRP-USDT-SWAP,2026-07-27 02:00:00+00:00,-134.24727058620502,0,r023_master_trades.csv,44.0,0.2331973865120411,1.2968131076589855,0.01625185199987663,0.09478412393931525,-0.011336939230924867,59.56537708381827,30.484613961871055,0.5233712326294917,0.7586206896551618,40.37558685446068,1,0,Asia,flat,trending,0.3673353299156448,6
DOGE-USDT-SWAP,2026-07-27 04:00:00+00:00,-138.4385147058821,0,r023_master_trades.csv,27.0,0.2686320942050479,0.5838260324921807,0.014314198550318638,1.2958768096006708,0.138309372629937,52.88400607489027,27.906220730949045,0.5097120815539458,0.5945945945945743,68.88888888888872,3,0,Asia,bull,trending,0.3960754535452215,6
LTC-USDT-SWAP,2026-07-27 05:00:00+00:00,-165.55960323076965,0,r023_master_trades.csv,57.99999999999999,0.4630813427735592,0.34937292667349173,0.02640708596966955,1.783933835040204,0.22248323972452558,53.57042710812538,32.11955488242187,0.4221190375685854,0.30000000000001775,49.06832298136642,4,0,Asia,bull,trending,0.4053876080483613,6
AVAX-USDT-SWAP,2026-07-27 06:00:00+00:00,-148.08639688,0,r023_master_trades.csv,8.0,0.26832014456362685,0.5091772427477658,0.013546318952802672,2.3544130393075497,0.25660807553516435,53.12816063755341,25.46452481776487,0.3737479443863112,0.16000000000001563,50.434782608695805,5,0,Asia,bull,trending,0.39986694389837724,6
BTC-USDT-SWAP,2026-07-27 06:00:00+00:00,-164.37655784337332,0,r023_master_trades.csv,47.0,0.23112441975357523,0.5895993617907141,0.021209618915186926,1.0680720868732052,0.06810236883137052,72.03685613530709,36.61997846734097,0.39337680348782417,0.007791195948578195,11.86355655881568,5,0,Asia,bull,trending,0.3387370204920584,1
ETH-USDT-SWAP,2026-07-27 06:00:00+00:00,-127.63086901098838,0,r023_master_trades.csv,56.99999999999999,0.39393099736429066,1.1586047104409491,0.05457384861882715,4.129171374060606,0.32245987753377875,78.76143948212183,55.074500447264484,0.7666897134516298,0.25116900467602143,6.351883080382336,5,0,Asia,bull,trending,0.40068986370074966,3
LINK-USDT-SWAP,2026-07-27 06:00:00+00:00,-118.4035143023241,0,r023_master_trades.csv,93.0,0.5925555113611721,2.0923500451651362,0.065731222658868,4.667047081532064,0.36595057128804653,72.64506882546142,52.669390510164526,0.5816605839416076,0.11764705882349868,5.073995771669999,5,0,Asia,bull,trending,0.34818649088371173,3
BCH-USDT-SWAP,2026-07-27 06:00:00+00:00,-135.5328159999969,0,r023_master_trades.csv,84.0,0.5815900484451512,0.7397890939583619,0.049844393923630444,0.8837338287032562,0.006093306106736416,66.52964894564947,31.02062393461402,0.6451612903225833,0.8571428571428455,9.195402298850688,5,0,Asia,flat,trending,0.42281854074907743,1
LINK-USDT-SWAP,2026-07-27 07:00:00+00:00,-161.12927707692154,0,r023_master_trades.csv,100.0,0.5952573398860458,1.3500642759787944,0.06482464160703474,4.595070179039319,0.3945981178972417,72.35937942019625,53.87215744412368,1.2427974240198782,0.745454545454556,13.104838709677308,6,0,Asia,bull,trending,0.36747430208582543,3
XRP-USDT-SWAP,2026-07-27 10:00:00+00:00,-150.976446307688,0,r023_master_trades.csv,48.0,0.2559865593408648,1.0355509424824,0.0137482462386282,0.07109066999175016,0.008164478748593662,55.24769040287856,26.000169426915406,0.2622298580341715,0.41379310344824416,42.307692307692676,9,0,London,flat,trending,0.34942330956384526,6
DOGE-USDT-SWAP,2026-07-27 10:00:00+00:00,-126.0242033200015,0,r023_master_trades.csv,27.0,0.2751300278925657,1.3493896594161825,0.01246362609593287,0.9460191927562009,0.12221574635900984,48.29926308833864,22.592574355264766,0.7855567805953707,0.45614035087718574,63.76811594202911,9,0,London,bull,mixed,0.4378450214812623,6
SOL-USDT-SWAP,2026-07-27 10:00:00+00:00,173.67199999999954,1,r005_attribution_trades.csv,48.0,0.38348251097567815,0.79496828155548,0.030740813731350194,0.7488040751530314,0.07446289241709797,62.325928319440365,42.70114383000139,0.36716496197220183,0.6428571428571138,28.251121076232927,9,0,London,bull,trending,0.4423118199831185,1
BCH-USDT-SWAP,2026-07-27 10:00:00+00:00,-114.85313592307674,0,r023_master_trades.csv,90.0,0.6108041180639747,1.425061284158496,0.033548316788174624,0.04972892567390917,0.011067738014931302,56.53535461916449,29.559881953252045,0.5109150023223382,0.9090909090909138,30.232558139535072,9,0,London,flat,trending,0.4019363853843276,1
BTC-USDT-SWAP,2026-07-27 10:00:00+00:00,-172.00415621621346,0,r005_attribution_trades.csv,52.0,0.24488152946453207,0.8684196347818619,0.01811438833294767,0.7351494933676747,0.07666463100752828,60.86506830932537,37.07247437673894,0.2138467702690093,0.42282842785355507,40.219921342001605,9,0,London,bull,trending,0.31580558999625963,1
BCH-USDT-SWAP,2026-07-27 11:00:00+00:00,-112.59487541935368,0,r023_master_trades.csv,100.0,0.6546271443901367,1.6336139251160127,0.03034432632384123,1.331904021558954,0.02016701337336139,65.01934657223981,29.45749427513314,1.2488436632747535,0.2962962962962881,5.88235294117647,10,0,London,bull,trending,0.3616497627352144,1
AVAX-USDT-SWAP,2026-07-27 12:00:00+00:00,-144.29557599999782,0,r023_master_trades.csv,30.0,0.32374665244384115,0.7847751628240854,0.01931071323062047,1.7482813674193687,0.19187299220983225,48.07356138337888,20.437830636406545,0.7973521889574234,0.7358490566037856,56.52173913043449,11,0,London,bull,mixed,0.40953076690918766,6
BCH-USDT-SWAP,2026-07-27 12:00:00+00:00,-130.1862178461538,0,r023_master_trades.csv,100.0,0.655418826354097,1.300978367440599,0.027006910660842966,1.2268801965588372,0.03424224415332423,64.0575328629746,29.40053968177199,1.6438356164383536,0.749999999999998,10.25641025641006,11,0,London,bull,trending,0.3528794780446096,1
LINK-USDT-SWAP,2026-07-27 13:00:00+00:00,-134.11963717391538,0,r023_master_trades.csv,79.0,0.5755818444117871,1.4707901404623593,0.04240754254699062,3.197049550489105,0.39070722720922707,58.10929492436584,49.71582836346091,0.5027422303473547,0.9090909090908798,45.938375350140056,12,0,London,bull,trending,0.4066365979661121,6
ETH-USDT-SWAP,2026-07-27 13:00:00+00:00,-124.251075460208,0,r023_master_trades.csv,67.0,0.38226597267748813,1.954788439368939,0.0408252976997127,3.4377464210739195,0.38539393681462414,65.76404182922712,56.18767706807957,0.4798856442719963,0.8297872340425604,35.48699501936895,12,0,London,bull,trending,0.3632825311634225,7
LINK-USDT-SWAP,2026-07-27 14:00:00+00:00,-124.15820532307804,0,r023_master_trades.csv,98.0,0.5472917757400984,1.2603329942851207,0.03889954688258661,3.362603464409268,0.38572756195014685,59.90437653233987,48.17330176738621,0.8685714285714343,0.02631578947369282,41.17647058823544,13,0,London,bull,trending,0.29983391725197667,6
XRP-USDT-SWAP,2026-07-27 14:00:00+00:00,-135.4618166071379,0,r023_master_trades.csv,62.0,0.24452069970673262,2.5028953401013263,0.011666230426820788,0.0461590297371204,0.0043234973158297624,54.33513833809897,21.50521082935683,0.7424173834314155,0.02439024390243638,51.41242937853154,13,0,London,flat,mixed,0.4085710156353546,1
BTC-USDT-SWAP,2026-07-27 14:00:00+00:00,-138.3842932129965,0,r023_master_trades.csv,68.0,0.2550672241683567,3.244623275362126,0.014900173613646584,0.6287213366301236,0.07306642870959618,56.636541725103,33.660350050661094,0.6476600322754191,0.04010441385857,48.64841144462017,13,0,London,bull,trending,0.34543455094742354,1
BCH-USDT-SWAP,2026-07-27 17:00:00+00:00,-121.51785399999984,0,r023_master_trades.csv,98.0,0.575955290848973,0.6216923473466696,0.024764754415595034,0.062211127229772206,0.03152424369668126,52.44098474114322,25.069215937626108,0.6040892193308603,0.6153846153845969,49.295774647887164,16,0,NY,bull,trending,0.38214939606836107,6
DOGE-USDT-SWAP,2026-07-27 18:00:00+00:00,-186.96189126214085,0,r023_master_trades.csv,87.0,0.5451479848192382,0.5405572023232296,0.029270109514767086,0.16725114134335517,0.04633449727298272,44.68337186476766,18.84970598776243,1.4150943396226319,0.7450980392157017,50.8960573476704,17,0,NY,bull,mixed,0.35759616985663806,6
BTC-USDT-SWAP,2026-07-27 18:00:00+00:00,-148.05767092256585,0,r023_master_trades.csv,95.0,0.330136811524827,0.809517943253615,0.014474012116692558,0.3318483347294739,0.036544740627093314,51.15886282480507,26.869225677260406,0.7136911551623146,0.7645788336933045,55.03424909773873,17,0,NY,bull,trending,0.36395395541945663,6
ETH-USDT-SWAP,2026-07-27 20:00:00+00:00,-132.33493885000013,0,r023_master_trades.csv,99.0,0.44556683633577665,0.7090655800202557,0.025174658259336284,2.7729395474491025,0.2876673833113837,55.28465805824506,37.08800332533688,0.8032936587781856,0.29351316634553337,54.24785658612631,19,0,NY,bull,trending,0.29698032450277534,6
AVAX-USDT-SWAP,2026-07-27 21:00:00+00:00,-126.27337840000018,0,r032_all_variants_trades.csv,62.0,0.5531486930971452,0.19940175311623773,0.033857859041372965,0.7118220258818422,0.076304403807217,45.153761605378605,18.959170493708086,0.8771929824561377,0.6724137931034451,53.53159851301117,20,0,NY,bull,mixed,0.31115919624893584,6
BCH-USDT-SWAP,2026-07-27 21:00:00+00:00,-155.4173208571384,0,r023_master_trades.csv,94.0,0.5741729822870534,0.1741586946922257,0.025917772590167292,-0.06276228308298933,0.006562148928499097,51.72786477564364,21.050215428427034,0.6496519721577753,0.4285714285714228,53.52112676056336,20,0,NY,flat,mixed,0.3617716714614595,6
LTC-USDT-SWAP,2026-07-28 13:00:00+00:00,-159.8525915714294,0,r023_master_trades.csv,40.0,0.3387069359350132,0.9019150959078576,0.018114449520199315,0.13750528676339543,-0.04209271327359636,53.77438327569879,19.084211238726596,0.49398625429552595,0.26086956521740473,11.956521739130444,12,1,London,bear,mixed,0.382187884537364,1
AVAX-USDT-SWAP,2026-07-28 16:00:00+00:00,-108.57473667646975,0,r023_master_trades.csv,79.0,0.7228088018330215,2.8534545147197874,0.03694324188229631,0.5497473892020762,-0.12225748132343014,58.121555615448145,28.642943316033435,0.9466170080695212,0.49180327868852913,17.97752808988763,15,1,London,bear,trending,0.3178706267204427,1
ETH-USDT-SWAP,2026-07-28 16:00:00+00:00,-109.59489451645534,0,r023_master_trades.csv,100.0,0.7553818022746718,3.16537243128679,0.044633963736090854,1.3186563853143816,-0.04664916480890578,57.843566351586496,31.56404561936771,1.3852690017587403,0.5652007648183527,32.722429408630624,15,1,London,bear,trending,0.3235189762024367,1
ETH-USDT-SWAP,2026-07-28 18:00:00+00:00,175.74146031746045,1,r023_master_trades.csv,100.0,0.7990182869070882,1.740664652819283,0.029975289940805696,0.34900109883811925,-0.016850175847269427,49.930376595717014,28.532302097486486,0.7808846909192916,0.3898868928808989,47.18680547432438,17,1,NY,flat,trending,0.40320420243054655,6
AVAX-USDT-SWAP,2026-07-28 20:00:00+00:00,-120.33280010344876,0,r023_master_trades.csv,73.0,0.5935525390856655,1.3526369939347942,0.03687071704593681,0.8467120661234836,-0.049962709169198656,58.96453401008318,22.80235115733048,0.3979185797367585,0.6153846153846206,5.1587301587301235,19,1,NY,bear,mixed,0.3291216238999488,1
ETH-USDT-SWAP,2026-07-28 21:00:00+00:00,-145.20498648239,0,r023_master_trades.csv,91.0,0.588043062041827,0.3532158763424695,0.037589625134082115,1.1909956945075428,0.04221796501185465,55.19844400712848,24.26780331210649,0.5730823083609633,0.987284287011819,15.14152239626269,20,1,NY,bull,mixed,0.3006295786718411,6
LINK-USDT-SWAP,2026-07-29 01:00:00+00:00,-156.334372000004,0,r023_master_trades.csv,82.0,0.5489428094876385,1.7872584534948253,0.028207161522452603,0.1310237054109842,-0.08210985560503051,56.27282022883465,29.74980191308794,1.1017651936974289,0.741935483870977,12.923076923076895,0,2,Asia,bear,trending,0.34611095354579363,1
ETH-USDT-SWAP,2026-07-29 03:00:00+00:00,-134.19137694011826,0,r023_master_trades.csv,85.0,0.6336787235511586,0.8072353340943828,0.03892530382649311,0.7447782840184057,0.09745559783595173,51.05600700227982,19.144863423276,0.6967232480849408,0.8741522230595121,26.64061447244303,2,2,Asia,bull,mixed,0.47961403003953174,6
